  0.000000 0.000000 0.000000 0.000000 0.000000 0.000000 0.000000 0.000000 0.000000 0.000000
  0.000319 0.000067 0.000003 0.000006 0.000003 0.000067 0.000006 0.000006 0.000006 0.000101
  0.000638 0.000134 0.000006 0.000013 0.000006 0.000134 0.000013 0.000013 0.000013 0.000202
  0.000959 0.000202 0.000010 0.000019 0.000010 0.000202 0.000019 0.000019 0.000019 0.000303
  0.001281 0.000270 0.000013 0.000026 0.000013 0.000270 0.000026 0.000026 0.000026 0.000405
  0.001604 0.000338 0.000016 0.000033 0.000016 0.000338 0.000033 0.000033 0.000033 0.000507
  0.001927 0.000406 0.000019 0.000039 0.000019 0.000406 0.000039 0.000039 0.000039 0.000609
  0.002252 0.000474 0.000023 0.000046 0.000023 0.000474 0.000046 0.000046 0.000046 0.000712
  0.002578 0.000543 0.000026 0.000052 0.000026 0.000543 0.000052 0.000052 0.000052 0.000815
  0.002905 0.000612 0.000029 0.000059 0.000029 0.000612 0.000059 0.000059 0.000059 0.000918
  0.003233 0.000681 0.000032 0.000066 0.000032 0.000681 0.000066 0.000066 0.000066 0.001022
  0.003562 0.000750 0.000036 0.000072 0.000036 0.000750 0.000072 0.000072 0.000072 0.001126
  0.003892 0.000820 0.000039 0.000079 0.000039 0.000820 0.000079 0.000079 0.000079 0.001230
  0.004223 0.000889 0.000042 0.000086 0.000042 0.000889 0.000086 0.000086 0.000086 0.001335
  0.004555 0.000959 0.000046 0.000093 0.000046 0.000959 0.000093 0.000093 0.000093 0.001440
  0.004888 0.001029 0.000049 0.000099 0.000049 0.001029 0.000099 0.000099 0.000099 0.001545
  0.005222 0.001100 0.000052 0.000106 0.000052 0.001100 0.000106 0.000106 0.000106 0.001651
  0.005558 0.001170 0.000056 0.000113 0.000056 0.001170 0.000113 0.000113 0.000113 0.001757
  0.005894 0.001241 0.000059 0.000120 0.000059 0.001241 0.000120 0.000120 0.000120 0.001863
  0.006232 0.001312 0.000062 0.000127 0.000062 0.001312 0.000127 0.000127 0.000127 0.001970
  0.006570 0.001384 0.000066 0.000133 0.000066 0.001384 0.000133 0.000133 0.000133 0.002077
  0.006910 0.001455 0.000069 0.000140 0.000069 0.001455 0.000140 0.000140 0.000140 0.002185
  0.007250 0.001527 0.000072 0.000147 0.000072 0.001527 0.000147 0.000147 0.000147 0.002292
  0.007592 0.001599 0.000076 0.000154 0.000076 0.001599 0.000154 0.000154 0.000154 0.002400
  0.007935 0.001671 0.000079 0.000161 0.000079 0.001671 0.000161 0.000161 0.000161 0.002509
  0.008279 0.001744 0.000083 0.000168 0.000083 0.001744 0.000168 0.000168 0.000168 0.002617
  0.008624 0.001816 0.000086 0.000175 0.000086 0.001816 0.000175 0.000175 0.000175 0.002726
  0.008970 0.001889 0.000090 0.000182 0.000090 0.001889 0.000182 0.000182 0.000182 0.002836
  0.009318 0.001962 0.000093 0.000189 0.000093 0.001962 0.000189 0.000189 0.000189 0.002946
  0.009666 0.002036 0.000097 0.000196 0.000097 0.002036 0.000196 0.000196 0.000196 0.003056
  0.010015 0.002109 0.000100 0.000203 0.000100 0.002109 0.000203 0.000203 0.000203 0.003166
  0.010366 0.002183 0.000104 0.000211 0.000104 0.002183 0.000211 0.000211 0.000211 0.003277
  0.010718 0.002257 0.000107 0.000218 0.000107 0.002257 0.000218 0.000218 0.000218 0.003388
  0.011071 0.002331 0.000111 0.000225 0.000111 0.002331 0.000225 0.000225 0.000225 0.003500
  0.011424 0.002406 0.000114 0.000232 0.000114 0.002406 0.000232 0.000232 0.000232 0.003612
  0.011780 0.002481 0.000118 0.000239 0.000118 0.002481 0.000239 0.000239 0.000239 0.003724
  0.012136 0.002556 0.000121 0.000246 0.000121 0.002556 0.000246 0.000246 0.000246 0.003837
  0.012493 0.002631 0.000125 0.000254 0.000125 0.002631 0.000254 0.000254 0.000254 0.003950
  0.012852 0.002707 0.000128 0.000261 0.000128 0.002707 0.000261 0.000261 0.000261 0.004063
  0.013211 0.002782 0.000132 0.000268 0.000132 0.002782 0.000268 0.000268 0.000268 0.004177
  0.013572 0.002858 0.000136 0.000276 0.000136 0.002858 0.000276 0.000276 0.000276 0.004291
  0.013934 0.002934 0.000139 0.000283 0.000139 0.002934 0.000283 0.000283 0.000283 0.004405
  0.014297 0.003011 0.000143 0.000290 0.000143 0.003011 0.000290 0.000290 0.000290 0.004520
  0.014661 0.003088 0.000147 0.000298 0.000147 0.003088 0.000298 0.000298 0.000298 0.004635
  0.015027 0.003165 0.000150 0.000305 0.000150 0.003165 0.000305 0.000305 0.000305 0.004751
  0.015393 0.003242 0.000154 0.000313 0.000154 0.003242 0.000313 0.000313 0.000313 0.004866
  0.015761 0.003319 0.000158 0.000320 0.000158 0.003319 0.000320 0.000320 0.000320 0.004983
  0.016130 0.003397 0.000161 0.000328 0.000161 0.003397 0.000328 0.000328 0.000328 0.005099
  0.016500 0.003475 0.000165 0.000335 0.000165 0.003475 0.000335 0.000335 0.000335 0.005216
  0.016871 0.003553 0.000169 0.000343 0.000169 0.003553 0.000343 0.000343 0.000343 0.005334
  0.017244 0.003631 0.000172 0.000350 0.000172 0.003631 0.000350 0.000350 0.000350 0.005452
  0.017617 0.003710 0.000176 0.000358 0.000176 0.003710 0.000358 0.000358 0.000358 0.005570
  0.017992 0.003789 0.000180 0.000365 0.000180 0.003789 0.000365 0.000365 0.000365 0.005688
  0.018368 0.003868 0.000184 0.000373 0.000184 0.003868 0.000373 0.000373 0.000373 0.005807
  0.018745 0.003948 0.000187 0.000381 0.000187 0.003948 0.000381 0.000381 0.000381 0.005926
  0.019124 0.004027 0.000191 0.000388 0.000191 0.004027 0.000388 0.000388 0.000388 0.006046
  0.019503 0.004107 0.000195 0.000396 0.000195 0.004107 0.000396 0.000396 0.000396 0.006166
  0.019884 0.004187 0.000199 0.000404 0.000199 0.004187 0.000404 0.000404 0.000404 0.006286
  0.020266 0.004268 0.000203 0.000412 0.000203 0.004268 0.000412 0.000412 0.000412 0.006407
  0.020649 0.004349 0.000206 0.000419 0.000206 0.004349 0.000419 0.000419 0.000419 0.006528
  0.021034 0.004430 0.000210 0.000427 0.000210 0.004430 0.000427 0.000427 0.000427 0.006650
  0.021420 0.004511 0.000214 0.000435 0.000214 0.004511 0.000435 0.000435 0.000435 0.006772
  0.021807 0.004592 0.000218 0.000443 0.000218 0.004592 0.000443 0.000443 0.000443 0.006894
  0.022195 0.004674 0.000222 0.000451 0.000222 0.004674 0.000451 0.000451 0.000451 0.007017
  0.022584 0.004756 0.000226 0.000459 0.000226 0.004756 0.000459 0.000459 0.000459 0.007140
  0.022975 0.004838 0.000230 0.000467 0.000230 0.004838 0.000467 0.000467 0.000467 0.007263
  0.023367 0.004921 0.000234 0.000475 0.000234 0.004921 0.000475 0.000475 0.000475 0.007387
  0.023760 0.005004 0.000237 0.000483 0.000237 0.005004 0.000483 0.000483 0.000483 0.007512
  0.024154 0.005087 0.000241 0.000491 0.000241 0.005087 0.000491 0.000491 0.000491 0.007636
  0.024550 0.005170 0.000245 0.000499 0.000245 0.005170 0.000499 0.000499 0.000499 0.007761
  0.024947 0.005254 0.000249 0.000507 0.000249 0.005254 0.000507 0.000507 0.000507 0.007887
  0.025345 0.005338 0.000253 0.000515 0.000253 0.005338 0.000515 0.000515 0.000515 0.008013
  0.025744 0.005422 0.000257 0.000523 0.000257 0.005422 0.000523 0.000523 0.000523 0.008139
  0.026145 0.005506 0.000261 0.000531 0.000261 0.005506 0.000531 0.000531 0.000531 0.008266
  0.026547 0.005591 0.000265 0.000539 0.000265 0.005591 0.000539 0.000539 0.000539 0.008393
  0.026950 0.005676 0.000269 0.000547 0.000269 0.005676 0.000547 0.000547 0.000547 0.008520
  0.027355 0.005761 0.000273 0.000556 0.000273 0.005761 0.000556 0.000556 0.000556 0.008648
  0.027761 0.005846 0.000277 0.000564 0.000277 0.005846 0.000564 0.000564 0.000564 0.008777
  0.028168 0.005932 0.000282 0.000572 0.000282 0.005932 0.000572 0.000572 0.000572 0.008905
  0.028576 0.006018 0.000286 0.000580 0.000286 0.006018 0.000580 0.000580 0.000580 0.009034
  0.028986 0.006104 0.000290 0.000589 0.000290 0.006104 0.000589 0.000589 0.000589 0.009164
  0.029397 0.006191 0.000294 0.000597 0.000294 0.006191 0.000597 0.000597 0.000597 0.009294
  0.029809 0.006278 0.000298 0.000605 0.000298 0.006278 0.000605 0.000605 0.000605 0.009424
  0.030223 0.006365 0.000302 0.000614 0.000302 0.006365 0.000614 0.000614 0.000614 0.009555
  0.030638 0.006452 0.000306 0.000622 0.000306 0.006452 0.000622 0.000622 0.000622 0.009686
  0.031054 0.006540 0.000310 0.000631 0.000310 0.006540 0.000631 0.000631 0.000631 0.009818
  0.031472 0.006628 0.000315 0.000639 0.000315 0.006628 0.000639 0.000639 0.000639 0.009950
  0.031891 0.006716 0.000319 0.000648 0.000319 0.006716 0.000648 0.000648 0.000648 0.010082
  0.032311 0.006804 0.000323 0.000656 0.000323 0.006804 0.000656 0.000656 0.000656 0.010215
  0.032733 0.006893 0.000327 0.000665 0.000327 0.006893 0.000665 0.000665 0.000665 0.010348
  0.033156 0.006982 0.000331 0.000673 0.000331 0.006982 0.000673 0.000673 0.000673 0.010482
  0.033580 0.007072 0.000336 0.000682 0.000336 0.007072 0.000682 0.000682 0.000682 0.010616
  0.034006 0.007161 0.000340 0.000691 0.000340 0.007161 0.000691 0.000691 0.000691 0.010751
  0.034433 0.007251 0.000344 0.000699 0.000344 0.007251 0.000699 0.000699 0.000699 0.010886
  0.034861 0.007342 0.000348 0.000708 0.000348 0.007342 0.000708 0.000708 0.000708 0.011021
  0.035291 0.007432 0.000353 0.000717 0.000353 0.007432 0.000717 0.000717 0.000717 0.011157
  0.035722 0.007523 0.000357 0.000725 0.000357 0.007523 0.000725 0.000725 0.000725 0.011293
  0.036155 0.007614 0.000361 0.000734 0.000361 0.007614 0.000734 0.000734 0.000734 0.011430
  0.036589 0.007705 0.000366 0.000743 0.000366 0.007705 0.000743 0.000743 0.000743 0.011567
  0.037024 0.007797 0.000370 0.000752 0.000370 0.007797 0.000752 0.000752 0.000752 0.011705
  0.037461 0.007889 0.000374 0.000761 0.000374 0.007889 0.000761 0.000761 0.000761 0.011843
  0.037899 0.007981 0.000379 0.000770 0.000379 0.007981 0.000770 0.000770 0.000770 0.011982
  0.038338 0.008074 0.000383 0.000779 0.000383 0.008074 0.000779 0.000779 0.000779 0.012120
  0.038779 0.008167 0.000388 0.000788 0.000388 0.008167 0.000788 0.000788 0.000788 0.012260
  0.039221 0.008260 0.000392 0.000797 0.000392 0.008260 0.000797 0.000797 0.000797 0.012400
  0.039665 0.008353 0.000396 0.000806 0.000396 0.008353 0.000806 0.000806 0.000806 0.012540
  0.040110 0.008447 0.000401 0.000815 0.000401 0.008447 0.000815 0.000815 0.000815 0.012681
  0.040556 0.008541 0.000405 0.000824 0.000405 0.008541 0.000824 0.000824 0.000824 0.012822
  0.041004 0.008635 0.000410 0.000833 0.000410 0.008635 0.000833 0.000833 0.000833 0.012963
  0.041454 0.008730 0.000414 0.000842 0.000414 0.008730 0.000842 0.000842 0.000842 0.013105
  0.041904 0.008825 0.000419 0.000851 0.000419 0.008825 0.000851 0.000851 0.000851 0.013248
  0.042357 0.008920 0.000423 0.000860 0.000423 0.008920 0.000860 0.000860 0.000860 0.013391
  0.042810 0.009016 0.000428 0.000869 0.000428 0.009016 0.000869 0.000869 0.000869 0.013534
  0.043265 0.009111 0.000432 0.000879 0.000432 0.009111 0.000879 0.000879 0.000879 0.013678
  0.043722 0.009208 0.000437 0.000888 0.000437 0.009208 0.000888 0.000888 0.000888 0.013823
  0.044180 0.009304 0.000442 0.000897 0.000442 0.009304 0.000897 0.000897 0.000897 0.013967
  0.044639 0.009401 0.000446 0.000907 0.000446 0.009401 0.000907 0.000907 0.000907 0.014112
  0.045100 0.009498 0.000451 0.000916 0.000451 0.009498 0.000916 0.000916 0.000916 0.014258
  0.045563 0.009595 0.000455 0.000925 0.000455 0.009595 0.000925 0.000925 0.000925 0.014405
  0.046027 0.009693 0.000460 0.000935 0.000460 0.009693 0.000935 0.000935 0.000935 0.014551
  0.046492 0.009791 0.000465 0.000944 0.000465 0.009791 0.000944 0.000944 0.000944 0.014698
  0.046959 0.009889 0.000469 0.000954 0.000469 0.009889 0.000954 0.000954 0.000954 0.014846
  0.047427 0.009988 0.000474 0.000963 0.000474 0.009988 0.000963 0.000963 0.000963 0.014994
  0.047897 0.010087 0.000479 0.000973 0.000479 0.010087 0.000973 0.000973 0.000973 0.015142
  0.048368 0.010186 0.000483 0.000982 0.000483 0.010186 0.000982 0.000982 0.000982 0.015291
  0.048841 0.010286 0.000488 0.000992 0.000488 0.010286 0.000992 0.000992 0.000992 0.015441
  0.049315 0.010385 0.000493 0.001001 0.000493 0.010385 0.001001 0.001001 0.001001 0.015591
  0.049791 0.010486 0.000498 0.001011 0.000498 0.010486 0.001011 0.001011 0.001011 0.015741
  0.050269 0.010565 0.000503 0.001020 0.000503 0.010565 0.001020 0.001020 0.001020 0.015871
  0.050747 0.010627 0.000507 0.001029 0.000507 0.010627 0.001029 0.001029 0.001029 0.015984
  0.051228 0.010690 0.000512 0.001038 0.000512 0.010690 0.001038 0.001038 0.001038 0.016098
  0.051710 0.010753 0.000517 0.001047 0.000517 0.010753 0.001047 0.001047 0.001047 0.016212
  0.052193 0.010816 0.000522 0.001056 0.000522 0.010816 0.001056 0.001056 0.001056 0.016326
  0.052678 0.010879 0.000527 0.001065 0.000527 0.010879 0.001065 0.001065 0.001065 0.016441
  0.053165 0.010943 0.000533 0.001074 0.000533 0.010943 0.001074 0.001074 0.001074 0.016556
  0.053653 0.011007 0.000538 0.001083 0.000538 0.011007 0.001083 0.001083 0.001083 0.016671
  0.054142 0.011071 0.000543 0.001092 0.000543 0.011071 0.001092 0.001092 0.001092 0.016787
  0.054634 0.011135 0.000548 0.001101 0.000548 0.011135 0.001101 0.001101 0.001101 0.016904
  0.055126 0.011199 0.000553 0.001110 0.000553 0.011199 0.001110 0.001110 0.001110 0.017020
  0.055621 0.011264 0.000558 0.001119 0.000558 0.011264 0.001119 0.001119 0.001119 0.017137
  0.056117 0.011328 0.000563 0.001128 0.000563 0.011328 0.001128 0.001128 0.001128 0.017254
  0.056614 0.011393 0.000568 0.001137 0.000568 0.011393 0.001137 0.001137 0.001137 0.017372
  0.057113 0.011458 0.000573 0.001146 0.000573 0.011458 0.001146 0.001146 0.001146 0.017490
  0.057614 0.011524 0.000579 0.001156 0.000579 0.011524 0.001156 0.001156 0.001156 0.017609
  0.058116 0.011589 0.000584 0.001165 0.000584 0.011589 0.001165 0.001165 0.001165 0.017727
  0.058620 0.011655 0.000589 0.001174 0.000589 0.011655 0.001174 0.001174 0.001174 0.017847
  0.059126 0.011721 0.000594 0.001183 0.000594 0.011721 0.001183 0.001183 0.001183 0.017966
  0.059633 0.011788 0.000599 0.001193 0.000599 0.011788 0.001193 0.001193 0.001193 0.018086
  0.060141 0.011854 0.000605 0.001202 0.000605 0.011854 0.001202 0.001202 0.001202 0.018206
  0.060652 0.011921 0.000610 0.001212 0.000610 0.011921 0.001212 0.001212 0.001212 0.018327
  0.061164 0.011987 0.000615 0.001221 0.000615 0.011987 0.001221 0.001221 0.001221 0.018448
  0.061677 0.012054 0.000621 0.001230 0.000621 0.012054 0.001230 0.001230 0.001230 0.018570
  0.062193 0.012122 0.000626 0.001240 0.000626 0.012122 0.001240 0.001240 0.001240 0.018692
  0.062709 0.012189 0.000631 0.001249 0.000631 0.012189 0.001249 0.001249 0.001249 0.018814
  0.063228 0.012257 0.000637 0.001259 0.000637 0.012257 0.001259 0.001259 0.001259 0.018937
  0.063748 0.012325 0.000642 0.001269 0.000642 0.012325 0.001269 0.001269 0.001269 0.019060
  0.064270 0.012393 0.000647 0.001278 0.000647 0.012393 0.001278 0.001278 0.001278 0.019183
  0.064793 0.012461 0.000653 0.001288 0.000653 0.012461 0.001288 0.001288 0.001288 0.019307
  0.065319 0.012530 0.000658 0.001298 0.000658 0.012530 0.001298 0.001298 0.001298 0.019431
  0.065845 0.012599 0.000664 0.001307 0.000664 0.012599 0.001307 0.001307 0.001307 0.019556
  0.066374 0.012668 0.000669 0.001317 0.000669 0.012668 0.001317 0.001317 0.001317 0.019681
  0.066904 0.012737 0.000675 0.001327 0.000675 0.012737 0.001327 0.001327 0.001327 0.019806
  0.067436 0.012806 0.000680 0.001337 0.000680 0.012806 0.001337 0.001337 0.001337 0.019932
  0.067970 0.012876 0.000686 0.001346 0.000686 0.012876 0.001346 0.001346 0.001346 0.020058
  0.068505 0.012946 0.000691 0.001356 0.000691 0.012946 0.001356 0.001356 0.001356 0.020185
  0.069042 0.013016 0.000697 0.001366 0.000697 0.013016 0.001366 0.001366 0.001366 0.020312
  0.069580 0.013086 0.000702 0.001376 0.000702 0.013086 0.001376 0.001376 0.001376 0.020439
  0.070121 0.013157 0.000708 0.001386 0.000708 0.013157 0.001386 0.001386 0.001386 0.020567
  0.070663 0.013228 0.000714 0.001396 0.000714 0.013228 0.001396 0.001396 0.001396 0.020696
  0.071207 0.013299 0.000719 0.001406 0.000719 0.013299 0.001406 0.001406 0.001406 0.020824
  0.071752 0.013370 0.000725 0.001416 0.000725 0.013370 0.001416 0.001416 0.001416 0.020953
  0.072300 0.013442 0.000731 0.001426 0.000731 0.013442 0.001426 0.001426 0.001426 0.021083
  0.072849 0.013513 0.000736 0.001436 0.000736 0.013513 0.001436 0.001436 0.001436 0.021213
  0.073400 0.013585 0.000742 0.001446 0.000742 0.013585 0.001446 0.001446 0.001446 0.021343
  0.073952 0.013657 0.000748 0.001457 0.000748 0.013657 0.001457 0.001457 0.001457 0.021474
  0.074507 0.013730 0.000753 0.001467 0.000753 0.013730 0.001467 0.001467 0.001467 0.021605
  0.075063 0.013802 0.000759 0.001477 0.000759 0.013802 0.001477 0.001477 0.001477 0.021737
  0.075621 0.013875 0.000765 0.001487 0.000765 0.013875 0.001487 0.001487 0.001487 0.021869
  0.076180 0.013948 0.000771 0.001498 0.000771 0.013948 0.001498 0.001498 0.001498 0.022001
  0.076742 0.014022 0.000777 0.001508 0.000777 0.014022 0.001508 0.001508 0.001508 0.022134
  0.077305 0.014095 0.000782 0.001518 0.000782 0.014095 0.001518 0.001518 0.001518 0.022267
  0.077870 0.014169 0.000788 0.001529 0.000788 0.014169 0.001529 0.001529 0.001529 0.022401
  0.078437 0.014243 0.000794 0.001539 0.000794 0.014243 0.001539 0.001539 0.001539 0.022535
  0.079005 0.014317 0.000800 0.001550 0.000800 0.014317 0.001550 0.001550 0.001550 0.022669
  0.079576 0.014392 0.000806 0.001560 0.000806 0.014392 0.001560 0.001560 0.001560 0.022804
  0.080148 0.014466 0.000812 0.001571 0.000812 0.014466 0.001571 0.001571 0.001571 0.022939
  0.080722 0.014541 0.000818 0.001581 0.000818 0.014541 0.001581 0.001581 0.001581 0.023075
  0.081298 0.014616 0.000824 0.001592 0.000824 0.014616 0.001592 0.001592 0.001592 0.023212
  0.081876 0.014692 0.000830 0.001602 0.000830 0.014692 0.001602 0.001602 0.001602 0.023348
  0.082455 0.014768 0.000836 0.001613 0.000836 0.014768 0.001613 0.001613 0.001613 0.023485
  0.083037 0.014844 0.000842 0.001624 0.000842 0.014844 0.001624 0.001624 0.001624 0.023623
  0.083620 0.014920 0.000848 0.001635 0.000848 0.014920 0.001635 0.001635 0.001635 0.023761
  0.084205 0.014996 0.000854 0.001645 0.000854 0.014996 0.001645 0.001645 0.001645 0.023899
  0.084792 0.015073 0.000860 0.001656 0.000860 0.015073 0.001656 0.001656 0.001656 0.024038
  0.085381 0.015150 0.000866 0.001667 0.000866 0.015150 0.001667 0.001667 0.001667 0.024177
  0.085972 0.015227 0.000872 0.001678 0.000872 0.015227 0.001678 0.001678 0.001678 0.024317
  0.086565 0.015304 0.000878 0.001689 0.000878 0.015304 0.001689 0.001689 0.001689 0.024458
  0.087159 0.015382 0.000884 0.001700 0.000884 0.015382 0.001700 0.001700 0.001700 0.024598
  0.087756 0.015460 0.000891 0.001711 0.000891 0.015460 0.001711 0.001711 0.001711 0.024739
  0.088354 0.015538 0.000897 0.001722 0.000897 0.015538 0.001722 0.001722 0.001722 0.024881
  0.088954 0.015616 0.000903 0.001733 0.000903 0.015616 0.001733 0.001733 0.001733 0.025023
  0.089556 0.015695 0.000909 0.001744 0.000909 0.015695 0.001744 0.001744 0.001744 0.025165
  0.090160 0.015774 0.000915 0.001755 0.000915 0.015774 0.001755 0.001755 0.001755 0.025308
  0.090766 0.015853 0.000922 0.001766 0.000922 0.015853 0.001766 0.001766 0.001766 0.025451
  0.091374 0.015932 0.000928 0.001777 0.000928 0.015932 0.001777 0.001777 0.001777 0.025595
  0.091984 0.016012 0.000934 0.001789 0.000934 0.016012 0.001789 0.001789 0.001789 0.025740
  0.092596 0.016092 0.000941 0.001800 0.000941 0.016092 0.001800 0.001800 0.001800 0.025884
  0.093210 0.016172 0.000947 0.001811 0.000947 0.016172 0.001811 0.001811 0.001811 0.026030
  0.093825 0.016252 0.000953 0.001823 0.000953 0.016252 0.001823 0.001823 0.001823 0.026175
  0.094443 0.016333 0.000960 0.001834 0.000960 0.016333 0.001834 0.001834 0.001834 0.026321
  0.095063 0.016414 0.000966 0.001845 0.000966 0.016414 0.001845 0.001845 0.001845 0.026468
  0.095684 0.016495 0.000973 0.001857 0.000973 0.016495 0.001857 0.001857 0.001857 0.026615
  0.096308 0.016576 0.000979 0.001868 0.000979 0.016576 0.001868 0.001868 0.001868 0.026762
  0.096933 0.016658 0.000986 0.001880 0.000986 0.016658 0.001880 0.001880 0.001880 0.026910
  0.097561 0.016740 0.000992 0.001891 0.000992 0.016740 0.001891 0.001891 0.001891 0.027059
  0.098191 0.016822 0.000999 0.001903 0.000999 0.016822 0.001903 0.001903 0.001903 0.027208
  0.098822 0.016905 0.001005 0.001915 0.001005 0.016905 0.001915 0.001915 0.001915 0.027357
  0.099456 0.016987 0.001012 0.001926 0.001012 0.016987 0.001926 0.001926 0.001926 0.027507
  0.100091 0.017070 0.001018 0.001938 0.001018 0.017070 0.001938 0.001938 0.001938 0.027657
  0.100729 0.017209 0.001027 0.001948 0.001027 0.017209 0.001948 0.001948 0.001948 0.027836
  0.101369 0.017351 0.001035 0.001959 0.001035 0.017351 0.001959 0.001959 0.001959 0.028016
  0.102010 0.017493 0.001043 0.001969 0.001043 0.017493 0.001969 0.001969 0.001969 0.028196
  0.102654 0.017636 0.001052 0.001980 0.001052 0.017636 0.001980 0.001980 0.001980 0.028377
  0.103300 0.017779 0.001060 0.001990 0.001060 0.017779 0.001990 0.001990 0.001990 0.028559
  0.150350 0.028209 0.001674 0.002760 0.001674 0.028209 0.002760 0.002760 0.002760 0.041794
  0.200690 0.039286 0.002454 0.003734 0.002454 0.039286 0.003734 0.003734 0.003734 0.048781
  0.251160 0.050115 0.003272 0.005042 0.003272 0.050115 0.005042 0.005042 0.005042 0.055917
  0.301730 0.057888 0.004256 0.006022 0.004256 0.057888 0.006022 0.006022 0.006022 0.067354
  0.352430 0.072027 0.005227 0.006856 0.005227 0.072027 0.006856 0.006856 0.006856 0.087529
  0.403240 0.086412 0.006121 0.007760 0.006121 0.086412 0.007760 0.007760 0.007760 0.106331
  0.454170 0.107920 0.006783 0.008422 0.006783 0.107917 0.008422 0.008422 0.008422 0.129641
  0.505220 0.118389 0.007394 0.009050 0.007394 0.118389 0.009050 0.009050 0.009050 0.132503
  0.556390 0.105354 0.007853 0.009390 0.007853 0.105354 0.009390 0.009390 0.009390 0.112787
  0.607670 0.103877 0.008267 0.009893 0.008267 0.103880 0.009893 0.009893 0.009893 0.102082
  0.659070 0.107452 0.008766 0.010695 0.008766 0.107461 0.010698 0.010695 0.010698 0.102044
  0.710590 0.105427 0.009552 0.011730 0.009552 0.105431 0.011730 0.011730 0.011730 0.110224
  0.762230 0.101541 0.010746 0.012640 0.010746 0.101544 0.012640 0.012640 0.012640 0.125771
  0.813990 0.103416 0.012134 0.013630 0.012134 0.103419 0.013630 0.013630 0.013630 0.128693
  0.865860 0.104501 0.013920 0.014661 0.013920 0.104501 0.014661 0.014661 0.014661 0.133127
  0.917860 0.106023 0.015925 0.015078 0.015925 0.106013 0.015075 0.015078 0.015075 0.134489
  0.969980 0.109187 0.017959 0.014661 0.017959 0.109180 0.014658 0.014661 0.014658 0.128082
  1.022210 0.137211 0.020098 0.013904 0.020098 0.137223 0.013904 0.013904 0.013904 0.151948
  1.074570 0.275644 0.021362 0.013293 0.021362 0.275666 0.013296 0.013293 0.013296 0.334773
  1.127050 0.280511 0.020789 0.012548 0.020789 0.280520 0.012551 0.012548 0.012551 0.318447
  1.179650 0.148005 0.018242 0.011501 0.018242 0.147989 0.011497 0.011501 0.011497 0.131577
  1.232370 0.604875 0.014808 0.010682 0.014808 0.604840 0.010682 0.010682 0.010682 0.672092
  1.285210 0.195544 0.010444 0.010208 0.010444 0.195538 0.010208 0.010208 0.010208 0.166336
  1.338170 0.430400 0.006729 0.009661 0.006729 0.430409 0.009658 0.009661 0.009658 0.464465
  1.391260 0.285887 0.004460 0.009186 0.004460 0.285903 0.009186 0.009186 0.009186 0.222922
  1.444470 0.489863 0.003371 0.008725 0.003371 0.489873 0.008725 0.008725 0.008725 0.410429
  1.497800 0.607405 0.002753 0.008340 0.002753 0.607405 0.008340 0.008340 0.008340 0.496888
  1.551250 0.814826 0.002486 0.007601 0.002486 0.814819 0.007601 0.007601 0.007601 0.737193
  1.604830 0.829783 0.002254 0.007012 0.002254 0.829777 0.007012 0.007012 0.007012 0.713106
  1.658530 0.852682 0.002273 0.006634 0.002273 0.852673 0.006634 0.006634 0.006634 0.769747
  1.712360 1.212188 0.002508 0.006328 0.002508 1.212181 0.006328 0.006328 0.006328 1.221883
  1.766300 2.003350 0.002693 0.006162 0.002693 2.003347 0.006162 0.006162 0.006162 2.055407
  1.820380 1.327963 0.002881 0.006067 0.002881 1.327960 0.006067 0.006067 0.006067 1.421362
  1.874580 1.133002 0.003075 0.005959 0.003075 1.132999 0.005959 0.005959 0.005959 1.229443
  1.928900 0.980480 0.003549 0.005911 0.003549 0.980477 0.005911 0.005911 0.005911 1.132916
  1.983350 0.739848 0.003189 0.005908 0.003189 0.739844 0.005908 0.005908 0.005908 0.894842
  2.037920 0.659077 0.003240 0.006029 0.003240 0.659077 0.006029 0.006029 0.006029 0.786999
  2.092620 0.382134 0.003400 0.006159 0.003400 0.382134 0.006159 0.006159 0.006159 0.471372
  2.147450 0.328706 0.003581 0.006236 0.003581 0.328706 0.006236 0.006236 0.006236 0.411314
  2.202400 0.337472 0.003788 0.006395 0.003788 0.337472 0.006395 0.006395 0.006395 0.417966
  2.257480 0.346137 0.003998 0.006621 0.003998 0.346130 0.006621 0.006621 0.006621 0.419364
  2.312680 0.382058 0.004265 0.006735 0.004265 0.382055 0.006739 0.006735 0.006739 0.462253
  2.368020 0.411113 0.004485 0.006614 0.004485 0.411113 0.006614 0.006614 0.006614 0.502500
  2.423480 0.441824 0.004743 0.006529 0.004743 0.441830 0.006529 0.006529 0.006529 0.530772
  2.479070 0.431969 0.004915 0.006430 0.004915 0.431962 0.006430 0.006430 0.006430 0.517792
  2.534780 0.402595 0.005067 0.006248 0.005067 0.402595 0.006248 0.006248 0.006248 0.491155
  2.590630 0.391270 0.005236 0.006042 0.005236 0.391270 0.006042 0.006042 0.006042 0.493304
  2.646600 0.376742 0.005465 0.005774 0.005465 0.376742 0.005777 0.005774 0.005777 0.493460
  2.702710 0.357236 0.005621 0.005561 0.005621 0.357233 0.005561 0.005561 0.005561 0.487224
  2.758940 0.333707 0.005551 0.005322 0.005551 0.333703 0.005322 0.005322 0.005322 0.472604
  2.815300 0.311740 0.005593 0.005274 0.005593 0.311746 0.005274 0.005274 0.005274 0.452382
  2.871790 0.303286 0.005526 0.005303 0.005526 0.303289 0.005303 0.005303 0.005303 0.442002
  2.928410 0.312186 0.005539 0.005246 0.005539 0.312198 0.005246 0.005246 0.005246 0.458707
  2.985170 0.310397 0.005707 0.005195 0.005707 0.310394 0.005195 0.005195 0.005195 0.452672
  3.042050 0.314286 0.005952 0.005131 0.005952 0.314286 0.005131 0.005131 0.005131 0.449415
  3.099070 0.303091 0.006331 0.005122 0.006331 0.303091 0.005122 0.005122 0.005122 0.415760
  3.156210 0.304483 0.006895 0.005338 0.006895 0.304479 0.005338 0.005338 0.005338 0.406030
  3.213490 0.315197 0.007639 0.005612 0.007639 0.315194 0.005612 0.005612 0.005612 0.414185
  3.270900 0.314229 0.007496 0.005688 0.007496 0.314229 0.005688 0.005688 0.005688 0.408372
  3.328450 0.276796 0.007353 0.005841 0.007353 0.276796 0.005841 0.005841 0.005841 0.357994
  3.386120 0.260113 0.007092 0.006042 0.007092 0.260110 0.006042 0.006042 0.006042 0.335677
  3.443930 0.257977 0.006764 0.006258 0.006764 0.257987 0.006258 0.006258 0.006258 0.337924
  3.501870 0.253970 0.006742 0.006557 0.006742 0.253979 0.006557 0.006557 0.006557 0.334598
  3.559950 0.251172 0.006923 0.006898 0.006923 0.251162 0.006898 0.006898 0.006898 0.328849
  3.618160 0.266174 0.007283 0.007232 0.007283 0.266168 0.007229 0.007232 0.007229 0.344198
  3.676500 0.282561 0.007955 0.007770 0.007955 0.282548 0.007770 0.007770 0.007770 0.361648
  3.734980 0.288163 0.008750 0.008289 0.008750 0.288172 0.008286 0.008289 0.008286 0.366005
  3.793590 0.302639 0.009546 0.008725 0.009546 0.302649 0.008725 0.008725 0.008725 0.380390
  3.852340 0.307605 0.010326 0.008903 0.010326 0.307608 0.008903 0.008903 0.008903 0.377713
  3.911220 0.303553 0.011150 0.009250 0.011150 0.303559 0.009250 0.009250 0.009250 0.364735
  3.970240 0.326697 0.011415 0.009546 0.011415 0.326685 0.009546 0.009546 0.009546 0.385833
  4.029400 0.398202 0.010609 0.009607 0.010609 0.398202 0.009607 0.009607 0.009607 0.469370
  4.088690 0.411976 0.009635 0.009540 0.009635 0.411976 0.009543 0.009540 0.009543 0.488739
  4.148120 0.421789 0.008808 0.009295 0.008808 0.421777 0.009291 0.009295 0.009291 0.504021
  4.207690 0.431969 0.007480 0.008763 0.007480 0.431969 0.008763 0.008763 0.008763 0.513838
  4.267390 0.448995 0.006398 0.008531 0.006398 0.449011 0.008534 0.008531 0.008534 0.526819
  4.327230 0.496917 0.005523 0.008149 0.005523 0.496917 0.008146 0.008149 0.008146 0.578745
  4.387210 0.467562 0.004854 0.007891 0.004854 0.467543 0.007894 0.007891 0.007894 0.556781
  4.447330 0.380049 0.004428 0.007719 0.004428 0.380043 0.007719 0.007719 0.007719 0.462253
  4.507580 0.329533 0.004132 0.007716 0.004132 0.329524 0.007716 0.007716 0.007716 0.407478
  4.567980 0.288682 0.003941 0.007659 0.003941 0.288685 0.007659 0.007659 0.007659 0.357500
  4.628510 0.266642 0.003864 0.007824 0.003864 0.266635 0.007821 0.007824 0.007821 0.326465
  4.689180 0.259684 0.003934 0.007904 0.003934 0.259684 0.007904 0.007904 0.007904 0.314458
  4.750000 0.266183 0.004781 0.008668 0.004781 0.266180 0.008668 0.008668 0.008668 0.321063
  4.810950 0.283092 0.006045 0.009887 0.006045 0.283086 0.009887 0.009887 0.009887 0.339758
  4.872050 0.294497 0.006430 0.010714 0.006430 0.294494 0.010714 0.010714 0.010714 0.348104
  4.933280 0.294090 0.006821 0.011822 0.006821 0.294093 0.011822 0.011822 0.011822 0.343934
  4.994660 0.288067 0.007308 0.013089 0.007308 0.288070 0.013089 0.013089 0.013089 0.331860
  5.056170 0.288939 0.007859 0.014225 0.007859 0.288946 0.014225 0.014225 0.014225 0.327824
  5.117830 0.296506 0.008228 0.014330 0.008228 0.296509 0.014330 0.014330 0.014330 0.329610
  5.179640 0.300415 0.008177 0.014260 0.008177 0.300418 0.014260 0.014260 0.014260 0.328610
  5.241580 0.295875 0.008161 0.013515 0.008161 0.295875 0.013512 0.013515 0.013512 0.319402
  5.303670 0.279502 0.008267 0.011847 0.008267 0.279502 0.011847 0.011847 0.011847 0.299208
  5.365900 0.264404 0.008604 0.010813 0.008604 0.264401 0.010813 0.010813 0.010813 0.278633
  5.428270 0.255953 0.008569 0.009791 0.008569 0.255953 0.009791 0.009791 0.009791 0.261441
  5.490790 0.252168 0.008330 0.008833 0.008330 0.252168 0.008833 0.008833 0.008833 0.248460
  5.553450 0.249845 0.008512 0.008464 0.008512 0.249845 0.008467 0.008464 0.008467 0.242679
  5.616260 0.249444 0.008403 0.008254 0.008403 0.249447 0.008254 0.008254 0.008254 0.238315
  5.679210 0.247228 0.008610 0.008282 0.008610 0.247225 0.008282 0.008282 0.008282 0.232213
  5.742310 0.250230 0.008769 0.008604 0.008769 0.250227 0.008604 0.008604 0.008604 0.230721
  5.805550 0.257901 0.008744 0.009113 0.008744 0.257898 0.009113 0.009113 0.009113 0.233318
  5.868940 0.257420 0.008827 0.009705 0.008827 0.257424 0.009705 0.009705 0.009705 0.234830
  5.932470 0.252932 0.009053 0.010320 0.009053 0.252932 0.010320 0.010320 0.010320 0.236285
  5.996150 0.250672 0.009801 0.011415 0.009801 0.250675 0.011415 0.011415 0.011415 0.239458
  6.059980 0.239745 0.010597 0.012529 0.010597 0.239732 0.012529 0.012529 0.012529 0.239051
  6.123960 0.233375 0.011685 0.013149 0.011685 0.233372 0.013149 0.013149 0.013149 0.241053
  6.188080 0.235549 0.012825 0.013955 0.012825 0.235546 0.013955 0.013955 0.013955 0.250125
  6.252350 0.249533 0.013324 0.013980 0.013324 0.249529 0.013980 0.013980 0.013980 0.270099
  6.316770 0.254463 0.013414 0.014025 0.013414 0.254463 0.014025 0.014025 0.014025 0.275714
  6.381330 0.259674 0.012685 0.014254 0.012685 0.259677 0.014251 0.014254 0.014251 0.280829
  6.446050 0.268845 0.011835 0.013410 0.011835 0.268851 0.013414 0.013410 0.013414 0.290843
  6.510910 0.278543 0.010593 0.012739 0.010593 0.278543 0.012739 0.012739 0.012739 0.302375
  6.575930 0.292081 0.009623 0.012303 0.009623 0.292081 0.012303 0.012303 0.012303 0.316451
  6.641090 0.297989 0.008543 0.012003 0.008543 0.297989 0.012003 0.012003 0.012003 0.320070
  6.706410 0.307347 0.007378 0.011730 0.007378 0.307347 0.011730 0.011730 0.011730 0.323260
  6.771870 0.315143 0.006691 0.011688 0.006691 0.315143 0.011688 0.011688 0.011688 0.327356
  6.837490 0.326379 0.005873 0.011526 0.005873 0.326376 0.011526 0.011526 0.011526 0.334926
  6.903260 0.335992 0.005513 0.011450 0.005513 0.336002 0.011450 0.011450 0.011450 0.343625
  6.969180 0.340426 0.005504 0.011510 0.005504 0.340426 0.011507 0.011510 0.011507 0.350262
  7.035250 0.354922 0.005656 0.010905 0.005656 0.354947 0.010902 0.010905 0.010902 0.366171
  7.101470 0.370309 0.005889 0.010262 0.005889 0.370344 0.010262 0.010262 0.010262 0.380765
  7.167850 0.391438 0.006169 0.009995 0.006169 0.391445 0.009995 0.009995 0.009995 0.398788
  7.234380 0.395997 0.006532 0.010122 0.006532 0.395977 0.010122 0.010122 0.010122 0.397254
  7.301060 0.402029 0.006716 0.009826 0.006716 0.402006 0.009826 0.009826 0.009826 0.400424
  7.367900 0.419198 0.006955 0.009753 0.006955 0.419189 0.009753 0.009753 0.009753 0.415181
  7.434890 0.443103 0.007257 0.009552 0.007257 0.443103 0.009552 0.009552 0.009552 0.427767
  7.502030 0.457892 0.007378 0.009276 0.007378 0.457895 0.009276 0.009276 0.009276 0.433646
  7.569330 0.472178 0.007394 0.009091 0.007394 0.472178 0.009091 0.009091 0.009091 0.442113
  7.636790 0.488482 0.007356 0.008954 0.007356 0.488482 0.008954 0.008954 0.008954 0.456310
  7.704400 0.494536 0.007452 0.008913 0.007452 0.494533 0.008913 0.008913 0.008913 0.463462
  7.772170 0.504470 0.007589 0.008798 0.007589 0.504473 0.008798 0.008798 0.008798 0.475240
  7.840090 0.517836 0.007757 0.008709 0.007757 0.517833 0.008709 0.008709 0.008709 0.485270
  7.908170 0.535139 0.008012 0.008502 0.008012 0.535136 0.008502 0.008502 0.008502 0.501609
  7.976410 0.538100 0.008247 0.008333 0.008247 0.538093 0.008333 0.008333 0.008333 0.512425
  8.044800 0.514083 0.008219 0.008142 0.008219 0.514080 0.008142 0.008142 0.008142 0.485216
  8.113350 0.499075 0.008429 0.008041 0.008429 0.499078 0.008041 0.008041 0.008041 0.468676
  8.182060 0.497381 0.008941 0.008152 0.008941 0.497385 0.008152 0.008152 0.008152 0.474482
  8.250930 0.504862 0.009377 0.008435 0.009377 0.504852 0.008435 0.008435 0.008435 0.488294
  8.319960 0.518552 0.009852 0.009151 0.009852 0.518546 0.009151 0.009151 0.009151 0.505377
  8.389140 0.537858 0.010036 0.009718 0.010036 0.537858 0.009718 0.009718 0.009718 0.528519
  8.458490 0.559395 0.010043 0.010106 0.010043 0.559395 0.010103 0.010106 0.010103 0.553127
  8.527990 0.575692 0.009884 0.010240 0.009884 0.575698 0.010240 0.010240 0.010240 0.576943
  8.597660 0.575730 0.009829 0.010460 0.009829 0.575746 0.010460 0.010460 0.010460 0.584210
  8.667490 0.576628 0.009664 0.009565 0.009664 0.576634 0.009565 0.009565 0.009565 0.590166
  8.737470 0.568982 0.009091 0.008811 0.009091 0.568982 0.008811 0.008811 0.008811 0.584777
  8.807620 0.549272 0.008706 0.008187 0.008706 0.549272 0.008187 0.008187 0.008187 0.556329
  8.877930 0.553815 0.008260 0.007694 0.008260 0.553818 0.007694 0.007694 0.007694 0.547423
  8.948410 0.573190 0.007891 0.007324 0.007891 0.573187 0.007324 0.007324 0.007324 0.560916
  9.019040 0.572811 0.007729 0.007140 0.007729 0.572811 0.007140 0.007140 0.007140 0.563402
  9.089840 0.570545 0.007741 0.007047 0.007741 0.570548 0.007047 0.007047 0.007047 0.563418
  9.160800 0.578751 0.007464 0.006952 0.007464 0.578751 0.006952 0.006952 0.006952 0.568215
  9.231930 0.599136 0.006780 0.006879 0.006780 0.599145 0.006879 0.006879 0.006879 0.582510
  9.303220 0.626555 0.006296 0.006427 0.006296 0.626571 0.006427 0.006427 0.006427 0.600590
  9.374670 0.662664 0.005682 0.005962 0.005682 0.662667 0.005959 0.005962 0.005959 0.631501
  9.446290 0.710754 0.005128 0.005605 0.005128 0.710764 0.005605 0.005605 0.005605 0.682425
  9.518070 0.751514 0.004864 0.005405 0.004864 0.751511 0.005405 0.005405 0.005405 0.734150
  9.590020 0.791519 0.004794 0.005443 0.004794 0.791513 0.005443 0.005443 0.005443 0.788632
  9.662140 0.834376 0.004555 0.005379 0.004555 0.834354 0.005383 0.005379 0.005383 0.843053
  9.734420 0.864937 0.004265 0.005411 0.004265 0.864918 0.005414 0.005411 0.005414 0.884863
  9.806870 0.877217 0.003973 0.005443 0.003973 0.877237 0.005443 0.005443 0.005443 0.905101
  9.879480 0.878144 0.003689 0.005373 0.003689 0.878141 0.005373 0.005373 0.005373 0.909596
  9.952270 0.890717 0.003396 0.005481 0.003396 0.890704 0.005481 0.005481 0.005481 0.928548
 10.025220 0.908253 0.003158 0.005816 0.003158 0.908224 0.005816 0.005816 0.005816 0.948675
 10.098340 0.938973 0.002970 0.005666 0.002970 0.938947 0.005666 0.005666 0.005666 0.988916
 10.171620 0.979506 0.002827 0.005287 0.002827 0.979497 0.005287 0.005287 0.005287 1.038457
 10.245080 1.006235 0.002527 0.004880 0.002527 1.006238 0.004880 0.004880 0.004880 1.073780
 10.318710 1.028736 0.002355 0.004768 0.002355 1.028736 0.004768 0.004768 0.004768 1.098363
 10.392500 1.051457 0.002075 0.004730 0.002075 1.051454 0.004730 0.004730 0.004730 1.123459
 10.466470 1.068802 0.001903 0.004510 0.001903 1.068795 0.004510 0.004510 0.004510 1.142640
 10.540600 1.076257 0.001741 0.003988 0.001741 1.076260 0.003988 0.003988 0.003988 1.150000
 10.614910 1.092376 0.001687 0.003613 0.001687 1.092382 0.003613 0.003613 0.003613 1.167532
 10.689390 1.113254 0.001652 0.003253 0.001652 1.113257 0.003253 0.003253 0.003253 1.187484
 10.764040 1.157295 0.001646 0.003209 0.001646 1.157298 0.003209 0.003209 0.003209 1.229717
 10.838860 1.188537 0.001674 0.003116 0.001674 1.188537 0.003116 0.003116 0.003116 1.261644
 10.913860 1.213754 0.001677 0.003037 0.001677 1.213751 0.003037 0.003037 0.003037 1.289324
 10.989020 1.243684 0.001693 0.002976 0.001693 1.243691 0.002976 0.002976 0.002976 1.321511
 11.064370 1.311548 0.001652 0.002976 0.001652 1.311545 0.002976 0.002976 0.002976 1.395856
 11.139880 1.398670 0.001588 0.003040 0.001588 1.398654 0.003040 0.003040 0.003040 1.481745
 11.215570 1.469732 0.001553 0.002998 0.001553 1.469720 0.002998 0.002998 0.002998 1.551793
 11.291430 1.524065 0.001531 0.002855 0.001531 1.524065 0.002852 0.002855 0.002852 1.615213
 11.367470 1.560291 0.001541 0.002753 0.001541 1.560301 0.002753 0.002753 0.002753 1.659006
 11.443690 1.614627 0.001636 0.002712 0.001636 1.614643 0.002712 0.002712 0.002712 1.721967
 11.520080 1.654498 0.001910 0.002760 0.001910 1.654517 0.002760 0.002760 0.002760 1.773432
 11.596640 1.717460 0.002145 0.002884 0.002145 1.717476 0.002884 0.002884 0.002884 1.852099
 11.673390 1.757182 0.002391 0.002903 0.002391 1.757198 0.002903 0.002903 0.002903 1.912950
 11.750300 1.784646 0.002601 0.002963 0.002601 1.784646 0.002963 0.002963 0.002963 1.953608
 11.827400 1.850157 0.002741 0.003049 0.002741 1.850148 0.003049 0.003049 0.003049 2.033768
 11.904680 1.924327 0.002858 0.003158 0.002858 1.924307 0.003158 0.003158 0.003158 2.122993
 11.982130 1.964026 0.003148 0.003463 0.003148 1.964029 0.003463 0.003463 0.003463 2.178214
 12.059760 1.985483 0.003129 0.003571 0.003129 1.985522 0.003571 0.003571 0.003571 2.211643
 12.137570 1.978216 0.003116 0.003638 0.003116 1.978220 0.003638 0.003638 0.003638 2.209373
 12.215560 1.951520 0.003113 0.003657 0.003113 1.951501 0.003657 0.003657 0.003657 2.186149
 12.293730 1.928379 0.003100 0.003769 0.003100 1.928388 0.003769 0.003769 0.003769 2.163470
 12.372080 1.905699 0.003046 0.003864 0.003046 1.905705 0.003867 0.003864 0.003867 2.145463
 12.450610 1.892263 0.002960 0.003883 0.002960 1.892263 0.003883 0.003883 0.003883 2.144571
 12.529320 1.896888 0.002881 0.003632 0.002881 1.896879 0.003629 0.003632 0.003629 2.167436
 12.608220 1.848225 0.002843 0.003384 0.002843 1.848219 0.003387 0.003384 0.003387 2.130808
 12.687290 1.830565 0.002753 0.003081 0.002753 1.830565 0.003084 0.003081 0.003084 2.123837
 12.766550 1.869969 0.002843 0.002667 0.002843 1.869972 0.002667 0.002667 0.002667 2.183962
 12.845990 2.015061 0.003180 0.002362 0.003180 2.015061 0.002362 0.002362 0.002362 2.363266
 12.925610 2.224544 0.003536 0.002270 0.003536 2.224534 0.002270 0.002270 0.002270 2.595518
 13.005420 2.275585 0.003842 0.002355 0.003842 2.275588 0.002355 0.002355 0.002355 2.624853
 13.085410 2.214106 0.004081 0.002562 0.004081 2.214109 0.002562 0.002562 0.002562 2.529224
 13.165590 2.096580 0.004300 0.002785 0.004300 2.096583 0.002785 0.002785 0.002785 2.374073
 13.245950 2.027803 0.004418 0.003008 0.004418 2.027809 0.003008 0.003008 0.003008 2.286312
 13.326500 1.930623 0.004545 0.003209 0.004545 1.930623 0.003209 0.003209 0.003209 2.178411
 13.407230 1.872569 0.004641 0.003422 0.004641 1.872557 0.003422 0.003422 0.003422 2.121236
 13.488140 1.915376 0.004832 0.003731 0.004832 1.915372 0.003731 0.003731 0.003731 2.186853
 13.569250 1.959789 0.005074 0.004138 0.005074 1.959780 0.004138 0.004138 0.004138 2.260723
 13.650540 1.999833 0.005233 0.004552 0.005233 1.999823 0.004552 0.004552 0.004552 2.323032
 13.732020 1.999467 0.005297 0.004889 0.005297 1.999486 0.004889 0.004889 0.004889 2.332794
 13.813690 1.977914 0.005233 0.005045 0.005233 1.977914 0.005045 0.005045 0.005045 2.309755
 13.895540 1.950864 0.005313 0.005093 0.005313 1.950861 0.005093 0.005093 0.005093 2.284192
 13.977590 1.961012 0.005313 0.005058 0.005313 1.960999 0.005058 0.005058 0.005058 2.292172
 14.059820 1.976275 0.005332 0.004912 0.005332 1.976278 0.004912 0.004912 0.004912 2.297408
 14.142240 1.990080 0.005755 0.004883 0.005755 1.990089 0.004883 0.004883 0.004883 2.298433
 14.224850 1.978863 0.006029 0.004962 0.006029 1.978866 0.004962 0.004962 0.004962 2.262776
 14.307660 1.930693 0.006188 0.005166 0.006188 1.930696 0.005166 0.005166 0.005166 2.199935
 14.390650 2.019266 0.006420 0.005316 0.006420 2.019266 0.005316 0.005316 0.005316 2.307174
 14.473840 2.122866 0.006455 0.005338 0.006455 2.122866 0.005338 0.005338 0.005338 2.403599
 14.557220 2.165001 0.006366 0.005281 0.006366 2.165013 0.005281 0.005281 0.005281 2.420594
 14.640790 2.163982 0.006283 0.005160 0.006283 2.163995 0.005160 0.005160 0.005160 2.378163
 14.724550 2.061400 0.006373 0.005099 0.006373 2.061423 0.005099 0.005099 0.005099 2.231712
 14.808500 1.929836 0.006506 0.005106 0.006506 1.929849 0.005109 0.005106 0.005109 2.076565
 14.892650 1.837205 0.006287 0.005255 0.006287 1.837196 0.005255 0.005255 0.005255 1.964055
 14.977000 1.693622 0.006115 0.005437 0.006115 1.693593 0.005434 0.005437 0.005434 1.801854
 15.061530 1.606309 0.005863 0.005472 0.005863 1.606309 0.005472 0.005472 0.005472 1.705297
 15.146270 1.588818 0.005599 0.005437 0.005599 1.588796 0.005434 0.005437 0.005434 1.674211
 15.231190 1.549704 0.005443 0.005160 0.005443 1.549653 0.005163 0.005160 0.005163 1.622979
 15.316320 1.509142 0.005405 0.004883 0.005405 1.509107 0.004883 0.004883 0.004883 1.572489
 15.401640 1.489754 0.005303 0.004663 0.005303 1.489741 0.004663 0.004663 0.004663 1.556131
 15.487160 1.458318 0.005099 0.004409 0.005099 1.458346 0.004409 0.004409 0.004409 1.524198
 15.572870 1.402979 0.004931 0.004116 0.004931 1.402999 0.004116 0.004116 0.004116 1.463840
 15.658780 1.336434 0.004752 0.003731 0.004752 1.336456 0.003731 0.003731 0.003731 1.388025
 15.744890 1.281388 0.004638 0.003358 0.004638 1.281404 0.003361 0.003358 0.003361 1.328282
 15.831200 1.215320 0.004421 0.003081 0.004421 1.215329 0.003081 0.003081 0.003081 1.253816
 15.917710 1.145177 0.004189 0.002839 0.004189 1.145193 0.002839 0.002839 0.002839 1.177616
 16.004420 1.106324 0.003979 0.002683 0.003979 1.106343 0.002683 0.002683 0.002683 1.134924
 16.091320 1.114346 0.003906 0.002687 0.003906 1.114327 0.002687 0.002687 0.002687 1.136134
 16.178430 1.139642 0.003871 0.002776 0.003871 1.139626 0.002776 0.002776 0.002776 1.150238
 16.265740 1.203259 0.003829 0.002957 0.003829 1.203250 0.002957 0.002957 0.002957 1.209001
 16.353250 1.245725 0.003839 0.003145 0.003839 1.245731 0.003145 0.003145 0.003145 1.250347
 16.440960 1.284657 0.003756 0.003377 0.003756 1.284657 0.003380 0.003377 0.003380 1.285587
 16.528870 1.296693 0.003651 0.003594 0.003651 1.296689 0.003594 0.003594 0.003594 1.299917
 16.616990 1.294585 0.003591 0.003823 0.003591 1.294579 0.003823 0.003823 0.003823 1.301082
 16.705310 1.329281 0.003479 0.004030 0.003479 1.329268 0.004030 0.004030 0.004030 1.336017
 16.793830 1.285953 0.003301 0.004109 0.003301 1.285931 0.004109 0.004109 0.004109 1.309298
 16.882560 1.244872 0.003247 0.004141 0.003247 1.244846 0.004141 0.004141 0.004141 1.273084
 16.971490 1.225264 0.003215 0.004157 0.003215 1.225267 0.004157 0.004157 0.004157 1.257655
 17.060630 1.200668 0.003193 0.004221 0.003193 1.200671 0.004221 0.004221 0.004221 1.233161
 17.149970 1.160583 0.003199 0.004329 0.003199 1.160571 0.004329 0.004329 0.004329 1.191310
 17.239520 1.146409 0.003330 0.004437 0.003330 1.146409 0.004437 0.004437 0.004437 1.180850
 17.329280 1.197501 0.003530 0.004520 0.003530 1.197517 0.004520 0.004520 0.004520 1.237882
 17.419240 1.242055 0.003756 0.004631 0.003756 1.242042 0.004631 0.004631 0.004631 1.287204
 17.509410 1.251645 0.004039 0.004787 0.004039 1.251655 0.004787 0.004787 0.004787 1.301617
 17.599790 1.243108 0.004269 0.004953 0.004269 1.243140 0.004953 0.004953 0.004953 1.296578
 17.690370 1.265597 0.004383 0.005093 0.004383 1.265613 0.005093 0.005093 0.005093 1.315355
 17.781170 1.272087 0.004463 0.005459 0.004463 1.272097 0.005456 0.005459 0.005456 1.320630
 17.872170 1.271460 0.004354 0.005749 0.004354 1.271463 0.005752 0.005749 0.005752 1.321826
 17.963390 1.248128 0.004323 0.005956 0.004323 1.248125 0.005956 0.005956 0.005956 1.306777
 18.054810 1.210303 0.004278 0.005895 0.004278 1.210278 0.005895 0.005895 0.005895 1.279096
 18.146450 1.157986 0.004307 0.005796 0.004307 1.157980 0.005796 0.005796 0.005796 1.233909
 18.238300 1.129870 0.004434 0.005739 0.004434 1.129895 0.005739 0.005739 0.005739 1.212150
 18.330350 1.149923 0.004514 0.005580 0.004514 1.149945 0.005580 0.005580 0.005580 1.240275
 18.422620 1.160246 0.004711 0.005545 0.004711 1.160230 0.005548 0.005545 0.005548 1.261125
 18.515110 1.162776 0.004915 0.005625 0.004915 1.162773 0.005625 0.005625 0.005625 1.271422
 18.607810 1.171689 0.005227 0.005882 0.005227 1.171686 0.005882 0.005882 0.005882 1.281497
 18.700720 1.212904 0.005567 0.006204 0.005567 1.212913 0.006204 0.006204 0.006204 1.326945
 18.793840 1.236812 0.005854 0.006538 0.005854 1.236809 0.006538 0.006538 0.006538 1.359387
 18.887180 1.283441 0.006064 0.006809 0.006064 1.283435 0.006809 0.006809 0.006809 1.407019
 18.980740 1.294907 0.006070 0.006993 0.006070 1.294913 0.006993 0.006993 0.006993 1.421270
 19.074510 1.303005 0.006038 0.007257 0.006038 1.303017 0.007257 0.007257 0.007257 1.437386
 19.168490 1.299370 0.005879 0.007471 0.005879 1.299386 0.007471 0.007471 0.007471 1.443192
 19.262700 1.275824 0.005930 0.007541 0.005930 1.275850 0.007541 0.007541 0.007541 1.430227
 19.357120 1.249939 0.006121 0.007582 0.006121 1.249952 0.007582 0.007582 0.007582 1.411300
 19.451760 1.243013 0.006513 0.007821 0.006513 1.243032 0.007821 0.007821 0.007821 1.405844
 19.546610 1.235940 0.006764 0.007821 0.006764 1.235940 0.007821 0.007821 0.007821 1.404546
 19.641690 1.254399 0.006946 0.007709 0.006946 1.254392 0.007709 0.007709 0.007709 1.431319
 19.736980 1.265581 0.007143 0.007528 0.007143 1.265584 0.007528 0.007528 0.007528 1.451140
 19.832500 1.287446 0.007636 0.007563 0.007636 1.287446 0.007563 0.007563 0.007563 1.477840
 19.928230 1.304851 0.008171 0.007557 0.008171 1.304835 0.007557 0.007557 0.007557 1.495289
 20.024190 1.351216 0.008661 0.007639 0.008661 1.351203 0.007639 0.007639 0.007639 1.545901
 20.120370 1.391485 0.009202 0.007869 0.009202 1.391460 0.007869 0.007869 0.007869 1.599778
 20.216770 1.422266 0.009479 0.007983 0.009479 1.422231 0.007983 0.007983 0.007983 1.642603
 20.313390 1.439257 0.009387 0.007878 0.009387 1.439225 0.007878 0.007878 0.007878 1.662641
 20.410230 1.446066 0.009196 0.007528 0.009196 1.446050 0.007528 0.007528 0.007528 1.669141
 20.507300 1.465266 0.008773 0.007003 0.008773 1.465276 0.007003 0.007003 0.007003 1.693889
 20.604590 1.461542 0.008454 0.006516 0.008454 1.461558 0.006516 0.006516 0.006516 1.699278
 20.702100 1.465658 0.008244 0.005946 0.008244 1.465683 0.005943 0.005946 0.005943 1.717871
 20.799840 1.447915 0.007811 0.005354 0.007811 1.447925 0.005354 0.005354 0.005354 1.698817
 20.897810 1.462096 0.007413 0.004905 0.007413 1.462102 0.004905 0.004905 0.004905 1.712838
 20.996000 1.480628 0.007009 0.004596 0.007009 1.480641 0.004596 0.004596 0.004596 1.734961
 21.094420 1.521649 0.006716 0.004310 0.006716 1.521655 0.004310 0.004310 0.004310 1.788443
 21.193060 1.584365 0.006446 0.004065 0.006446 1.584372 0.004065 0.004065 0.004065 1.867639
 21.291940 1.660502 0.006328 0.003937 0.006328 1.660508 0.003937 0.003937 0.003937 1.971675
 21.391040 1.702684 0.005936 0.003813 0.005936 1.702700 0.003810 0.003813 0.003810 2.030922
 21.490370 1.652343 0.005539 0.003654 0.005539 1.652347 0.003654 0.003654 0.003654 1.975886
 21.589920 1.638729 0.004994 0.003517 0.004994 1.638733 0.003517 0.003517 0.003517 1.952284
 21.689710 1.634474 0.004584 0.003380 0.004584 1.634483 0.003380 0.003380 0.003380 1.942171
 21.789730 1.608025 0.004291 0.003275 0.004291 1.608022 0.003275 0.003275 0.003275 1.911409
 21.889980 1.617864 0.004036 0.003199 0.004036 1.617858 0.003199 0.003199 0.003199 1.915162
 21.990460 1.619698 0.003842 0.003100 0.003842 1.619691 0.003100 0.003100 0.003100 1.911706
 22.091170 1.598867 0.003705 0.003053 0.003705 1.598845 0.003053 0.003053 0.003053 1.890331
 22.192110 1.606927 0.003622 0.003049 0.003622 1.606902 0.003053 0.003049 0.003053 1.900635
 22.293290 1.630721 0.003559 0.003002 0.003559 1.630702 0.003002 0.003002 0.003002 1.937979
 22.394700 1.636765 0.003517 0.002992 0.003517 1.636769 0.002992 0.002992 0.002992 1.949377
 22.496340 1.653983 0.003521 0.003056 0.003521 1.653999 0.003056 0.003056 0.003056 1.962377
 22.598220 1.664732 0.003527 0.003075 0.003527 1.664735 0.003075 0.003075 0.003075 1.965414
 22.700330 1.666352 0.003549 0.003046 0.003549 1.666355 0.003046 0.003046 0.003046 1.955336
 22.802680 1.673034 0.003578 0.003037 0.003578 1.673030 0.003037 0.003037 0.003037 1.946774
 22.905270 1.665611 0.003661 0.003072 0.003661 1.665601 0.003072 0.003072 0.003072 1.919953
 23.008090 1.676736 0.003747 0.003094 0.003747 1.676732 0.003097 0.003094 0.003097 1.918740
 23.111150 1.686835 0.003667 0.003123 0.003667 1.686829 0.003123 0.003123 0.003123 1.924104
 23.214440 1.723492 0.003540 0.003148 0.003540 1.723492 0.003148 0.003148 0.003148 1.962323
 23.317970 1.734009 0.003603 0.003154 0.003603 1.734019 0.003154 0.003154 0.003154 1.979203
 23.421750 1.724192 0.003731 0.003142 0.003731 1.724186 0.003142 0.003142 0.003142 1.970956
 23.525760 1.740779 0.003692 0.003078 0.003692 1.740789 0.003078 0.003078 0.003078 1.990417
 23.630010 1.737892 0.003626 0.003033 0.003626 1.737915 0.003033 0.003033 0.003033 1.984684
 23.734500 1.689210 0.003575 0.003021 0.003575 1.689239 0.003021 0.003021 0.003021 1.923391
 23.839240 1.658130 0.003556 0.003033 0.003556 1.658165 0.003033 0.003033 0.003033 1.881877
 23.944210 1.636991 0.003600 0.003030 0.003600 1.637049 0.003030 0.003030 0.003030 1.859535
 24.049430 1.604702 0.003635 0.003053 0.003635 1.604756 0.003053 0.003053 0.003053 1.825444
 24.154890 1.604982 0.003578 0.003024 0.003578 1.604947 0.003024 0.003024 0.003024 1.823012
 24.260590 1.595328 0.003613 0.002960 0.003613 1.595290 0.002960 0.002960 0.002960 1.809808
 24.366540 1.619468 0.003651 0.002916 0.003651 1.619491 0.002916 0.002916 0.002916 1.833866
 24.472730 1.651930 0.003559 0.002874 0.003559 1.651942 0.002874 0.002874 0.002874 1.854661
 24.579160 1.674415 0.003521 0.002833 0.003521 1.674425 0.002833 0.002833 0.002833 1.873486
 24.685840 1.713134 0.003460 0.002807 0.003460 1.713137 0.002807 0.002807 0.002807 1.919644
 24.792770 1.759751 0.003374 0.002779 0.003374 1.759716 0.002779 0.002779 0.002779 1.975886
 24.899940 1.803461 0.003314 0.002772 0.003314 1.803426 0.002772 0.002772 0.002772 2.018304
 25.007370 1.850991 0.003244 0.002750 0.003244 1.850940 0.002750 0.002750 0.002750 2.065806
 25.115030 1.859990 0.003174 0.002696 0.003174 1.859977 0.002696 0.002696 0.002696 2.078624
 25.222950 1.846958 0.003113 0.002712 0.003113 1.846955 0.002712 0.002712 0.002712 2.085334
 25.331120 1.847439 0.003084 0.002792 0.003084 1.847442 0.002792 0.002792 0.002792 2.098846
 25.439530 1.860200 0.003161 0.002884 0.003161 1.860209 0.002884 0.002884 0.002884 2.104035
 25.548200 1.877538 0.003272 0.002944 0.003272 1.877541 0.002944 0.002944 0.002944 2.110433
 25.657110 1.881969 0.003186 0.002995 0.003186 1.881966 0.002995 0.002995 0.002995 2.105865
 25.766280 1.877783 0.003139 0.002995 0.003139 1.877764 0.002995 0.002995 0.002995 2.107600
 25.875700 1.856797 0.003091 0.002992 0.003091 1.856775 0.002992 0.002992 0.002992 2.100549
 25.985370 1.846649 0.003075 0.003065 0.003075 1.846662 0.003065 0.003065 0.003065 2.099123
 26.095290 1.851144 0.003059 0.003107 0.003059 1.851131 0.003107 0.003107 0.003107 2.106218
 26.205470 1.876857 0.003043 0.003069 0.003043 1.876851 0.003069 0.003069 0.003069 2.132393
 26.315900 1.871662 0.002986 0.003049 0.002986 1.871675 0.003049 0.003049 0.003049 2.125342
 26.426590 1.846821 0.002960 0.003011 0.002960 1.846818 0.003011 0.003011 0.003011 2.096920
 26.537530 1.821038 0.003005 0.002970 0.003005 1.821041 0.002970 0.002970 0.002970 2.066802
 26.648730 1.770736 0.002989 0.002922 0.002989 1.770761 0.002922 0.002922 0.002922 1.996077
 26.760180 1.752102 0.002979 0.002852 0.002979 1.752105 0.002852 0.002852 0.002852 1.964233
 26.871890 1.741152 0.003005 0.002833 0.003005 1.741091 0.002833 0.002833 0.002833 1.954251
 26.983860 1.696140 0.003065 0.002874 0.003065 1.696111 0.002874 0.002874 0.002874 1.920157
 27.096080 1.640722 0.003167 0.002935 0.003167 1.640716 0.002935 0.002935 0.002935 1.866124
 27.208570 1.638290 0.003336 0.002970 0.003336 1.638281 0.002970 0.002970 0.002970 1.856568
 27.321310 1.709617 0.003326 0.003037 0.003326 1.709611 0.003037 0.003037 0.003037 1.940796
 27.434320 1.810088 0.003295 0.003113 0.003295 1.810079 0.003113 0.003113 0.003113 2.062960
 27.547580 1.854321 0.003209 0.003132 0.003209 1.854337 0.003132 0.003132 0.003132 2.088122
 27.661110 1.908188 0.003088 0.003119 0.003088 1.908201 0.003119 0.003119 0.003119 2.128121
 27.774900 1.949151 0.003049 0.003119 0.003049 1.949174 0.003119 0.003119 0.003119 2.148974
 27.888950 1.970660 0.003132 0.003097 0.003132 1.970679 0.003097 0.003097 0.003097 2.143060
 28.003260 2.030254 0.003291 0.003075 0.003291 2.030311 0.003072 0.003075 0.003072 2.186681
 28.117840 2.115058 0.003403 0.003046 0.003403 2.115080 0.003046 0.003046 0.003046 2.259672
 28.232680 2.220549 0.003425 0.002986 0.003425 2.220555 0.002986 0.002986 0.002986 2.342532
 28.347790 2.379669 0.003361 0.002983 0.003361 2.379659 0.002983 0.002983 0.002983 2.477734
 28.463160 2.494190 0.003479 0.003040 0.003479 2.494133 0.003040 0.003040 0.003040 2.590883
 28.578800 2.553049 0.003431 0.003030 0.003431 2.553020 0.003030 0.003030 0.003030 2.660902
 28.694700 2.650716 0.003355 0.003002 0.003355 2.650722 0.003002 0.003002 0.003002 2.776974
 28.810870 2.820041 0.003310 0.003027 0.003310 2.820044 0.003024 0.003027 0.003024 2.948590
 28.927310 2.955240 0.003266 0.002992 0.003266 2.955218 0.002992 0.002992 0.002992 3.086533
 29.044020 3.022496 0.003256 0.002954 0.003256 3.022502 0.002954 0.002954 0.002954 3.154629
 29.161000 2.998174 0.003310 0.003008 0.003310 2.998183 0.003008 0.003008 0.003008 3.116661
 29.278250 2.946194 0.003387 0.003094 0.003387 2.946206 0.003094 0.003094 0.003094 3.045965
 29.395760 2.920302 0.003330 0.003059 0.003330 2.920277 0.003059 0.003059 0.003059 3.023390
 29.513550 2.869611 0.003396 0.003037 0.003396 2.869608 0.003037 0.003037 0.003037 2.996076
 29.631610 2.826487 0.003629 0.003046 0.003629 2.826493 0.003046 0.003046 0.003046 2.969207
 29.749940 2.796687 0.003610 0.003021 0.003610 2.796690 0.003021 0.003021 0.003021 2.960899
 29.868550 2.690352 0.003527 0.002992 0.003527 2.690368 0.002992 0.002992 0.002992 2.869147
 29.987430 2.629475 0.003514 0.002998 0.003514 2.629478 0.002998 0.002998 0.002998 2.821750
 30.106580 2.677597 0.003540 0.003008 0.003540 2.677604 0.003008 0.003008 0.003008 2.888379
 30.226010 2.789047 0.003536 0.003069 0.003536 2.789041 0.003069 0.003069 0.003069 3.009435
 30.345710 2.824058 0.003498 0.003183 0.003498 2.824048 0.003183 0.003183 0.003183 3.021015
 30.465690 2.792870 0.003479 0.003269 0.003479 2.792870 0.003269 0.003269 0.003269 2.971900
 30.585950 2.813945 0.003473 0.003320 0.003473 2.813958 0.003320 0.003320 0.003320 3.001045
 30.706480 2.838665 0.003479 0.003301 0.003479 2.838675 0.003301 0.003301 0.003301 3.028432
 30.827290 2.915512 0.003355 0.003240 0.003355 2.915499 0.003240 0.003240 0.003240 3.111568
 30.948380 2.995567 0.003291 0.003170 0.003291 2.995579 0.003170 0.003170 0.003170 3.211266
 31.069750 2.943622 0.003240 0.003116 0.003240 2.943615 0.003116 0.003116 0.003116 3.165098
 31.191400 2.888497 0.003231 0.003139 0.003231 2.888509 0.003139 0.003139 0.003139 3.089780
 31.313330 2.911864 0.003272 0.003183 0.003272 2.911873 0.003183 0.003183 0.003183 3.122123
 31.435540 2.930927 0.003352 0.003247 0.003352 2.930905 0.003247 0.003247 0.003247 3.143231
 31.558030 2.838121 0.003428 0.003282 0.003428 2.838096 0.003282 0.003282 0.003282 3.042339
 31.680800 2.720206 0.003476 0.003221 0.003476 2.720197 0.003221 0.003221 0.003221 2.903314
 31.803860 2.646457 0.003543 0.003196 0.003543 2.646447 0.003196 0.003196 0.003196 2.822244
 31.927200 2.579682 0.003619 0.003256 0.003619 2.579685 0.003256 0.003256 0.003256 2.760281
 32.050830 2.617055 0.003635 0.003298 0.003635 2.617064 0.003298 0.003298 0.003298 2.811157
 32.174740 2.622523 0.003556 0.003339 0.003556 2.622546 0.003339 0.003339 0.003339 2.844974
 32.298940 2.611784 0.003527 0.003282 0.003527 2.611819 0.003282 0.003282 0.003282 2.855061
 32.423420 2.606554 0.003549 0.003282 0.003549 2.606586 0.003282 0.003282 0.003282 2.846808
 32.548190 2.580481 0.003597 0.003330 0.003597 2.580491 0.003330 0.003330 0.003330 2.818484
 32.673250 2.531974 0.003597 0.003323 0.003597 2.531955 0.003323 0.003323 0.003323 2.780026
 32.798590 2.639843 0.003661 0.003368 0.003661 2.639820 0.003368 0.003368 0.003368 2.885374
 32.924230 2.785934 0.003794 0.003384 0.003794 2.785925 0.003384 0.003384 0.003384 3.053181
 33.050160 2.888293 0.003785 0.003441 0.003785 2.888296 0.003441 0.003441 0.003441 3.183484
 33.176370 3.011116 0.003584 0.003457 0.003584 3.011145 0.003457 0.003457 0.003457 3.310611
 33.302880 3.159544 0.003447 0.003505 0.003447 3.159512 0.003505 0.003505 0.003505 3.468381
 33.429680 3.248028 0.003295 0.003492 0.003295 3.247993 0.003492 0.003492 0.003492 3.557492
 33.556770 3.124517 0.003256 0.003454 0.003256 3.124527 0.003454 0.003454 0.003454 3.425380
 33.684150 2.937847 0.003377 0.003415 0.003377 2.937876 0.003415 0.003415 0.003415 3.244195
 33.811830 2.794245 0.003358 0.003317 0.003358 2.794255 0.003317 0.003317 0.003317 3.117381
 33.939800 2.789942 0.003349 0.003317 0.003349 2.789989 0.003320 0.003317 0.003320 3.144246
 34.068070 2.837303 0.003428 0.003374 0.003428 2.837316 0.003374 0.003374 0.003374 3.201344
 34.196630 2.811377 0.003425 0.003358 0.003425 2.811408 0.003358 0.003358 0.003358 3.174320
 34.325490 2.773962 0.003731 0.003406 0.003731 2.773978 0.003406 0.003406 0.003406 3.134057
 34.454650 2.722355 0.003925 0.003454 0.003925 2.722364 0.003454 0.003454 0.003454 3.071499
 34.584100 2.583419 0.003756 0.003524 0.003756 2.583387 0.003524 0.003524 0.003524 2.923294
 34.713850 2.593309 0.003902 0.003597 0.003902 2.593261 0.003597 0.003597 0.003597 2.930055
 34.843910 2.662341 0.003651 0.003591 0.003651 2.662287 0.003591 0.003591 0.003591 2.987138
 34.974260 2.721152 0.003737 0.003606 0.003737 2.721136 0.003606 0.003606 0.003606 3.043218
 35.104910 2.709492 0.003988 0.003581 0.003988 2.709508 0.003581 0.003581 0.003581 3.025421
 35.235870 2.546199 0.003839 0.003524 0.003839 2.546193 0.003524 0.003524 0.003524 2.842880
 35.367120 2.440772 0.003702 0.003463 0.003702 2.440762 0.003463 0.003463 0.003463 2.721324
 35.498680 2.406120 0.003635 0.003489 0.003635 2.406130 0.003489 0.003489 0.003489 2.684918
 35.630540 2.422179 0.003530 0.003482 0.003530 2.422176 0.003482 0.003482 0.003482 2.698730
 35.762710 2.506595 0.003422 0.003412 0.003422 2.506624 0.003412 0.003412 0.003412 2.785775
 35.895180 2.493500 0.003409 0.003349 0.003409 2.493519 0.003349 0.003349 0.003349 2.768924
 36.027960 2.354395 0.003415 0.003307 0.003415 2.354424 0.003307 0.003307 0.003307 2.616924
 36.161040 2.345193 0.003552 0.003275 0.003552 2.345202 0.003275 0.003275 0.003275 2.588703
 36.294430 2.404790 0.003514 0.003253 0.003514 2.404777 0.003253 0.003253 0.003253 2.637038
 36.428130 2.385535 0.003540 0.003231 0.003540 2.385491 0.003231 0.003231 0.003231 2.618051
 36.562130 2.330153 0.003521 0.003244 0.003521 2.330127 0.003244 0.003244 0.003244 2.554208
 36.696450 2.291468 0.003419 0.003279 0.003419 2.291452 0.003279 0.003279 0.003279 2.510628
 36.831070 2.295721 0.003431 0.003342 0.003431 2.295705 0.003342 0.003342 0.003342 2.531127
 36.966000 2.306684 0.003419 0.003295 0.003419 2.306696 0.003295 0.003295 0.003295 2.560749
 37.101250 2.226514 0.003435 0.003253 0.003435 2.226539 0.003253 0.003253 0.003253 2.492268
 37.236810 2.144406 0.003393 0.003256 0.003393 2.144409 0.003256 0.003256 0.003256 2.397427
 37.372680 2.169336 0.003336 0.003285 0.003336 2.169346 0.003285 0.003285 0.003285 2.421816
 37.508860 2.247542 0.003295 0.003320 0.003295 2.247561 0.003320 0.003320 0.003320 2.522918
 37.645360 2.236315 0.003183 0.003390 0.003183 2.236321 0.003390 0.003390 0.003390 2.540428
 37.782170 2.174458 0.003151 0.003470 0.003151 2.174470 0.003470 0.003470 0.003470 2.485287
 37.919300 2.196704 0.003193 0.003489 0.003193 2.196707 0.003489 0.003489 0.003489 2.513149
 38.056740 2.148760 0.003224 0.003466 0.003224 2.148773 0.003466 0.003466 0.003466 2.466134
 38.194510 2.075349 0.003180 0.003428 0.003180 2.075365 0.003428 0.003428 0.003428 2.383489
 38.332580 2.011671 0.003193 0.003412 0.003193 2.011677 0.003412 0.003412 0.003412 2.311662
 38.470980 1.977379 0.003253 0.003415 0.003253 1.977386 0.003415 0.003415 0.003415 2.273038
 38.609700 1.968298 0.003317 0.003403 0.003317 1.968298 0.003403 0.003403 0.003403 2.259042
 38.748730 1.985849 0.003317 0.003435 0.003317 1.985843 0.003435 0.003435 0.003435 2.274566
 38.888090 1.962957 0.003307 0.003447 0.003307 1.962953 0.003447 0.003447 0.003447 2.249079
 39.027770 1.950425 0.003333 0.003492 0.003333 1.950390 0.003492 0.003492 0.003492 2.239530
 39.167770 1.844443 0.003454 0.003460 0.003454 1.844415 0.003460 0.003460 0.003460 2.129655
 39.308090 1.796812 0.003689 0.003463 0.003689 1.796777 0.003463 0.003463 0.003463 2.078325
 39.448740 1.824476 0.003836 0.003514 0.003836 1.824495 0.003514 0.003514 0.003514 2.107778
 39.589710 1.841082 0.003832 0.003562 0.003832 1.841101 0.003562 0.003562 0.003562 2.124629
 39.731010 1.834878 0.003788 0.003543 0.003788 1.834862 0.003543 0.003543 0.003543 2.125864
 39.872630 1.832380 0.003759 0.003476 0.003759 1.832376 0.003479 0.003476 0.003479 2.133322
 40.014580 1.809764 0.003782 0.003533 0.003782 1.809770 0.003533 0.003533 0.003533 2.110235
 40.156850 1.805521 0.003858 0.003667 0.003858 1.805511 0.003667 0.003667 0.003667 2.089224
 40.299460 1.782949 0.003909 0.003705 0.003909 1.782971 0.003705 0.003705 0.003705 2.047882
 40.442390 1.753143 0.003995 0.003718 0.003995 1.753152 0.003718 0.003718 0.003718 2.017865
 40.585650 1.823047 0.003922 0.003724 0.003922 1.823053 0.003724 0.003724 0.003724 2.086155
 40.729250 1.863558 0.003985 0.003721 0.003985 1.863555 0.003721 0.003721 0.003721 2.126730
 40.873170 1.820854 0.003998 0.003743 0.003998 1.820850 0.003740 0.003743 0.003740 2.078525
 41.017430 1.883701 0.003988 0.003785 0.003988 1.883691 0.003785 0.003785 0.003785 2.138976
 41.162010 1.943295 0.003969 0.003778 0.003969 1.943295 0.003778 0.003778 0.003778 2.190997
 41.306940 1.952424 0.003963 0.003801 0.003963 1.952452 0.003801 0.003801 0.003801 2.191328
 41.452190 1.958309 0.004065 0.003842 0.004065 1.958306 0.003842 0.003842 0.003842 2.201317
 41.597780 1.996370 0.004205 0.003922 0.004205 1.996354 0.003922 0.003922 0.003922 2.244139
 41.743710 1.977023 0.004234 0.003947 0.004234 1.977013 0.003947 0.003947 0.003947 2.219444
 41.889980 1.983873 0.004224 0.004052 0.004224 1.983892 0.004052 0.004052 0.004052 2.214300
 42.036580 1.972640 0.004234 0.004116 0.004234 1.972646 0.004116 0.004116 0.004116 2.190889
 42.183510 1.934461 0.004405 0.004116 0.004405 1.934490 0.004116 0.004116 0.004116 2.145587
 42.330790 1.867954 0.004539 0.004081 0.004539 1.867944 0.004081 0.004081 0.004081 2.083911
 42.478410 1.798228 0.004568 0.004027 0.004568 1.798209 0.004027 0.004027 0.004027 2.018416
 42.626370 1.805501 0.004644 0.004052 0.004644 1.805501 0.004052 0.004052 0.004052 2.040914
 42.774670 1.830651 0.004708 0.004189 0.004708 1.830638 0.004192 0.004189 0.004192 2.068642
 42.923310 1.812329 0.004851 0.004316 0.004851 1.812323 0.004316 0.004316 0.004316 2.036219
 43.072290 1.834366 0.005039 0.004364 0.005039 1.834382 0.004364 0.004364 0.004364 2.054337
 43.221620 1.871372 0.005134 0.004348 0.005134 1.871398 0.004348 0.004348 0.004348 2.082985
 43.371290 1.893960 0.005134 0.004364 0.005134 1.893963 0.004364 0.004364 0.004364 2.090217
 43.521310 1.858672 0.005045 0.004603 0.005045 1.858675 0.004603 0.004603 0.004603 2.042948
 43.671670 1.775533 0.004892 0.004663 0.004892 1.775548 0.004663 0.004663 0.004663 1.953070
 43.822380 1.712635 0.004848 0.004689 0.004848 1.712641 0.004689 0.004689 0.004689 1.900071
 43.973440 1.684817 0.004861 0.004666 0.004861 1.684821 0.004666 0.004666 0.004666 1.877264
 44.124840 1.621907 0.004813 0.004625 0.004813 1.621891 0.004625 0.004625 0.004625 1.809569
 44.276600 1.554377 0.004838 0.004673 0.004838 1.554358 0.004673 0.004673 0.004673 1.743450
 44.428700 1.558162 0.004816 0.004829 0.004816 1.558156 0.004829 0.004829 0.004829 1.752592
 44.581160 1.510619 0.004657 0.004819 0.004657 1.510603 0.004819 0.004819 0.004819 1.712644
 44.733960 1.450242 0.004485 0.004724 0.004485 1.450239 0.004724 0.004724 0.004724 1.656672
 44.887120 1.347056 0.004479 0.004631 0.004479 1.347072 0.004631 0.004631 0.004631 1.559527
 45.040630 1.331484 0.004657 0.004565 0.004657 1.331497 0.004565 0.004565 0.004565 1.539687
 45.194500 1.476051 0.004873 0.004504 0.004873 1.476044 0.004504 0.004504 0.004504 1.717164
 45.348720 1.444045 0.004743 0.004389 0.004743 1.444016 0.004389 0.004389 0.004389 1.685285
 45.503300 1.332429 0.004600 0.004358 0.004600 1.332417 0.004358 0.004358 0.004358 1.557306
 45.658230 1.311984 0.004530 0.004326 0.004530 1.312000 0.004326 0.004326 0.004326 1.530797
 45.813520 1.302820 0.004507 0.004326 0.004507 1.302817 0.004326 0.004326 0.004326 1.506943
 45.969170 1.304431 0.004555 0.004402 0.004555 1.304412 0.004402 0.004402 0.004402 1.504867
 46.125180 1.276034 0.004434 0.004463 0.004434 1.276012 0.004463 0.004463 0.004463 1.473727
 46.281550 1.227330 0.004310 0.004510 0.004310 1.227317 0.004510 0.004510 0.004510 1.424911
 46.438270 1.223469 0.004214 0.004495 0.004214 1.223465 0.004495 0.004495 0.004495 1.423877
 46.595360 1.187796 0.004275 0.004498 0.004275 1.187837 0.004498 0.004498 0.004498 1.383613
 46.752820 1.125919 0.004326 0.004504 0.004326 1.125932 0.004504 0.004504 0.004504 1.308585
 46.910630 1.100712 0.004167 0.004444 0.004167 1.100719 0.004447 0.004444 0.004447 1.277766
 47.068810 1.052189 0.004119 0.004342 0.004119 1.052183 0.004342 0.004342 0.004342 1.226324
 47.227350 1.028816 0.004482 0.004351 0.004482 1.028809 0.004348 0.004351 0.004348 1.201957
 47.386260 1.069836 0.004896 0.004405 0.004896 1.069843 0.004405 0.004405 0.004405 1.244012
 47.545540 1.039696 0.004918 0.004421 0.004918 1.039696 0.004418 0.004421 0.004418 1.202263
 47.705180 1.019063 0.004638 0.004475 0.004638 1.019072 0.004472 0.004475 0.004472 1.170228
 47.865190 1.013158 0.004456 0.004536 0.004456 1.013152 0.004536 0.004536 0.004536 1.151550
 48.025570 0.990997 0.004393 0.004590 0.004393 0.991001 0.004590 0.004590 0.004590 1.120339
 48.186320 0.997332 0.004475 0.004778 0.004475 0.997335 0.004778 0.004778 0.004778 1.129949
 48.347440 0.990144 0.004501 0.004950 0.004501 0.990157 0.004950 0.004950 0.004950 1.126480
 48.508930 0.993060 0.004663 0.004994 0.004663 0.993066 0.004994 0.004994 0.004994 1.143048
 48.670800 1.020492 0.004810 0.005141 0.004810 1.020492 0.005141 0.005141 0.005141 1.177845
 48.833040 1.012410 0.004829 0.005414 0.004829 1.012391 0.005414 0.005414 0.005414 1.163782
 48.995650 0.968362 0.004912 0.005672 0.004912 0.968343 0.005672 0.005672 0.005672 1.112251
 49.158640 0.980264 0.004905 0.005720 0.004905 0.980267 0.005720 0.005720 0.005720 1.131448
 49.322000 0.978481 0.004918 0.005650 0.004918 0.978478 0.005650 0.005650 0.005650 1.107340
 49.485740 0.997033 0.005195 0.005730 0.005195 0.997036 0.005730 0.005730 0.005730 1.116762
 49.649850 0.993111 0.005376 0.005650 0.005376 0.993117 0.005650 0.005650 0.005650 1.107375
 49.814350 0.967398 0.005504 0.005612 0.005504 0.967395 0.005612 0.005612 0.005612 1.079398
 49.979220 0.986535 0.005427 0.005570 0.005427 0.986538 0.005570 0.005570 0.005570 1.090733
 50.144480 1.028774 0.005379 0.005602 0.005379 1.028778 0.005602 0.005602 0.005602 1.132021
 50.310120 1.000219 0.005319 0.005621 0.005319 1.000203 0.005625 0.005621 0.005625 1.086739
 50.476130 0.988836 0.005341 0.005625 0.005341 0.988830 0.005625 0.005625 0.005625 1.082601
 50.642540 0.998385 0.005586 0.005720 0.005586 0.998401 0.005720 0.005720 0.005720 1.109962
 50.809320 1.017019 0.005714 0.005962 0.005714 1.017026 0.005962 0.005962 0.005962 1.138668
 50.976490 1.016023 0.005707 0.006255 0.005707 1.016026 0.006255 0.006255 0.006255 1.144130
 51.144040 0.997784 0.005453 0.006191 0.005453 0.997777 0.006191 0.006191 0.006191 1.117548
 51.311990 0.995928 0.005628 0.006140 0.005628 0.995934 0.006140 0.006140 0.006140 1.111952
 51.480310 0.998306 0.005469 0.005975 0.005469 0.998299 0.005975 0.005975 0.005975 1.111070
 51.649030 1.008243 0.005465 0.006016 0.005465 1.008256 0.006016 0.006016 0.006016 1.123242
 51.818140 0.994486 0.005672 0.006153 0.005672 0.994502 0.006153 0.006153 0.006153 1.108380
 51.987630 0.999172 0.005959 0.006258 0.005959 0.999181 0.006258 0.006258 0.006258 1.113149
 52.157520 0.971453 0.005860 0.006252 0.005860 0.971450 0.006255 0.006252 0.006255 1.089664
 52.327800 0.957874 0.005752 0.006373 0.005752 0.957877 0.006373 0.006373 0.006373 1.079226
 52.498470 0.943388 0.005717 0.006096 0.005717 0.943388 0.006096 0.006096 0.006096 1.063040
 52.669530 0.944164 0.005838 0.005968 0.005838 0.944161 0.005968 0.005968 0.005968 1.068363
 52.840990 0.949321 0.005978 0.005921 0.005978 0.949308 0.005921 0.005921 0.005921 1.070476
 53.012850 0.920985 0.006029 0.005876 0.006029 0.920979 0.005876 0.005876 0.005876 1.035930
 53.185100 0.893165 0.005984 0.005828 0.005984 0.893155 0.005828 0.005828 0.005828 1.000225
 53.357750 0.883959 0.005997 0.005621 0.005997 0.883947 0.005621 0.005621 0.005621 0.992299
 53.530790 0.893821 0.006115 0.005481 0.006115 0.893821 0.005481 0.005481 0.005481 1.009580
 53.704240 0.886264 0.005943 0.005411 0.005943 0.886267 0.005411 0.005411 0.005411 0.999378
 53.878080 0.882228 0.005914 0.005539 0.005914 0.882215 0.005539 0.005539 0.005539 0.992719
 54.052330 0.846322 0.006099 0.005555 0.006099 0.846316 0.005555 0.005555 0.005555 0.956403
 54.226980 0.821240 0.006239 0.005650 0.006239 0.821255 0.005650 0.005650 0.005650 0.935580
 54.402030 0.790564 0.005943 0.006026 0.005943 0.790577 0.006026 0.006026 0.006026 0.910726
 54.577480 0.772248 0.006007 0.006420 0.006007 0.772261 0.006420 0.006420 0.006420 0.888642
 54.753340 0.770364 0.005844 0.006175 0.005844 0.770361 0.006175 0.006175 0.006175 0.877405
 54.929600 0.757587 0.005707 0.006115 0.005707 0.757587 0.006115 0.006115 0.006115 0.859927
 55.106280 0.754353 0.005669 0.005997 0.005669 0.754356 0.005997 0.005997 0.005997 0.858867
 55.283350 0.735439 0.006000 0.005828 0.006000 0.735423 0.005828 0.005828 0.005828 0.826186
 55.460840 0.716713 0.006105 0.005723 0.006105 0.716729 0.005726 0.005723 0.005726 0.799534
 55.638740 0.688803 0.006089 0.006143 0.006089 0.688803 0.006143 0.006143 0.006143 0.773506
 55.817040 0.732285 0.005968 0.006172 0.005968 0.732275 0.006172 0.006172 0.006172 0.829687
 55.995760 0.738164 0.005949 0.005781 0.005949 0.738170 0.005781 0.005781 0.005781 0.828882
 56.174890 0.736330 0.005784 0.005548 0.005784 0.736337 0.005548 0.005548 0.005548 0.822659
 56.354430 0.704283 0.005596 0.005561 0.005596 0.704277 0.005561 0.005561 0.005561 0.781148
 56.534390 0.655480 0.005491 0.005440 0.005491 0.655470 0.005440 0.005440 0.005440 0.729773
 56.714760 0.633418 0.005443 0.005475 0.005443 0.633402 0.005475 0.005475 0.005475 0.701822
 56.895550 0.619800 0.005532 0.005548 0.005532 0.619803 0.005548 0.005548 0.005548 0.683596
 57.076750 0.631807 0.005765 0.005529 0.005765 0.631804 0.005529 0.005529 0.005529 0.707733
 57.258380 0.666875 0.005768 0.005306 0.005768 0.666885 0.005306 0.005306 0.005306 0.753070
 57.440420 0.653242 0.006038 0.005851 0.006038 0.653255 0.005851 0.005851 0.005851 0.735401
 57.622880 0.679630 0.005469 0.005660 0.005469 0.679627 0.005660 0.005660 0.005660 0.736563
 57.805760 0.749165 0.006013 0.006290 0.006013 0.749161 0.006287 0.006290 0.006287 0.821749
 57.989060 0.702029 0.005882 0.006646 0.005882 0.702026 0.006646 0.006646 0.006646 0.779067
 58.172790 0.733943 0.006459 0.007292 0.006459 0.733946 0.007292 0.007292 0.007292 0.811786
 58.356940 0.741181 0.006891 0.007254 0.006891 0.741181 0.007254 0.007254 0.007254 0.809761
 58.541510 0.799805 0.006872 0.007410 0.006872 0.799811 0.007410 0.007410 0.007410 0.871482
 58.726510 0.803080 0.006993 0.007859 0.006993 0.803083 0.007859 0.007859 0.007859 0.883444
 58.911940 0.763253 0.008095 0.007487 0.008095 0.763231 0.007487 0.007487 0.007487 0.841290
 59.097800 0.888638 0.007881 0.007277 0.007881 0.888689 0.007273 0.007277 0.007273 0.994298
 59.284080 0.855502 0.007251 0.006891 0.007251 0.855506 0.006891 0.006891 0.006891 0.958135
 59.470790 0.875655 0.007366 0.006926 0.007366 0.875658 0.006926 0.006926 0.006926 0.995985
 59.657930 0.875842 0.006939 0.006926 0.006939 0.875855 0.006926 0.006926 0.006926 0.992535
 59.845510 0.845940 0.007051 0.006971 0.007051 0.845934 0.006971 0.006971 0.006971 0.961382
 60.033520 0.842932 0.007175 0.007146 0.007175 0.842955 0.007149 0.007146 0.007149 0.966093
 60.221960 0.780636 0.006872 0.007127 0.006872 0.780661 0.007130 0.007127 0.007130 0.895247
 60.410830 0.793725 0.007098 0.007394 0.007098 0.793718 0.007394 0.007394 0.007394 0.925451
 60.600140 0.783679 0.006621 0.007012 0.006621 0.783666 0.007012 0.007012 0.007012 0.925091
 60.789890 0.795950 0.006977 0.007226 0.006977 0.795950 0.007226 0.007226 0.007226 0.946354
 60.980080 0.785404 0.006554 0.007012 0.006554 0.785411 0.007012 0.007012 0.007012 0.939940
 61.170700 0.814103 0.006509 0.006554 0.006509 0.814116 0.006554 0.006554 0.006554 0.988550
 61.361760 0.870141 0.006535 0.006430 0.006535 0.870145 0.006430 0.006430 0.006430 1.061115
 61.553270 0.763428 0.006576 0.006379 0.006576 0.763434 0.006379 0.006379 0.006379 0.909450
 61.745210 0.718575 0.006751 0.006595 0.006751 0.718578 0.006595 0.006595 0.006595 0.848465
 61.937600 0.690185 0.007025 0.007086 0.007025 0.690159 0.007086 0.007086 0.007086 0.802892
 62.130430 0.674495 0.007280 0.007168 0.007280 0.674476 0.007165 0.007168 0.007165 0.784841
 62.323710 0.706533 0.007063 0.007197 0.007063 0.706527 0.007194 0.007197 0.007194 0.822783
 62.517430 0.705254 0.007117 0.007846 0.007117 0.705270 0.007843 0.007846 0.007843 0.811849
 62.711600 0.735748 0.007436 0.008076 0.007436 0.735748 0.008079 0.008076 0.008079 0.841659
 62.906220 0.712670 0.007983 0.008925 0.007983 0.712674 0.008925 0.008925 0.008925 0.816465
 63.101280 0.710703 0.008486 0.008620 0.008486 0.710703 0.008620 0.008620 0.008620 0.815430
 63.296800 0.625415 0.007487 0.008617 0.007487 0.625425 0.008617 0.008617 0.008617 0.714838
 63.492760 0.586661 0.006974 0.010059 0.006974 0.586658 0.010062 0.010059 0.010062 0.675559
 63.689180 0.622127 0.007254 0.008989 0.007254 0.622124 0.008989 0.008989 0.008989 0.732619
 63.886050 0.619065 0.007830 0.008728 0.007830 0.619065 0.008728 0.008728 0.008728 0.741420
 64.083380 0.614905 0.007970 0.008859 0.007970 0.614898 0.008859 0.008859 0.008859 0.722920
 64.281160 0.582157 0.007999 0.008410 0.007999 0.582144 0.008410 0.008410 0.008410 0.681234
 64.479400 0.573983 0.007824 0.008690 0.007824 0.573973 0.008690 0.008690 0.008690 0.675851
 64.678090 0.667123 0.008563 0.008489 0.008563 0.667111 0.008489 0.008489 0.008489 0.769355
 64.877240 0.690946 0.008337 0.008648 0.008337 0.690958 0.008648 0.008648 0.008648 0.799493
 65.076850 0.650692 0.009492 0.009043 0.009492 0.650695 0.009043 0.009043 0.009043 0.723853
 65.276920 0.685028 0.009572 0.009107 0.009572 0.685032 0.009107 0.009107 0.009107 0.772092
 65.477450 0.585095 0.008801 0.009419 0.008801 0.585101 0.009416 0.009419 0.009416 0.646564
 65.678450 0.573190 0.009295 0.009470 0.009295 0.573190 0.009470 0.009470 0.009470 0.642426
 65.879910 0.584621 0.008372 0.008505 0.008372 0.584621 0.008508 0.008505 0.008508 0.664510
 66.081830 0.642502 0.009667 0.009393 0.009667 0.642493 0.009393 0.009393 0.009393 0.727800
 66.284220 0.673728 0.009587 0.008578 0.009587 0.673681 0.008578 0.008578 0.008578 0.768804
 66.487080 0.631622 0.010055 0.009880 0.010055 0.631594 0.009884 0.009880 0.009884 0.711333
 66.690400 0.558733 0.009740 0.010100 0.009740 0.558720 0.010097 0.010100 0.010097 0.632670
 66.894190 0.618616 0.009912 0.010463 0.009912 0.618648 0.010456 0.010463 0.010456 0.714354
 67.098450 0.668145 0.009673 0.010288 0.009673 0.668202 0.010288 0.010288 0.010288 0.756724
 67.303190 0.654442 0.009941 0.010717 0.009941 0.654477 0.010717 0.010717 0.010717 0.756174
 67.508390 0.572385 0.009852 0.011010 0.009852 0.572363 0.011017 0.011010 0.011017 0.652714
 67.714070 0.622843 0.011520 0.011879 0.011520 0.622843 0.011876 0.011879 0.011876 0.722541
 67.920220 0.604805 0.010794 0.011481 0.010794 0.604811 0.011478 0.011481 0.011478 0.699425
 68.126850 0.623104 0.009915 0.011749 0.009915 0.623114 0.011749 0.011749 0.011749 0.723222
 68.333950 0.613415 0.010148 0.011847 0.010148 0.613409 0.011847 0.011847 0.011847 0.710789
 68.541540 0.603159 0.010597 0.010714 0.010597 0.603153 0.010714 0.010714 0.010714 0.693928
 68.749600 0.589096 0.010103 0.011851 0.010103 0.589093 0.011851 0.011851 0.011851 0.668651
 68.958140 0.545309 0.009906 0.011634 0.009906 0.545306 0.011634 0.011634 0.011634 0.622331
 69.167160 0.578379 0.010581 0.012207 0.010581 0.578382 0.012210 0.012207 0.012210 0.654919
 69.376660 0.615366 0.010351 0.011857 0.010351 0.615363 0.011860 0.011857 0.011860 0.711684
 69.586650 0.579499 0.009747 0.012643 0.009747 0.579496 0.012646 0.012643 0.012646 0.665898
 69.797120 0.621516 0.009199 0.012567 0.009199 0.621513 0.012567 0.012567 0.012567 0.716751
 70.008080 0.567677 0.008900 0.011418 0.008900 0.567661 0.011418 0.011418 0.011418 0.657199
 70.219520 0.571077 0.009244 0.011758 0.009244 0.571080 0.011758 0.011758 0.011758 0.648372
 70.431450 0.578334 0.008356 0.010351 0.008356 0.578340 0.010351 0.010351 0.010351 0.640516
 70.643870 0.612301 0.009221 0.010399 0.009221 0.612304 0.010399 0.010399 0.010399 0.697427
 70.856780 0.595052 0.009957 0.010702 0.009957 0.595052 0.010702 0.010702 0.010702 0.699817
 71.070180 0.629423 0.009899 0.011644 0.009899 0.629432 0.011644 0.011644 0.011644 0.751635
 71.284070 0.662046 0.009540 0.011838 0.009540 0.662056 0.011838 0.011838 0.011838 0.802462
 71.498460 0.579073 0.009454 0.011434 0.009454 0.579069 0.011434 0.011434 0.011434 0.682090
 71.713340 0.598528 0.008957 0.010950 0.008957 0.598528 0.010950 0.010950 0.010950 0.716512
 71.928710 0.558898 0.008766 0.010657 0.008766 0.558895 0.010657 0.010657 0.010657 0.667665
 72.144580 0.544469 0.008941 0.010651 0.008941 0.544466 0.010651 0.010651 0.010651 0.646965
 72.360950 0.561737 0.009559 0.010316 0.009559 0.561731 0.010316 0.010316 0.010316 0.695714
 72.577820 0.561158 0.010259 0.010103 0.010259 0.561161 0.010103 0.010103 0.010103 0.685394
 72.795190 0.563001 0.009645 0.011208 0.009645 0.562998 0.011208 0.011208 0.011208 0.690471
 73.013060 0.571417 0.008547 0.010253 0.008547 0.571420 0.010253 0.010253 0.010253 0.706403
 73.231430 0.560722 0.008451 0.009906 0.008451 0.560735 0.009906 0.009906 0.009906 0.691391
 73.450310 0.488749 0.007197 0.008894 0.007197 0.488746 0.008894 0.008894 0.008894 0.578296
 73.669690 0.504712 0.006331 0.007620 0.006331 0.504719 0.007620 0.007620 0.007620 0.583768
 73.889580 0.527280 0.005647 0.006793 0.005647 0.527284 0.006793 0.006793 0.006793 0.610891
 74.109970 0.558997 0.004740 0.005886 0.004740 0.559000 0.005886 0.005886 0.005886 0.648655
 74.330870 0.658593 0.018510 0.013500 0.018510 0.658580 0.013500 0.013500 0.013500 0.798146
 74.552280 0.564870 0.026665 0.020607 0.026665 0.564860 0.020611 0.020607 0.020611 0.660983
 74.774210 0.712597 0.022921 0.161179 0.022921 0.712715 0.161208 0.161179 0.161208 0.797751
 74.996640 0.722885 0.178715 0.067135 0.178715 0.722834 0.067132 0.067135 0.067132 0.805725
 75.219590 0.646567 0.063668 0.034562 0.063668 0.646567 0.034556 0.034562 0.034556 0.735372
 75.443050 0.610884 0.031169 0.023358 0.031169 0.610891 0.023377 0.023358 0.023377 0.697923
 75.667020 0.687285 0.028056 0.024946 0.028056 0.687307 0.024943 0.024946 0.024943 0.763304
 75.891520 0.723140 0.026483 0.021489 0.026483 0.723041 0.021483 0.021489 0.021483 0.767487
 76.116530 0.722191 0.027922 0.022832 0.027922 0.722226 0.022832 0.022832 0.022832 0.791844
 76.342060 0.736607 0.027028 0.026595 0.027028 0.736633 0.026598 0.026595 0.026598 0.774913
 76.568110 0.684038 0.023701 0.023151 0.023701 0.684070 0.023147 0.023151 0.023147 0.705890
 76.794680 0.699301 0.025917 0.021944 0.025917 0.699123 0.021941 0.021944 0.021941 0.715920
 77.021770 0.668852 0.024051 0.021951 0.024051 0.668880 0.021951 0.021951 0.021951 0.705216
 77.249390 0.634487 0.018370 0.026458 0.018370 0.634519 0.026458 0.026458 0.026458 0.665032
 77.477530 0.684837 0.020213 0.025535 0.020213 0.684847 0.025535 0.025535 0.025535 0.699594
 77.706200 0.593002 0.016282 0.018462 0.016282 0.592992 0.018462 0.018462 0.018462 0.770507
 77.935390 0.572079 0.017555 0.017326 0.017555 0.572073 0.017329 0.017326 0.017329 0.740755
 78.165120 0.522439 0.019156 0.018414 0.019156 0.522436 0.018414 0.018414 0.018414 0.635655
 78.395370 0.551822 0.018742 0.019363 0.018742 0.551803 0.019363 0.019363 0.019363 0.898570
 78.626150 0.523906 0.017160 0.020668 0.017160 0.523919 0.020665 0.020668 0.020665 0.894760
 78.857470 0.580807 0.023816 0.022645 0.023816 0.580817 0.022654 0.022645 0.022654 1.251098
 79.089320 0.588160 0.027060 0.030169 0.027060 0.588167 0.030173 0.030169 0.030173 1.105382
 79.321700 0.692786 0.021613 0.026388 0.021613 0.692770 0.026385 0.026388 0.026385 1.431010
 79.554630 0.563138 0.018949 0.022874 0.018949 0.563144 0.022874 0.022874 0.022874 0.914001
 79.788080 0.608634 0.020550 0.021989 0.020550 0.608631 0.021989 0.021989 0.021989 1.040479
 80.022080 0.554095 0.025856 0.022116 0.025856 0.554174 0.022116 0.022116 0.022116 0.837893
 80.256610 0.504725 0.021795 0.022333 0.021795 0.504830 0.022336 0.022333 0.022336 0.747805
 80.491690 0.564099 0.022533 0.025910 0.022533 0.563603 0.025901 0.025910 0.025901 0.791630
 80.727310 0.526736 0.022520 0.024901 0.022520 0.527045 0.024908 0.024901 0.024908 0.695711
 80.963470 0.477369 0.018863 0.019595 0.018863 0.477341 0.019595 0.019595 0.019595 0.517515
 81.200180 0.552465 0.029721 0.021295 0.029721 0.552497 0.021295 0.021295 0.021295 0.556164
 81.437430 0.510668 0.026630 0.021734 0.026630 0.510696 0.021734 0.021734 0.021734 0.495987
 81.675230 0.629235 0.027327 0.023571 0.027327 0.629251 0.023571 0.023571 0.023571 0.526507
 81.913580 0.496131 0.024774 0.021575 0.024774 0.496172 0.021572 0.021575 0.021572 0.392132
 82.152480 0.388042 0.023806 0.023281 0.023806 0.388001 0.023281 0.023281 0.023281 0.322461
 82.391920 0.331800 0.020066 0.021686 0.020066 0.331673 0.021690 0.021686 0.021690 0.333073
 82.631930 0.408481 0.026814 0.017730 0.026814 0.408563 0.017730 0.017730 0.017730 0.325020
 82.872480 0.315445 0.017736 0.020139 0.017736 0.315684 0.020139 0.020139 0.020139 0.281045
 83.113590 0.330075 0.017450 0.021184 0.017450 0.330100 0.021184 0.021184 0.021184 0.274924
 83.355250 0.239869 0.014598 0.015218 0.014598 0.239882 0.015218 0.015218 0.015218 0.223947
 83.597480 0.253238 0.017599 0.016011 0.017599 0.253279 0.016011 0.016011 0.016011 0.249711
 83.840260 0.250952 0.015887 0.016851 0.015887 0.251000 0.016851 0.016851 0.016851 0.237634
 84.083600 0.228766 0.015024 0.017800 0.015024 0.228356 0.017800 0.017800 0.017800 0.237084
 84.327500 0.213608 0.016705 0.019990 0.016705 0.213694 0.019990 0.019990 0.019990 0.222922
 84.571960 0.188414 0.017077 0.018115 0.017077 0.188446 0.018115 0.018115 0.018115 0.205380
 84.816990 0.187147 0.019242 0.015021 0.019242 0.186966 0.015031 0.015021 0.015031 0.227238
 85.062580 0.164165 0.014989 0.017717 0.014989 0.164305 0.017733 0.017717 0.017733 0.214916
 85.308740 0.136864 0.012860 0.018885 0.012860 0.136956 0.018853 0.018885 0.018853 0.168542
 85.555470 0.160817 0.012930 0.017186 0.012930 0.160788 0.017186 0.017186 0.017186 0.209604
 85.802770 0.299921 0.013108 0.018401 0.013108 0.299912 0.018427 0.018401 0.018427 0.340770
 86.050630 0.412456 0.016807 0.014496 0.016807 0.412450 0.014493 0.014496 0.014493 0.473871
 86.299070 0.149284 0.011647 0.014292 0.011647 0.149408 0.014276 0.014292 0.014276 0.180848
 86.548080 0.119825 0.009950 0.012538 0.009950 0.119793 0.012535 0.012538 0.012535 0.148730
 86.797670 0.147069 0.012701 0.012799 0.012701 0.147053 0.012799 0.012799 0.012799 0.183948
 87.047830 0.220079 0.013270 0.011446 0.013270 0.220079 0.011443 0.011446 0.011443 0.249173
 87.298570 0.305339 0.011968 0.013958 0.011968 0.305342 0.013958 0.013958 0.013958 0.343915
 87.549880 0.274135 0.009798 0.013700 0.009798 0.274106 0.013700 0.013700 0.013700 0.331536
 87.801780 0.374024 0.010663 0.013929 0.010663 0.374059 0.013929 0.013929 0.013929 0.436517
 88.054250 0.364137 0.012229 0.013808 0.012229 0.364102 0.013808 0.013808 0.013808 0.429836
 88.307310 0.396850 0.012513 0.014146 0.012513 0.396875 0.014143 0.014146 0.014143 0.432952
 88.560950 0.552602 0.010215 0.014060 0.010215 0.552634 0.014060 0.014060 0.014060 0.563825
 88.815180 0.592289 0.010797 0.014123 0.010797 0.592298 0.014123 0.014123 0.014123 0.611521
 89.069990 0.674741 0.012360 0.014200 0.012360 0.674756 0.014206 0.014200 0.014206 0.674839
 89.325390 0.660620 0.014407 0.014537 0.014407 0.660684 0.014537 0.014537 0.014537 0.693664
 89.581380 0.638581 0.013274 0.014346 0.013274 0.638625 0.014346 0.014346 0.014346 0.599686
 89.837960 0.487078 0.013340 0.013274 0.013340 0.486756 0.013274 0.013274 0.013274 0.464755
 90.095140 0.384547 0.013789 0.014235 0.013789 0.384636 0.014235 0.014235 0.014235 0.387978
 90.352900 0.370420 0.013757 0.012965 0.013757 0.370449 0.012974 0.012965 0.012974 0.357096
 90.611260 0.317613 0.012608 0.013636 0.012608 0.317622 0.013640 0.013636 0.013640 0.323183
 90.870210 0.301201 0.012121 0.013048 0.012121 0.301204 0.013035 0.013048 0.013035 0.319564
 91.129770 0.273696 0.013219 0.014241 0.013219 0.273702 0.014251 0.014241 0.014251 0.281539
 91.389920 0.291884 0.015257 0.014824 0.015257 0.291887 0.014827 0.014824 0.014827 0.314115
 91.650670 0.280148 0.015928 0.014738 0.015928 0.280202 0.014738 0.014738 0.014738 0.340566
 91.912020 0.277996 0.016460 0.015190 0.016460 0.278034 0.015193 0.015190 0.015193 0.335317
 92.173970 0.386358 0.017380 0.014887 0.017380 0.386393 0.014878 0.014887 0.014878 0.467228
 92.436530 0.342154 0.020658 0.017864 0.020658 0.342100 0.017854 0.017864 0.017854 0.405170
 92.699700 0.373066 0.018166 0.017243 0.018166 0.372855 0.017227 0.017243 0.017227 0.429667
 92.963470 0.343526 0.019573 0.018239 0.019573 0.343393 0.018246 0.018239 0.018246 0.393176
 93.227850 0.291362 0.019624 0.017488 0.019624 0.291355 0.017494 0.017488 0.017494 0.298081
 93.492840 0.307491 0.021925 0.023752 0.021925 0.307790 0.023759 0.023752 0.023759 0.325204
 93.758440 0.422318 0.024271 0.022890 0.024271 0.422391 0.022909 0.022890 0.022909 0.438141
 94.024650 0.362679 0.021594 0.023109 0.021594 0.362663 0.023103 0.023109 0.023103 0.378063
 94.291480 0.272133 0.018290 0.020012 0.018290 0.272117 0.020015 0.020012 0.020015 0.320732
 94.558920 0.274943 0.017529 0.020620 0.017529 0.275118 0.020620 0.020620 0.020620 0.339404
 94.826980 0.218787 0.017752 0.019067 0.017752 0.218800 0.019070 0.019067 0.019070 0.267259
 95.095650 0.195496 0.016606 0.017813 0.016606 0.195468 0.017813 0.017813 0.017813 0.237376
 95.364950 0.180911 0.012360 0.018214 0.012360 0.180896 0.018214 0.018214 0.018214 0.221518
 95.634870 0.176261 0.013770 0.020560 0.013770 0.176261 0.020560 0.020560 0.020560 0.206554
 95.905410 0.158057 0.013824 0.020630 0.013824 0.158060 0.020630 0.020630 0.020630 0.184827
 96.176570 0.199096 0.015082 0.018105 0.015082 0.199096 0.018105 0.018105 0.018105 0.218434
 96.448360 0.203352 0.015537 0.015912 0.015537 0.203352 0.015912 0.015912 0.015912 0.222276
 96.720770 0.275959 0.019910 0.019796 0.019910 0.275949 0.019793 0.019796 0.019793 0.276054
 96.993820 0.322852 0.021804 0.017536 0.021804 0.322859 0.017526 0.017536 0.017526 0.338055
 97.267490 0.217909 0.016342 0.016498 0.016342 0.217902 0.016495 0.016498 0.016495 0.218313
 97.541800 0.229603 0.013484 0.016450 0.013484 0.229603 0.016466 0.016450 0.016466 0.224695
 97.816730 0.241814 0.014034 0.018866 0.014034 0.241817 0.018863 0.018866 0.018863 0.241378
 98.092310 0.212376 0.015537 0.022288 0.015537 0.212383 0.022272 0.022288 0.022272 0.220229
 98.368510 0.229142 0.018112 0.019213 0.018112 0.229142 0.019239 0.019213 0.019239 0.254848
 98.645360 0.211119 0.017622 0.021521 0.017622 0.211049 0.021521 0.021521 0.021521 0.254148
 98.922840 0.199004 0.017125 0.019194 0.017125 0.199039 0.019162 0.019194 0.019162 0.242730
 99.200960 0.199880 0.017781 0.014139 0.017781 0.199867 0.014146 0.014139 0.014146 0.224615
 99.479720 0.226742 0.023218 0.017797 0.023218 0.226742 0.017803 0.017797 0.017803 0.248785
 99.759130 0.227515 0.021238 0.016835 0.021238 0.227528 0.016848 0.016835 0.016848 0.250659
100.039180 0.250306 0.016406 0.019083 0.016406 0.250220 0.019079 0.019083 0.019079 0.260161
100.319880 0.203702 0.015371 0.018424 0.015371 0.203680 0.018427 0.018424 0.018427 0.227480
100.601220 0.154441 0.016317 0.017383 0.016317 0.154711 0.017380 0.017383 0.017380 0.185069
100.883210 0.199004 0.018255 0.016797 0.018255 0.199061 0.016800 0.016797 0.016800 0.223177
101.165860 0.288128 0.023794 0.020837 0.023794 0.288045 0.020837 0.020837 0.020837 0.291569
101.449150 0.241015 0.017759 0.021308 0.017759 0.240945 0.021308 0.021308 0.021308 0.301710
101.733100 0.151388 0.015476 0.019194 0.015476 0.151395 0.019194 0.019194 0.019194 0.221763
102.017700 0.138516 0.012726 0.015187 0.012726 0.138503 0.015183 0.015187 0.015183 0.187131
102.302960 0.150144 0.016482 0.015518 0.016482 0.150118 0.015518 0.015518 0.015518 0.193978
102.588880 0.152913 0.018691 0.018411 0.018691 0.152935 0.018408 0.018411 0.018408 0.194720
102.875450 0.134543 0.017899 0.021489 0.017899 0.134553 0.021486 0.021489 0.021486 0.189063
103.162690 0.120108 0.013331 0.016199 0.013331 0.120121 0.016202 0.016199 0.016202 0.173116
103.450590 0.152556 0.011733 0.017096 0.011733 0.152550 0.017096 0.017096 0.017096 0.223253
103.739150 0.197005 0.011252 0.014439 0.011252 0.197002 0.014435 0.014439 0.014435 0.238685
104.028380 0.178168 0.011138 0.012309 0.011138 0.178171 0.012309 0.012309 0.012309 0.225449
104.318280 0.157910 0.010893 0.012331 0.010893 0.157914 0.012331 0.012331 0.012331 0.193571
104.608840 0.142663 0.012853 0.012892 0.012853 0.142670 0.012892 0.012892 0.012892 0.164404
104.900070 0.147836 0.012064 0.013312 0.012064 0.147849 0.013312 0.013312 0.013312 0.178674
105.191980 0.123657 0.010727 0.012051 0.010727 0.123698 0.012064 0.012051 0.012064 0.151471
105.484560 0.143325 0.011860 0.012319 0.011860 0.143252 0.012319 0.012319 0.012319 0.189719
105.777810 0.152232 0.012109 0.013713 0.012109 0.152219 0.013713 0.013713 0.013713 0.220757
106.071740 0.167520 0.014808 0.022329 0.014808 0.167511 0.022323 0.022329 0.022323 0.227168
106.366350 0.111740 0.015132 0.017230 0.015132 0.111803 0.017230 0.017230 0.017230 0.160753
106.661640 0.123625 0.012067 0.014241 0.012067 0.123577 0.014238 0.014241 0.014238 0.157500
106.957610 0.129492 0.012389 0.016390 0.012389 0.129485 0.016380 0.016390 0.016380 0.158824
107.254260 0.155533 0.016342 0.018850 0.016342 0.155564 0.018853 0.018850 0.018853 0.173062
107.551590 0.139159 0.013802 0.017653 0.013802 0.139152 0.017657 0.017653 0.017657 0.155857
107.849610 0.131529 0.012245 0.015737 0.012245 0.131513 0.015740 0.015737 0.015740 0.162758
108.148320 0.161517 0.015540 0.017055 0.015540 0.161488 0.017055 0.017055 0.017055 0.199886
108.447720 0.144557 0.014047 0.015658 0.014047 0.144589 0.015658 0.015658 0.015658 0.179380
108.747800 0.171620 0.016434 0.016046 0.016434 0.171639 0.016040 0.016046 0.016040 0.207751
109.048580 0.189633 0.023405 0.020022 0.023405 0.189636 0.020022 0.020022 0.020022 0.225854
109.350060 0.165827 0.019732 0.018790 0.019732 0.165830 0.018790 0.018790 0.018790 0.192304
109.652220 0.179164 0.018726 0.022024 0.018726 0.179094 0.022017 0.022024 0.022017 0.204323
109.955090 0.166661 0.020951 0.018669 0.020951 0.166696 0.018666 0.018669 0.018666 0.203107
110.258650 0.168049 0.023412 0.016769 0.023412 0.168185 0.016772 0.016769 0.016772 0.225163
110.562910 0.179664 0.019016 0.019229 0.019016 0.179683 0.019232 0.019229 0.019232 0.206886
110.867880 0.173699 0.023062 0.017873 0.023062 0.173600 0.017870 0.017873 0.017870 0.202330
111.173550 0.167199 0.021327 0.019242 0.021327 0.167205 0.019242 0.019242 0.019242 0.211218
111.479920 0.186482 0.019277 0.019197 0.019277 0.186472 0.019197 0.019197 0.019197 0.227623
111.787000 0.176834 0.017061 0.017552 0.017061 0.176754 0.017552 0.017552 0.017552 0.205803
112.094790 0.176512 0.017650 0.016027 0.017650 0.176547 0.016027 0.016027 0.016027 0.204750
112.403280 0.188939 0.015941 0.016183 0.015941 0.188946 0.016183 0.016183 0.016183 0.244370
112.712490 0.198714 0.015938 0.018729 0.015938 0.198791 0.018729 0.018729 0.018729 0.286788
113.022410 0.193361 0.015021 0.016469 0.015021 0.193345 0.016473 0.016469 0.016473 0.289022
113.333050 0.176531 0.016418 0.015632 0.016418 0.176528 0.015632 0.015632 0.015632 0.234161
113.644400 0.160820 0.014693 0.017186 0.014693 0.160823 0.017186 0.017186 0.017186 0.212532
113.956470 0.154415 0.012093 0.016734 0.012093 0.154415 0.016737 0.016734 0.016737 0.223998
114.269260 0.152531 0.013668 0.015397 0.013668 0.152521 0.015397 0.015397 0.015397 0.245210
114.582780 0.144901 0.014114 0.014945 0.014114 0.144904 0.014948 0.014945 0.014948 0.217425
114.897010 0.136300 0.012761 0.015056 0.012761 0.136300 0.015056 0.015056 0.015056 0.216950
115.211970 0.146400 0.012675 0.014814 0.012675 0.146407 0.014814 0.014814 0.014814 0.228056
115.527660 0.145627 0.012417 0.012850 0.012417 0.145627 0.012850 0.012850 0.012850 0.199042
115.844070 0.132528 0.013490 0.013229 0.013490 0.132522 0.013216 0.013229 0.013216 0.182073
116.161210 0.146448 0.013579 0.013932 0.013579 0.146461 0.013936 0.013932 0.013936 0.186912
116.479090 0.155695 0.014782 0.012882 0.014782 0.155669 0.012879 0.012882 0.012879 0.201016
116.797700 0.152929 0.014553 0.015276 0.014553 0.152922 0.015279 0.015276 0.015279 0.196340
117.117040 0.165903 0.013732 0.016059 0.013732 0.165938 0.016059 0.016059 0.016059 0.240359
117.437120 0.147674 0.013605 0.015642 0.013605 0.147677 0.015642 0.015642 0.015642 0.221604
117.757930 0.126671 0.011427 0.014897 0.011427 0.126687 0.014897 0.014897 0.014897 0.206895
118.079490 0.146298 0.013710 0.016387 0.013710 0.146308 0.016383 0.016387 0.016383 0.229568
118.401790 0.180730 0.015355 0.016947 0.015355 0.180727 0.016953 0.016947 0.016953 0.252187
118.724830 0.139490 0.013245 0.014251 0.013245 0.139480 0.014254 0.014251 0.014254 0.206112
119.048620 0.106000 0.009715 0.013274 0.009715 0.105914 0.013270 0.013274 0.013270 0.133321
119.373150 0.096381 0.008206 0.007417 0.008206 0.096448 0.007420 0.007417 0.007420 0.187220
119.698430 0.079339 0.003715 0.004536 0.003715 0.079323 0.004549 0.004536 0.004549 0.122311
120.024460 0.091982 0.001703 0.002107 0.001703 0.091988 0.002104 0.002107 0.002104 0.132481
120.351250 0.064499 0.001267 0.001738 0.001267 0.064499 0.001738 0.001738 0.001738 0.104272
120.678790 0.069430 0.001512 0.001155 0.001512 0.069430 0.001155 0.001155 0.001155 0.110762
121.007080 0.050653 0.000910 0.001461 0.000910 0.050653 0.001455 0.001461 0.001455 0.065043
121.336130 0.053279 0.001598 0.001308 0.001598 0.053279 0.001311 0.001308 0.001311 0.068596
121.665940 0.049529 0.001477 0.001098 0.001477 0.049529 0.001098 0.001098 0.001098 0.077633
121.996510 0.044146 0.001413 0.001066 0.001413 0.044146 0.001063 0.001066 0.001063 0.061001
122.327840 0.054721 0.001550 0.000971 0.001550 0.054721 0.000971 0.000971 0.000971 0.085036
122.659930 0.053467 0.001038 0.000834 0.001038 0.053467 0.000834 0.000834 0.000834 0.084145
122.992790 0.052859 0.001305 0.000952 0.001305 0.052859 0.000952 0.000952 0.000952 0.069089
123.326420 0.049341 0.000914 0.000961 0.000914 0.049338 0.000961 0.000961 0.000961 0.071241
123.660820 0.027464 0.000901 0.001025 0.000901 0.027464 0.001025 0.001025 0.001025 0.043322
123.995990 0.027648 0.000856 0.001085 0.000856 0.027648 0.001085 0.001085 0.001085 0.043433
124.331930 0.037675 0.000961 0.001003 0.000961 0.037675 0.001003 0.001003 0.001003 0.058474
124.668650 0.037102 0.000949 0.000869 0.000949 0.037102 0.000869 0.000869 0.000869 0.054622
125.006140 0.027903 0.000850 0.000955 0.000850 0.027903 0.000955 0.000955 0.000955 0.033473
125.344410 0.038111 0.001200 0.000879 0.001200 0.038111 0.000879 0.000879 0.000879 0.043526
125.683470 0.037042 0.000570 0.000672 0.000570 0.037042 0.000672 0.000672 0.000672 0.042202
126.023300 0.038006 0.000729 0.000726 0.000729 0.038006 0.000726 0.000726 0.000726 0.041310
126.363920 0.035180 0.000697 0.000621 0.000697 0.035180 0.000621 0.000621 0.000621 0.043475
126.705320 0.039028 0.000691 0.000688 0.000691 0.039028 0.000688 0.000688 0.000688 0.051652
127.047510 0.028008 0.000640 0.000678 0.000640 0.028008 0.000678 0.000678 0.000678 0.037694
127.390490 0.022377 0.000668 0.000665 0.000668 0.022377 0.000665 0.000665 0.000665 0.029059
127.734260 0.017752 0.000579 0.000828 0.000579 0.017752 0.000831 0.000828 0.000831 0.024144
128.078820 0.018312 0.000509 0.000659 0.000509 0.018312 0.000656 0.000659 0.000656 0.024790
128.424180 0.020786 0.000423 0.000742 0.000423 0.020786 0.000742 0.000742 0.000742 0.027667
128.770330 0.025971 0.000525 0.000738 0.000525 0.025971 0.000738 0.000738 0.000738 0.040097
129.117280 0.025872 0.000745 0.000697 0.000745 0.025872 0.000697 0.000697 0.000697 0.036472
129.465040 0.015428 0.000541 0.000659 0.000541 0.015428 0.000659 0.000659 0.000659 0.021177
129.813590 0.020257 0.000777 0.000789 0.000777 0.020257 0.000789 0.000789 0.000789 0.026257
130.162950 0.019455 0.000758 0.000907 0.000758 0.019455 0.000907 0.000907 0.000907 0.026528
130.513110 0.015648 0.000987 0.000557 0.000987 0.015648 0.000557 0.000557 0.000557 0.020878
130.864080 0.016508 0.001658 0.000589 0.001658 0.016508 0.000589 0.000589 0.000589 0.020665
131.215860 0.022438 0.000923 0.000933 0.000923 0.022438 0.000933 0.000933 0.000933 0.025522
131.568460 0.027085 0.000751 0.000984 0.000751 0.027085 0.000984 0.000984 0.000984 0.030348
131.921860 0.017545 0.000484 0.000716 0.000484 0.017545 0.000716 0.000716 0.000716 0.017676
132.276080 0.023676 0.000713 0.000773 0.000713 0.023676 0.000773 0.000773 0.000773 0.023615
132.631120 0.023288 0.001085 0.000802 0.001085 0.023288 0.000802 0.000802 0.000802 0.022606
132.986970 0.026248 0.000723 0.000818 0.000723 0.026248 0.000815 0.000818 0.000815 0.028727
133.343650 0.023249 0.000525 0.000605 0.000525 0.023249 0.000605 0.000605 0.000605 0.024449
133.701150 0.019751 0.000512 0.000576 0.000512 0.019751 0.000576 0.000576 0.000576 0.022673
134.059470 0.015276 0.000436 0.000586 0.000436 0.015276 0.000586 0.000586 0.000586 0.018570
134.418620 0.016046 0.000277 0.000465 0.000277 0.016046 0.000465 0.000465 0.000465 0.020397
134.778600 0.019439 0.000411 0.000525 0.000411 0.019439 0.000525 0.000525 0.000525 0.025452
135.139400 0.025592 0.000372 0.000487 0.000372 0.025592 0.000490 0.000487 0.000490 0.033508
135.501040 0.019204 0.000286 0.000366 0.000286 0.019204 0.000366 0.000366 0.000366 0.026385
135.863520 0.022568 0.000334 0.000487 0.000334 0.022568 0.000487 0.000487 0.000487 0.028718
136.226830 0.024373 0.000274 0.000385 0.000274 0.024373 0.000385 0.000385 0.000385 0.031309
136.590970 0.023625 0.000245 0.000344 0.000245 0.023625 0.000344 0.000344 0.000344 0.030106
136.955960 0.023755 0.000277 0.000398 0.000277 0.023755 0.000398 0.000398 0.000398 0.030787
137.321790 0.017131 0.000360 0.000363 0.000360 0.017131 0.000363 0.000363 0.000363 0.021260
137.688460 0.018322 0.000213 0.000293 0.000213 0.018322 0.000293 0.000293 0.000293 0.022349
138.055980 0.019353 0.000194 0.000376 0.000194 0.019353 0.000376 0.000376 0.000376 0.022380
138.424340 0.018592 0.000258 0.000277 0.000258 0.018592 0.000277 0.000277 0.000277 0.021671
138.793560 0.018214 0.000328 0.000414 0.000328 0.018214 0.000414 0.000414 0.000414 0.020136
139.163630 0.012452 0.000226 0.000401 0.000226 0.012452 0.000401 0.000401 0.000401 0.014047
139.534550 0.016874 0.000248 0.000554 0.000248 0.016874 0.000554 0.000554 0.000554 0.019757
139.906320 0.021219 0.000328 0.000442 0.000328 0.021219 0.000442 0.000442 0.000442 0.024064
140.278950 0.023915 0.000363 0.000477 0.000363 0.023915 0.000474 0.000477 0.000474 0.028368
140.652440 0.028199 0.000290 0.000468 0.000290 0.028199 0.000471 0.000468 0.000471 0.031825
141.026800 0.030781 0.000277 0.000337 0.000277 0.030781 0.000337 0.000337 0.000337 0.035985
141.402010 0.028575 0.000449 0.000512 0.000449 0.028575 0.000512 0.000512 0.000512 0.033158
141.778100 0.037099 0.000398 0.000452 0.000398 0.037099 0.000452 0.000452 0.000452 0.039079
142.155040 0.032165 0.000637 0.000471 0.000637 0.032165 0.000474 0.000471 0.000474 0.033976
142.532860 0.042030 0.000547 0.000462 0.000547 0.042030 0.000458 0.000462 0.000458 0.044621
142.911550 0.028014 0.000423 0.000436 0.000423 0.028014 0.000436 0.000436 0.000436 0.028237
143.291110 0.030497 0.000376 0.000462 0.000376 0.030497 0.000462 0.000462 0.000462 0.030233
143.671550 0.028756 0.000328 0.000411 0.000328 0.028756 0.000411 0.000411 0.000411 0.030239
144.052870 0.021339 0.000395 0.000455 0.000395 0.021339 0.000455 0.000455 0.000455 0.023119
144.435060 0.019216 0.000385 0.000407 0.000385 0.019216 0.000407 0.000407 0.000407 0.020378
144.818140 0.019025 0.000334 0.000385 0.000334 0.019025 0.000385 0.000385 0.000385 0.021343
145.202100 0.024437 0.000363 0.000442 0.000363 0.024437 0.000442 0.000442 0.000442 0.028164
145.586940 0.028966 0.000299 0.000369 0.000299 0.028966 0.000369 0.000369 0.000369 0.032095
145.972670 0.025048 0.000325 0.000321 0.000325 0.025048 0.000321 0.000321 0.000321 0.028712
146.359300 0.023367 0.000236 0.000261 0.000236 0.023367 0.000261 0.000261 0.000261 0.027222
146.746810 0.024246 0.000220 0.000315 0.000220 0.024246 0.000315 0.000315 0.000315 0.029711
147.135220 0.025525 0.000264 0.000251 0.000264 0.025525 0.000251 0.000251 0.000251 0.031455
147.524520 0.020455 0.000181 0.000216 0.000181 0.020455 0.000216 0.000216 0.000216 0.025064
147.914720 0.022444 0.000229 0.000258 0.000229 0.022444 0.000258 0.000258 0.000258 0.026910
148.305820 0.015715 0.000318 0.000210 0.000318 0.015715 0.000210 0.000210 0.000210 0.018736
148.697820 0.022415 0.000223 0.000137 0.000223 0.022415 0.000137 0.000137 0.000137 0.026047
149.090730 0.010036 0.000121 0.000099 0.000121 0.010036 0.000099 0.000099 0.000099 0.011695
149.484540 0.002454 0.000045 0.000029 0.000045 0.002454 0.000029 0.000029 0.000029 0.002919
149.879260 0.000417 0.000013 0.000003 0.000013 0.000417 0.000003 0.000003 0.000003 0.000512
150.274890 0.000111 0.000019 0.000003 0.000019 0.000111 0.000003 0.000003 0.000003 0.000134
151.934930 0.000051 0.000000 0.000000 0.000000 0.000051 0.000000 0.000000 0.000000 0.000060
153.613310 0.000041 0.000000 0.000000 0.000000 0.000041 0.000000 0.000000 0.000000 0.000048
155.310230 0.000035 0.000000 0.000000 0.000000 0.000035 0.000000 0.000000 0.000000 0.000041
157.025890 0.000032 0.000000 0.000000 0.000000 0.000032 0.000000 0.000000 0.000000 0.000035
158.760510 0.000029 0.000000 0.000000 0.000000 0.000029 0.000000 0.000000 0.000000 0.000032
160.514290 0.000025 0.000000 0.000000 0.000000 0.000025 0.000000 0.000000 0.000000 0.000032
162.287440 0.000025 0.000000 0.000000 0.000000 0.000025 0.000000 0.000000 0.000000 0.000029
164.080180 0.000022 0.000000 0.000000 0.000000 0.000022 0.000000 0.000000 0.000000 0.000025
165.892720 0.000022 0.000000 0.000000 0.000000 0.000022 0.000000 0.000000 0.000000 0.000025
167.725290 0.000019 0.000000 0.000000 0.000000 0.000019 0.000000 0.000000 0.000000 0.000022
169.578100 0.000019 0.000000 0.000000 0.000000 0.000019 0.000000 0.000000 0.000000 0.000022
171.451370 0.000019 0.000000 0.000000 0.000000 0.000019 0.000000 0.000000 0.000000 0.000022
173.345350 0.000016 0.000000 0.000000 0.000000 0.000016 0.000000 0.000000 0.000000 0.000019
175.260240 0.000016 0.000000 0.000000 0.000000 0.000016 0.000000 0.000000 0.000000 0.000019
177.196280 0.000016 0.000000 0.000000 0.000000 0.000016 0.000000 0.000000 0.000000 0.000019
179.153720 0.000016 0.000000 0.000000 0.000000 0.000016 0.000000 0.000000 0.000000 0.000016
181.132770 0.000013 0.000000 0.000000 0.000000 0.000013 0.000000 0.000000 0.000000 0.000016
183.133690 0.000013 0.000000 0.000000 0.000000 0.000013 0.000000 0.000000 0.000000 0.000016
185.156710 0.000013 0.000000 0.000000 0.000000 0.000013 0.000000 0.000000 0.000000 0.000016
187.202080 0.000013 0.000000 0.000000 0.000000 0.000013 0.000000 0.000000 0.000000 0.000016
189.270040 0.000013 0.000000 0.000000 0.000000 0.000013 0.000000 0.000000 0.000000 0.000013
191.360850 0.000013 0.000000 0.000000 0.000000 0.000013 0.000000 0.000000 0.000000 0.000013
193.474760 0.000010 0.000000 0.000000 0.000000 0.000010 0.000000 0.000000 0.000000 0.000013
195.612010 0.000010 0.000000 0.000000 0.000000 0.000010 0.000000 0.000000 0.000000 0.000013
197.772880 0.000010 0.000000 0.000000 0.000000 0.000010 0.000000 0.000000 0.000000 0.000013
199.957610 0.000010 0.000000 0.000000 0.000000 0.000010 0.000000 0.000000 0.000000 0.000013
202.166480 0.000010 0.000000 0.000000 0.000000 0.000010 0.000000 0.000000 0.000000 0.000010
204.399760 0.000010 0.000000 0.000000 0.000000 0.000010 0.000000 0.000000 0.000000 0.000010
206.657700 0.000010 0.000000 0.000000 0.000000 0.000010 0.000000 0.000000 0.000000 0.000010
208.940580 0.000010 0.000000 0.000000 0.000000 0.000010 0.000000 0.000000 0.000000 0.000010
211.248680 0.000006 0.000000 0.000000 0.000000 0.000006 0.000000 0.000000 0.000000 0.000010
213.582280 0.000006 0.000000 0.000000 0.000000 0.000006 0.000000 0.000000 0.000000 0.000010
215.941660 0.000006 0.000000 0.000000 0.000000 0.000006 0.000000 0.000000 0.000000 0.000010
218.327100 0.000006 0.000000 0.000000 0.000000 0.000006 0.000000 0.000000 0.000000 0.000010
220.738890 0.000006 0.000000 0.000000 0.000000 0.000006 0.000000 0.000000 0.000000 0.000006
223.177330 0.000006 0.000000 0.000000 0.000000 0.000006 0.000000 0.000000 0.000000 0.000006
225.642700 0.000006 0.000000 0.000000 0.000000 0.000006 0.000000 0.000000 0.000000 0.000006
228.135300 0.000006 0.000000 0.000000 0.000000 0.000006 0.000000 0.000000 0.000000 0.000006
230.655440 0.000006 0.000000 0.000000 0.000000 0.000006 0.000000 0.000000 0.000000 0.000006
233.203420 0.000006 0.000000 0.000000 0.000000 0.000006 0.000000 0.000000 0.000000 0.000006
235.779550 0.000006 0.000000 0.000000 0.000000 0.000006 0.000000 0.000000 0.000000 0.000006
238.384130 0.000006 0.000000 0.000000 0.000000 0.000006 0.000000 0.000000 0.000000 0.000006
241.017490 0.000006 0.000000 0.000000 0.000000 0.000006 0.000000 0.000000 0.000000 0.000006
243.679940 0.000003 0.000000 0.000000 0.000000 0.000003 0.000000 0.000000 0.000000 0.000006
246.371790 0.000003 0.000000 0.000000 0.000000 0.000003 0.000000 0.000000 0.000000 0.000006
249.093390 0.000003 0.000000 0.000000 0.000000 0.000003 0.000000 0.000000 0.000000 0.000006
251.845050 0.000003 0.000000 0.000000 0.000000 0.000003 0.000000 0.000000 0.000000 0.000006
254.627100 0.000003 0.000000 0.000000 0.000000 0.000003 0.000000 0.000000 0.000000 0.000003
257.439890 0.000003 0.000000 0.000000 0.000000 0.000003 0.000000 0.000000 0.000000 0.000003
260.283750 0.000003 0.000000 0.000000 0.000000 0.000003 0.000000 0.000000 0.000000 0.000003
263.159020 0.000003 0.000000 0.000000 0.000000 0.000003 0.000000 0.000000 0.000000 0.000003
266.066060 0.000003 0.000000 0.000000 0.000000 0.000003 0.000000 0.000000 0.000000 0.000003
269.005210 0.000003 0.000000 0.000000 0.000000 0.000003 0.000000 0.000000 0.000000 0.000003
271.976820 0.000003 0.000000 0.000000 0.000000 0.000003 0.000000 0.000000 0.000000 0.000003
274.981270 0.000003 0.000000 0.000000 0.000000 0.000003 0.000000 0.000000 0.000000 0.000003
278.018900 0.000003 0.000000 0.000000 0.000000 0.000003 0.000000 0.000000 0.000000 0.000003
281.090090 0.000003 0.000000 0.000000 0.000000 0.000003 0.000000 0.000000 0.000000 0.000003
284.195210 0.000003 0.000000 0.000000 0.000000 0.000003 0.000000 0.000000 0.000000 0.000003
287.334620 0.000003 0.000000 0.000000 0.000000 0.000003 0.000000 0.000000 0.000000 0.000003
290.508720 0.000003 0.000000 0.000000 0.000000 0.000003 0.000000 0.000000 0.000000 0.000003
293.717880 0.000003 0.000000 0.000000 0.000000 0.000003 0.000000 0.000000 0.000000 0.000003
296.962490 0.000003 0.000000 0.000000 0.000000 0.000003 0.000000 0.000000 0.000000 0.000003
300.242950 0.000003 0.000000 0.000000 0.000000 0.000003 0.000000 0.000000 0.000000 0.000003
303.559640 0.000003 0.000000 0.000000 0.000000 0.000003 0.000000 0.000000 0.000000 0.000003
306.912970 0.000003 0.000000 0.000000 0.000000 0.000003 0.000000 0.000000 0.000000 0.000003
310.303340 0.000003 0.000000 0.000000 0.000000 0.000003 0.000000 0.000000 0.000000 0.000003
313.731160 0.000003 0.000000 0.000000 0.000000 0.000003 0.000000 0.000000 0.000000 0.000003
317.196860 0.000003 0.000000 0.000000 0.000000 0.000003 0.000000 0.000000 0.000000 0.000003
320.700830 0.000003 0.000000 0.000000 0.000000 0.000003 0.000000 0.000000 0.000000 0.000003
324.243520 0.000003 0.000000 0.000000 0.000000 0.000003 0.000000 0.000000 0.000000 0.000003
327.825330 0.000003 0.000000 0.000000 0.000000 0.000003 0.000000 0.000000 0.000000 0.000003
331.446720 0.000003 0.000000 0.000000 0.000000 0.000003 0.000000 0.000000 0.000000 0.000003
335.108110 0.000003 0.000000 0.000000 0.000000 0.000003 0.000000 0.000000 0.000000 0.000003
338.809950 0.000003 0.000000 0.000000 0.000000 0.000003 0.000000 0.000000 0.000000 0.000003
342.552670 0.000000 0.000000 0.000000 0.000000 0.000000 0.000000 0.000000 0.000000 0.000003
346.336750 0.000000 0.000000 0.000000 0.000000 0.000000 0.000000 0.000000 0.000000 0.000003
350.162620 0.000000 0.000000 0.000000 0.000000 0.000000 0.000000 0.000000 0.000000 0.000003
354.030760 0.000000 0.000000 0.000000 0.000000 0.000000 0.000000 0.000000 0.000000 0.000003
357.941630 0.000000 0.000000 0.000000 0.000000 0.000000 0.000000 0.000000 0.000000 0.000000
