 &plot nbnd=  72, nks=   481 /
            0.000000  0.000000  0.000000
  -62.405  -62.405  -34.759  -34.759  -31.485  -31.485  -31.243  -31.243  -22.409  -22.409
  -22.329  -22.329   -8.405   -8.405   -7.544   -7.544   -6.117   -6.117   -5.747   -5.747
   -4.959   -4.959   -4.890   -4.890   -4.048   -4.048   -3.934   -3.934   -3.705   -3.705
   -3.696   -3.696    6.312    6.312    6.465    6.465    6.731    6.731    6.752    6.752
    7.669    7.669    7.994    7.994    8.085    8.085    8.323    8.323    8.379    8.379
    8.869    8.869    9.529    9.529    9.668    9.668    9.695    9.695   10.615   10.615
   10.707   10.707   11.979   11.979   13.241   13.241   14.911   14.911   15.220   15.220
   16.125   16.125
            0.005051  0.000000  0.000000
  -62.405  -62.405  -34.759  -34.759  -31.485  -31.485  -31.243  -31.243  -22.409  -22.409
  -22.329  -22.329   -8.405   -8.405   -7.544   -7.544   -6.117   -6.117   -5.747   -5.747
   -4.959   -4.959   -4.890   -4.890   -4.048   -4.048   -3.934   -3.934   -3.705   -3.705
   -3.696   -3.696    6.312    6.312    6.464    6.464    6.731    6.731    6.752    6.752
    7.667    7.667    7.995    7.995    8.086    8.086    8.321    8.321    8.378    8.378
    8.872    8.872    9.529    9.529    9.668    9.668    9.695    9.695   10.615   10.615
   10.707   10.707   11.980   11.980   13.242   13.242   14.912   14.912   15.220   15.220
   16.126   16.126
            0.010101  0.000000  0.000000
  -62.405  -62.405  -34.759  -34.759  -31.485  -31.485  -31.243  -31.243  -22.409  -22.409
  -22.329  -22.329   -8.404   -8.404   -7.544   -7.544   -6.117   -6.117   -5.748   -5.748
   -4.959   -4.959   -4.889   -4.889   -4.048   -4.048   -3.934   -3.934   -3.705   -3.705
   -3.696   -3.696    6.310    6.310    6.463    6.463    6.731    6.731    6.751    6.751
    7.661    7.661    7.999    7.999    8.090    8.090    8.317    8.317    8.372    8.372
    8.880    8.880    9.529    9.529    9.667    9.667    9.693    9.693   10.615   10.615
   10.708   10.708   11.984   11.984   13.243   13.243   14.914   14.914   15.222   15.222
   16.127   16.127
            0.015152  0.000000  0.000000
  -62.405  -62.405  -34.759  -34.759  -31.485  -31.485  -31.243  -31.243  -22.409  -22.409
  -22.329  -22.329   -8.404   -8.404   -7.544   -7.544   -6.118   -6.118   -5.749   -5.749
   -4.959   -4.959   -4.889   -4.889   -4.048   -4.048   -3.933   -3.933   -3.705   -3.705
   -3.695   -3.695    6.308    6.308    6.461    6.461    6.730    6.730    6.749    6.749
    7.651    7.651    8.004    8.004    8.095    8.095    8.309    8.309    8.365    8.365
    8.894    8.894    9.529    9.529    9.665    9.665    9.692    9.692   10.615   10.615
   10.708   10.708   11.990   11.990   13.244   13.244   14.918   14.918   15.223   15.223
   16.129   16.129
            0.020202  0.000000  0.000000
  -62.405  -62.405  -34.759  -34.759  -31.485  -31.485  -31.243  -31.243  -22.409  -22.409
  -22.329  -22.329   -8.403   -8.403   -7.543   -7.543   -6.119   -6.119   -5.750   -5.750
   -4.959   -4.959   -4.888   -4.888   -4.047   -4.047   -3.933   -3.933   -3.705   -3.705
   -3.695   -3.695    6.305    6.305    6.458    6.458    6.729    6.729    6.746    6.746
    7.639    7.639    8.009    8.009    8.104    8.104    8.298    8.298    8.355    8.355
    8.912    8.912    9.530    9.530    9.663    9.663    9.690    9.690   10.615   10.615
   10.708   10.708   11.999   11.999   13.247   13.247   14.923   14.923   15.226   15.226
   16.132   16.132
            0.025253  0.000000  0.000000
  -62.405  -62.405  -34.759  -34.759  -31.485  -31.485  -31.243  -31.243  -22.409  -22.409
  -22.329  -22.329   -8.402   -8.402   -7.543   -7.543   -6.120   -6.120   -5.751   -5.751
   -4.958   -4.958   -4.887   -4.887   -4.047   -4.047   -3.933   -3.933   -3.705   -3.705
   -3.694   -3.694    6.301    6.301    6.455    6.455    6.728    6.728    6.743    6.743
    7.625    7.625    8.014    8.014    8.116    8.116    8.283    8.283    8.344    8.344
    8.934    8.934    9.530    9.530    9.660    9.660    9.687    9.687   10.615   10.615
   10.708   10.708   12.010   12.010   13.250   13.250   14.929   14.929   15.229   15.229
   16.136   16.136
            0.030303  0.000000  0.000000
  -62.405  -62.405  -34.759  -34.759  -31.485  -31.485  -31.243  -31.243  -22.409  -22.409
  -22.329  -22.329   -8.400   -8.400   -7.543   -7.543   -6.121   -6.121   -5.753   -5.753
   -4.958   -4.958   -4.886   -4.886   -4.046   -4.046   -3.932   -3.932   -3.706   -3.706
   -3.693   -3.693    6.296    6.296    6.450    6.450    6.725    6.725    6.739    6.739
    7.609    7.609    8.018    8.018    8.131    8.131    8.265    8.265    8.333    8.333
    8.959    8.959    9.530    9.530    9.655    9.655    9.684    9.684   10.615   10.615
   10.708   10.708   12.023   12.023   13.254   13.254   14.937   14.937   15.233   15.233
   16.141   16.141
            0.035354  0.000000  0.000000
  -62.405  -62.405  -34.759  -34.759  -31.485  -31.485  -31.243  -31.243  -22.409  -22.409
  -22.329  -22.329   -8.399   -8.399   -7.542   -7.542   -6.123   -6.123   -5.755   -5.755
   -4.957   -4.957   -4.885   -4.885   -4.046   -4.046   -3.931   -3.931   -3.706   -3.706
   -3.692   -3.692    6.290    6.290    6.446    6.446    6.721    6.721    6.736    6.736
    7.592    7.592    8.020    8.020    8.148    8.148    8.246    8.246    8.322    8.322
    8.986    8.986    9.531    9.531    9.650    9.650    9.681    9.681   10.615   10.615
   10.708   10.708   12.039   12.039   13.258   13.258   14.947   14.947   15.237   15.237
   16.146   16.146
            0.040404  0.000000  0.000000
  -62.405  -62.405  -34.759  -34.759  -31.485  -31.485  -31.243  -31.243  -22.409  -22.409
  -22.329  -22.329   -8.397   -8.397   -7.541   -7.541   -6.125   -6.125   -5.758   -5.758
   -4.956   -4.956   -4.883   -4.883   -4.045   -4.045   -3.930   -3.930   -3.706   -3.706
   -3.691   -3.691    6.283    6.283    6.440    6.440    6.716    6.716    6.733    6.733
    7.574    7.574    8.021    8.021    8.164    8.164    8.227    8.227    8.309    8.309
    9.016    9.016    9.531    9.531    9.644    9.644    9.677    9.677   10.615   10.615
   10.708   10.708   12.056   12.056   13.264   13.264   14.957   14.957   15.243   15.243
   16.153   16.153
            0.045455  0.000000  0.000000
  -62.405  -62.405  -34.759  -34.759  -31.485  -31.485  -31.243  -31.243  -22.409  -22.409
  -22.329  -22.329   -8.395   -8.395   -7.541   -7.541   -6.127   -6.127   -5.761   -5.761
   -4.955   -4.955   -4.882   -4.882   -4.044   -4.044   -3.929   -3.929   -3.706   -3.706
   -3.690   -3.690    6.274    6.274    6.435    6.435    6.708    6.708    6.731    6.731
    7.557    7.557    8.021    8.021    8.172    8.172    8.218    8.218    8.296    8.296
    9.047    9.047    9.532    9.532    9.637    9.637    9.674    9.674   10.615   10.615
   10.709   10.709   12.075   12.075   13.270   13.270   14.969   14.969   15.249   15.249
   16.160   16.160
            0.050505  0.000000  0.000000
  -62.405  -62.405  -34.759  -34.759  -31.485  -31.485  -31.243  -31.243  -22.408  -22.408
  -22.329  -22.329   -8.392   -8.392   -7.540   -7.540   -6.129   -6.129   -5.764   -5.764
   -4.955   -4.955   -4.880   -4.880   -4.043   -4.043   -3.928   -3.928   -3.706   -3.706
   -3.689   -3.689    6.264    6.264    6.429    6.429    6.700    6.700    6.730    6.730
    7.539    7.539    8.020    8.020    8.158    8.158    8.230    8.230    8.283    8.283
    9.080    9.080    9.532    9.532    9.628    9.628    9.670    9.670   10.615   10.615
   10.709   10.709   12.096   12.096   13.277   13.277   14.983   14.983   15.255   15.255
   16.168   16.168
            0.055556  0.000000  0.000000
  -62.405  -62.405  -34.759  -34.759  -31.486  -31.486  -31.243  -31.243  -22.408  -22.408
  -22.329  -22.329   -8.390   -8.390   -7.539   -7.539   -6.132   -6.132   -5.768   -5.768
   -4.954   -4.954   -4.878   -4.878   -4.042   -4.042   -3.927   -3.927   -3.706   -3.706
   -3.688   -3.688    6.253    6.253    6.423    6.423    6.690    6.690    6.728    6.728
    7.521    7.521    8.019    8.019    8.135    8.135    8.250    8.250    8.269    8.269
    9.114    9.114    9.533    9.533    9.620    9.620    9.667    9.667   10.616   10.616
   10.709   10.709   12.119   12.119   13.285   13.285   14.998   14.998   15.262   15.262
   16.177   16.177
            0.060606  0.000000  0.000000
  -62.405  -62.405  -34.759  -34.759  -31.486  -31.486  -31.243  -31.243  -22.408  -22.408
  -22.329  -22.329   -8.387   -8.387   -7.538   -7.538   -6.134   -6.134   -5.772   -5.772
   -4.952   -4.952   -4.876   -4.876   -4.041   -4.041   -3.926   -3.926   -3.706   -3.706
   -3.687   -3.687    6.239    6.239    6.416    6.416    6.679    6.679    6.726    6.726
    7.504    7.504    8.016    8.016    8.110    8.110    8.251    8.251    8.278    8.278
    9.149    9.149    9.533    9.533    9.610    9.610    9.663    9.663   10.616   10.616
   10.710   10.710   12.143   12.143   13.294   13.294   15.014   15.014   15.270   15.270
   16.186   16.186
            0.065657  0.000000  0.000000
  -62.405  -62.405  -34.759  -34.759  -31.486  -31.486  -31.243  -31.243  -22.408  -22.408
  -22.329  -22.329   -8.384   -8.384   -7.537   -7.537   -6.137   -6.137   -5.776   -5.776
   -4.951   -4.951   -4.874   -4.874   -4.040   -4.040   -3.924   -3.924   -3.706   -3.706
   -3.685   -3.685    6.225    6.225    6.410    6.410    6.667    6.667    6.724    6.724
    7.487    7.487    8.013    8.013    8.084    8.084    8.236    8.236    8.303    8.303
    9.184    9.184    9.533    9.533    9.600    9.600    9.659    9.659   10.616   10.616
   10.710   10.710   12.168   12.168   13.303   13.303   15.032   15.032   15.279   15.279
   16.197   16.197
            0.070707  0.000000  0.000000
  -62.405  -62.405  -34.759  -34.759  -31.486  -31.486  -31.243  -31.243  -22.407  -22.407
  -22.329  -22.329   -8.380   -8.380   -7.536   -7.536   -6.140   -6.140   -5.780   -5.780
   -4.950   -4.950   -4.872   -4.872   -4.038   -4.038   -3.923   -3.923   -3.705   -3.705
   -3.684   -3.684    6.208    6.208    6.404    6.404    6.654    6.654    6.723    6.723
    7.471    7.471    8.007    8.007    8.059    8.059    8.220    8.220    8.330    8.330
    9.221    9.221    9.533    9.533    9.589    9.589    9.655    9.655   10.617   10.617
   10.711   10.711   12.194   12.194   13.314   13.314   15.050   15.050   15.288   15.288
   16.208   16.208
            0.075758  0.000000  0.000000
  -62.405  -62.405  -34.759  -34.759  -31.486  -31.486  -31.243  -31.243  -22.407  -22.407
  -22.329  -22.329   -8.377   -8.377   -7.535   -7.535   -6.144   -6.144   -5.785   -5.785
   -4.949   -4.949   -4.869   -4.869   -4.037   -4.037   -3.921   -3.921   -3.705   -3.705
   -3.682   -3.682    6.190    6.190    6.397    6.397    6.640    6.640    6.721    6.721
    7.455    7.455    7.998    7.998    8.038    8.038    8.204    8.204    8.357    8.357
    9.258    9.258    9.531    9.531    9.579    9.579    9.651    9.651   10.617   10.617
   10.712   10.712   12.221   12.221   13.326   13.326   15.071   15.071   15.298   15.298
   16.221   16.221
            0.080808  0.000000  0.000000
  -62.405  -62.405  -34.759  -34.759  -31.486  -31.486  -31.243  -31.243  -22.407  -22.407
  -22.329  -22.329   -8.373   -8.373   -7.534   -7.534   -6.147   -6.147   -5.790   -5.790
   -4.947   -4.947   -4.867   -4.867   -4.036   -4.036   -3.920   -3.920   -3.705   -3.705
   -3.680   -3.680    6.170    6.170    6.391    6.391    6.625    6.625    6.719    6.719
    7.440    7.440    7.981    7.981    8.024    8.024    8.187    8.187    8.384    8.384
    9.295    9.295    9.529    9.529    9.570    9.570    9.646    9.646   10.618   10.618
   10.713   10.713   12.248   12.248   13.339   13.339   15.092   15.092   15.309   15.309
   16.234   16.234
            0.085859  0.000000  0.000000
  -62.405  -62.405  -34.759  -34.759  -31.486  -31.486  -31.243  -31.243  -22.406  -22.406
  -22.329  -22.329   -8.369   -8.369   -7.532   -7.532   -6.151   -6.151   -5.795   -5.795
   -4.946   -4.946   -4.864   -4.864   -4.034   -4.034   -3.918   -3.918   -3.705   -3.705
   -3.678   -3.678    6.148    6.148    6.385    6.385    6.610    6.610    6.716    6.716
    7.425    7.425    7.958    7.958    8.015    8.015    8.170    8.170    8.412    8.412
    9.332    9.332    9.524    9.524    9.563    9.563    9.642    9.642   10.618   10.618
   10.714   10.714   12.277   12.277   13.353   13.353   15.115   15.115   15.320   15.320
   16.247   16.247
            0.090909  0.000000  0.000000
  -62.405  -62.405  -34.759  -34.759  -31.486  -31.486  -31.243  -31.243  -22.406  -22.406
  -22.329  -22.329   -8.365   -8.365   -7.531   -7.531   -6.155   -6.155   -5.801   -5.801
   -4.944   -4.944   -4.862   -4.862   -4.033   -4.033   -3.916   -3.916   -3.704   -3.704
   -3.676   -3.676    6.125    6.125    6.378    6.378    6.593    6.593    6.714    6.714
    7.412    7.412    7.932    7.932    8.009    8.009    8.153    8.153    8.439    8.439
    9.370    9.370    9.516    9.516    9.558    9.558    9.638    9.638   10.619   10.619
   10.715   10.715   12.305   12.305   13.368   13.368   15.139   15.139   15.332   15.332
   16.262   16.262
            0.095960  0.000000  0.000000
  -62.405  -62.405  -34.759  -34.759  -31.486  -31.486  -31.243  -31.243  -22.406  -22.406
  -22.329  -22.329   -8.360   -8.360   -7.529   -7.529   -6.159   -6.159   -5.806   -5.806
   -4.942   -4.942   -4.859   -4.859   -4.031   -4.031   -3.914   -3.914   -3.704   -3.704
   -3.674   -3.674    6.100    6.100    6.372    6.372    6.576    6.576    6.712    6.712
    7.399    7.399    7.906    7.906    8.004    8.004    8.135    8.135    8.466    8.466
    9.406    9.406    9.506    9.506    9.556    9.556    9.633    9.633   10.620   10.620
   10.717   10.717   12.333   12.333   13.385   13.385   15.164   15.164   15.344   15.344
   16.277   16.277
            0.101010  0.000000  0.000000
  -62.405  -62.405  -34.759  -34.759  -31.487  -31.487  -31.243  -31.243  -22.405  -22.405
  -22.329  -22.329   -8.356   -8.356   -7.528   -7.528   -6.163   -6.163   -5.812   -5.812
   -4.941   -4.941   -4.856   -4.856   -4.029   -4.029   -3.913   -3.913   -3.703   -3.703
   -3.672   -3.672    6.073    6.073    6.365    6.365    6.557    6.557    6.709    6.709
    7.387    7.387    7.879    7.879    7.999    7.999    8.118    8.118    8.493    8.493
    9.441    9.441    9.496    9.496    9.556    9.556    9.629    9.629   10.621   10.621
   10.719   10.719   12.362   12.362   13.403   13.403   15.190   15.190   15.357   15.357
   16.293   16.293
            0.106061  0.000000  0.000000
  -62.405  -62.405  -34.759  -34.759  -31.487  -31.487  -31.243  -31.243  -22.405  -22.405
  -22.328  -22.328   -8.351   -8.351   -7.526   -7.526   -6.167   -6.167   -5.819   -5.819
   -4.939   -4.939   -4.854   -4.854   -4.028   -4.028   -3.911   -3.911   -3.703   -3.703
   -3.670   -3.670    6.045    6.045    6.359    6.359    6.539    6.539    6.707    6.707
    7.375    7.375    7.852    7.852    7.994    7.994    8.101    8.101    8.520    8.520
    9.462    9.462    9.497    9.497    9.557    9.557    9.626    9.626   10.623   10.623
   10.721   10.721   12.390   12.390   13.422   13.422   15.217   15.217   15.370   15.370
   16.310   16.310
            0.111111  0.000000  0.000000
  -62.405  -62.405  -34.759  -34.759  -31.487  -31.487  -31.243  -31.243  -22.405  -22.405
  -22.328  -22.328   -8.346   -8.346   -7.525   -7.525   -6.171   -6.171   -5.825   -5.825
   -4.937   -4.937   -4.851   -4.851   -4.026   -4.026   -3.909   -3.909   -3.702   -3.702
   -3.668   -3.668    6.015    6.015    6.352    6.352    6.519    6.519    6.704    6.704
    7.364    7.364    7.825    7.825    7.989    7.989    8.084    8.084    8.547    8.547
    9.455    9.455    9.520    9.520    9.560    9.560    9.624    9.624   10.624   10.624
   10.723   10.723   12.417   12.417   13.443   13.443   15.245   15.245   15.385   15.385
   16.328   16.328
            0.116162  0.000000  0.000000
  -62.405  -62.405  -34.759  -34.759  -31.487  -31.487  -31.243  -31.243  -22.404  -22.404
  -22.328  -22.328   -8.341   -8.341   -7.523   -7.523   -6.175   -6.175   -5.832   -5.832
   -4.935   -4.935   -4.848   -4.848   -4.024   -4.024   -3.907   -3.907   -3.701   -3.701
   -3.665   -3.665    5.983    5.983    6.345    6.345    6.499    6.499    6.702    6.702
    7.354    7.354    7.799    7.799    7.984    7.984    8.068    8.068    8.573    8.573
    9.441    9.441    9.539    9.539    9.570    9.570    9.627    9.627   10.626   10.626
   10.726   10.726   12.445   12.445   13.465   13.465   15.275   15.275   15.399   15.399
   16.347   16.347
            0.121212  0.000000  0.000000
  -62.405  -62.405  -34.759  -34.759  -31.487  -31.487  -31.243  -31.243  -22.404  -22.404
  -22.328  -22.328   -8.336   -8.336   -7.521   -7.521   -6.180   -6.180   -5.838   -5.838
   -4.933   -4.933   -4.845   -4.845   -4.022   -4.022   -3.905   -3.905   -3.700   -3.700
   -3.663   -3.663    5.950    5.950    6.338    6.338    6.479    6.479    6.699    6.699
    7.345    7.345    7.773    7.773    7.978    7.978    8.052    8.052    8.598    8.598
    9.426    9.426    9.546    9.546    9.582    9.582    9.643    9.643   10.627   10.627
   10.729   10.729   12.471   12.471   13.488   13.488   15.305   15.305   15.414   15.414
   16.366   16.366
            0.126263  0.000000  0.000000
  -62.405  -62.405  -34.760  -34.760  -31.487  -31.487  -31.243  -31.243  -22.403  -22.403
  -22.328  -22.328   -8.330   -8.330   -7.519   -7.519   -6.184   -6.184   -5.845   -5.845
   -4.931   -4.931   -4.842   -4.842   -4.020   -4.020   -3.903   -3.903   -3.699   -3.699
   -3.660   -3.660    5.916    5.916    6.331    6.331    6.458    6.458    6.696    6.696
    7.336    7.336    7.747    7.747    7.972    7.972    8.036    8.036    8.623    8.623
    9.410    9.410    9.547    9.547    9.586    9.586    9.672    9.672   10.629   10.629
   10.733   10.733   12.497   12.497   13.513   13.513   15.336   15.336   15.430   15.430
   16.386   16.386
            0.131313  0.000000  0.000000
  -62.405  -62.405  -34.760  -34.760  -31.488  -31.488  -31.243  -31.243  -22.403  -22.403
  -22.328  -22.328   -8.325   -8.325   -7.517   -7.517   -6.189   -6.189   -5.853   -5.853
   -4.929   -4.929   -4.839   -4.839   -4.018   -4.018   -3.901   -3.901   -3.698   -3.698
   -3.657   -3.657    5.880    5.880    6.323    6.323    6.438    6.438    6.693    6.693
    7.327    7.327    7.721    7.721    7.966    7.966    8.021    8.021    8.648    8.648
    9.393    9.393    9.547    9.547    9.585    9.585    9.707    9.707   10.631   10.631
   10.737   10.737   12.522   12.522   13.540   13.540   15.369   15.369   15.446   15.446
   16.407   16.407
            0.136364  0.000000  0.000000
  -62.405  -62.405  -34.760  -34.760  -31.488  -31.488  -31.243  -31.243  -22.402  -22.402
  -22.328  -22.328   -8.319   -8.319   -7.515   -7.515   -6.193   -6.193   -5.860   -5.860
   -4.927   -4.927   -4.836   -4.836   -4.016   -4.016   -3.900   -3.900   -3.697   -3.697
   -3.654   -3.654    5.843    5.843    6.314    6.314    6.417    6.417    6.690    6.690
    7.320    7.320    7.696    7.696    7.958    7.958    8.008    8.008    8.672    8.672
    9.375    9.375    9.545    9.545    9.583    9.583    9.745    9.745   10.633   10.633
   10.742   10.742   12.546   12.546   13.568   13.568   15.402   15.402   15.463   15.463
   16.428   16.428
            0.141414  0.000000  0.000000
  -62.405  -62.405  -34.760  -34.760  -31.488  -31.488  -31.243  -31.243  -22.402  -22.402
  -22.328  -22.328   -8.313   -8.313   -7.513   -7.513   -6.198   -6.198   -5.867   -5.867
   -4.925   -4.925   -4.833   -4.833   -4.014   -4.014   -3.898   -3.898   -3.695   -3.695
   -3.651   -3.651    5.805    5.805    6.305    6.305    6.396    6.396    6.687    6.687
    7.312    7.312    7.671    7.671    7.950    7.950    7.995    7.995    8.696    8.696
    9.358    9.358    9.543    9.543    9.581    9.581    9.784    9.784   10.635   10.635
   10.747   10.747   12.569   12.569   13.598   13.598   15.436   15.436   15.481   15.481
   16.450   16.450
            0.146465  0.000000  0.000000
  -62.405  -62.405  -34.760  -34.760  -31.488  -31.488  -31.243  -31.243  -22.401  -22.401
  -22.328  -22.328   -8.307   -8.307   -7.510   -7.510   -6.202   -6.202   -5.875   -5.875
   -4.923   -4.923   -4.831   -4.831   -4.012   -4.012   -3.896   -3.896   -3.694   -3.694
   -3.648   -3.648    5.765    5.765    6.295    6.295    6.377    6.377    6.684    6.684
    7.306    7.306    7.647    7.647    7.941    7.941    7.983    7.983    8.719    8.719
    9.340    9.340    9.539    9.539    9.579    9.579    9.824    9.824   10.637   10.637
   10.753   10.753   12.591   12.591   13.628   13.628   15.471   15.471   15.498   15.498
   16.473   16.473
            0.151515  0.000000  0.000000
  -62.405  -62.405  -34.760  -34.760  -31.488  -31.488  -31.244  -31.244  -22.401  -22.401
  -22.328  -22.328   -8.301   -8.301   -7.508   -7.508   -6.207   -6.207   -5.883   -5.883
   -4.920   -4.920   -4.828   -4.828   -4.010   -4.010   -3.894   -3.894   -3.692   -3.692
   -3.645   -3.645    5.725    5.725    6.283    6.283    6.358    6.358    6.681    6.681
    7.299    7.299    7.623    7.623    7.931    7.931    7.973    7.973    8.741    8.741
    9.322    9.322    9.535    9.535    9.578    9.578    9.864    9.864   10.639   10.639
   10.760   10.760   12.611   12.611   13.661   13.661   15.506   15.506   15.517   15.517
   16.497   16.497
            0.156566  0.000000  0.000000
  -62.405  -62.405  -34.760  -34.760  -31.489  -31.489  -31.244  -31.244  -22.400  -22.400
  -22.328  -22.328   -8.295   -8.295   -7.505   -7.505   -6.212   -6.212   -5.890   -5.890
   -4.918   -4.918   -4.825   -4.825   -4.008   -4.008   -3.893   -3.893   -3.690   -3.690
   -3.642   -3.642    5.683    5.683    6.270    6.270    6.340    6.340    6.677    6.677
    7.293    7.293    7.600    7.600    7.921    7.921    7.964    7.964    8.763    8.763
    9.303    9.303    9.529    9.529    9.577    9.577    9.904    9.904   10.642   10.642
   10.768   10.768   12.631   12.631   13.694   13.694   15.534   15.534   15.544   15.544
   16.521   16.521
            0.161616  0.000000  0.000000
  -62.405  -62.405  -34.760  -34.760  -31.489  -31.489  -31.244  -31.244  -22.399  -22.399
  -22.328  -22.328   -8.288   -8.288   -7.503   -7.503   -6.216   -6.216   -5.898   -5.898
   -4.916   -4.916   -4.822   -4.822   -4.006   -4.006   -3.891   -3.891   -3.689   -3.689
   -3.638   -3.638    5.641    5.641    6.254    6.254    6.325    6.325    6.674    6.674
    7.288    7.288    7.577    7.577    7.910    7.910    7.955    7.955    8.784    8.784
    9.285    9.285    9.523    9.523    9.576    9.576    9.944    9.944   10.644   10.644
   10.776   10.776   12.650   12.650   13.729   13.729   15.554   15.554   15.580   15.580
   16.546   16.546
            0.166667  0.000000  0.000000
  -62.405  -62.405  -34.760  -34.760  -31.489  -31.489  -31.244  -31.244  -22.399  -22.399
  -22.328  -22.328   -8.282   -8.282   -7.500   -7.500   -6.221   -6.221   -5.906   -5.906
   -4.914   -4.914   -4.819   -4.819   -4.004   -4.004   -3.890   -3.890   -3.687   -3.687
   -3.635   -3.635    5.597    5.597    6.236    6.236    6.311    6.311    6.671    6.671
    7.283    7.283    7.555    7.555    7.898    7.898    7.948    7.948    8.804    8.804
    9.266    9.266    9.516    9.516    9.575    9.575    9.984    9.984   10.646   10.646
   10.785   10.785   12.668   12.668   13.765   13.765   15.573   15.573   15.617   15.617
   16.572   16.572
            0.171717  0.000000  0.000000
  -62.405  -62.405  -34.760  -34.760  -31.489  -31.489  -31.244  -31.244  -22.398  -22.398
  -22.328  -22.328   -8.276   -8.276   -7.498   -7.498   -6.225   -6.225   -5.914   -5.914
   -4.912   -4.912   -4.816   -4.816   -4.002   -4.002   -3.888   -3.888   -3.684   -3.684
   -3.631   -3.631    5.553    5.553    6.216    6.216    6.299    6.299    6.668    6.668
    7.278    7.278    7.533    7.533    7.887    7.887    7.940    7.940    8.823    8.823
    9.247    9.247    9.509    9.509    9.575    9.575   10.024   10.024   10.648   10.648
   10.795   10.795   12.684   12.684   13.801   13.801   15.593   15.593   15.655   15.655
   16.599   16.599
            0.176768  0.000000  0.000000
  -62.405  -62.405  -34.760  -34.760  -31.489  -31.489  -31.244  -31.244  -22.398  -22.398
  -22.328  -22.328   -8.269   -8.269   -7.495   -7.495   -6.230   -6.230   -5.923   -5.923
   -4.909   -4.909   -4.814   -4.814   -4.000   -4.000   -3.887   -3.887   -3.682   -3.682
   -3.628   -3.628    5.508    5.508    6.196    6.196    6.288    6.288    6.665    6.665
    7.273    7.273    7.512    7.512    7.875    7.875    7.933    7.933    8.842    8.842
    9.229    9.229    9.502    9.502    9.574    9.574   10.065   10.065   10.650   10.650
   10.806   10.806   12.700   12.700   13.839   13.839   15.614   15.614   15.694   15.694
   16.626   16.626
            0.181818  0.000000  0.000000
  -62.405  -62.405  -34.760  -34.760  -31.490  -31.490  -31.244  -31.244  -22.397  -22.397
  -22.328  -22.328   -8.262   -8.262   -7.492   -7.492   -6.234   -6.234   -5.931   -5.931
   -4.907   -4.907   -4.811   -4.811   -3.998   -3.998   -3.886   -3.886   -3.680   -3.680
   -3.624   -3.624    5.462    5.462    6.174    6.174    6.277    6.277    6.661    6.661
    7.269    7.269    7.491    7.491    7.864    7.864    7.926    7.926    8.860    8.860
    9.210    9.210    9.494    9.494    9.573    9.573   10.105   10.105   10.652   10.652
   10.819   10.819   12.715   12.715   13.878   13.878   15.635   15.635   15.733   15.733
   16.654   16.654
            0.186869  0.000000  0.000000
  -62.405  -62.405  -34.761  -34.761  -31.490  -31.490  -31.244  -31.244  -22.396  -22.396
  -22.327  -22.327   -8.256   -8.256   -7.489   -7.489   -6.238   -6.238   -5.939   -5.939
   -4.905   -4.905   -4.808   -4.808   -3.996   -3.996   -3.885   -3.885   -3.677   -3.677
   -3.620   -3.620    5.416    5.416    6.151    6.151    6.267    6.267    6.658    6.658
    7.265    7.265    7.470    7.470    7.853    7.853    7.919    7.919    8.878    8.878
    9.191    9.191    9.486    9.486    9.573    9.573   10.145   10.145   10.654   10.654
   10.831   10.831   12.729   12.729   13.917   13.917   15.656   15.656   15.772   15.772
   16.683   16.683
            0.191919  0.000000  0.000000
  -62.405  -62.405  -34.761  -34.761  -31.490  -31.490  -31.244  -31.244  -22.396  -22.396
  -22.327  -22.327   -8.249   -8.249   -7.486   -7.486   -6.242   -6.242   -5.947   -5.947
   -4.903   -4.903   -4.806   -4.806   -3.994   -3.994   -3.883   -3.883   -3.674   -3.674
   -3.616   -3.616    5.369    5.369    6.128    6.128    6.257    6.257    6.655    6.655
    7.261    7.261    7.451    7.451    7.842    7.842    7.912    7.912    8.895    8.895
    9.172    9.172    9.478    9.478    9.572    9.572   10.185   10.185   10.656   10.656
   10.845   10.845   12.742   12.742   13.957   13.957   15.677   15.677   15.812   15.812
   16.713   16.713
            0.196970  0.000000  0.000000
  -62.405  -62.405  -34.761  -34.761  -31.490  -31.490  -31.244  -31.244  -22.395  -22.395
  -22.327  -22.327   -8.243   -8.243   -7.483   -7.483   -6.247   -6.247   -5.956   -5.956
   -4.901   -4.901   -4.803   -4.803   -3.993   -3.993   -3.882   -3.882   -3.671   -3.671
   -3.612   -3.612    5.321    5.321    6.105    6.105    6.248    6.248    6.652    6.652
    7.257    7.257    7.431    7.431    7.832    7.832    7.906    7.906    8.911    8.911
    9.152    9.152    9.470    9.470    9.570    9.570   10.224   10.224   10.658   10.658
   10.860   10.860   12.755   12.755   13.997   13.997   15.699   15.699   15.851   15.851
   16.743   16.743
            0.202020  0.000000  0.000000
  -62.405  -62.405  -34.761  -34.761  -31.491  -31.491  -31.244  -31.244  -22.394  -22.394
  -22.327  -22.327   -8.236   -8.236   -7.479   -7.479   -6.251   -6.251   -5.964   -5.964
   -4.899   -4.899   -4.801   -4.801   -3.991   -3.991   -3.882   -3.882   -3.668   -3.668
   -3.608   -3.608    5.274    5.274    6.082    6.082    6.239    6.239    6.648    6.648
    7.253    7.253    7.413    7.413    7.822    7.822    7.899    7.899    8.926    8.926
    9.133    9.133    9.462    9.462    9.569    9.569   10.264   10.264   10.660   10.660
   10.876   10.876   12.766   12.766   14.038   14.038   15.721   15.721   15.891   15.891
   16.774   16.774
            0.207071  0.000000  0.000000
  -62.405  -62.405  -34.761  -34.761  -31.491  -31.491  -31.244  -31.244  -22.394  -22.394
  -22.327  -22.327   -8.229   -8.229   -7.476   -7.476   -6.254   -6.254   -5.973   -5.973
   -4.897   -4.897   -4.798   -4.798   -3.989   -3.989   -3.881   -3.881   -3.665   -3.665
   -3.604   -3.604    5.225    5.225    6.059    6.059    6.229    6.229    6.645    6.645
    7.250    7.250    7.395    7.395    7.812    7.812    7.892    7.892    8.941    8.941
    9.114    9.114    9.453    9.453    9.567    9.567   10.303   10.303   10.662   10.662
   10.892   10.892   12.777   12.777   14.080   14.080   15.744   15.744   15.931   15.931
   16.806   16.806
            0.212121  0.000000  0.000000
  -62.405  -62.405  -34.761  -34.761  -31.491  -31.491  -31.244  -31.244  -22.393  -22.393
  -22.327  -22.327   -8.223   -8.223   -7.473   -7.473   -6.258   -6.258   -5.981   -5.981
   -4.895   -4.895   -4.796   -4.796   -3.987   -3.987   -3.880   -3.880   -3.662   -3.662
   -3.600   -3.600    5.177    5.177    6.035    6.035    6.220    6.220    6.642    6.642
    7.247    7.247    7.377    7.377    7.803    7.803    7.885    7.885    8.955    8.955
    9.095    9.095    9.445    9.445    9.565    9.565   10.342   10.342   10.664   10.664
   10.910   10.910   12.788   12.788   14.121   14.121   15.767   15.767   15.971   15.971
   16.838   16.838
            0.217172  0.000000  0.000000
  -62.405  -62.405  -34.761  -34.761  -31.491  -31.491  -31.244  -31.244  -22.392  -22.392
  -22.327  -22.327   -8.216   -8.216   -7.469   -7.469   -6.262   -6.262   -5.989   -5.989
   -4.893   -4.893   -4.793   -4.793   -3.985   -3.985   -3.879   -3.879   -3.658   -3.658
   -3.596   -3.596    5.128    5.128    6.012    6.012    6.210    6.210    6.639    6.639
    7.243    7.243    7.360    7.360    7.794    7.794    7.878    7.878    8.968    8.968
    9.076    9.076    9.436    9.436    9.563    9.563   10.381   10.381   10.667   10.667
   10.928   10.928   12.798   12.798   14.163   14.163   15.790   15.790   16.011   16.011
   16.871   16.871
            0.222222  0.000000  0.000000
  -62.405  -62.405  -34.761  -34.761  -31.492  -31.492  -31.244  -31.244  -22.392  -22.392
  -22.327  -22.327   -8.210   -8.210   -7.465   -7.465   -6.265   -6.265   -5.998   -5.998
   -4.891   -4.891   -4.791   -4.791   -3.984   -3.984   -3.879   -3.879   -3.655   -3.655
   -3.591   -3.591    5.079    5.079    5.989    5.989    6.201    6.201    6.636    6.636
    7.240    7.240    7.344    7.344    7.785    7.785    7.872    7.872    8.981    8.981
    9.058    9.058    9.427    9.427    9.561    9.561   10.419   10.419   10.669   10.669
   10.947   10.947   12.807   12.807   14.205   14.205   15.813   15.813   16.050   16.050
   16.906   16.906
            0.227273  0.000000  0.000000
  -62.405  -62.405  -34.761  -34.761  -31.492  -31.492  -31.244  -31.244  -22.391  -22.391
  -22.327  -22.327   -8.203   -8.203   -7.462   -7.462   -6.269   -6.269   -6.006   -6.006
   -4.889   -4.889   -4.789   -4.789   -3.982   -3.982   -3.879   -3.879   -3.651   -3.651
   -3.587   -3.587    5.030    5.030    5.966    5.966    6.191    6.191    6.633    6.633
    7.236    7.236    7.329    7.329    7.776    7.776    7.865    7.865    8.993    8.993
    9.039    9.039    9.419    9.419    9.558    9.558   10.457   10.457   10.672   10.672
   10.967   10.967   12.816   12.816   14.247   14.247   15.837   15.837   16.090   16.090
   16.940   16.940
            0.232323  0.000000  0.000000
  -62.405  -62.405  -34.761  -34.761  -31.492  -31.492  -31.244  -31.244  -22.390  -22.390
  -22.327  -22.327   -8.197   -8.197   -7.458   -7.458   -6.272   -6.272   -6.015   -6.015
   -4.887   -4.887   -4.787   -4.787   -3.981   -3.981   -3.878   -3.878   -3.647   -3.647
   -3.582   -3.582    4.981    4.981    5.943    5.943    6.182    6.182    6.630    6.630
    7.233    7.233    7.314    7.314    7.768    7.768    7.858    7.858    9.004    9.004
    9.020    9.020    9.410    9.410    9.555    9.555   10.494   10.494   10.675   10.675
   10.988   10.988   12.824   12.824   14.289   14.289   15.861   15.861   16.129   16.129
   16.976   16.976
            0.237374  0.000000  0.000000
  -62.405  -62.405  -34.762  -34.762  -31.492  -31.492  -31.244  -31.244  -22.389  -22.389
  -22.327  -22.327   -8.190   -8.190   -7.454   -7.454   -6.275   -6.275   -6.023   -6.023
   -4.885   -4.885   -4.785   -4.785   -3.979   -3.979   -3.878   -3.878   -3.643   -3.643
   -3.578   -3.578    4.932    4.932    5.920    5.920    6.172    6.172    6.627    6.627
    7.229    7.229    7.300    7.300    7.760    7.760    7.851    7.851    9.001    9.001
    9.016    9.016    9.401    9.401    9.551    9.551   10.530   10.530   10.679   10.679
   11.009   11.009   12.832   12.832   14.331   14.331   15.885   15.885   16.167   16.167
   17.012   17.012
            0.242424  0.000000  0.000000
  -62.405  -62.405  -34.762  -34.762  -31.493  -31.493  -31.244  -31.244  -22.389  -22.389
  -22.327  -22.327   -8.184   -8.184   -7.450   -7.450   -6.278   -6.278   -6.031   -6.031
   -4.883   -4.883   -4.783   -4.783   -3.978   -3.978   -3.878   -3.878   -3.639   -3.639
   -3.573   -3.573    4.883    4.883    5.898    5.898    6.162    6.162    6.625    6.625
    7.225    7.225    7.288    7.288    7.752    7.752    7.844    7.844    8.983    8.983
    9.026    9.026    9.392    9.392    9.548    9.548   10.565   10.565   10.684   10.684
   11.031   11.031   12.839   12.839   14.373   14.373   15.909   15.909   16.205   16.205
   17.049   17.049
            0.247475  0.000000  0.000000
  -62.405  -62.405  -34.762  -34.762  -31.493  -31.493  -31.244  -31.244  -22.388  -22.388
  -22.327  -22.327   -8.178   -8.178   -7.446   -7.446   -6.281   -6.281   -6.040   -6.040
   -4.881   -4.881   -4.781   -4.781   -3.976   -3.976   -3.878   -3.878   -3.635   -3.635
   -3.569   -3.569    4.834    4.834    5.876    5.876    6.153    6.153    6.622    6.622
    7.220    7.220    7.276    7.276    7.745    7.745    7.837    7.837    8.964    8.964
    9.036    9.036    9.384    9.384    9.544    9.544   10.596   10.596   10.691   10.691
   11.053   11.053   12.847   12.847   14.415   14.415   15.934   15.934   16.243   16.243
   17.087   17.087
            0.252525  0.000000  0.000000
  -62.405  -62.405  -34.762  -34.762  -31.493  -31.493  -31.244  -31.244  -22.387  -22.387
  -22.327  -22.327   -8.172   -8.172   -7.442   -7.442   -6.284   -6.284   -6.048   -6.048
   -4.880   -4.880   -4.779   -4.779   -3.975   -3.975   -3.878   -3.878   -3.631   -3.631
   -3.564   -3.564    4.786    4.786    5.854    5.854    6.143    6.143    6.619    6.619
    7.214    7.214    7.266    7.266    7.738    7.738    7.830    7.830    8.946    8.946
    9.045    9.045    9.375    9.375    9.540    9.540   10.623   10.623   10.704   10.704
   11.076   11.076   12.853   12.853   14.456   14.456   15.959   15.959   16.279   16.279
   17.126   17.126
            0.257576  0.000000  0.000000
  -62.405  -62.405  -34.762  -34.762  -31.493  -31.493  -31.244  -31.244  -22.386  -22.386
  -22.327  -22.327   -8.166   -8.166   -7.437   -7.437   -6.286   -6.286   -6.056   -6.056
   -4.878   -4.878   -4.777   -4.777   -3.974   -3.974   -3.878   -3.878   -3.627   -3.627
   -3.560   -3.560    4.737    4.737    5.832    5.832    6.133    6.133    6.617    6.617
    7.207    7.207    7.258    7.258    7.731    7.731    7.823    7.823    8.928    8.928
    9.054    9.054    9.366    9.366    9.535    9.535   10.642   10.642   10.723   10.723
   11.100   11.100   12.860   12.860   14.497   14.497   15.984   15.984   16.315   16.315
   17.165   17.165
            0.262626  0.000000  0.000000
  -62.405  -62.405  -34.762  -34.762  -31.494  -31.494  -31.245  -31.245  -22.386  -22.386
  -22.327  -22.327   -8.160   -8.160   -7.433   -7.433   -6.288   -6.288   -6.064   -6.064
   -4.876   -4.876   -4.775   -4.775   -3.972   -3.972   -3.878   -3.878   -3.623   -3.623
   -3.555   -3.555    4.689    4.689    5.811    5.811    6.123    6.123    6.614    6.614
    7.199    7.199    7.251    7.251    7.724    7.724    7.817    7.817    8.910    8.910
    9.063    9.063    9.358    9.358    9.531    9.531   10.654   10.654   10.749   10.749
   11.124   11.124   12.866   12.866   14.538   14.538   16.009   16.009   16.351   16.351
   17.205   17.205
            0.267677  0.000000  0.000000
  -62.405  -62.405  -34.762  -34.762  -31.494  -31.494  -31.245  -31.245  -22.385  -22.385
  -22.327  -22.327   -8.155   -8.155   -7.428   -7.428   -6.291   -6.291   -6.072   -6.072
   -4.875   -4.875   -4.773   -4.773   -3.971   -3.971   -3.878   -3.878   -3.618   -3.618
   -3.550   -3.550    4.641    4.641    5.790    5.790    6.114    6.114    6.612    6.612
    7.190    7.190    7.246    7.246    7.717    7.717    7.810    7.810    8.893    8.893
    9.071    9.071    9.349    9.349    9.526    9.526   10.662   10.662   10.780   10.780
   11.148   11.148   12.872   12.872   14.579   14.579   16.034   16.034   16.385   16.385
   17.246   17.246
            0.272727  0.000000  0.000000
  -62.405  -62.405  -34.762  -34.762  -31.494  -31.494  -31.245  -31.245  -22.384  -22.384
  -22.327  -22.327   -8.149   -8.149   -7.424   -7.424   -6.293   -6.293   -6.080   -6.080
   -4.873   -4.873   -4.772   -4.772   -3.970   -3.970   -3.878   -3.878   -3.614   -3.614
   -3.546   -3.546    4.594    4.594    5.769    5.769    6.104    6.104    6.610    6.610
    7.180    7.180    7.242    7.242    7.711    7.711    7.803    7.803    8.875    8.875
    9.078    9.078    9.340    9.340    9.521    9.521   10.667   10.667   10.812   10.812
   11.173   11.173   12.877   12.877   14.619   14.619   16.060   16.060   16.418   16.418
   17.287   17.287
            0.277778  0.000000  0.000000
  -62.405  -62.405  -34.762  -34.762  -31.494  -31.494  -31.245  -31.245  -22.383  -22.383
  -22.327  -22.327   -8.144   -8.144   -7.419   -7.419   -6.294   -6.294   -6.088   -6.088
   -4.872   -4.872   -4.770   -4.770   -3.969   -3.969   -3.879   -3.879   -3.609   -3.609
   -3.541   -3.541    4.547    4.547    5.748    5.748    6.094    6.094    6.608    6.608
    7.170    7.170    7.238    7.238    7.704    7.704    7.796    7.796    8.858    8.858
    9.086    9.086    9.332    9.332    9.516    9.516   10.671   10.671   10.845   10.845
   11.197   11.197   12.883   12.883   14.658   14.658   16.085   16.085   16.451   16.451
   17.329   17.329
            0.282828  0.000000  0.000000
  -62.405  -62.405  -34.762  -34.762  -31.495  -31.495  -31.245  -31.245  -22.383  -22.383
  -22.327  -22.327   -8.138   -8.138   -7.415   -7.415   -6.296   -6.296   -6.096   -6.096
   -4.870   -4.870   -4.768   -4.768   -3.968   -3.968   -3.879   -3.879   -3.605   -3.605
   -3.536   -3.536    4.500    4.500    5.728    5.728    6.084    6.084    6.606    6.606
    7.160    7.160    7.235    7.235    7.698    7.698    7.790    7.790    8.841    8.841
    9.093    9.093    9.323    9.323    9.510    9.510   10.674   10.674   10.879   10.879
   11.223   11.223   12.888   12.888   14.698   14.698   16.111   16.111   16.482   16.482
   17.371   17.371
            0.287879  0.000000  0.000000
  -62.405  -62.405  -34.763  -34.763  -31.495  -31.495  -31.245  -31.245  -22.382  -22.382
  -22.327  -22.327   -8.133   -8.133   -7.410   -7.410   -6.298   -6.298   -6.104   -6.104
   -4.869   -4.869   -4.767   -4.767   -3.967   -3.967   -3.879   -3.879   -3.600   -3.600
   -3.532   -3.532    4.454    4.454    5.709    5.709    6.074    6.074    6.604    6.604
    7.150    7.150    7.233    7.233    7.692    7.692    7.783    7.783    8.824    8.824
    9.099    9.099    9.315    9.315    9.505    9.505   10.677   10.677   10.912   10.912
   11.248   11.248   12.893   12.893   14.736   14.736   16.137   16.137   16.513   16.513
   17.413   17.413
            0.292929  0.000000  0.000000
  -62.405  -62.405  -34.763  -34.763  -31.495  -31.495  -31.245  -31.245  -22.381  -22.381
  -22.327  -22.327   -8.129   -8.129   -7.405   -7.405   -6.299   -6.299   -6.112   -6.112
   -4.868   -4.868   -4.765   -4.765   -3.966   -3.966   -3.880   -3.880   -3.596   -3.596
   -3.527   -3.527    4.408    4.408    5.689    5.689    6.065    6.065    6.602    6.602
    7.140    7.140    7.231    7.231    7.686    7.686    7.776    7.776    8.808    8.808
    9.105    9.105    9.307    9.307    9.499    9.499   10.679   10.679   10.946   10.946
   11.274   11.274   12.897   12.897   14.775   14.775   16.162   16.162   16.542   16.542
   17.456   17.456
            0.297980  0.000000  0.000000
  -62.405  -62.405  -34.763  -34.763  -31.495  -31.495  -31.245  -31.245  -22.380  -22.380
  -22.327  -22.327   -8.124   -8.124   -7.400   -7.400   -6.300   -6.300   -6.119   -6.119
   -4.867   -4.867   -4.764   -4.764   -3.966   -3.966   -3.880   -3.880   -3.591   -3.591
   -3.523   -3.523    4.363    4.363    5.670    5.670    6.055    6.055    6.600    6.600
    7.131    7.131    7.229    7.229    7.681    7.681    7.770    7.770    8.791    8.791
    9.111    9.111    9.298    9.298    9.493    9.493   10.682   10.682   10.978   10.978
   11.299   11.299   12.902   12.902   14.813   14.813   16.188   16.188   16.570   16.570
   17.498   17.498
            0.303030  0.000000  0.000000
  -62.405  -62.405  -34.763  -34.763  -31.496  -31.496  -31.245  -31.245  -22.379  -22.379
  -22.327  -22.327   -8.119   -8.119   -7.395   -7.395   -6.301   -6.301   -6.127   -6.127
   -4.866   -4.866   -4.763   -4.763   -3.965   -3.965   -3.881   -3.881   -3.587   -3.587
   -3.518   -3.518    4.318    4.318    5.652    5.652    6.045    6.045    6.599    6.599
    7.121    7.121    7.227    7.227    7.675    7.675    7.763    7.763    8.775    8.775
    9.117    9.117    9.290    9.290    9.487    9.487   10.684   10.684   11.011   11.011
   11.325   11.325   12.906   12.906   14.850   14.850   16.214   16.214   16.597   16.597
   17.540   17.540
            0.308081  0.000000  0.000000
  -62.405  -62.405  -34.763  -34.763  -31.496  -31.496  -31.245  -31.245  -22.379  -22.379
  -22.327  -22.327   -8.115   -8.115   -7.390   -7.390   -6.302   -6.302   -6.134   -6.134
   -4.864   -4.864   -4.761   -4.761   -3.964   -3.964   -3.881   -3.881   -3.582   -3.582
   -3.513   -3.513    4.274    4.274    5.633    5.633    6.036    6.036    6.597    6.597
    7.112    7.112    7.226    7.226    7.670    7.670    7.757    7.757    8.760    8.760
    9.122    9.122    9.282    9.282    9.481    9.481   10.686   10.686   11.043   11.043
   11.350   11.350   12.911   12.911   14.886   14.886   16.240   16.240   16.622   16.622
   17.583   17.583
            0.313131  0.000000  0.000000
  -62.405  -62.405  -34.763  -34.763  -31.496  -31.496  -31.245  -31.245  -22.378  -22.378
  -22.327  -22.327   -8.111   -8.111   -7.385   -7.385   -6.302   -6.302   -6.141   -6.141
   -4.863   -4.863   -4.760   -4.760   -3.964   -3.964   -3.882   -3.882   -3.578   -3.578
   -3.509   -3.509    4.231    4.231    5.616    5.616    6.026    6.026    6.596    6.596
    7.104    7.104    7.225    7.225    7.664    7.664    7.751    7.751    8.744    8.744
    9.127    9.127    9.274    9.274    9.474    9.474   10.688   10.688   11.075   11.075
   11.376   11.376   12.915   12.915   14.923   14.923   16.265   16.265   16.647   16.647
   17.624   17.624
            0.318182  0.000000  0.000000
  -62.405  -62.405  -34.763  -34.763  -31.496  -31.496  -31.245  -31.245  -22.377  -22.377
  -22.327  -22.327   -8.107   -8.107   -7.379   -7.379   -6.303   -6.303   -6.148   -6.148
   -4.862   -4.862   -4.759   -4.759   -3.963   -3.963   -3.883   -3.883   -3.573   -3.573
   -3.504   -3.504    4.189    4.189    5.598    5.598    6.017    6.017    6.595    6.595
    7.095    7.095    7.223    7.223    7.659    7.659    7.744    7.744    8.729    8.729
    9.131    9.131    9.267    9.267    9.468    9.468   10.691   10.691   11.106   11.106
   11.401   11.401   12.918   12.918   14.958   14.958   16.291   16.291   16.670   16.670
   17.665   17.665
            0.323232  0.000000  0.000000
  -62.405  -62.405  -34.763  -34.763  -31.497  -31.497  -31.245  -31.245  -22.376  -22.376
  -22.328  -22.328   -8.103   -8.103   -7.374   -7.374   -6.303   -6.303   -6.155   -6.155
   -4.862   -4.862   -4.758   -4.758   -3.963   -3.963   -3.883   -3.883   -3.569   -3.569
   -3.500   -3.500    4.147    4.147    5.581    5.581    6.008    6.008    6.593    6.593
    7.087    7.087    7.222    7.222    7.654    7.654    7.738    7.738    8.714    8.714
    9.136    9.136    9.259    9.259    9.462    9.462   10.693   10.693   11.136   11.136
   11.427   11.427   12.922   12.922   14.993   14.993   16.317   16.317   16.692   16.692
   17.705   17.705
            0.328283  0.000000  0.000000
  -62.405  -62.405  -34.763  -34.763  -31.497  -31.497  -31.245  -31.245  -22.376  -22.376
  -22.328  -22.328   -8.099   -8.099   -7.369   -7.369   -6.303   -6.303   -6.162   -6.162
   -4.861   -4.861   -4.757   -4.757   -3.962   -3.962   -3.884   -3.884   -3.564   -3.564
   -3.496   -3.496    4.106    4.106    5.565    5.565    5.999    5.999    6.593    6.593
    7.079    7.079    7.221    7.221    7.649    7.649    7.732    7.732    8.699    8.699
    9.140    9.140    9.252    9.252    9.455    9.455   10.695   10.695   11.166   11.166
   11.452   11.452   12.926   12.926   15.027   15.027   16.342   16.342   16.712   16.712
   17.743   17.743
            0.333333  0.000000  0.000000
  -62.405  -62.405  -34.763  -34.763  -31.497  -31.497  -31.245  -31.245  -22.375  -22.375
  -22.328  -22.328   -8.096   -8.096   -7.363   -7.363   -6.303   -6.303   -6.169   -6.169
   -4.860   -4.860   -4.756   -4.756   -3.962   -3.962   -3.885   -3.885   -3.560   -3.560
   -3.491   -3.491    4.066    4.066    5.549    5.549    5.990    5.990    6.592    6.592
    7.071    7.071    7.220    7.220    7.644    7.644    7.726    7.726    8.685    8.685
    9.144    9.144    9.244    9.244    9.449    9.449   10.697   10.697   11.196   11.196
   11.477   11.477   12.929   12.929   15.061   15.061   16.368   16.368   16.732   16.732
   17.780   17.780
            0.338384  0.000000  0.000000
  -62.405  -62.405  -34.764  -34.764  -31.497  -31.497  -31.245  -31.245  -22.374  -22.374
  -22.328  -22.328   -8.093   -8.093   -7.358   -7.358   -6.303   -6.303   -6.175   -6.175
   -4.859   -4.859   -4.755   -4.755   -3.962   -3.962   -3.885   -3.885   -3.555   -3.555
   -3.487   -3.487    4.027    4.027    5.533    5.533    5.981    5.981    6.591    6.591
    7.064    7.064    7.219    7.219    7.640    7.640    7.720    7.720    8.671    8.671
    9.147    9.147    9.237    9.237    9.442    9.442   10.699   10.699   11.224   11.224
   11.501   11.501   12.933   12.933   15.093   15.093   16.393   16.393   16.750   16.750
   17.816   17.816
            0.343434  0.000000  0.000000
  -62.405  -62.405  -34.764  -34.764  -31.497  -31.497  -31.245  -31.245  -22.373  -22.373
  -22.328  -22.328   -8.090   -8.090   -7.353   -7.353   -6.303   -6.303   -6.182   -6.182
   -4.859   -4.859   -4.754   -4.754   -3.961   -3.961   -3.886   -3.886   -3.551   -3.551
   -3.483   -3.483    3.988    3.988    5.518    5.518    5.972    5.972    6.590    6.590
    7.057    7.057    7.219    7.219    7.635    7.635    7.715    7.715    8.657    8.657
    9.151    9.151    9.230    9.230    9.436    9.436   10.702   10.702   11.252   11.252
   11.525   11.525   12.936   12.936   15.126   15.126   16.418   16.418   16.767   16.767
   17.849   17.849
            0.348485  0.000000  0.000000
  -62.405  -62.405  -34.764  -34.764  -31.498  -31.498  -31.245  -31.245  -22.372  -22.372
  -22.328  -22.328   -8.087   -8.087   -7.347   -7.347   -6.302   -6.302   -6.188   -6.188
   -4.858   -4.858   -4.753   -4.753   -3.961   -3.961   -3.887   -3.887   -3.547   -3.547
   -3.479   -3.479    3.951    3.951    5.503    5.503    5.964    5.964    6.590    6.590
    7.050    7.050    7.218    7.218    7.630    7.630    7.709    7.709    8.644    8.644
    9.153    9.153    9.224    9.224    9.429    9.429   10.704   10.704   11.280   11.280
   11.549   11.549   12.939   12.939   15.157   15.157   16.443   16.443   16.782   16.782
   17.880   17.880
            0.353535  0.000000  0.000000
  -62.405  -62.405  -34.764  -34.764  -31.498  -31.498  -31.245  -31.245  -22.372  -22.372
  -22.328  -22.328   -8.084   -8.084   -7.342   -7.342   -6.302   -6.302   -6.194   -6.194
   -4.858   -4.858   -4.753   -4.753   -3.961   -3.961   -3.887   -3.887   -3.542   -3.542
   -3.475   -3.475    3.914    3.914    5.488    5.488    5.956    5.956    6.590    6.590
    7.043    7.043    7.217    7.217    7.626    7.626    7.703    7.703    8.631    8.631
    9.156    9.156    9.217    9.217    9.423    9.423   10.706   10.706   11.307   11.307
   11.573   11.573   12.942   12.942   15.188   15.188   16.468   16.468   16.797   16.797
   17.909   17.909
            0.358586  0.000000  0.000000
  -62.405  -62.405  -34.764  -34.764  -31.498  -31.498  -31.245  -31.245  -22.371  -22.371
  -22.328  -22.328   -8.082   -8.082   -7.337   -7.337   -6.301   -6.301   -6.200   -6.200
   -4.857   -4.857   -4.752   -4.752   -3.961   -3.961   -3.888   -3.888   -3.538   -3.538
   -3.471   -3.471    3.879    3.879    5.475    5.475    5.948    5.948    6.590    6.590
    7.037    7.037    7.217    7.217    7.622    7.622    7.698    7.698    8.618    8.618
    9.158    9.158    9.211    9.211    9.416    9.416   10.708   10.708   11.333   11.333
   11.596   11.596   12.945   12.945   15.218   15.218   16.492   16.492   16.810   16.810
   17.935   17.935
            0.363636  0.000000  0.000000
  -62.405  -62.405  -34.764  -34.764  -31.498  -31.498  -31.245  -31.245  -22.370  -22.370
  -22.329  -22.329   -8.080   -8.080   -7.331   -7.331   -6.300   -6.300   -6.206   -6.206
   -4.857   -4.857   -4.751   -4.751   -3.961   -3.961   -3.889   -3.889   -3.534   -3.534
   -3.467   -3.467    3.844    3.844    5.461    5.461    5.940    5.940    6.590    6.590
    7.031    7.031    7.217    7.217    7.617    7.617    7.693    7.693    8.606    8.606
    9.160    9.160    9.206    9.206    9.410    9.410   10.711   10.711   11.358   11.358
   11.619   11.619   12.948   12.948   15.247   15.247   16.517   16.517   16.822   16.822
   17.958   17.958
            0.368687  0.000000  0.000000
  -62.405  -62.405  -34.764  -34.764  -31.498  -31.498  -31.245  -31.245  -22.369  -22.369
  -22.329  -22.329   -8.078   -8.078   -7.326   -7.326   -6.299   -6.299   -6.211   -6.211
   -4.856   -4.856   -4.751   -4.751   -3.961   -3.961   -3.889   -3.889   -3.530   -3.530
   -3.464   -3.464    3.811    3.811    5.448    5.448    5.932    5.932    6.590    6.590
    7.026    7.026    7.216    7.216    7.613    7.613    7.688    7.688    8.594    8.594
    9.161    9.161    9.200    9.200    9.404    9.404   10.713   10.713   11.382   11.382
   11.641   11.641   12.950   12.950   15.275   15.275   16.541   16.541   16.833   16.833
   17.979   17.979
            0.373737  0.000000  0.000000
  -62.405  -62.405  -34.764  -34.764  -31.499  -31.499  -31.245  -31.245  -22.369  -22.369
  -22.329  -22.329   -8.076   -8.076   -7.321   -7.321   -6.298   -6.298   -6.217   -6.217
   -4.856   -4.856   -4.750   -4.750   -3.961   -3.961   -3.890   -3.890   -3.526   -3.526
   -3.460   -3.460    3.778    3.778    5.436    5.436    5.925    5.925    6.590    6.590
    7.020    7.020    7.216    7.216    7.609    7.609    7.682    7.682    8.582    8.582
    9.161    9.161    9.196    9.196    9.398    9.398   10.715   10.715   11.406   11.406
   11.662   11.662   12.953   12.953   15.303   15.303   16.564   16.564   16.842   16.842
   17.997   17.997
            0.378788  0.000000  0.000000
  -62.405  -62.405  -34.764  -34.764  -31.499  -31.499  -31.245  -31.245  -22.368  -22.368
  -22.329  -22.329   -8.074   -8.074   -7.316   -7.316   -6.297   -6.297   -6.222   -6.222
   -4.856   -4.856   -4.750   -4.750   -3.962   -3.962   -3.891   -3.891   -3.522   -3.522
   -3.457   -3.457    3.747    3.747    5.424    5.424    5.917    5.917    6.591    6.591
    7.015    7.015    7.216    7.216    7.605    7.605    7.678    7.678    8.571    8.571
    9.160    9.160    9.192    9.192    9.392    9.392   10.717   10.717   11.429   11.429
   11.684   11.684   12.956   12.956   15.330   15.330   16.588   16.588   16.851   16.851
   18.013   18.013
            0.383838  0.000000  0.000000
  -62.405  -62.405  -34.764  -34.764  -31.499  -31.499  -31.245  -31.245  -22.367  -22.367
  -22.329  -22.329   -8.072   -8.072   -7.311   -7.311   -6.295   -6.295   -6.227   -6.227
   -4.856   -4.856   -4.749   -4.749   -3.962   -3.962   -3.891   -3.891   -3.518   -3.518
   -3.453   -3.453    3.716    3.716    5.412    5.412    5.910    5.910    6.591    6.591
    7.010    7.010    7.215    7.215    7.601    7.601    7.673    7.673    8.560    8.560
    9.159    9.159    9.190    9.190    9.386    9.386   10.720   10.720   11.451   11.451
   11.704   11.704   12.958   12.958   15.356   15.356   16.611   16.611   16.858   16.858
   18.025   18.025
            0.388889  0.000000  0.000000
  -62.405  -62.405  -34.764  -34.764  -31.499  -31.499  -31.246  -31.246  -22.367  -22.367
  -22.330  -22.330   -8.071   -8.071   -7.306   -7.306   -6.294   -6.294   -6.232   -6.232
   -4.856   -4.856   -4.749   -4.749   -3.962   -3.962   -3.892   -3.892   -3.515   -3.515
   -3.450   -3.450    3.687    3.687    5.401    5.401    5.904    5.904    6.592    6.592
    7.005    7.005    7.215    7.215    7.598    7.598    7.668    7.668    8.550    8.550
    9.156    9.156    9.188    9.188    9.381    9.381   10.722   10.722   11.473   11.473
   11.724   11.724   12.960   12.960   15.381   15.381   16.634   16.634   16.865   16.865
   18.036   18.036
            0.393939  0.000000  0.000000
  -62.405  -62.405  -34.764  -34.764  -31.499  -31.499  -31.246  -31.246  -22.366  -22.366
  -22.330  -22.330   -8.070   -8.070   -7.301   -7.301   -6.292   -6.292   -6.237   -6.237
   -4.856   -4.856   -4.749   -4.749   -3.963   -3.963   -3.893   -3.893   -3.511   -3.511
   -3.447   -3.447    3.659    3.659    5.391    5.391    5.897    5.897    6.593    6.593
    7.001    7.001    7.215    7.215    7.594    7.594    7.664    7.664    8.539    8.539
    9.153    9.153    9.187    9.187    9.375    9.375   10.725   10.725   11.493   11.493
   11.743   11.743   12.963   12.963   15.406   15.406   16.656   16.656   16.870   16.870
   18.044   18.044
            0.398990  0.000000  0.000000
  -62.405  -62.405  -34.764  -34.764  -31.499  -31.499  -31.246  -31.246  -22.365  -22.365
  -22.330  -22.330   -8.069   -8.069   -7.296   -7.296   -6.291   -6.291   -6.241   -6.241
   -4.856   -4.856   -4.748   -4.748   -3.963   -3.963   -3.894   -3.894   -3.508   -3.508
   -3.444   -3.444    3.632    3.632    5.380    5.380    5.891    5.891    6.594    6.594
    6.996    6.996    7.215    7.215    7.590    7.590    7.659    7.659    8.530    8.530
    9.149    9.149    9.186    9.186    9.370    9.370   10.727   10.727   11.513   11.513
   11.762   11.762   12.965   12.965   15.430   15.430   16.678   16.678   16.874   16.874
   18.051   18.051
            0.404040  0.000000  0.000000
  -62.405  -62.405  -34.764  -34.764  -31.500  -31.500  -31.246  -31.246  -22.364  -22.364
  -22.330  -22.330   -8.068   -8.068   -7.291   -7.291   -6.289   -6.289   -6.245   -6.245
   -4.856   -4.856   -4.748   -4.748   -3.964   -3.964   -3.894   -3.894   -3.504   -3.504
   -3.441   -3.441    3.606    3.606    5.371    5.371    5.885    5.885    6.595    6.595
    6.992    6.992    7.215    7.215    7.587    7.587    7.655    7.655    8.520    8.520
    9.145    9.145    9.185    9.185    9.366    9.366   10.730   10.730   11.532   11.532
   11.779   11.779   12.967   12.967   15.452   15.452   16.700   16.700   16.877   16.877
   18.055   18.055
            0.409091  0.000000  0.000000
  -62.405  -62.405  -34.765  -34.765  -31.500  -31.500  -31.246  -31.246  -22.364  -22.364
  -22.331  -22.331   -8.067   -8.067   -7.286   -7.286   -6.288   -6.288   -6.249   -6.249
   -4.856   -4.856   -4.748   -4.748   -3.964   -3.964   -3.895   -3.895   -3.501   -3.501
   -3.438   -3.438    3.582    3.582    5.362    5.362    5.879    5.879    6.596    6.596
    6.988    6.988    7.215    7.215    7.583    7.583    7.651    7.651    8.511    8.511
    9.141    9.141    9.184    9.184    9.361    9.361   10.732   10.732   11.550   11.550
   11.796   11.796   12.969   12.969   15.475   15.475   16.721   16.721   16.879   16.879
   18.058   18.058
            0.414141  0.000000  0.000000
  -62.405  -62.405  -34.765  -34.765  -31.500  -31.500  -31.246  -31.246  -22.363  -22.363
  -22.331  -22.331   -8.067   -8.067   -7.282   -7.282   -6.286   -6.286   -6.253   -6.253
   -4.856   -4.856   -4.748   -4.748   -3.965   -3.965   -3.895   -3.895   -3.498   -3.498
   -3.435   -3.435    3.559    3.559    5.353    5.353    5.874    5.874    6.598    6.598
    6.985    6.985    7.216    7.216    7.580    7.580    7.647    7.647    8.503    8.503
    9.137    9.137    9.183    9.183    9.357    9.357   10.734   10.734   11.567   11.567
   11.813   11.813   12.971   12.971   15.496   15.496   16.741   16.741   16.881   16.881
   18.059   18.059
            0.419192  0.000000  0.000000
  -62.405  -62.405  -34.765  -34.765  -31.500  -31.500  -31.246  -31.246  -22.362  -22.362
  -22.331  -22.331   -8.066   -8.066   -7.278   -7.278   -6.285   -6.285   -6.256   -6.256
   -4.856   -4.856   -4.748   -4.748   -3.965   -3.965   -3.896   -3.896   -3.495   -3.495
   -3.432   -3.432    3.536    3.536    5.345    5.345    5.869    5.869    6.599    6.599
    6.981    6.981    7.216    7.216    7.577    7.577    7.643    7.643    8.494    8.494
    9.132    9.132    9.182    9.182    9.354    9.354   10.737   10.737   11.583   11.583
   11.828   11.828   12.973   12.973   15.516   15.516   16.761   16.761   16.881   16.881
   18.059   18.059
            0.424242  0.000000  0.000000
  -62.405  -62.405  -34.765  -34.765  -31.500  -31.500  -31.246  -31.246  -22.362  -22.362
  -22.331  -22.331   -8.066   -8.066   -7.273   -7.273   -6.284   -6.284   -6.258   -6.258
   -4.857   -4.857   -4.748   -4.748   -3.966   -3.966   -3.897   -3.897   -3.492   -3.492
   -3.430   -3.430    3.516    3.516    5.338    5.338    5.864    5.864    6.601    6.601
    6.978    6.978    7.216    7.216    7.573    7.573    7.640    7.640    8.487    8.487
    9.128    9.128    9.180    9.180    9.351    9.351   10.739   10.739   11.599   11.599
   11.843   11.843   12.975   12.975   15.535   15.535   16.781   16.781   16.881   16.881
   18.058   18.058
            0.429293  0.000000  0.000000
  -62.405  -62.405  -34.765  -34.765  -31.500  -31.500  -31.246  -31.246  -22.361  -22.361
  -22.332  -22.332   -8.065   -8.065   -7.269   -7.269   -6.283   -6.283   -6.260   -6.260
   -4.857   -4.857   -4.748   -4.748   -3.967   -3.967   -3.897   -3.897   -3.489   -3.489
   -3.428   -3.428    3.496    3.496    5.331    5.331    5.859    5.859    6.603    6.603
    6.975    6.975    7.217    7.217    7.570    7.570    7.636    7.636    8.479    8.479
    9.124    9.124    9.178    9.178    9.348    9.348   10.742   10.742   11.613   11.613
   11.857   11.857   12.977   12.977   15.554   15.554   16.800   16.800   16.879   16.879
   18.055   18.055
            0.434343  0.000000  0.000000
  -62.405  -62.405  -34.765  -34.765  -31.500  -31.500  -31.246  -31.246  -22.360  -22.360
  -22.332  -22.332   -8.065   -8.065   -7.265   -7.265   -6.283   -6.283   -6.261   -6.261
   -4.858   -4.858   -4.748   -4.748   -3.968   -3.968   -3.898   -3.898   -3.486   -3.486
   -3.426   -3.426    3.478    3.478    5.324    5.324    5.855    5.855    6.605    6.605
    6.973    6.973    7.217    7.217    7.567    7.567    7.633    7.633    8.472    8.472
    9.120    9.120    9.176    9.176    9.346    9.346   10.745   10.745   11.626   11.626
   11.870   11.870   12.978   12.978   15.572   15.572   16.819   16.819   16.877   16.877
   18.052   18.052
            0.439394  0.000000  0.000000
  -62.405  -62.405  -34.765  -34.765  -31.500  -31.500  -31.246  -31.246  -22.360  -22.360
  -22.332  -22.332   -8.065   -8.065   -7.262   -7.262   -6.284   -6.284   -6.261   -6.261
   -4.858   -4.858   -4.748   -4.748   -3.968   -3.968   -3.899   -3.899   -3.484   -3.484
   -3.423   -3.423    3.461    3.461    5.318    5.318    5.851    5.851    6.607    6.607
    6.970    6.970    7.218    7.218    7.564    7.564    7.630    7.630    8.465    8.465
    9.117    9.117    9.173    9.173    9.345    9.345   10.747   10.747   11.639   11.639
   11.882   11.882   12.980   12.980   15.589   15.589   16.837   16.837   16.874   16.874
   18.047   18.047
            0.444444  0.000000  0.000000
  -62.405  -62.405  -34.765  -34.765  -31.501  -31.501  -31.246  -31.246  -22.359  -22.359
  -22.333  -22.333   -8.065   -8.065   -7.258   -7.258   -6.285   -6.285   -6.261   -6.261
   -4.859   -4.859   -4.748   -4.748   -3.969   -3.969   -3.899   -3.899   -3.481   -3.481
   -3.422   -3.422    3.445    3.445    5.313    5.313    5.847    5.847    6.609    6.609
    6.968    6.968    7.218    7.218    7.562    7.562    7.627    7.627    8.459    8.459
    9.113    9.113    9.170    9.170    9.344    9.344   10.750   10.750   11.650   11.650
   11.893   11.893   12.981   12.981   15.605   15.605   16.854   16.854   16.871   16.871
   18.042   18.042
            0.449495  0.000000  0.000000
  -62.405  -62.405  -34.765  -34.765  -31.501  -31.501  -31.246  -31.246  -22.359  -22.359
  -22.333  -22.333   -8.066   -8.066   -7.255   -7.255   -6.286   -6.286   -6.260   -6.260
   -4.859   -4.859   -4.748   -4.748   -3.970   -3.970   -3.900   -3.900   -3.479   -3.479
   -3.420   -3.420    3.431    3.431    5.308    5.308    5.844    5.844    6.611    6.611
    6.966    6.966    7.219    7.219    7.559    7.559    7.625    7.625    8.453    8.453
    9.110    9.110    9.166    9.166    9.343    9.343   10.752   10.752   11.661   11.661
   11.904   11.904   12.983   12.983   15.620   15.620   16.866   16.866   16.871   16.871
   18.035   18.035
            0.454545  0.000000  0.000000
  -62.405  -62.405  -34.765  -34.765  -31.501  -31.501  -31.246  -31.246  -22.358  -22.358
  -22.333  -22.333   -8.066   -8.066   -7.252   -7.252   -6.288   -6.288   -6.258   -6.258
   -4.860   -4.860   -4.748   -4.748   -3.971   -3.971   -3.900   -3.900   -3.477   -3.477
   -3.418   -3.418    3.418    3.418    5.304    5.304    5.841    5.841    6.614    6.614
    6.964    6.964    7.220    7.220    7.556    7.556    7.622    7.622    8.448    8.448
    9.106    9.106    9.162    9.162    9.343    9.343   10.755   10.755   11.670   11.670
   11.913   11.913   12.984   12.984   15.634   15.634   16.862   16.862   16.887   16.887
   18.028   18.028
            0.459596  0.000000  0.000000
  -62.405  -62.405  -34.765  -34.765  -31.501  -31.501  -31.246  -31.246  -22.357  -22.357
  -22.334  -22.334   -8.067   -8.067   -7.249   -7.249   -6.290   -6.290   -6.256   -6.256
   -4.860   -4.860   -4.749   -4.749   -3.972   -3.972   -3.901   -3.901   -3.475   -3.475
   -3.417   -3.417    3.406    3.406    5.300    5.300    5.838    5.838    6.617    6.617
    6.962    6.962    7.220    7.220    7.554    7.554    7.620    7.620    8.443    8.443
    9.103    9.103    9.158    9.158    9.343    9.343   10.758   10.758   11.679   11.679
   11.922   11.922   12.986   12.986   15.647   15.647   16.856   16.856   16.902   16.902
   18.020   18.020
            0.464646  0.000000  0.000000
  -62.405  -62.405  -34.765  -34.765  -31.501  -31.501  -31.246  -31.246  -22.357  -22.357
  -22.334  -22.334   -8.067   -8.067   -7.246   -7.246   -6.292   -6.292   -6.254   -6.254
   -4.861   -4.861   -4.749   -4.749   -3.973   -3.973   -3.902   -3.902   -3.473   -3.473
   -3.415   -3.415    3.396    3.396    5.296    5.296    5.836    5.836    6.619    6.619
    6.960    6.960    7.221    7.221    7.551    7.551    7.618    7.618    8.438    8.438
    9.100    9.100    9.154    9.154    9.344    9.344   10.760   10.760   11.686   11.686
   11.930   11.930   12.987   12.987   15.659   15.659   16.850   16.850   16.917   16.917
   18.011   18.011
            0.469697  0.000000  0.000000
  -62.405  -62.405  -34.765  -34.765  -31.501  -31.501  -31.246  -31.246  -22.356  -22.356
  -22.335  -22.335   -8.068   -8.068   -7.244   -7.244   -6.293   -6.293   -6.251   -6.251
   -4.862   -4.862   -4.749   -4.749   -3.974   -3.974   -3.902   -3.902   -3.471   -3.471
   -3.414   -3.414    3.387    3.387    5.293    5.293    5.834    5.834    6.622    6.622
    6.959    6.959    7.222    7.222    7.549    7.549    7.616    7.616    8.434    8.434
    9.098    9.098    9.149    9.149    9.345    9.345   10.763   10.763   11.693   11.693
   11.936   11.936   12.988   12.988   15.671   15.671   16.843   16.843   16.931   16.931
   18.001   18.001
            0.474747  0.000000  0.000000
  -62.405  -62.405  -34.765  -34.765  -31.501  -31.501  -31.246  -31.246  -22.356  -22.356
  -22.335  -22.335   -8.068   -8.068   -7.241   -7.241   -6.295   -6.295   -6.248   -6.248
   -4.863   -4.863   -4.750   -4.750   -3.975   -3.975   -3.903   -3.903   -3.470   -3.470
   -3.413   -3.413    3.379    3.379    5.291    5.291    5.832    5.832    6.625    6.625
    6.958    6.958    7.223    7.223    7.547    7.547    7.614    7.614    8.431    8.431
    9.095    9.095    9.143    9.143    9.347    9.347   10.766   10.766   11.698   11.698
   11.942   11.942   12.989   12.989   15.681   15.681   16.836   16.836   16.944   16.944
   17.991   17.991
            0.479798  0.000000  0.000000
  -62.405  -62.405  -34.765  -34.765  -31.501  -31.501  -31.246  -31.246  -22.355  -22.355
  -22.335  -22.335   -8.069   -8.069   -7.239   -7.239   -6.296   -6.296   -6.246   -6.246
   -4.864   -4.864   -4.750   -4.750   -3.977   -3.977   -3.903   -3.903   -3.468   -3.468
   -3.412   -3.412    3.373    3.373    5.289    5.289    5.831    5.831    6.628    6.628
    6.957    6.957    7.224    7.224    7.544    7.544    7.612    7.612    8.427    8.427
    9.093    9.093    9.138    9.138    9.348    9.348   10.768   10.768   11.703   11.703
   11.947   11.947   12.990   12.990   15.691   15.691   16.828   16.828   16.957   16.957
   17.979   17.979
            0.484848  0.000000  0.000000
  -62.405  -62.405  -34.765  -34.765  -31.501  -31.501  -31.246  -31.246  -22.355  -22.355
  -22.336  -22.336   -8.070   -8.070   -7.238   -7.238   -6.298   -6.298   -6.243   -6.243
   -4.865   -4.865   -4.751   -4.751   -3.978   -3.978   -3.904   -3.904   -3.467   -3.467
   -3.411   -3.411    3.368    3.368    5.288    5.288    5.829    5.829    6.631    6.631
    6.956    6.956    7.225    7.225    7.542    7.542    7.611    7.611    8.424    8.424
    9.090    9.090    9.132    9.132    9.351    9.351   10.771   10.771   11.706   11.706
   11.951   11.951   12.991   12.991   15.699   15.699   16.820   16.820   16.969   16.969
   17.967   17.967
            0.489899  0.000000  0.000000
  -62.405  -62.405  -34.765  -34.765  -31.501  -31.501  -31.246  -31.246  -22.354  -22.354
  -22.336  -22.336   -8.071   -8.071   -7.236   -7.236   -6.299   -6.299   -6.240   -6.240
   -4.865   -4.865   -4.751   -4.751   -3.979   -3.979   -3.905   -3.905   -3.466   -3.466
   -3.411   -3.411    3.365    3.365    5.287    5.287    5.829    5.829    6.635    6.635
    6.955    6.955    7.226    7.226    7.540    7.540    7.610    7.610    8.422    8.422
    9.088    9.088    9.127    9.127    9.353    9.353   10.774   10.774   11.709   11.709
   11.954   11.954   12.992   12.992   15.707   15.707   16.811   16.811   16.980   16.980
   17.955   17.955
            0.494949  0.000000  0.000000
  -62.405  -62.405  -34.765  -34.765  -31.501  -31.501  -31.246  -31.246  -22.354  -22.354
  -22.337  -22.337   -8.072   -8.072   -7.235   -7.235   -6.300   -6.300   -6.237   -6.237
   -4.866   -4.866   -4.752   -4.752   -3.980   -3.980   -3.905   -3.905   -3.465   -3.465
   -3.410   -3.410    3.363    3.363    5.287    5.287    5.828    5.828    6.638    6.638
    6.955    6.955    7.228    7.228    7.538    7.538    7.609    7.609    8.420    8.420
    9.086    9.086    9.121    9.121    9.356    9.356   10.777   10.777   11.710   11.710
   11.956   11.956   12.993   12.993   15.713   15.713   16.801   16.801   16.990   16.990
   17.941   17.941
            0.500000  0.000000  0.000000
  -62.405  -62.405  -34.765  -34.765  -31.501  -31.501  -31.246  -31.246  -22.353  -22.353
  -22.337  -22.337   -8.073   -8.073   -7.234   -7.234   -6.301   -6.301   -6.234   -6.234
   -4.867   -4.867   -4.753   -4.753   -3.981   -3.981   -3.906   -3.906   -3.464   -3.464
   -3.410   -3.410    3.362    3.362    5.288    5.288    5.828    5.828    6.642    6.642
    6.955    6.955    7.229    7.229    7.537    7.537    7.608    7.608    8.418    8.418
    9.084    9.084    9.115    9.115    9.359    9.359   10.779   10.779   11.710   11.710
   11.957   11.957   12.994   12.994   15.719   15.719   16.792   16.792   17.000   17.000
   17.927   17.927
            0.505121  0.000000  0.000000
  -62.405  -62.405  -34.765  -34.765  -31.501  -31.501  -31.246  -31.246  -22.353  -22.353
  -22.338  -22.338   -8.075   -8.075   -7.233   -7.233   -6.301   -6.301   -6.230   -6.230
   -4.869   -4.869   -4.753   -4.753   -3.983   -3.983   -3.906   -3.906   -3.463   -3.463
   -3.410   -3.410    3.363    3.363    5.289    5.289    5.828    5.828    6.645    6.645
    6.955    6.955    7.230    7.230    7.535    7.535    7.608    7.608    8.417    8.417
    9.082    9.082    9.110    9.110    9.362    9.362   10.782   10.782   11.710   11.710
   11.957   11.957   12.995   12.995   15.724   15.724   16.781   16.781   17.009   17.009
   17.912   17.912
            0.510241  0.000000  0.000000
  -62.405  -62.405  -34.765  -34.765  -31.501  -31.501  -31.246  -31.246  -22.352  -22.352
  -22.338  -22.338   -8.076   -8.076   -7.233   -7.233   -6.302   -6.302   -6.227   -6.227
   -4.870   -4.870   -4.754   -4.754   -3.984   -3.984   -3.907   -3.907   -3.462   -3.462
   -3.410   -3.410    3.365    3.365    5.290    5.290    5.829    5.829    6.649    6.649
    6.955    6.955    7.232    7.232    7.533    7.533    7.607    7.607    8.416    8.416
    9.079    9.079    9.104    9.104    9.366    9.366   10.785   10.785   11.708   11.708
   11.956   11.956   12.995   12.995   15.728   15.728   16.770   16.770   17.017   17.017
   17.896   17.896
            0.515362  0.000000  0.000000
  -62.405  -62.405  -34.765  -34.765  -31.501  -31.501  -31.246  -31.246  -22.352  -22.352
  -22.339  -22.339   -8.077   -8.077   -7.232   -7.232   -6.302   -6.302   -6.224   -6.224
   -4.871   -4.871   -4.755   -4.755   -3.985   -3.985   -3.908   -3.908   -3.462   -3.462
   -3.410   -3.410    3.369    3.369    5.292    5.292    5.830    5.830    6.653    6.653
    6.955    6.955    7.233    7.233    7.531    7.531    7.607    7.607    8.416    8.416
    9.076    9.076    9.100    9.100    9.370    9.370   10.788   10.788   11.705   11.705
   11.954   11.954   12.996   12.996   15.731   15.731   16.759   16.759   17.024   17.024
   17.880   17.880
            0.520483  0.000000  0.000000
  -62.405  -62.405  -34.765  -34.765  -31.501  -31.501  -31.246  -31.246  -22.351  -22.351
  -22.339  -22.339   -8.079   -8.079   -7.232   -7.232   -6.303   -6.303   -6.220   -6.220
   -4.872   -4.872   -4.756   -4.756   -3.987   -3.987   -3.908   -3.908   -3.462   -3.462
   -3.410   -3.410    3.374    3.374    5.295    5.295    5.831    5.831    6.657    6.657
    6.955    6.955    7.235    7.235    7.530    7.530    7.608    7.608    8.416    8.416
    9.073    9.073    9.096    9.096    9.374    9.374   10.791   10.791   11.701   11.701
   11.951   11.951   12.996   12.996   15.732   15.732   16.747   16.747   17.030   17.030
   17.863   17.863
            0.525604  0.000000  0.000000
  -62.405  -62.405  -34.765  -34.765  -31.501  -31.501  -31.246  -31.246  -22.351  -22.351
  -22.340  -22.340   -8.080   -8.080   -7.233   -7.233   -6.302   -6.302   -6.217   -6.217
   -4.873   -4.873   -4.757   -4.757   -3.988   -3.988   -3.909   -3.909   -3.461   -3.461
   -3.411   -3.411    3.381    3.381    5.298    5.298    5.832    5.832    6.661    6.661
    6.956    6.956    7.236    7.236    7.528    7.528    7.608    7.608    8.417    8.417
    9.068    9.068    9.093    9.093    9.378    9.378   10.794   10.794   11.696   11.696
   11.947   11.947   12.997   12.997   15.733   15.733   16.734   16.734   17.035   17.035
   17.846   17.846
            0.530724  0.000000  0.000000
  -62.405  -62.405  -34.765  -34.765  -31.501  -31.501  -31.246  -31.246  -22.351  -22.351
  -22.340  -22.340   -8.082   -8.082   -7.233   -7.233   -6.302   -6.302   -6.213   -6.213
   -4.874   -4.874   -4.758   -4.758   -3.989   -3.989   -3.909   -3.909   -3.461   -3.461
   -3.411   -3.411    3.389    3.389    5.302    5.302    5.834    5.834    6.665    6.665
    6.957    6.957    7.238    7.238    7.527    7.527    7.609    7.609    8.418    8.418
    9.063    9.063    9.091    9.091    9.382    9.382   10.796   10.796   11.691   11.691
   11.942   11.942   12.997   12.997   15.733   15.733   16.721   16.721   17.040   17.040
   17.828   17.828
            0.535845  0.000000  0.000000
  -62.405  -62.405  -34.765  -34.765  -31.501  -31.501  -31.246  -31.246  -22.350  -22.350
  -22.341  -22.341   -8.083   -8.083   -7.234   -7.234   -6.302   -6.302   -6.209   -6.209
   -4.876   -4.876   -4.759   -4.759   -3.991   -3.991   -3.910   -3.910   -3.462   -3.462
   -3.412   -3.412    3.398    3.398    5.306    5.306    5.837    5.837    6.669    6.669
    6.958    6.958    7.240    7.240    7.526    7.526    7.609    7.609    8.419    8.419
    9.056    9.056    9.090    9.090    9.387    9.387   10.799   10.799   11.684   11.684
   11.936   11.936   12.997   12.997   15.732   15.732   16.708   16.708   17.043   17.043
   17.809   17.809
            0.540966  0.000000  0.000000
  -62.405  -62.405  -34.765  -34.765  -31.501  -31.501  -31.246  -31.246  -22.350  -22.350
  -22.341  -22.341   -8.085   -8.085   -7.235   -7.235   -6.301   -6.301   -6.206   -6.206
   -4.877   -4.877   -4.760   -4.760   -3.992   -3.992   -3.911   -3.911   -3.462   -3.462
   -3.413   -3.413    3.409    3.409    5.311    5.311    5.839    5.839    6.673    6.673
    6.959    6.959    7.241    7.241    7.525    7.525    7.611    7.611    8.421    8.421
    9.050    9.050    9.089    9.089    9.391    9.391   10.802   10.802   11.676   11.676
   11.929   11.929   12.998   12.998   15.729   15.729   16.693   16.693   17.046   17.046
   17.790   17.790
            0.546086  0.000000  0.000000
  -62.405  -62.405  -34.765  -34.765  -31.501  -31.501  -31.246  -31.246  -22.349  -22.349
  -22.342  -22.342   -8.087   -8.087   -7.237   -7.237   -6.301   -6.301   -6.202   -6.202
   -4.878   -4.878   -4.761   -4.761   -3.994   -3.994   -3.911   -3.911   -3.462   -3.462
   -3.414   -3.414    3.421    3.421    5.316    5.316    5.842    5.842    6.678    6.678
    6.961    6.961    7.243    7.243    7.524    7.524    7.612    7.612    8.423    8.423
    9.043    9.043    9.089    9.089    9.396    9.396   10.805   10.805   11.667   11.667
   11.922   11.922   12.998   12.998   15.726   15.726   16.679   16.679   17.047   17.047
   17.771   17.771
            0.551130  0.000000  0.000000
  -62.405  -62.405  -34.765  -34.765  -31.501  -31.501  -31.246  -31.246  -22.349  -22.349
  -22.343  -22.343   -8.089   -8.089   -7.239   -7.239   -6.300   -6.300   -6.198   -6.198
   -4.880   -4.880   -4.762   -4.762   -3.995   -3.995   -3.912   -3.912   -3.463   -3.463
   -3.415   -3.415    3.434    3.434    5.322    5.322    5.845    5.845    6.682    6.682
    6.963    6.963    7.245    7.245    7.523    7.523    7.613    7.613    8.426    8.426
    9.036    9.036    9.090    9.090    9.401    9.401   10.808   10.808   11.657   11.657
   11.913   11.913   12.998   12.998   15.722   15.722   16.664   16.664   17.048   17.048
   17.751   17.751
            0.556173  0.000000  0.000000
  -62.405  -62.405  -34.765  -34.765  -31.501  -31.501  -31.246  -31.246  -22.349  -22.349
  -22.343  -22.343   -8.091   -8.091   -7.241   -7.241   -6.299   -6.299   -6.194   -6.194
   -4.881   -4.881   -4.763   -4.763   -3.996   -3.996   -3.913   -3.913   -3.464   -3.464
   -3.416   -3.416    3.449    3.449    5.328    5.328    5.849    5.849    6.686    6.686
    6.964    6.964    7.247    7.247    7.522    7.522    7.615    7.615    8.429    8.429
    9.029    9.029    9.090    9.090    9.406    9.406   10.811   10.811   11.646   11.646
   11.904   11.904   12.998   12.998   15.717   15.717   16.648   16.648   17.048   17.048
   17.732   17.732
            0.561217  0.000000  0.000000
  -62.405  -62.405  -34.765  -34.765  -31.500  -31.500  -31.246  -31.246  -22.348  -22.348
  -22.344  -22.344   -8.093   -8.093   -7.243   -7.243   -6.297   -6.297   -6.190   -6.190
   -4.882   -4.882   -4.764   -4.764   -3.998   -3.998   -3.913   -3.913   -3.465   -3.465
   -3.418   -3.418    3.464    3.464    5.335    5.335    5.852    5.852    6.690    6.690
    6.966    6.966    7.249    7.249    7.521    7.521    7.617    7.617    8.433    8.433
    9.022    9.022    9.091    9.091    9.411    9.411   10.814   10.814   11.634   11.634
   11.893   11.893   12.998   12.998   15.710   15.710   16.632   16.632   17.047   17.047
   17.712   17.712
            0.566260  0.000000  0.000000
  -62.405  -62.405  -34.765  -34.765  -31.500  -31.500  -31.246  -31.246  -22.348  -22.348
  -22.344  -22.344   -8.095   -8.095   -7.245   -7.245   -6.296   -6.296   -6.186   -6.186
   -4.884   -4.884   -4.765   -4.765   -3.999   -3.999   -3.914   -3.914   -3.466   -3.466
   -3.419   -3.419    3.482    3.482    5.342    5.342    5.856    5.856    6.695    6.695
    6.969    6.969    7.251    7.251    7.520    7.520    7.619    7.619    8.436    8.436
    9.015    9.015    9.092    9.092    9.416    9.416   10.817   10.817   11.621   11.621
   11.882   11.882   12.998   12.998   15.703   15.703   16.615   16.615   17.045   17.045
   17.692   17.692
            0.571304  0.000000  0.000000
  -62.405  -62.405  -34.765  -34.765  -31.500  -31.500  -31.246  -31.246  -22.348  -22.348
  -22.345  -22.345   -8.097   -8.097   -7.248   -7.248   -6.294   -6.294   -6.182   -6.182
   -4.885   -4.885   -4.767   -4.767   -4.001   -4.001   -3.915   -3.915   -3.467   -3.467
   -3.421   -3.421    3.500    3.500    5.350    5.350    5.861    5.861    6.699    6.699
    6.971    6.971    7.253    7.253    7.520    7.520    7.621    7.621    8.441    8.441
    9.007    9.007    9.094    9.094    9.421    9.421   10.819   10.819   11.607   11.607
   11.870   11.870   12.997   12.997   15.695   15.695   16.598   16.598   17.042   17.042
   17.671   17.671
            0.576347  0.000000  0.000000
  -62.405  -62.405  -34.765  -34.765  -31.500  -31.500  -31.246  -31.246  -22.348  -22.348
  -22.346  -22.346   -8.099   -8.099   -7.251   -7.251   -6.293   -6.293   -6.178   -6.178
   -4.887   -4.887   -4.768   -4.768   -4.002   -4.002   -3.915   -3.915   -3.468   -3.468
   -3.423   -3.423    3.520    3.520    5.359    5.359    5.865    5.865    6.704    6.704
    6.974    6.974    7.255    7.255    7.520    7.520    7.624    7.624    8.446    8.446
    9.000    9.000    9.095    9.095    9.427    9.427   10.822   10.822   11.593   11.593
   11.858   11.858   12.997   12.997   15.685   15.685   16.580   16.580   17.038   17.038
   17.651   17.651
            0.581391  0.000000  0.000000
  -62.405  -62.405  -34.765  -34.765  -31.500  -31.500  -31.246  -31.246  -22.347  -22.347
  -22.346  -22.346   -8.101   -8.101   -7.254   -7.254   -6.291   -6.291   -6.174   -6.174
   -4.888   -4.888   -4.769   -4.769   -4.003   -4.003   -3.916   -3.916   -3.469   -3.469
   -3.425   -3.425    3.541    3.541    5.368    5.368    5.870    5.870    6.708    6.708
    6.977    6.977    7.257    7.257    7.519    7.519    7.627    7.627    8.451    8.451
    8.992    8.992    9.097    9.097    9.432    9.432   10.825   10.825   11.577   11.577
   11.844   11.844   12.997   12.997   15.675   15.675   16.561   16.561   17.033   17.033
   17.631   17.631
            0.586434  0.000000  0.000000
  -62.405  -62.405  -34.765  -34.765  -31.500  -31.500  -31.246  -31.246  -22.347  -22.347
  -22.347  -22.347   -8.103   -8.103   -7.257   -7.257   -6.289   -6.289   -6.169   -6.169
   -4.889   -4.889   -4.771   -4.771   -4.005   -4.005   -3.917   -3.917   -3.471   -3.471
   -3.427   -3.427    3.563    3.563    5.377    5.377    5.876    5.876    6.713    6.713
    6.980    6.980    7.259    7.259    7.519    7.519    7.630    7.630    8.456    8.456
    8.985    8.985    9.099    9.099    9.437    9.437   10.828   10.828   11.561   11.561
   11.830   11.830   12.996   12.996   15.664   15.664   16.542   16.542   17.027   17.027
   17.610   17.610
            0.591478  0.000000  0.000000
  -62.405  -62.405  -34.765  -34.765  -31.500  -31.500  -31.246  -31.246  -22.348  -22.348
  -22.347  -22.347   -8.106   -8.106   -7.261   -7.261   -6.286   -6.286   -6.165   -6.165
   -4.891   -4.891   -4.772   -4.772   -4.006   -4.006   -3.918   -3.918   -3.473   -3.473
   -3.429   -3.429    3.587    3.587    5.387    5.387    5.881    5.881    6.717    6.717
    6.983    6.983    7.261    7.261    7.519    7.519    7.633    7.633    8.462    8.462
    8.977    8.977    9.101    9.101    9.443    9.443   10.831   10.831   11.543   11.543
   11.815   11.815   12.995   12.995   15.652   15.652   16.521   16.521   17.021   17.021
   17.590   17.590
            0.596521  0.000000  0.000000
  -62.405  -62.405  -34.764  -34.764  -31.500  -31.500  -31.246  -31.246  -22.348  -22.348
  -22.347  -22.347   -8.108   -8.108   -7.265   -7.265   -6.284   -6.284   -6.161   -6.161
   -4.892   -4.892   -4.774   -4.774   -4.007   -4.007   -3.918   -3.918   -3.475   -3.475
   -3.431   -3.431    3.612    3.612    5.398    5.398    5.887    5.887    6.722    6.722
    6.986    6.986    7.263    7.263    7.519    7.519    7.636    7.636    8.469    8.469
    8.970    8.970    9.104    9.104    9.448    9.448   10.834   10.834   11.525   11.525
   11.799   11.799   12.995   12.995   15.638   15.638   16.500   16.500   17.013   17.013
   17.570   17.570
            0.601565  0.000000  0.000000
  -62.405  -62.405  -34.764  -34.764  -31.499  -31.499  -31.246  -31.246  -22.349  -22.349
  -22.346  -22.346   -8.111   -8.111   -7.269   -7.269   -6.282   -6.282   -6.156   -6.156
   -4.894   -4.894   -4.775   -4.775   -4.009   -4.009   -3.919   -3.919   -3.476   -3.476
   -3.434   -3.434    3.638    3.638    5.409    5.409    5.893    5.893    6.726    6.726
    6.990    6.990    7.265    7.265    7.520    7.520    7.640    7.640    8.476    8.476
    8.962    8.962    9.106    9.106    9.454    9.454   10.837   10.837   11.506   11.506
   11.782   11.782   12.994   12.994   15.624   15.624   16.478   16.478   17.005   17.005
   17.551   17.551
            0.606608  0.000000  0.000000
  -62.405  -62.405  -34.764  -34.764  -31.499  -31.499  -31.246  -31.246  -22.349  -22.349
  -22.346  -22.346   -8.113   -8.113   -7.273   -7.273   -6.279   -6.279   -6.152   -6.152
   -4.895   -4.895   -4.777   -4.777   -4.010   -4.010   -3.920   -3.920   -3.479   -3.479
   -3.436   -3.436    3.665    3.665    5.420    5.420    5.900    5.900    6.730    6.730
    6.994    6.994    7.267    7.267    7.520    7.520    7.643    7.643    8.483    8.483
    8.955    8.955    9.109    9.109    9.459    9.459   10.840   10.840   11.486   11.486
   11.765   11.765   12.993   12.993   15.609   15.609   16.455   16.455   16.996   16.996
   17.531   17.531
            0.611652  0.000000  0.000000
  -62.405  -62.405  -34.764  -34.764  -31.499  -31.499  -31.246  -31.246  -22.350  -22.350
  -22.346  -22.346   -8.116   -8.116   -7.277   -7.277   -6.276   -6.276   -6.147   -6.147
   -4.897   -4.897   -4.778   -4.778   -4.011   -4.011   -3.921   -3.921   -3.481   -3.481
   -3.439   -3.439    3.693    3.693    5.432    5.432    5.906    5.906    6.735    6.735
    6.998    6.998    7.269    7.269    7.521    7.521    7.647    7.647    8.490    8.490
    8.947    8.947    9.112    9.112    9.464    9.464   10.843   10.843   11.465   11.465
   11.747   11.747   12.992   12.992   15.592   15.592   16.432   16.432   16.985   16.985
   17.512   17.512
            0.616695  0.000000  0.000000
  -62.405  -62.405  -34.764  -34.764  -31.499  -31.499  -31.246  -31.246  -22.351  -22.351
  -22.346  -22.346   -8.119   -8.119   -7.282   -7.282   -6.273   -6.273   -6.142   -6.142
   -4.898   -4.898   -4.780   -4.780   -4.013   -4.013   -3.922   -3.922   -3.483   -3.483
   -3.442   -3.442    3.722    3.722    5.445    5.445    5.913    5.913    6.739    6.739
    7.002    7.002    7.272    7.272    7.521    7.521    7.651    7.651    8.498    8.498
    8.940    8.940    9.115    9.115    9.470    9.470   10.846   10.846   11.443   11.443
   11.729   11.729   12.991   12.991   15.575   15.575   16.407   16.407   16.974   16.974
   17.494   17.494
            0.621739  0.000000  0.000000
  -62.405  -62.405  -34.764  -34.764  -31.499  -31.499  -31.245  -31.245  -22.351  -22.351
  -22.346  -22.346   -8.122   -8.122   -7.287   -7.287   -6.270   -6.270   -6.137   -6.137
   -4.900   -4.900   -4.781   -4.781   -4.014   -4.014   -3.922   -3.922   -3.485   -3.485
   -3.445   -3.445    3.753    3.753    5.458    5.458    5.920    5.920    6.744    6.744
    7.007    7.007    7.274    7.274    7.522    7.522    7.656    7.656    8.507    8.507
    8.932    8.932    9.119    9.119    9.475    9.475   10.849   10.849   11.421   11.421
   11.710   11.710   12.990   12.990   15.556   15.556   16.382   16.382   16.962   16.962
   17.476   17.476
            0.626782  0.000000  0.000000
  -62.405  -62.405  -34.764  -34.764  -31.499  -31.499  -31.245  -31.245  -22.352  -22.352
  -22.346  -22.346   -8.125   -8.125   -7.292   -7.292   -6.267   -6.267   -6.132   -6.132
   -4.901   -4.901   -4.783   -4.783   -4.015   -4.015   -3.923   -3.923   -3.488   -3.488
   -3.448   -3.448    3.784    3.784    5.472    5.472    5.928    5.928    6.748    6.748
    7.012    7.012    7.276    7.276    7.523    7.523    7.660    7.660    8.516    8.516
    8.925    8.925    9.122    9.122    9.480    9.480   10.851   10.851   11.397   11.397
   11.691   11.691   12.988   12.988   15.537   15.537   16.356   16.356   16.949   16.949
   17.458   17.458
            0.631826  0.000000  0.000000
  -62.405  -62.405  -34.764  -34.764  -31.498  -31.498  -31.245  -31.245  -22.353  -22.353
  -22.345  -22.345   -8.128   -8.128   -7.297   -7.297   -6.263   -6.263   -6.127   -6.127
   -4.903   -4.903   -4.785   -4.785   -4.017   -4.017   -3.924   -3.924   -3.491   -3.491
   -3.451   -3.451    3.817    3.817    5.486    5.486    5.935    5.935    6.752    6.752
    7.017    7.017    7.278    7.278    7.525    7.525    7.665    7.665    8.525    8.525
    8.917    8.917    9.126    9.126    9.485    9.485   10.854   10.854   11.373   11.373
   11.671   11.671   12.987   12.987   15.517   15.517   16.329   16.329   16.936   16.936
   17.441   17.441
            0.636869  0.000000  0.000000
  -62.405  -62.405  -34.764  -34.764  -31.498  -31.498  -31.245  -31.245  -22.354  -22.354
  -22.345  -22.345   -8.131   -8.131   -7.302   -7.302   -6.260   -6.260   -6.122   -6.122
   -4.904   -4.904   -4.787   -4.787   -4.018   -4.018   -3.925   -3.925   -3.493   -3.493
   -3.454   -3.454    3.851    3.851    5.501    5.501    5.943    5.943    6.757    6.757
    7.022    7.022    7.281    7.281    7.526    7.526    7.669    7.669    8.534    8.534
    8.910    8.910    9.130    9.130    9.490    9.490   10.857   10.857   11.348   11.348
   11.650   11.650   12.985   12.985   15.495   15.495   16.301   16.301   16.921   16.921
   17.424   17.424
            0.641913  0.000000  0.000000
  -62.405  -62.405  -34.764  -34.764  -31.498  -31.498  -31.245  -31.245  -22.354  -22.354
  -22.345  -22.345   -8.134   -8.134   -7.307   -7.307   -6.256   -6.256   -6.117   -6.117
   -4.906   -4.906   -4.788   -4.788   -4.019   -4.019   -3.926   -3.926   -3.496   -3.496
   -3.458   -3.458    3.885    3.885    5.516    5.516    5.951    5.951    6.761    6.761
    7.028    7.028    7.283    7.283    7.528    7.528    7.674    7.674    8.544    8.544
    8.902    8.902    9.134    9.134    9.494    9.494   10.860   10.860   11.323   11.323
   11.630   11.630   12.983   12.983   15.473   15.473   16.273   16.273   16.906   16.906
   17.408   17.408
            0.646956  0.000000  0.000000
  -62.405  -62.405  -34.764  -34.764  -31.498  -31.498  -31.245  -31.245  -22.355  -22.355
  -22.345  -22.345   -8.138   -8.138   -7.312   -7.312   -6.253   -6.253   -6.112   -6.112
   -4.907   -4.907   -4.790   -4.790   -4.020   -4.020   -3.927   -3.927   -3.499   -3.499
   -3.461   -3.461    3.921    3.921    5.531    5.531    5.960    5.960    6.765    6.765
    7.034    7.034    7.285    7.285    7.530    7.530    7.679    7.679    8.554    8.554
    8.895    8.895    9.138    9.138    9.499    9.499   10.863   10.863   11.297   11.297
   11.609   11.609   12.981   12.981   15.450   15.450   16.243   16.243   16.890   16.890
   17.392   17.392
            0.652000  0.000000  0.000000
  -62.405  -62.405  -34.764  -34.764  -31.498  -31.498  -31.245  -31.245  -22.356  -22.356
  -22.345  -22.345   -8.141   -8.141   -7.318   -7.318   -6.249   -6.249   -6.107   -6.107
   -4.909   -4.909   -4.792   -4.792   -4.021   -4.021   -3.928   -3.928   -3.502   -3.502
   -3.465   -3.465    3.958    3.958    5.547    5.547    5.968    5.968    6.769    6.769
    7.040    7.040    7.287    7.287    7.532    7.532    7.684    7.684    8.565    8.565
    8.887    8.887    9.142    9.142    9.503    9.503   10.866   10.866   11.270   11.270
   11.587   11.587   12.979   12.979   15.426   15.426   16.213   16.213   16.873   16.873
   17.377   17.377
            0.657043  0.000000  0.000000
  -62.405  -62.405  -34.764  -34.764  -31.497  -31.497  -31.245  -31.245  -22.356  -22.356
  -22.345  -22.345   -8.145   -8.145   -7.323   -7.323   -6.245   -6.245   -6.101   -6.101
   -4.910   -4.910   -4.794   -4.794   -4.022   -4.022   -3.929   -3.929   -3.505   -3.505
   -3.469   -3.469    3.995    3.995    5.564    5.564    5.977    5.977    6.773    6.773
    7.046    7.046    7.290    7.290    7.534    7.534    7.690    7.690    8.576    8.576
    8.880    8.880    9.147    9.147    9.507    9.507   10.868   10.868   11.242   11.242
   11.565   11.565   12.977   12.977   15.400   15.400   16.182   16.182   16.855   16.855
   17.363   17.363
            0.662086  0.000000  0.000000
  -62.405  -62.405  -34.764  -34.764  -31.497  -31.497  -31.245  -31.245  -22.357  -22.357
  -22.345  -22.345   -8.148   -8.148   -7.329   -7.329   -6.241   -6.241   -6.096   -6.096
   -4.912   -4.912   -4.795   -4.795   -4.023   -4.023   -3.930   -3.930   -3.508   -3.508
   -3.472   -3.472    4.034    4.034    5.581    5.581    5.986    5.986    6.777    6.777
    7.053    7.053    7.292    7.292    7.537    7.537    7.695    7.695    8.587    8.587
    8.873    8.873    9.151    9.151    9.511    9.511   10.871   10.871   11.214   11.214
   11.544   11.544   12.975   12.975   15.374   15.374   16.150   16.150   16.837   16.837
   17.349   17.349
            0.667130  0.000000  0.000000
  -62.405  -62.405  -34.763  -34.763  -31.497  -31.497  -31.245  -31.245  -22.358  -22.358
  -22.345  -22.345   -8.152   -8.152   -7.335   -7.335   -6.237   -6.237   -6.090   -6.090
   -4.913   -4.913   -4.797   -4.797   -4.025   -4.025   -3.931   -3.931   -3.512   -3.512
   -3.476   -3.476    4.073    4.073    5.599    5.599    5.995    5.995    6.781    6.781
    7.060    7.060    7.294    7.294    7.539    7.539    7.701    7.701    8.598    8.598
    8.865    8.865    9.156    9.156    9.514    9.514   10.874   10.874   11.186   11.186
   11.521   11.521   12.972   12.972   15.347   15.347   16.118   16.118   16.818   16.818
   17.336   17.336
            0.672173  0.000000  0.000000
  -62.405  -62.405  -34.763  -34.763  -31.497  -31.497  -31.245  -31.245  -22.358  -22.358
  -22.345  -22.345   -8.156   -8.156   -7.341   -7.341   -6.232   -6.232   -6.085   -6.085
   -4.915   -4.915   -4.799   -4.799   -4.026   -4.026   -3.932   -3.932   -3.515   -3.515
   -3.480   -3.480    4.113    4.113    5.617    5.617    6.004    6.004    6.785    6.785
    7.067    7.067    7.297    7.297    7.542    7.542    7.706    7.706    8.610    8.610
    8.858    8.858    9.161    9.161    9.517    9.517   10.876   10.876   11.156   11.156
   11.499   11.499   12.970   12.970   15.319   15.319   16.085   16.085   16.799   16.799
   17.323   17.323
            0.677217  0.000000  0.000000
  -62.405  -62.405  -34.763  -34.763  -31.497  -31.497  -31.245  -31.245  -22.359  -22.359
  -22.345  -22.345   -8.160   -8.160   -7.346   -7.346   -6.228   -6.228   -6.079   -6.079
   -4.916   -4.916   -4.801   -4.801   -4.027   -4.027   -3.934   -3.934   -3.519   -3.519
   -3.484   -3.484    4.154    4.154    5.635    5.635    6.013    6.013    6.789    6.789
    7.075    7.075    7.299    7.299    7.545    7.545    7.712    7.712    8.622    8.622
    8.851    8.851    9.166    9.166    9.520    9.520   10.878   10.878   11.127   11.127
   11.477   11.477   12.967   12.967   15.290   15.290   16.052   16.052   16.778   16.778
   17.311   17.311
            0.682260  0.000000  0.000000
  -62.405  -62.405  -34.763  -34.763  -31.496  -31.496  -31.245  -31.245  -22.360  -22.360
  -22.345  -22.345   -8.164   -8.164   -7.352   -7.352   -6.223   -6.223   -6.073   -6.073
   -4.918   -4.918   -4.803   -4.803   -4.027   -4.027   -3.935   -3.935   -3.522   -3.522
   -3.488   -3.488    4.196    4.196    5.654    5.654    6.023    6.023    6.793    6.793
    7.083    7.083    7.301    7.301    7.549    7.549    7.718    7.718    8.635    8.635
    8.843    8.843    9.171    9.171    9.522    9.522   10.880   10.880   11.097   11.097
   11.455   11.455   12.964   12.964   15.261   15.261   16.018   16.018   16.758   16.758
   17.299   17.299
            0.687304  0.000000  0.000000
  -62.405  -62.405  -34.763  -34.763  -31.496  -31.496  -31.245  -31.245  -22.361  -22.361
  -22.345  -22.345   -8.168   -8.168   -7.358   -7.358   -6.219   -6.219   -6.068   -6.068
   -4.919   -4.919   -4.805   -4.805   -4.028   -4.028   -3.936   -3.936   -3.526   -3.526
   -3.492   -3.492    4.238    4.238    5.673    5.673    6.032    6.032    6.796    6.796
    7.091    7.091    7.304    7.304    7.553    7.553    7.724    7.724    8.647    8.647
    8.836    8.836    9.176    9.176    9.524    9.524   10.882   10.882   11.067   11.067
   11.432   11.432   12.961   12.961   15.230   15.230   15.983   15.983   16.736   16.736
   17.287   17.287
            0.692347  0.000000  0.000000
  -62.405  -62.405  -34.763  -34.763  -31.496  -31.496  -31.245  -31.245  -22.361  -22.361
  -22.345  -22.345   -8.173   -8.173   -7.364   -7.364   -6.214   -6.214   -6.062   -6.062
   -4.920   -4.920   -4.807   -4.807   -4.029   -4.029   -3.937   -3.937   -3.530   -3.530
   -3.497   -3.497    4.282    4.282    5.693    5.693    6.042    6.042    6.800    6.800
    7.100    7.100    7.306    7.306    7.556    7.556    7.730    7.730    8.660    8.660
    8.829    8.829    9.181    9.181    9.525    9.525   10.883   10.883   11.037   11.037
   11.410   11.410   12.957   12.957   15.198   15.198   15.948   15.948   16.714   16.714
   17.276   17.276
            0.697391  0.000000  0.000000
  -62.405  -62.405  -34.763  -34.763  -31.496  -31.496  -31.245  -31.245  -22.362  -22.362
  -22.345  -22.345   -8.177   -8.177   -7.370   -7.370   -6.210   -6.210   -6.056   -6.056
   -4.922   -4.922   -4.809   -4.809   -4.030   -4.030   -3.939   -3.939   -3.533   -3.533
   -3.501   -3.501    4.325    4.325    5.713    5.713    6.052    6.052    6.803    6.803
    7.108    7.108    7.308    7.308    7.561    7.561    7.736    7.736    8.674    8.674
    8.822    8.822    9.187    9.187    9.526    9.526   10.882   10.882   11.007   11.007
   11.388   11.388   12.953   12.953   15.166   15.166   15.913   15.913   16.692   16.692
   17.265   17.265
            0.702434  0.000000  0.000000
  -62.405  -62.405  -34.763  -34.763  -31.495  -31.495  -31.245  -31.245  -22.363  -22.363
  -22.345  -22.345   -8.181   -8.181   -7.375   -7.375   -6.205   -6.205   -6.050   -6.050
   -4.923   -4.923   -4.811   -4.811   -4.031   -4.031   -3.940   -3.940   -3.537   -3.537
   -3.505   -3.505    4.370    4.370    5.734    5.734    6.062    6.062    6.807    6.807
    7.118    7.118    7.310    7.310    7.565    7.565    7.742    7.742    8.687    8.687
    8.814    8.814    9.192    9.192    9.526    9.526   10.879   10.879   10.980   10.980
   11.366   11.366   12.949   12.949   15.133   15.133   15.877   15.877   16.669   16.669
   17.254   17.254
            0.707478  0.000000  0.000000
  -62.405  -62.405  -34.763  -34.763  -31.495  -31.495  -31.245  -31.245  -22.363  -22.363
  -22.345  -22.345   -8.186   -8.186   -7.381   -7.381   -6.200   -6.200   -6.044   -6.044
   -4.925   -4.925   -4.813   -4.813   -4.032   -4.032   -3.941   -3.941   -3.541   -3.541
   -3.509   -3.509    4.415    4.415    5.755    5.755    6.072    6.072    6.810    6.810
    7.127    7.127    7.313    7.313    7.570    7.570    7.749    7.749    8.701    8.701
    8.807    8.807    9.198    9.198    9.526    9.526   10.872   10.872   10.956   10.956
   11.345   11.345   12.945   12.945   15.099   15.099   15.841   15.841   16.645   16.645
   17.243   17.243
            0.712521  0.000000  0.000000
  -62.405  -62.405  -34.763  -34.763  -31.495  -31.495  -31.245  -31.245  -22.364  -22.364
  -22.345  -22.345   -8.191   -8.191   -7.387   -7.387   -6.195   -6.195   -6.037   -6.037
   -4.926   -4.926   -4.815   -4.815   -4.033   -4.033   -3.943   -3.943   -3.546   -3.546
   -3.513   -3.513    4.461    4.461    5.777    5.777    6.082    6.082    6.813    6.813
    7.137    7.137    7.315    7.315    7.575    7.575    7.755    7.755    8.715    8.715
    8.800    8.800    9.204    9.204    9.525    9.525   10.857   10.857   10.940   10.940
   11.324   11.324   12.941   12.941   15.065   15.065   15.805   15.805   16.622   16.622
   17.233   17.233
            0.717565  0.000000  0.000000
  -62.405  -62.405  -34.762  -34.762  -31.495  -31.495  -31.245  -31.245  -22.365  -22.365
  -22.345  -22.345   -8.196   -8.196   -7.392   -7.392   -6.190   -6.190   -6.031   -6.031
   -4.927   -4.927   -4.817   -4.817   -4.033   -4.033   -3.944   -3.944   -3.550   -3.550
   -3.518   -3.518    4.507    4.507    5.799    5.799    6.092    6.092    6.816    6.816
    7.148    7.148    7.317    7.317    7.580    7.580    7.761    7.761    8.729    8.729
    8.793    8.793    9.209    9.209    9.523    9.523   10.834   10.834   10.931   10.931
   11.303   11.303   12.936   12.936   15.029   15.029   15.769   15.769   16.597   16.597
   17.222   17.222
            0.722608  0.000000  0.000000
  -62.405  -62.405  -34.762  -34.762  -31.494  -31.494  -31.245  -31.245  -22.366  -22.366
  -22.345  -22.345   -8.201   -8.201   -7.398   -7.398   -6.185   -6.185   -6.025   -6.025
   -4.929   -4.929   -4.819   -4.819   -4.034   -4.034   -3.945   -3.945   -3.554   -3.554
   -3.522   -3.522    4.553    4.553    5.821    5.821    6.102    6.102    6.819    6.819
    7.158    7.158    7.320    7.320    7.586    7.586    7.768    7.768    8.743    8.743
    8.787    8.787    9.215    9.215    9.521    9.521   10.805   10.805   10.928   10.928
   11.283   11.283   12.931   12.931   14.994   14.994   15.732   15.732   16.573   16.573
   17.212   17.212
            0.727652  0.000000  0.000000
  -62.405  -62.405  -34.762  -34.762  -31.494  -31.494  -31.245  -31.245  -22.366  -22.366
  -22.345  -22.345   -8.206   -8.206   -7.404   -7.404   -6.180   -6.180   -6.019   -6.019
   -4.930   -4.930   -4.822   -4.822   -4.035   -4.035   -3.947   -3.947   -3.559   -3.559
   -3.526   -3.526    4.600    4.600    5.844    5.844    6.112    6.112    6.822    6.822
    7.169    7.169    7.322    7.322    7.592    7.592    7.774    7.774    8.756    8.756
    8.781    8.781    9.221    9.221    9.518    9.518   10.774   10.774   10.927   10.927
   11.263   11.263   12.925   12.925   14.957   14.957   15.696   15.696   16.548   16.548
   17.201   17.201
            0.732695  0.000000  0.000000
  -62.405  -62.405  -34.762  -34.762  -31.494  -31.494  -31.245  -31.245  -22.367  -22.367
  -22.345  -22.345   -8.211   -8.211   -7.409   -7.409   -6.175   -6.175   -6.012   -6.012
   -4.931   -4.931   -4.824   -4.824   -4.035   -4.035   -3.948   -3.948   -3.563   -3.563
   -3.530   -3.530    4.648    4.648    5.867    5.867    6.122    6.122    6.825    6.825
    7.181    7.181    7.325    7.325    7.598    7.598    7.781    7.781    8.765    8.765
    8.780    8.780    9.227    9.227    9.514    9.514   10.740   10.740   10.927   10.927
   11.244   11.244   12.920   12.920   14.920   14.920   15.659   15.659   16.523   16.523
   17.191   17.191
            0.737739  0.000000  0.000000
  -62.405  -62.405  -34.762  -34.762  -31.494  -31.494  -31.245  -31.245  -22.368  -22.368
  -22.345  -22.345   -8.216   -8.216   -7.414   -7.414   -6.170   -6.170   -6.006   -6.006
   -4.932   -4.932   -4.826   -4.826   -4.036   -4.036   -3.950   -3.950   -3.568   -3.568
   -3.534   -3.534    4.696    4.696    5.891    5.891    6.132    6.132    6.828    6.828
    7.193    7.193    7.327    7.327    7.605    7.605    7.788    7.788    8.762    8.762
    8.791    8.791    9.233    9.233    9.509    9.509   10.705   10.705   10.928   10.928
   11.225   11.225   12.914   12.914   14.882   14.882   15.622   15.622   16.498   16.498
   17.180   17.180
            0.742782  0.000000  0.000000
  -62.405  -62.405  -34.762  -34.762  -31.493  -31.493  -31.245  -31.245  -22.368  -22.368
  -22.345  -22.345   -8.221   -8.221   -7.420   -7.420   -6.165   -6.165   -5.999   -5.999
   -4.934   -4.934   -4.828   -4.828   -4.036   -4.036   -3.951   -3.951   -3.573   -3.573
   -3.538   -3.538    4.744    4.744    5.915    5.915    6.143    6.143    6.830    6.830
    7.205    7.205    7.329    7.329    7.612    7.612    7.794    7.794    8.755    8.755
    8.806    8.806    9.239    9.239    9.503    9.503   10.670   10.670   10.930   10.930
   11.208   11.208   12.907   12.907   14.844   14.844   15.586   15.586   16.472   16.472
   17.168   17.168
            0.747826  0.000000  0.000000
  -62.405  -62.405  -34.762  -34.762  -31.493  -31.493  -31.244  -31.244  -22.369  -22.369
  -22.345  -22.345   -8.226   -8.226   -7.425   -7.425   -6.160   -6.160   -5.993   -5.993
   -4.935   -4.935   -4.830   -4.830   -4.037   -4.037   -3.953   -3.953   -3.578   -3.578
   -3.542   -3.542    4.792    4.792    5.939    5.939    6.153    6.153    6.833    6.833
    7.218    7.218    7.332    7.332    7.619    7.619    7.801    7.801    8.749    8.749
    8.821    8.821    9.246    9.246    9.496    9.496   10.633   10.633   10.932   10.932
   11.191   11.191   12.900   12.900   14.806   14.806   15.549   15.549   16.447   16.447
   17.157   17.157
            0.752869  0.000000  0.000000
  -62.405  -62.405  -34.762  -34.762  -31.493  -31.493  -31.244  -31.244  -22.370  -22.370
  -22.345  -22.345   -8.232   -8.232   -7.430   -7.430   -6.155   -6.155   -5.986   -5.986
   -4.936   -4.936   -4.832   -4.832   -4.037   -4.037   -3.954   -3.954   -3.583   -3.583
   -3.546   -3.546    4.841    4.841    5.964    5.964    6.163    6.163    6.835    6.835
    7.231    7.231    7.335    7.335    7.627    7.627    7.808    7.808    8.742    8.742
    8.836    8.836    9.252    9.252    9.489    9.489   10.596   10.596   10.933   10.933
   11.175   11.175   12.893   12.893   14.767   14.767   15.513   15.513   16.421   16.421
   17.145   17.145
            0.757913  0.000000  0.000000
  -62.405  -62.405  -34.762  -34.762  -31.493  -31.493  -31.244  -31.244  -22.370  -22.370
  -22.346  -22.346   -8.237   -8.237   -7.435   -7.435   -6.149   -6.149   -5.980   -5.980
   -4.937   -4.937   -4.835   -4.835   -4.038   -4.038   -3.956   -3.956   -3.588   -3.588
   -3.549   -3.549    4.889    4.889    5.989    5.989    6.173    6.173    6.837    6.837
    7.244    7.244    7.337    7.337    7.635    7.635    7.814    7.814    8.735    8.735
    8.852    8.852    9.258    9.258    9.480    9.480   10.559   10.559   10.935   10.935
   11.159   11.159   12.885   12.885   14.728   14.728   15.477   15.477   16.395   16.395
   17.132   17.132
            0.762956  0.000000  0.000000
  -62.405  -62.405  -34.762  -34.762  -31.492  -31.492  -31.244  -31.244  -22.371  -22.371
  -22.346  -22.346   -8.243   -8.243   -7.440   -7.440   -6.144   -6.144   -5.973   -5.973
   -4.939   -4.939   -4.837   -4.837   -4.038   -4.038   -3.957   -3.957   -3.594   -3.594
   -3.553   -3.553    4.938    4.938    6.014    6.014    6.183    6.183    6.839    6.839
    7.257    7.257    7.341    7.341    7.643    7.643    7.821    7.821    8.728    8.728
    8.868    8.868    9.264    9.264    9.471    9.471   10.522   10.522   10.937   10.937
   11.145   11.145   12.876   12.876   14.688   14.688   15.441   15.441   16.369   16.369
   17.120   17.120
            0.768000  0.000000  0.000000
  -62.405  -62.405  -34.761  -34.761  -31.492  -31.492  -31.244  -31.244  -22.372  -22.372
  -22.346  -22.346   -8.249   -8.249   -7.445   -7.445   -6.139   -6.139   -5.966   -5.966
   -4.940   -4.940   -4.839   -4.839   -4.039   -4.039   -3.959   -3.959   -3.599   -3.599
   -3.556   -3.556    4.987    4.987    6.039    6.039    6.194    6.194    6.841    6.841
    7.271    7.271    7.344    7.344    7.652    7.652    7.828    7.828    8.721    8.721
    8.884    8.884    9.270    9.270    9.460    9.460   10.483   10.483   10.939   10.939
   11.132   11.132   12.867   12.867   14.649   14.649   15.406   15.406   16.343   16.343
   17.106   17.106
            0.773043  0.000000  0.000000
  -62.405  -62.405  -34.761  -34.761  -31.492  -31.492  -31.244  -31.244  -22.372  -22.372
  -22.346  -22.346   -8.254   -8.254   -7.450   -7.450   -6.134   -6.134   -5.960   -5.960
   -4.941   -4.941   -4.841   -4.841   -4.039   -4.039   -3.960   -3.960   -3.605   -3.605
   -3.560   -3.560    5.036    5.036    6.065    6.065    6.204    6.204    6.843    6.843
    7.285    7.285    7.348    7.348    7.661    7.661    7.834    7.834    8.714    8.714
    8.900    8.900    9.277    9.277    9.448    9.448   10.445   10.445   10.941   10.941
   11.119   11.119   12.858   12.858   14.609   14.609   15.370   15.370   16.317   16.317
   17.092   17.092
            0.778087  0.000000  0.000000
  -62.405  -62.405  -34.761  -34.761  -31.492  -31.492  -31.244  -31.244  -22.373  -22.373
  -22.346  -22.346   -8.260   -8.260   -7.454   -7.454   -6.129   -6.129   -5.953   -5.953
   -4.942   -4.942   -4.843   -4.843   -4.040   -4.040   -3.961   -3.961   -3.610   -3.610
   -3.563   -3.563    5.085    5.085    6.090    6.090    6.214    6.214    6.845    6.845
    7.298    7.298    7.353    7.353    7.671    7.671    7.841    7.841    8.706    8.706
    8.916    8.916    9.283    9.283    9.436    9.436   10.406   10.406   10.943   10.943
   11.108   11.108   12.848   12.848   14.569   14.569   15.335   15.335   16.291   16.291
   17.077   17.077
            0.783130  0.000000  0.000000
  -62.405  -62.405  -34.761  -34.761  -31.491  -31.491  -31.244  -31.244  -22.374  -22.374
  -22.346  -22.346   -8.266   -8.266   -7.459   -7.459   -6.124   -6.124   -5.946   -5.946
   -4.943   -4.943   -4.846   -4.846   -4.040   -4.040   -3.963   -3.963   -3.616   -3.616
   -3.566   -3.566    5.133    5.133    6.116    6.116    6.225    6.225    6.847    6.847
    7.310    7.310    7.359    7.359    7.681    7.681    7.847    7.847    8.699    8.699
    8.932    8.932    9.289    9.289    9.422    9.422   10.368   10.368   10.944   10.944
   11.098   11.098   12.837   12.837   14.529   14.529   15.300   15.300   16.265   16.265
   17.062   17.062
            0.788174  0.000000  0.000000
  -62.405  -62.405  -34.761  -34.761  -31.491  -31.491  -31.244  -31.244  -22.374  -22.374
  -22.346  -22.346   -8.272   -8.272   -7.463   -7.463   -6.118   -6.118   -5.939   -5.939
   -4.945   -4.945   -4.848   -4.848   -4.041   -4.041   -3.964   -3.964   -3.622   -3.622
   -3.569   -3.569    5.182    5.182    6.141    6.141    6.236    6.236    6.848    6.848
    7.321    7.321    7.367    7.367    7.691    7.691    7.854    7.854    8.692    8.692
    8.949    8.949    9.295    9.295    9.408    9.408   10.328   10.328   10.946   10.946
   11.089   11.089   12.826   12.826   14.489   14.489   15.266   15.266   16.239   16.239
   17.046   17.046
            0.793217  0.000000  0.000000
  -62.405  -62.405  -34.761  -34.761  -31.491  -31.491  -31.244  -31.244  -22.375  -22.375
  -22.346  -22.346   -8.277   -8.277   -7.467   -7.467   -6.113   -6.113   -5.933   -5.933
   -4.946   -4.946   -4.850   -4.850   -4.042   -4.042   -3.965   -3.965   -3.628   -3.628
   -3.572   -3.572    5.230    5.230    6.166    6.166    6.248    6.248    6.850    6.850
    7.330    7.330    7.378    7.378    7.702    7.702    7.860    7.860    8.684    8.684
    8.965    8.965    9.301    9.301    9.392    9.392   10.289   10.289   10.947   10.947
   11.080   11.080   12.814   12.814   14.450   14.450   15.232   15.232   16.214   16.214
   17.030   17.030
            0.798261  0.000000  0.000000
  -62.405  -62.405  -34.761  -34.761  -31.491  -31.491  -31.244  -31.244  -22.375  -22.375
  -22.346  -22.346   -8.283   -8.283   -7.471   -7.471   -6.108   -6.108   -5.926   -5.926
   -4.947   -4.947   -4.852   -4.852   -4.042   -4.042   -3.966   -3.966   -3.634   -3.634
   -3.575   -3.575    5.278    5.278    6.190    6.190    6.261    6.261    6.851    6.851
    7.336    7.336    7.391    7.391    7.714    7.714    7.867    7.867    8.677    8.677
    8.982    8.982    9.307    9.307    9.376    9.376   10.250   10.250   10.948   10.948
   11.073   11.073   12.801   12.801   14.411   14.411   15.199   15.199   16.188   16.188
   17.013   17.013
            0.803304  0.000000  0.000000
  -62.405  -62.405  -34.761  -34.761  -31.490  -31.490  -31.244  -31.244  -22.376  -22.376
  -22.347  -22.347   -8.289   -8.289   -7.475   -7.475   -6.103   -6.103   -5.919   -5.919
   -4.948   -4.948   -4.854   -4.854   -4.043   -4.043   -3.967   -3.967   -3.640   -3.640
   -3.578   -3.578    5.326    5.326    6.212    6.212    6.276    6.276    6.852    6.852
    7.342    7.342    7.407    7.407    7.725    7.725    7.873    7.873    8.669    8.669
    8.998    8.998    9.313    9.313    9.358    9.358   10.210   10.210   10.949   10.949
   11.067   11.067   12.787   12.787   14.372   14.372   15.166   15.166   16.163   16.163
   16.996   16.996
            0.808348  0.000000  0.000000
  -62.405  -62.405  -34.761  -34.761  -31.490  -31.490  -31.244  -31.244  -22.377  -22.377
  -22.347  -22.347   -8.295   -8.295   -7.479   -7.479   -6.098   -6.098   -5.913   -5.913
   -4.949   -4.949   -4.856   -4.856   -4.043   -4.043   -3.968   -3.968   -3.646   -3.646
   -3.581   -3.581    5.373    5.373    6.231    6.231    6.293    6.293    6.853    6.853
    7.346    7.346    7.424    7.424    7.738    7.738    7.880    7.880    8.661    8.661
    9.015    9.015    9.319    9.319    9.340    9.340   10.170   10.170   10.950   10.950
   11.063   11.063   12.773   12.773   14.334   14.334   15.133   15.133   16.138   16.138
   16.978   16.978
            0.813391  0.000000  0.000000
  -62.405  -62.405  -34.761  -34.761  -31.490  -31.490  -31.244  -31.244  -22.377  -22.377
  -22.347  -22.347   -8.301   -8.301   -7.483   -7.483   -6.093   -6.093   -5.906   -5.906
   -4.950   -4.950   -4.858   -4.858   -4.044   -4.044   -3.969   -3.969   -3.653   -3.653
   -3.583   -3.583    5.420    5.420    6.247    6.247    6.314    6.314    6.854    6.854
    7.350    7.350    7.442    7.442    7.751    7.751    7.886    7.886    8.653    8.653
    9.031    9.031    9.321    9.321    9.326    9.326   10.130   10.130   10.951   10.951
   11.059   11.059   12.757   12.757   14.296   14.296   15.101   15.101   16.113   16.113
   16.960   16.960
            0.818435  0.000000  0.000000
  -62.405  -62.405  -34.760  -34.760  -31.490  -31.490  -31.244  -31.244  -22.378  -22.378
  -22.347  -22.347   -8.306   -8.306   -7.486   -7.486   -6.088   -6.088   -5.899   -5.899
   -4.951   -4.951   -4.861   -4.861   -4.045   -4.045   -3.970   -3.970   -3.659   -3.659
   -3.586   -3.586    5.466    5.466    6.260    6.260    6.338    6.338    6.855    6.855
    7.353    7.353    7.461    7.461    7.764    7.764    7.892    7.892    8.645    8.645
    9.048    9.048    9.301    9.301    9.331    9.331   10.090   10.090   10.951   10.951
   11.055   11.055   12.741   12.741   14.258   14.258   15.070   15.070   16.088   16.088
   16.941   16.941
            0.823478  0.000000  0.000000
  -62.405  -62.405  -34.760  -34.760  -31.489  -31.489  -31.244  -31.244  -22.378  -22.378
  -22.347  -22.347   -8.312   -8.312   -7.490   -7.490   -6.083   -6.083   -5.893   -5.893
   -4.953   -4.953   -4.863   -4.863   -4.046   -4.046   -3.970   -3.970   -3.665   -3.665
   -3.588   -3.588    5.512    5.512    6.272    6.272    6.363    6.363    6.856    6.856
    7.357    7.357    7.480    7.480    7.778    7.778    7.898    7.898    8.636    8.636
    9.064    9.064    9.281    9.281    9.337    9.337   10.050   10.050   10.952   10.952
   11.053   11.053   12.724   12.724   14.222   14.222   15.039   15.039   16.064   16.064
   16.923   16.923
            0.828522  0.000000  0.000000
  -62.405  -62.405  -34.760  -34.760  -31.489  -31.489  -31.244  -31.244  -22.379  -22.379
  -22.347  -22.347   -8.318   -8.318   -7.493   -7.493   -6.079   -6.079   -5.886   -5.886
   -4.954   -4.954   -4.865   -4.865   -4.047   -4.047   -3.971   -3.971   -3.672   -3.672
   -3.591   -3.591    5.557    5.557    6.282    6.282    6.390    6.390    6.857    6.857
    7.360    7.360    7.501    7.501    7.792    7.792    7.904    7.904    8.628    8.628
    9.081    9.081    9.260    9.260    9.343    9.343   10.010   10.010   10.953   10.953
   11.052   11.052   12.706   12.706   14.186   14.186   15.009   15.009   16.040   16.040
   16.904   16.904
            0.833565  0.000000  0.000000
  -62.405  -62.405  -34.760  -34.760  -31.489  -31.489  -31.244  -31.244  -22.379  -22.379
  -22.347  -22.347   -8.324   -8.324   -7.496   -7.496   -6.074   -6.074   -5.880   -5.880
   -4.955   -4.955   -4.866   -4.866   -4.048   -4.048   -3.971   -3.971   -3.678   -3.678
   -3.593   -3.593    5.601    5.601    6.292    6.292    6.417    6.417    6.857    6.857
    7.363    7.363    7.521    7.521    7.807    7.807    7.910    7.910    8.619    8.619
    9.097    9.097    9.239    9.239    9.348    9.348    9.970    9.970   10.953   10.953
   11.051   11.051   12.687   12.687   14.151   14.151   14.979   14.979   16.016   16.016
   16.884   16.884
            0.838608  0.000000  0.000000
  -62.405  -62.405  -34.760  -34.760  -31.489  -31.489  -31.244  -31.244  -22.380  -22.380
  -22.347  -22.347   -8.329   -8.329   -7.499   -7.499   -6.069   -6.069   -5.873   -5.873
   -4.956   -4.956   -4.868   -4.868   -4.049   -4.049   -3.971   -3.971   -3.684   -3.684
   -3.595   -3.595    5.644    5.644    6.300    6.300    6.445    6.445    6.858    6.858
    7.367    7.367    7.543    7.543    7.822    7.822    7.916    7.916    8.609    8.609
    9.113    9.113    9.217    9.217    9.353    9.353    9.930    9.930   10.954   10.954
   11.050   11.050   12.667   12.667   14.117   14.117   14.950   14.950   15.993   15.993
   16.865   16.865
            0.843652  0.000000  0.000000
  -62.405  -62.405  -34.760  -34.760  -31.489  -31.489  -31.244  -31.244  -22.380  -22.380
  -22.348  -22.348   -8.335   -8.335   -7.502   -7.502   -6.065   -6.065   -5.867   -5.867
   -4.958   -4.958   -4.870   -4.870   -4.050   -4.050   -3.971   -3.971   -3.691   -3.691
   -3.597   -3.597    5.687    5.687    6.308    6.308    6.474    6.474    6.858    6.858
    7.370    7.370    7.565    7.565    7.837    7.837    7.922    7.922    8.599    8.599
    9.129    9.129    9.195    9.195    9.358    9.358    9.890    9.890   10.955   10.955
   11.050   11.050   12.646   12.646   14.084   14.084   14.921   14.921   15.970   15.970
   16.846   16.846
            0.848695  0.000000  0.000000
  -62.405  -62.405  -34.760  -34.760  -31.488  -31.488  -31.244  -31.244  -22.381  -22.381
  -22.348  -22.348   -8.340   -8.340   -7.505   -7.505   -6.060   -6.060   -5.860   -5.860
   -4.959   -4.959   -4.872   -4.872   -4.052   -4.052   -3.970   -3.970   -3.697   -3.697
   -3.599   -3.599    5.729    5.729    6.316    6.316    6.502    6.502    6.858    6.858
    7.374    7.374    7.588    7.588    7.854    7.854    7.928    7.928    8.589    8.589
    9.145    9.145    9.173    9.173    9.363    9.363    9.850    9.850   10.956   10.956
   11.051   11.051   12.624   12.624   14.053   14.053   14.894   14.894   15.948   15.948
   16.827   16.827
            0.853739  0.000000  0.000000
  -62.405  -62.405  -34.760  -34.760  -31.488  -31.488  -31.243  -31.243  -22.381  -22.381
  -22.348  -22.348   -8.346   -8.346   -7.508   -7.508   -6.056   -6.056   -5.854   -5.854
   -4.960   -4.960   -4.874   -4.874   -4.053   -4.053   -3.970   -3.970   -3.704   -3.704
   -3.601   -3.601    5.769    5.769    6.324    6.324    6.531    6.531    6.859    6.859
    7.378    7.378    7.611    7.611    7.870    7.870    7.933    7.933    8.578    8.578
    9.148    9.148    9.163    9.163    9.368    9.368    9.811    9.811   10.958   10.958
   11.052   11.052   12.601   12.601   14.022   14.022   14.867   14.867   15.926   15.926
   16.808   16.808
            0.858782  0.000000  0.000000
  -62.405  -62.405  -34.760  -34.760  -31.488  -31.488  -31.243  -31.243  -22.382  -22.382
  -22.348  -22.348   -8.351   -8.351   -7.511   -7.511   -6.051   -6.051   -5.848   -5.848
   -4.961   -4.961   -4.875   -4.875   -4.055   -4.055   -3.969   -3.969   -3.710   -3.710
   -3.602   -3.602    5.809    5.809    6.331    6.331    6.560    6.560    6.859    6.859
    7.382    7.382    7.634    7.634    7.887    7.887    7.939    7.939    8.566    8.566
    9.127    9.127    9.178    9.178    9.372    9.372    9.771    9.771   10.959   10.959
   11.053   11.053   12.577   12.577   13.992   13.992   14.840   14.840   15.904   15.904
   16.789   16.789
            0.863826  0.000000  0.000000
  -62.405  -62.405  -34.760  -34.760  -31.488  -31.488  -31.243  -31.243  -22.382  -22.382
  -22.348  -22.348   -8.356   -8.356   -7.513   -7.513   -6.047   -6.047   -5.842   -5.842
   -4.963   -4.963   -4.877   -4.877   -4.056   -4.056   -3.968   -3.968   -3.717   -3.717
   -3.604   -3.604    5.847    5.847    6.338    6.338    6.588    6.588    6.859    6.859
    7.386    7.386    7.658    7.658    7.904    7.904    7.944    7.944    8.554    8.554
    9.105    9.105    9.193    9.193    9.376    9.376    9.733    9.733   10.961   10.961
   11.054   11.054   12.552   12.552   13.964   13.964   14.815   14.815   15.883   15.883
   16.770   16.770
            0.868869  0.000000  0.000000
  -62.405  -62.405  -34.760  -34.760  -31.488  -31.488  -31.243  -31.243  -22.383  -22.383
  -22.348  -22.348   -8.361   -8.361   -7.516   -7.516   -6.043   -6.043   -5.836   -5.836
   -4.964   -4.964   -4.878   -4.878   -4.058   -4.058   -3.967   -3.967   -3.724   -3.724
   -3.606   -3.606    5.885    5.885    6.345    6.345    6.617    6.617    6.858    6.858
    7.391    7.391    7.682    7.682    7.921    7.921    7.950    7.950    8.541    8.541
    9.084    9.084    9.209    9.209    9.379    9.379    9.694    9.694   10.963   10.963
   11.056   11.056   12.527   12.527   13.937   13.937   14.790   14.790   15.863   15.863
   16.751   16.751
            0.873913  0.000000  0.000000
  -62.405  -62.405  -34.760  -34.760  -31.487  -31.487  -31.243  -31.243  -22.383  -22.383
  -22.348  -22.348   -8.366   -8.366   -7.518   -7.518   -6.039   -6.039   -5.830   -5.830
   -4.965   -4.965   -4.880   -4.880   -4.060   -4.060   -3.965   -3.965   -3.730   -3.730
   -3.607   -3.607    5.921    5.921    6.352    6.352    6.645    6.645    6.858    6.858
    7.396    7.396    7.707    7.707    7.938    7.938    7.957    7.957    8.528    8.528
    9.062    9.062    9.224    9.224    9.382    9.382    9.657    9.657   10.965   10.965
   11.057   11.057   12.500   12.500   13.911   13.911   14.766   14.766   15.843   15.843
   16.733   16.733
            0.878956  0.000000  0.000000
  -62.405  -62.405  -34.759  -34.759  -31.487  -31.487  -31.243  -31.243  -22.384  -22.384
  -22.348  -22.348   -8.371   -8.371   -7.520   -7.520   -6.035   -6.035   -5.825   -5.825
   -4.967   -4.967   -4.881   -4.881   -4.061   -4.061   -3.964   -3.964   -3.737   -3.737
   -3.609   -3.609    5.956    5.956    6.358    6.358    6.674    6.674    6.858    6.858
    7.401    7.401    7.732    7.732    7.951    7.951    7.966    7.966    8.513    8.513
    9.041    9.041    9.239    9.239    9.384    9.384    9.620    9.620   10.967   10.967
   11.059   11.059   12.473   12.473   13.887   13.887   14.743   14.743   15.824   15.824
   16.716   16.716
            0.884000  0.000000  0.000000
  -62.405  -62.405  -34.759  -34.759  -31.487  -31.487  -31.243  -31.243  -22.384  -22.384
  -22.349  -22.349   -8.376   -8.376   -7.522   -7.522   -6.032   -6.032   -5.819   -5.819
   -4.968   -4.968   -4.882   -4.882   -4.063   -4.063   -3.962   -3.962   -3.743   -3.743
   -3.610   -3.610    5.989    5.989    6.364    6.364    6.701    6.701    6.858    6.858
    7.407    7.407    7.758    7.758    7.960    7.960    7.981    7.981    8.497    8.497
    9.021    9.021    9.254    9.254    9.384    9.384    9.585    9.585   10.969   10.969
   11.061   11.061   12.446   12.446   13.864   13.864   14.721   14.721   15.805   15.805
   16.698   16.698
            0.889043  0.000000  0.000000
  -62.405  -62.405  -34.759  -34.759  -31.487  -31.487  -31.243  -31.243  -22.384  -22.384
  -22.349  -22.349   -8.380   -8.380   -7.524   -7.524   -6.028   -6.028   -5.814   -5.814
   -4.970   -4.970   -4.884   -4.884   -4.065   -4.065   -3.960   -3.960   -3.749   -3.749
   -3.611   -3.611    6.021    6.021    6.371    6.371    6.729    6.729    6.857    6.857
    7.413    7.413    7.784    7.784    7.966    7.966    7.999    7.999    8.481    8.481
    9.002    9.002    9.268    9.268    9.381    9.381    9.553    9.553   10.972   10.972
   11.063   11.063   12.418   12.418   13.842   13.842   14.699   14.699   15.787   15.787
   16.681   16.681
            0.894087  0.000000  0.000000
  -62.405  -62.405  -34.759  -34.759  -31.487  -31.487  -31.243  -31.243  -22.385  -22.385
  -22.349  -22.349   -8.385   -8.385   -7.526   -7.526   -6.024   -6.024   -5.808   -5.808
   -4.971   -4.971   -4.885   -4.885   -4.066   -4.066   -3.958   -3.958   -3.756   -3.756
   -3.612   -3.612    6.052    6.052    6.377    6.377    6.755    6.755    6.857    6.857
    7.420    7.420    7.810    7.810    7.971    7.971    8.017    8.017    8.463    8.463
    8.983    8.983    9.283    9.283    9.375    9.375    9.525    9.525   10.974   10.974
   11.065   11.065   12.389   12.389   13.821   13.821   14.678   14.678   15.769   15.769
   16.665   16.665
            0.899130  0.000000  0.000000
  -62.405  -62.405  -34.759  -34.759  -31.487  -31.487  -31.243  -31.243  -22.385  -22.385
  -22.349  -22.349   -8.389   -8.389   -7.528   -7.528   -6.021   -6.021   -5.803   -5.803
   -4.972   -4.972   -4.886   -4.886   -4.068   -4.068   -3.956   -3.956   -3.762   -3.762
   -3.613   -3.613    6.081    6.081    6.383    6.383    6.781    6.781    6.857    6.857
    7.428    7.428    7.836    7.836    7.975    7.975    8.036    8.036    8.444    8.444
    8.966    8.966    9.296    9.296    9.363    9.363    9.502    9.502   10.977   10.977
   11.067   11.067   12.361   12.361   13.802   13.802   14.658   14.658   15.752   15.752
   16.649   16.649
            0.904174  0.000000  0.000000
  -62.405  -62.405  -34.759  -34.759  -31.486  -31.486  -31.243  -31.243  -22.386  -22.386
  -22.349  -22.349   -8.393   -8.393   -7.529   -7.529   -6.018   -6.018   -5.798   -5.798
   -4.974   -4.974   -4.887   -4.887   -4.070   -4.070   -3.953   -3.953   -3.769   -3.769
   -3.615   -3.615    6.108    6.108    6.389    6.389    6.806    6.806    6.857    6.857
    7.436    7.436    7.862    7.862    7.980    7.980    8.055    8.055    8.425    8.425
    8.949    8.949    9.310    9.310    9.345    9.345    9.486    9.486   10.980   10.980
   11.069   11.069   12.332   12.332   13.784   13.784   14.639   14.639   15.736   15.736
   16.634   16.634
            0.909217  0.000000  0.000000
  -62.405  -62.405  -34.759  -34.759  -31.486  -31.486  -31.243  -31.243  -22.386  -22.386
  -22.349  -22.349   -8.397   -8.397   -7.531   -7.531   -6.015   -6.015   -5.793   -5.793
   -4.975   -4.975   -4.887   -4.887   -4.072   -4.072   -3.951   -3.951   -3.775   -3.775
   -3.616   -3.616    6.134    6.134    6.395    6.395    6.828    6.828    6.858    6.858
    7.445    7.445    7.889    7.889    7.984    7.984    8.074    8.074    8.404    8.404
    8.933    8.933    9.319    9.319    9.325    9.325    9.476    9.476   10.982   10.982
   11.071   11.071   12.303   12.303   13.767   13.767   14.621   14.621   15.721   15.721
   16.619   16.619
            0.914261  0.000000  0.000000
  -62.405  -62.405  -34.759  -34.759  -31.486  -31.486  -31.243  -31.243  -22.386  -22.386
  -22.349  -22.349   -8.401   -8.401   -7.532   -7.532   -6.012   -6.012   -5.789   -5.789
   -4.977   -4.977   -4.888   -4.888   -4.073   -4.073   -3.948   -3.948   -3.781   -3.781
   -3.616   -3.616    6.159    6.159    6.401    6.401    6.843    6.843    6.867    6.867
    7.455    7.455    7.914    7.914    7.989    7.989    8.092    8.092    8.382    8.382
    8.919    8.919    9.291    9.291    9.336    9.336    9.471    9.471   10.985   10.985
   11.074   11.074   12.275   12.275   13.752   13.752   14.604   14.604   15.706   15.706
   16.605   16.605
            0.919304  0.000000  0.000000
  -62.405  -62.405  -34.759  -34.759  -31.486  -31.486  -31.243  -31.243  -22.386  -22.386
  -22.349  -22.349   -8.404   -8.404   -7.534   -7.534   -6.009   -6.009   -5.785   -5.785
   -4.978   -4.978   -4.889   -4.889   -4.075   -4.075   -3.945   -3.945   -3.788   -3.788
   -3.617   -3.617    6.181    6.181    6.407    6.407    6.847    6.847    6.884    6.884
    7.466    7.466    7.939    7.939    7.995    7.995    8.110    8.110    8.360    8.360
    8.906    8.906    9.260    9.260    9.348    9.348    9.469    9.469   10.987   10.987
   11.076   11.076   12.247   12.247   13.737   13.737   14.588   14.588   15.692   15.692
   16.591   16.591
            0.924348  0.000000  0.000000
  -62.405  -62.405  -34.759  -34.759  -31.486  -31.486  -31.243  -31.243  -22.387  -22.387
  -22.349  -22.349   -8.408   -8.408   -7.535   -7.535   -6.006   -6.006   -5.780   -5.780
   -4.979   -4.979   -4.890   -4.890   -4.077   -4.077   -3.942   -3.942   -3.794   -3.794
   -3.618   -3.618    6.202    6.202    6.413    6.413    6.847    6.847    6.905    6.905
    7.478    7.478    7.961    7.961    8.003    8.003    8.128    8.128    8.336    8.336
    8.893    8.893    9.228    9.228    9.360    9.360    9.469    9.469   10.990   10.990
   11.078   11.078   12.219   12.219   13.724   13.724   14.572   14.572   15.679   15.679
   16.579   16.579
            0.929391  0.000000  0.000000
  -62.405  -62.405  -34.759  -34.759  -31.486  -31.486  -31.243  -31.243  -22.387  -22.387
  -22.349  -22.349   -8.411   -8.411   -7.536   -7.536   -6.004   -6.004   -5.776   -5.776
   -4.981   -4.981   -4.890   -4.890   -4.078   -4.078   -3.939   -3.939   -3.800   -3.800
   -3.619   -3.619    6.222    6.222    6.419    6.419    6.847    6.847    6.924    6.924
    7.491    7.491    7.977    7.977    8.017    8.017    8.146    8.146    8.312    8.312
    8.882    8.882    9.194    9.194    9.371    9.371    9.470    9.470   10.992   10.992
   11.079   11.079   12.192   12.192   13.712   13.712   14.558   14.558   15.667   15.667
   16.567   16.567
            0.934435  0.000000  0.000000
  -62.405  -62.405  -34.759  -34.759  -31.486  -31.486  -31.243  -31.243  -22.387  -22.387
  -22.349  -22.349   -8.414   -8.414   -7.537   -7.537   -6.002   -6.002   -5.773   -5.773
   -4.982   -4.982   -4.891   -4.891   -4.079   -4.079   -3.936   -3.936   -3.806   -3.806
   -3.620   -3.620    6.239    6.239    6.425    6.425    6.846    6.846    6.943    6.943
    7.505    7.505    7.986    7.986    8.037    8.037    8.163    8.163    8.288    8.288
    8.872    8.872    9.161    9.161    9.381    9.381    9.472    9.472   10.994   10.994
   11.081   11.081   12.166   12.166   13.700   13.700   14.544   14.544   15.655   15.655
   16.555   16.555
            0.939478  0.000000  0.000000
  -62.405  -62.405  -34.759  -34.759  -31.486  -31.486  -31.243  -31.243  -22.387  -22.387
  -22.350  -22.350   -8.417   -8.417   -7.538   -7.538   -5.999   -5.999   -5.769   -5.769
   -4.983   -4.983   -4.891   -4.891   -4.081   -4.081   -3.932   -3.932   -3.812   -3.812
   -3.620   -3.620    6.255    6.255    6.431    6.431    6.845    6.845    6.961    6.961
    7.520    7.520    7.991    7.991    8.060    8.060    8.179    8.179    8.263    8.263
    8.863    8.863    9.128    9.128    9.391    9.391    9.474    9.474   10.997   10.997
   11.083   11.083   12.141   12.141   13.690   13.690   14.532   14.532   15.644   15.644
   16.545   16.545
            0.944522  0.000000  0.000000
  -62.405  -62.405  -34.759  -34.759  -31.486  -31.486  -31.243  -31.243  -22.388  -22.388
  -22.350  -22.350   -8.419   -8.419   -7.539   -7.539   -5.997   -5.997   -5.766   -5.766
   -4.984   -4.984   -4.892   -4.892   -4.082   -4.082   -3.929   -3.929   -3.818   -3.818
   -3.621   -3.621    6.269    6.269    6.437    6.437    6.844    6.844    6.977    6.977
    7.536    7.536    7.995    7.995    8.084    8.084    8.194    8.194    8.239    8.239
    8.854    8.854    9.095    9.095    9.400    9.400    9.476    9.476   10.999   10.999
   11.085   11.085   12.117   12.117   13.681   13.681   14.520   14.520   15.634   15.634
   16.535   16.535
            0.949565  0.000000  0.000000
  -62.405  -62.405  -34.759  -34.759  -31.485  -31.485  -31.243  -31.243  -22.388  -22.388
  -22.350  -22.350   -8.422   -8.422   -7.540   -7.540   -5.996   -5.996   -5.763   -5.763
   -4.985   -4.985   -4.892   -4.892   -4.083   -4.083   -3.925   -3.925   -3.824   -3.824
   -3.621   -3.621    6.281    6.281    6.443    6.443    6.843    6.843    6.992    6.992
    7.552    7.552    7.997    7.997    8.107    8.107    8.204    8.204    8.220    8.220
    8.847    8.847    9.064    9.064    9.408    9.408    9.479    9.479   11.001   11.001
   11.086   11.086   12.095   12.095   13.672   13.672   14.510   14.510   15.625   15.625
   16.526   16.526
            0.954609  0.000000  0.000000
  -62.405  -62.405  -34.759  -34.759  -31.485  -31.485  -31.243  -31.243  -22.388  -22.388
  -22.350  -22.350   -8.424   -8.424   -7.541   -7.541   -5.994   -5.994   -5.760   -5.760
   -4.986   -4.986   -4.893   -4.893   -4.084   -4.084   -3.921   -3.921   -3.830   -3.830
   -3.622   -3.622    6.292    6.292    6.449    6.449    6.842    6.842    7.005    7.005
    7.570    7.570    7.998    7.998    8.128    8.128    8.190    8.190    8.226    8.226
    8.841    8.841    9.033    9.033    9.415    9.415    9.482    9.482   11.002   11.002
   11.088   11.088   12.074   12.074   13.665   13.665   14.500   14.500   15.616   15.616
   16.518   16.518
            0.959652  0.000000  0.000000
  -62.405  -62.405  -34.759  -34.759  -31.485  -31.485  -31.243  -31.243  -22.388  -22.388
  -22.350  -22.350   -8.426   -8.426   -7.542   -7.542   -5.992   -5.992   -5.758   -5.758
   -4.987   -4.987   -4.893   -4.893   -4.085   -4.085   -3.918   -3.918   -3.835   -3.835
   -3.622   -3.622    6.301    6.301    6.455    6.455    6.841    6.841    7.017    7.017
    7.588    7.588    7.999    7.999    8.139    8.139    8.178    8.178    8.239    8.239
    8.835    8.835    9.004    9.004    9.422    9.422    9.485    9.485   11.004   11.004
   11.089   11.089   12.055   12.055   13.658   13.658   14.491   14.491   15.609   15.609
   16.511   16.511
            0.964696  0.000000  0.000000
  -62.405  -62.405  -34.759  -34.759  -31.485  -31.485  -31.243  -31.243  -22.388  -22.388
  -22.350  -22.350   -8.428   -8.428   -7.542   -7.542   -5.991   -5.991   -5.756   -5.756
   -4.988   -4.988   -4.893   -4.893   -4.086   -4.086   -3.914   -3.914   -3.841   -3.841
   -3.623   -3.623    6.309    6.309    6.461    6.461    6.840    6.840    7.027    7.027
    7.607    7.607    7.998    7.998    8.128    8.128    8.187    8.187    8.251    8.251
    8.830    8.830    8.977    8.977    9.427    9.427    9.488    9.488   11.005   11.005
   11.090   11.090   12.038   12.038   13.652   13.652   14.484   14.484   15.602   15.602
   16.504   16.504
            0.969739  0.000000  0.000000
  -62.405  -62.405  -34.759  -34.759  -31.485  -31.485  -31.243  -31.243  -22.388  -22.388
  -22.350  -22.350   -8.429   -8.429   -7.543   -7.543   -5.990   -5.990   -5.754   -5.754
   -4.989   -4.989   -4.893   -4.893   -4.087   -4.087   -3.910   -3.910   -3.846   -3.846
   -3.623   -3.623    6.316    6.316    6.466    6.466    6.839    6.839    7.036    7.036
    7.625    7.625    7.997    7.997    8.111    8.111    8.203    8.203    8.263    8.263
    8.826    8.826    8.951    8.951    9.432    9.432    9.491    9.491   11.007   11.007
   11.091   11.091   12.023   12.023   13.647   13.647   14.477   14.477   15.597   15.597
   16.499   16.499
            0.974783  0.000000  0.000000
  -62.405  -62.405  -34.759  -34.759  -31.485  -31.485  -31.243  -31.243  -22.388  -22.388
  -22.350  -22.350   -8.430   -8.430   -7.543   -7.543   -5.989   -5.989   -5.752   -5.752
   -4.989   -4.989   -4.894   -4.894   -4.088   -4.088   -3.905   -3.905   -3.851   -3.851
   -3.623   -3.623    6.321    6.321    6.470    6.470    6.838    6.838    7.044    7.044
    7.643    7.643    7.994    7.994    8.093    8.093    8.218    8.218    8.274    8.274
    8.822    8.822    8.929    8.929    9.435    9.435    9.494    9.494   11.008   11.008
   11.092   11.092   12.010   12.010   13.643   13.643   14.472   14.472   15.592   15.592
   16.494   16.494
            0.979826  0.000000  0.000000
  -62.405  -62.405  -34.759  -34.759  -31.485  -31.485  -31.243  -31.243  -22.389  -22.389
  -22.350  -22.350   -8.431   -8.431   -7.543   -7.543   -5.988   -5.988   -5.751   -5.751
   -4.990   -4.990   -4.894   -4.894   -4.088   -4.088   -3.901   -3.901   -3.856   -3.856
   -3.623   -3.623    6.325    6.325    6.474    6.474    6.837    6.837    7.050    7.050
    7.659    7.659    7.990    7.990    8.079    8.079    8.230    8.230    8.284    8.284
    8.820    8.820    8.909    8.909    9.438    9.438    9.496    9.496   11.009   11.009
   11.093   11.093   11.999   11.999   13.640   13.640   14.467   14.467   15.588   15.588
   16.490   16.490
            0.984870  0.000000  0.000000
  -62.405  -62.405  -34.759  -34.759  -31.485  -31.485  -31.243  -31.243  -22.389  -22.389
  -22.350  -22.350   -8.432   -8.432   -7.544   -7.544   -5.988   -5.988   -5.750   -5.750
   -4.990   -4.990   -4.894   -4.894   -4.089   -4.089   -3.897   -3.897   -3.861   -3.861
   -3.623   -3.623    6.329    6.329    6.477    6.477    6.837    6.837    7.054    7.054
    7.674    7.674    7.984    7.984    8.068    8.068    8.240    8.240    8.293    8.293
    8.818    8.818    8.893    8.893    9.441    9.441    9.498    9.498   11.009   11.009
   11.094   11.094   11.990   11.990   13.637   13.637   14.463   14.463   15.584   15.584
   16.487   16.487
            0.989913  0.000000  0.000000
  -62.405  -62.405  -34.759  -34.759  -31.485  -31.485  -31.243  -31.243  -22.389  -22.389
  -22.350  -22.350   -8.433   -8.433   -7.544   -7.544   -5.987   -5.987   -5.749   -5.749
   -4.990   -4.990   -4.894   -4.894   -4.089   -4.089   -3.894   -3.894   -3.865   -3.865
   -3.624   -3.624    6.331    6.331    6.479    6.479    6.836    6.836    7.058    7.058
    7.686    7.686    7.978    7.978    8.061    8.061    8.247    8.247    8.300    8.300
    8.816    8.816    8.881    8.881    9.442    9.442    9.500    9.500   11.010   11.010
   11.094   11.094   11.984   11.984   13.635   13.635   14.461   14.461   15.582   15.582
   16.485   16.485
            0.994957  0.000000  0.000000
  -62.405  -62.405  -34.759  -34.759  -31.485  -31.485  -31.243  -31.243  -22.389  -22.389
  -22.350  -22.350   -8.433   -8.433   -7.544   -7.544   -5.987   -5.987   -5.749   -5.749
   -4.991   -4.991   -4.894   -4.894   -4.089   -4.089   -3.891   -3.891   -3.868   -3.868
   -3.624   -3.624    6.332    6.332    6.480    6.480    6.836    6.836    7.060    7.060
    7.693    7.693    7.973    7.973    8.057    8.057    8.251    8.251    8.305    8.305
    8.815    8.815    8.873    8.873    9.443    9.443    9.501    9.501   11.010   11.010
   11.094   11.094   11.981   11.981   13.634   13.634   14.459   14.459   15.581   15.581
   16.483   16.483
            1.000000  0.000000  0.000000
  -62.405  -62.405  -34.759  -34.759  -31.485  -31.485  -31.243  -31.243  -22.389  -22.389
  -22.350  -22.350   -8.433   -8.433   -7.544   -7.544   -5.987   -5.987   -5.749   -5.749
   -4.991   -4.991   -4.894   -4.894   -4.089   -4.089   -3.890   -3.890   -3.869   -3.869
   -3.624   -3.624    6.333    6.333    6.481    6.481    6.836    6.836    7.060    7.060
    7.696    7.696    7.972    7.972    8.056    8.056    8.253    8.253    8.307    8.307
    8.815    8.815    8.871    8.871    9.443    9.443    9.501    9.501   11.010   11.010
   11.094   11.094   11.979   11.979   13.634   13.634   14.459   14.459   15.580   15.580
   16.483   16.483
            0.996454  0.003546  0.000000
  -62.405  -62.405  -34.759  -34.759  -31.485  -31.485  -31.243  -31.243  -22.389  -22.389
  -22.350  -22.350   -8.433   -8.433   -7.544   -7.544   -5.987   -5.987   -5.749   -5.749
   -4.991   -4.991   -4.894   -4.894   -4.089   -4.089   -3.891   -3.891   -3.868   -3.868
   -3.624   -3.624    6.332    6.332    6.480    6.480    6.836    6.836    7.060    7.060
    7.693    7.693    7.973    7.973    8.057    8.057    8.251    8.251    8.305    8.305
    8.815    8.815    8.873    8.873    9.443    9.443    9.501    9.501   11.010   11.010
   11.094   11.094   11.981   11.981   13.634   13.634   14.459   14.459   15.581   15.581
   16.483   16.483
            0.992908  0.007092  0.000000
  -62.405  -62.405  -34.759  -34.759  -31.485  -31.485  -31.243  -31.243  -22.389  -22.389
  -22.350  -22.350   -8.433   -8.433   -7.544   -7.544   -5.987   -5.987   -5.749   -5.749
   -4.990   -4.990   -4.894   -4.894   -4.089   -4.089   -3.894   -3.894   -3.865   -3.865
   -3.624   -3.624    6.331    6.331    6.479    6.479    6.836    6.836    7.058    7.058
    7.686    7.686    7.978    7.978    8.061    8.061    8.247    8.247    8.301    8.301
    8.816    8.816    8.881    8.881    9.442    9.442    9.500    9.500   11.010   11.010
   11.094   11.094   11.984   11.984   13.635   13.635   14.461   14.461   15.582   15.582
   16.485   16.485
            0.989361  0.010639  0.000000
  -62.405  -62.405  -34.759  -34.759  -31.485  -31.485  -31.243  -31.243  -22.389  -22.389
  -22.350  -22.350   -8.432   -8.432   -7.544   -7.544   -5.988   -5.988   -5.750   -5.750
   -4.990   -4.990   -4.894   -4.894   -4.089   -4.089   -3.897   -3.897   -3.861   -3.861
   -3.623   -3.623    6.329    6.329    6.477    6.477    6.837    6.837    7.054    7.054
    7.674    7.674    7.985    7.985    8.067    8.067    8.240    8.240    8.294    8.294
    8.818    8.818    8.892    8.892    9.441    9.441    9.498    9.498   11.009   11.009
   11.094   11.094   11.990   11.990   13.637   13.637   14.463   14.463   15.584   15.584
   16.487   16.487
            0.985815  0.014185  0.000000
  -62.405  -62.405  -34.759  -34.759  -31.485  -31.485  -31.243  -31.243  -22.389  -22.389
  -22.350  -22.350   -8.431   -8.431   -7.543   -7.543   -5.988   -5.988   -5.751   -5.751
   -4.990   -4.990   -4.894   -4.894   -4.088   -4.088   -3.901   -3.901   -3.856   -3.856
   -3.623   -3.623    6.326    6.326    6.474    6.474    6.837    6.837    7.050    7.050
    7.659    7.659    7.992    7.992    8.077    8.077    8.229    8.229    8.287    8.287
    8.820    8.820    8.908    8.908    9.439    9.439    9.496    9.496   11.009   11.009
   11.093   11.093   11.999   11.999   13.640   13.640   14.467   14.467   15.587   15.587
   16.490   16.490
            0.982269  0.017731  0.000000
  -62.405  -62.405  -34.759  -34.759  -31.485  -31.485  -31.243  -31.243  -22.388  -22.388
  -22.350  -22.350   -8.430   -8.430   -7.543   -7.543   -5.989   -5.989   -5.752   -5.752
   -4.989   -4.989   -4.894   -4.894   -4.088   -4.088   -3.905   -3.905   -3.852   -3.852
   -3.623   -3.623    6.322    6.322    6.470    6.470    6.838    6.838    7.044    7.044
    7.641    7.641    8.000    8.000    8.089    8.089    8.213    8.213    8.279    8.279
    8.822    8.822    8.928    8.928    9.436    9.436    9.494    9.494   11.008   11.008
   11.092   11.092   12.010   12.010   13.643   13.643   14.471   14.471   15.591   15.591
   16.494   16.494
            0.978723  0.021277  0.000000
  -62.405  -62.405  -34.759  -34.759  -31.485  -31.485  -31.243  -31.243  -22.388  -22.388
  -22.350  -22.350   -8.429   -8.429   -7.543   -7.543   -5.990   -5.990   -5.754   -5.754
   -4.989   -4.989   -4.893   -4.893   -4.087   -4.087   -3.909   -3.909   -3.846   -3.846
   -3.623   -3.623    6.317    6.317    6.465    6.465    6.839    6.839    7.037    7.037
    7.621    7.621    8.007    8.007    8.104    8.104    8.195    8.195    8.272    8.272
    8.825    8.825    8.950    8.950    9.433    9.433    9.490    9.490   11.007   11.007
   11.092   11.092   12.023   12.023   13.647   13.647   14.477   14.477   15.596   15.596
   16.498   16.498
            0.975177  0.024823  0.000000
  -62.405  -62.405  -34.759  -34.759  -31.485  -31.485  -31.243  -31.243  -22.388  -22.388
  -22.350  -22.350   -8.428   -8.428   -7.542   -7.542   -5.991   -5.991   -5.756   -5.756
   -4.988   -4.988   -4.893   -4.893   -4.086   -4.086   -3.913   -3.913   -3.841   -3.841
   -3.623   -3.623    6.311    6.311    6.459    6.459    6.840    6.840    7.029    7.029
    7.599    7.599    8.013    8.013    8.120    8.120    8.176    8.176    8.264    8.264
    8.829    8.829    8.974    8.974    9.429    9.429    9.487    9.487   11.005   11.005
   11.091   11.091   12.039   12.039   13.652   13.652   14.484   14.484   15.602   15.602
   16.504   16.504
            0.971630  0.028370  0.000000
  -62.405  -62.405  -34.759  -34.759  -31.485  -31.485  -31.243  -31.243  -22.388  -22.388
  -22.350  -22.350   -8.426   -8.426   -7.542   -7.542   -5.992   -5.992   -5.758   -5.758
   -4.987   -4.987   -4.893   -4.893   -4.086   -4.086   -3.917   -3.917   -3.835   -3.835
   -3.622   -3.622    6.305    6.305    6.453    6.453    6.841    6.841    7.020    7.020
    7.577    7.577    8.019    8.019    8.126    8.126    8.165    8.165    8.257    8.257
    8.834    8.834    9.001    9.001    9.424    9.424    9.482    9.482   11.004   11.004
   11.090   11.090   12.057   12.057   13.657   13.657   14.491   14.491   15.608   15.608
   16.510   16.510
            0.968084  0.031916  0.000000
  -62.405  -62.405  -34.759  -34.759  -31.485  -31.485  -31.243  -31.243  -22.388  -22.388
  -22.350  -22.350   -8.424   -8.424   -7.541   -7.541   -5.994   -5.994   -5.760   -5.760
   -4.986   -4.986   -4.893   -4.893   -4.085   -4.085   -3.921   -3.921   -3.830   -3.830
   -3.622   -3.622    6.297    6.297    6.445    6.445    6.842    6.842    7.010    7.010
    7.554    7.554    8.023    8.023    8.110    8.110    8.177    8.177    8.249    8.249
    8.839    8.839    9.029    9.029    9.419    9.419    9.478    9.478   11.002   11.002
   11.089   11.089   12.077   12.077   13.663   13.663   14.500   14.500   15.616   15.616
   16.518   16.518
            0.964538  0.035462  0.000000
  -62.405  -62.405  -34.759  -34.759  -31.485  -31.485  -31.243  -31.243  -22.388  -22.388
  -22.350  -22.350   -8.422   -8.422   -7.540   -7.540   -5.995   -5.995   -5.763   -5.763
   -4.985   -4.985   -4.892   -4.892   -4.084   -4.084   -3.925   -3.925   -3.824   -3.824
   -3.621   -3.621    6.289    6.289    6.437    6.437    6.843    6.843    6.999    6.999
    7.530    7.530    8.026    8.026    8.085    8.085    8.197    8.197    8.242    8.242
    8.844    8.844    9.058    9.058    9.414    9.414    9.473    9.473   10.999   10.999
   11.088   11.088   12.099   12.099   13.670   13.670   14.509   14.509   15.624   15.624
   16.526   16.526
            0.960992  0.039008  0.000000
  -62.405  -62.405  -34.759  -34.759  -31.486  -31.486  -31.243  -31.243  -22.388  -22.388
  -22.350  -22.350   -8.419   -8.419   -7.539   -7.539   -5.997   -5.997   -5.766   -5.766
   -4.984   -4.984   -4.892   -4.892   -4.082   -4.082   -3.929   -3.929   -3.818   -3.818
   -3.621   -3.621    6.279    6.279    6.428    6.428    6.844    6.844    6.987    6.987
    7.505    7.505    8.024    8.024    8.063    8.063    8.218    8.218    8.236    8.236
    8.850    8.850    9.088    9.088    9.408    9.408    9.467    9.467   10.997   10.997
   11.087   11.087   12.123   12.123   13.677   13.677   14.520   14.520   15.632   15.632
   16.535   16.535
            0.957446  0.042554  0.000000
  -62.405  -62.405  -34.759  -34.759  -31.486  -31.486  -31.243  -31.243  -22.387  -22.387
  -22.350  -22.350   -8.417   -8.417   -7.538   -7.538   -5.999   -5.999   -5.769   -5.769
   -4.983   -4.983   -4.892   -4.892   -4.081   -4.081   -3.932   -3.932   -3.812   -3.812
   -3.620   -3.620    6.269    6.269    6.419    6.419    6.845    6.845    6.974    6.974
    7.481    7.481    8.008    8.008    8.053    8.053    8.221    8.221    8.250    8.250
    8.857    8.857    9.119    9.119    9.401    9.401    9.462    9.462   10.994   10.994
   11.086   11.086   12.150   12.150   13.685   13.685   14.531   14.531   15.642   15.642
   16.544   16.544
            0.953899  0.046101  0.000000
  -62.405  -62.405  -34.759  -34.759  -31.486  -31.486  -31.243  -31.243  -22.387  -22.387
  -22.349  -22.349   -8.414   -8.414   -7.538   -7.538   -6.001   -6.001   -5.772   -5.772
   -4.982   -4.982   -4.891   -4.891   -4.080   -4.080   -3.936   -3.936   -3.807   -3.807
   -3.619   -3.619    6.258    6.258    6.409    6.409    6.846    6.846    6.960    6.960
    7.456    7.456    7.979    7.979    8.054    8.054    8.213    8.213    8.274    8.274
    8.864    8.864    9.151    9.151    9.394    9.394    9.456    9.456   10.991   10.991
   11.085   11.085   12.178   12.178   13.694   13.694   14.544   14.544   15.652   15.652
   16.555   16.555
            0.950353  0.049647  0.000000
  -62.405  -62.405  -34.759  -34.759  -31.486  -31.486  -31.243  -31.243  -22.387  -22.387
  -22.349  -22.349   -8.411   -8.411   -7.537   -7.537   -6.003   -6.003   -5.776   -5.776
   -4.981   -4.981   -4.891   -4.891   -4.079   -4.079   -3.939   -3.939   -3.801   -3.801
   -3.619   -3.619    6.247    6.247    6.397    6.397    6.847    6.847    6.946    6.946
    7.431    7.431    7.947    7.947    8.058    8.058    8.204    8.204    8.300    8.300
    8.872    8.872    9.183    9.183    9.387    9.387    9.450    9.450   10.988   10.988
   11.085   11.085   12.208   12.208   13.703   13.703   14.557   14.557   15.663   15.663
   16.566   16.566
            0.946807  0.053193  0.000000
  -62.405  -62.405  -34.759  -34.759  -31.486  -31.486  -31.243  -31.243  -22.387  -22.387
  -22.349  -22.349   -8.407   -8.407   -7.535   -7.535   -6.006   -6.006   -5.779   -5.779
   -4.980   -4.980   -4.891   -4.891   -4.078   -4.078   -3.942   -3.942   -3.794   -3.794
   -3.618   -3.618    6.234    6.234    6.386    6.386    6.848    6.848    6.931    6.931
    7.406    7.406    7.913    7.913    8.062    8.062    8.195    8.195    8.327    8.327
    8.880    8.880    9.214    9.214    9.379    9.379    9.444    9.444   10.984   10.984
   11.084   11.084   12.240   12.240   13.713   13.713   14.571   14.571   15.674   15.674
   16.578   16.578
            0.943261  0.056739  0.000000
  -62.405  -62.405  -34.759  -34.759  -31.486  -31.486  -31.243  -31.243  -22.386  -22.386
  -22.349  -22.349   -8.404   -8.404   -7.534   -7.534   -6.008   -6.008   -5.783   -5.783
   -4.978   -4.978   -4.890   -4.890   -4.076   -4.076   -3.946   -3.946   -3.788   -3.788
   -3.617   -3.617    6.220    6.220    6.373    6.373    6.849    6.849    6.915    6.915
    7.381    7.381    7.878    7.878    8.067    8.067    8.185    8.185    8.354    8.354
    8.888    8.888    9.246    9.246    9.372    9.372    9.438    9.438   10.980   10.980
   11.084   11.084   12.274   12.274   13.723   13.723   14.587   14.587   15.686   15.686
   16.590   16.590
            0.939715  0.060285  0.000000
  -62.405  -62.405  -34.759  -34.759  -31.486  -31.486  -31.243  -31.243  -22.386  -22.386
  -22.349  -22.349   -8.400   -8.400   -7.533   -7.533   -6.011   -6.011   -5.787   -5.787
   -4.977   -4.977   -4.890   -4.890   -4.075   -4.075   -3.949   -3.949   -3.782   -3.782
   -3.616   -3.616    6.206    6.206    6.360    6.360    6.850    6.850    6.899    6.899
    7.355    7.355    7.843    7.843    8.071    8.071    8.175    8.175    8.381    8.381
    8.897    8.897    9.275    9.275    9.366    9.366    9.432    9.432   10.976   10.976
   11.084   11.084   12.309   12.309   13.734   13.734   14.603   14.603   15.699   15.699
   16.603   16.603
            0.936168  0.063832  0.000000
  -62.405  -62.405  -34.759  -34.759  -31.486  -31.486  -31.243  -31.243  -22.386  -22.386
  -22.349  -22.349   -8.396   -8.396   -7.532   -7.532   -6.013   -6.013   -5.791   -5.791
   -4.976   -4.976   -4.889   -4.889   -4.074   -4.074   -3.951   -3.951   -3.776   -3.776
   -3.615   -3.615    6.191    6.191    6.346    6.346    6.850    6.850    6.883    6.883
    7.330    7.330    7.807    7.807    8.076    8.076    8.165    8.165    8.408    8.408
    8.907    8.907    9.298    9.298    9.365    9.365    9.428    9.428   10.972   10.972
   11.084   11.084   12.346   12.346   13.746   13.746   14.620   14.620   15.712   15.712
   16.617   16.617
            0.932622  0.067378  0.000000
  -62.405  -62.405  -34.759  -34.759  -31.486  -31.486  -31.243  -31.243  -22.386  -22.386
  -22.349  -22.349   -8.392   -8.392   -7.530   -7.530   -6.016   -6.016   -5.796   -5.796
   -4.975   -4.975   -4.889   -4.889   -4.072   -4.072   -3.954   -3.954   -3.770   -3.770
   -3.614   -3.614    6.175    6.175    6.331    6.331    6.848    6.848    6.868    6.868
    7.305    7.305    7.770    7.770    8.081    8.081    8.155    8.155    8.436    8.436
    8.916    8.916    9.309    9.309    9.372    9.372    9.427    9.427   10.968   10.968
   11.084   11.084   12.385   12.385   13.758   13.758   14.638   14.638   15.726   15.726
   16.632   16.632
            0.929076  0.070924  0.000000
  -62.405  -62.405  -34.759  -34.759  -31.487  -31.487  -31.243  -31.243  -22.385  -22.385
  -22.349  -22.349   -8.388   -8.388   -7.529   -7.529   -6.019   -6.019   -5.800   -5.800
   -4.973   -4.973   -4.888   -4.888   -4.071   -4.071   -3.957   -3.957   -3.764   -3.764
   -3.613   -3.613    6.158    6.158    6.315    6.315    6.839    6.839    6.859    6.859
    7.280    7.280    7.733    7.733    8.086    8.086    8.145    8.145    8.463    8.463
    8.926    8.926    9.307    9.307    9.382    9.382    9.434    9.434   10.963   10.963
   11.084   11.084   12.425   12.425   13.770   13.770   14.657   14.657   15.740   15.740
   16.647   16.647
            0.925530  0.074470  0.000000
  -62.405  -62.405  -34.759  -34.759  -31.487  -31.487  -31.243  -31.243  -22.385  -22.385
  -22.349  -22.349   -8.383   -8.383   -7.527   -7.527   -6.022   -6.022   -5.805   -5.805
   -4.972   -4.972   -4.888   -4.888   -4.070   -4.070   -3.959   -3.959   -3.757   -3.757
   -3.611   -3.611    6.141    6.141    6.299    6.299    6.823    6.823    6.857    6.857
    7.255    7.255    7.696    7.696    8.090    8.090    8.136    8.136    8.491    8.491
    8.937    8.937    9.300    9.300    9.386    9.386    9.455    9.455   10.958   10.958
   11.085   11.085   12.466   12.466   13.783   13.783   14.677   14.677   15.754   15.754
   16.663   16.663
            0.921984  0.078016  0.000000
  -62.405  -62.405  -34.759  -34.759  -31.487  -31.487  -31.243  -31.243  -22.384  -22.384
  -22.349  -22.349   -8.378   -8.378   -7.526   -7.526   -6.025   -6.025   -5.809   -5.809
   -4.971   -4.971   -4.887   -4.887   -4.069   -4.069   -3.962   -3.962   -3.751   -3.751
   -3.610   -3.610    6.123    6.123    6.282    6.282    6.805    6.805    6.857    6.857
    7.230    7.230    7.658    7.658    8.095    8.095    8.127    8.127    8.519    8.519
    8.947    8.947    9.290    9.290    9.383    9.383    9.484    9.484   10.953   10.953
   11.085   11.085   12.509   12.509   13.796   13.796   14.698   14.698   15.769   15.769
   16.679   16.679
            0.918437  0.081563  0.000000
  -62.405  -62.405  -34.759  -34.759  -31.487  -31.487  -31.243  -31.243  -22.384  -22.384
  -22.348  -22.348   -8.373   -8.373   -7.524   -7.524   -6.028   -6.028   -5.814   -5.814
   -4.970   -4.970   -4.887   -4.887   -4.067   -4.067   -3.964   -3.964   -3.745   -3.745
   -3.609   -3.609    6.105    6.105    6.264    6.264    6.787    6.787    6.856    6.856
    7.205    7.205    7.620    7.620    8.098    8.098    8.118    8.118    8.546    8.546
    8.958    8.958    9.278    9.278    9.378    9.378    9.517    9.517   10.949   10.949
   11.086   11.086   12.553   12.553   13.810   13.810   14.719   14.719   15.784   15.784
   16.696   16.696
            0.914891  0.085109  0.000000
  -62.405  -62.405  -34.760  -34.760  -31.487  -31.487  -31.243  -31.243  -22.384  -22.384
  -22.348  -22.348   -8.368   -8.368   -7.522   -7.522   -6.032   -6.032   -5.819   -5.819
   -4.968   -4.968   -4.887   -4.887   -4.066   -4.066   -3.966   -3.966   -3.738   -3.738
   -3.607   -3.607    6.085    6.085    6.245    6.245    6.768    6.768    6.856    6.856
    7.181    7.181    7.582    7.582    8.100    8.100    8.112    8.112    8.574    8.574
    8.969    8.969    9.266    9.266    9.372    9.372    9.551    9.551   10.944   10.944
   11.087   11.087   12.598   12.598   13.824   13.824   14.742   14.742   15.800   15.800
   16.714   16.714
            0.911345  0.088655  0.000000
  -62.405  -62.405  -34.760  -34.760  -31.487  -31.487  -31.243  -31.243  -22.383  -22.383
  -22.348  -22.348   -8.362   -8.362   -7.520   -7.520   -6.035   -6.035   -5.824   -5.824
   -4.967   -4.967   -4.886   -4.886   -4.065   -4.065   -3.968   -3.968   -3.732   -3.732
   -3.605   -3.605    6.065    6.065    6.225    6.225    6.748    6.748    6.856    6.856
    7.156    7.156    7.543    7.543    8.096    8.096    8.112    8.112    8.602    8.602
    8.981    8.981    9.253    9.253    9.365    9.365    9.585    9.585   10.939   10.939
   11.089   11.089   12.644   12.644   13.839   13.839   14.765   14.765   15.815   15.815
   16.732   16.732
            0.907799  0.092201  0.000000
  -62.405  -62.405  -34.760  -34.760  -31.488  -31.488  -31.243  -31.243  -22.383  -22.383
  -22.348  -22.348   -8.357   -8.357   -7.518   -7.518   -6.038   -6.038   -5.829   -5.829
   -4.966   -4.966   -4.886   -4.886   -4.065   -4.065   -3.970   -3.970   -3.726   -3.726
   -3.604   -3.604    6.045    6.045    6.205    6.205    6.728    6.728    6.856    6.856
    7.132    7.132    7.505    7.505    8.089    8.089    8.115    8.115    8.629    8.629
    8.992    8.992    9.240    9.240    9.358    9.358    9.621    9.621   10.934   10.934
   11.090   11.090   12.691   12.691   13.854   13.854   14.789   14.789   15.831   15.831
   16.751   16.751
            0.904253  0.095747  0.000000
  -62.405  -62.405  -34.760  -34.760  -31.488  -31.488  -31.243  -31.243  -22.382  -22.382
  -22.348  -22.348   -8.351   -8.351   -7.516   -7.516   -6.042   -6.042   -5.834   -5.834
   -4.965   -4.965   -4.885   -4.885   -4.064   -4.064   -3.972   -3.972   -3.720   -3.720
   -3.602   -3.602    6.024    6.024    6.184    6.184    6.708    6.708    6.855    6.855
    7.108    7.108    7.466    7.466    8.081    8.081    8.118    8.118    8.657    8.657
    9.004    9.004    9.226    9.226    9.351    9.351    9.656    9.656   10.929   10.929
   11.092   11.092   12.740   12.740   13.869   13.869   14.814   14.814   15.847   15.847
   16.770   16.770
            0.900706  0.099294  0.000000
  -62.405  -62.405  -34.760  -34.760  -31.488  -31.488  -31.243  -31.243  -22.382  -22.382
  -22.348  -22.348   -8.345   -8.345   -7.514   -7.514   -6.045   -6.045   -5.839   -5.839
   -4.964   -4.964   -4.885   -4.885   -4.063   -4.063   -3.973   -3.973   -3.714   -3.714
   -3.600   -3.600    6.002    6.002    6.162    6.162    6.688    6.688    6.854    6.854
    7.084    7.084    7.427    7.427    8.074    8.074    8.122    8.122    8.684    8.684
    9.015    9.015    9.212    9.212    9.345    9.345    9.692    9.692   10.925   10.925
   11.094   11.094   12.789   12.789   13.884   13.884   14.840   14.840   15.864   15.864
   16.789   16.789
            0.897160  0.102840  0.000000
  -62.405  -62.405  -34.760  -34.760  -31.488  -31.488  -31.244  -31.244  -22.381  -22.381
  -22.348  -22.348   -8.338   -8.338   -7.512   -7.512   -6.048   -6.048   -5.844   -5.844
   -4.962   -4.962   -4.885   -4.885   -4.063   -4.063   -3.975   -3.975   -3.707   -3.707
   -3.598   -3.598    5.980    5.980    6.139    6.139    6.668    6.668    6.853    6.853
    7.060    7.060    7.388    7.388    8.068    8.068    8.126    8.126    8.711    8.711
    9.027    9.027    9.198    9.198    9.338    9.338    9.728    9.728   10.920   10.920
   11.096   11.096   12.839   12.839   13.900   13.900   14.867   14.867   15.880   15.880
   16.809   16.809
            0.893614  0.106386  0.000000
  -62.405  -62.405  -34.760  -34.760  -31.488  -31.488  -31.244  -31.244  -22.381  -22.381
  -22.348  -22.348   -8.332   -8.332   -7.510   -7.510   -6.052   -6.052   -5.849   -5.849
   -4.961   -4.961   -4.884   -4.884   -4.062   -4.062   -3.977   -3.977   -3.701   -3.701
   -3.596   -3.596    5.957    5.957    6.116    6.116    6.648    6.648    6.851    6.851
    7.037    7.037    7.350    7.350    8.062    8.062    8.129    8.129    8.738    8.738
    9.039    9.039    9.184    9.184    9.331    9.331    9.764    9.764   10.916   10.916
   11.099   11.099   12.890   12.890   13.916   13.916   14.894   14.894   15.896   15.896
   16.830   16.830
            0.890068  0.109932  0.000000
  -62.405  -62.405  -34.760  -34.760  -31.489  -31.489  -31.244  -31.244  -22.380  -22.380
  -22.347  -22.347   -8.325   -8.325   -7.508   -7.508   -6.055   -6.055   -5.854   -5.854
   -4.960   -4.960   -4.884   -4.884   -4.062   -4.062   -3.978   -3.978   -3.695   -3.695
   -3.594   -3.594    5.934    5.934    6.091    6.091    6.627    6.627    6.849    6.849
    7.014    7.014    7.311    7.311    8.056    8.056    8.133    8.133    8.765    8.765
    9.051    9.051    9.169    9.169    9.324    9.324    9.800    9.800   10.912   10.912
   11.101   11.101   12.942   12.942   13.932   13.932   14.922   14.922   15.913   15.913
   16.850   16.850
            0.886522  0.113478  0.000000
  -62.405  -62.405  -34.760  -34.760  -31.489  -31.489  -31.244  -31.244  -22.380  -22.380
  -22.347  -22.347   -8.318   -8.318   -7.506   -7.506   -6.059   -6.059   -5.859   -5.859
   -4.959   -4.959   -4.884   -4.884   -4.061   -4.061   -3.979   -3.979   -3.689   -3.689
   -3.592   -3.592    5.910    5.910    6.066    6.066    6.607    6.607    6.846    6.846
    6.991    6.991    7.273    7.273    8.051    8.051    8.136    8.136    8.792    8.792
    9.062    9.062    9.155    9.155    9.317    9.317    9.836    9.836   10.909   10.909
   11.104   11.104   12.995   12.995   13.949   13.949   14.951   14.951   15.929   15.929
   16.872   16.872
            0.882975  0.117025  0.000000
  -62.405  -62.405  -34.760  -34.760  -31.489  -31.489  -31.244  -31.244  -22.379  -22.379
  -22.347  -22.347   -8.311   -8.311   -7.503   -7.503   -6.063   -6.063   -5.864   -5.864
   -4.958   -4.958   -4.884   -4.884   -4.061   -4.061   -3.981   -3.981   -3.683   -3.683
   -3.589   -3.589    5.886    5.886    6.041    6.041    6.587    6.587    6.843    6.843
    6.969    6.969    7.235    7.235    8.047    8.047    8.139    8.139    8.819    8.819
    9.074    9.074    9.140    9.140    9.310    9.310    9.872    9.872   10.905   10.905
   11.107   11.107   13.048   13.048   13.965   13.965   14.981   14.981   15.946   15.946
   16.893   16.893
            0.879429  0.120571  0.000000
  -62.405  -62.405  -34.760  -34.760  -31.489  -31.489  -31.244  -31.244  -22.379  -22.379
  -22.347  -22.347   -8.304   -8.304   -7.501   -7.501   -6.066   -6.066   -5.869   -5.869
   -4.958   -4.958   -4.883   -4.883   -4.061   -4.061   -3.982   -3.982   -3.677   -3.677
   -3.587   -3.587    5.862    5.862    6.014    6.014    6.566    6.566    6.838    6.838
    6.947    6.947    7.198    7.198    8.043    8.043    8.142    8.142    8.845    8.845
    9.085    9.085    9.126    9.126    9.303    9.303    9.908    9.908   10.902   10.902
   11.110   11.110   13.102   13.102   13.982   13.982   15.011   15.011   15.962   15.962
   16.915   16.915
            0.875883  0.124117  0.000000
  -62.405  -62.405  -34.760  -34.760  -31.490  -31.490  -31.244  -31.244  -22.378  -22.378
  -22.347  -22.347   -8.296   -8.296   -7.498   -7.498   -6.070   -6.070   -5.874   -5.874
   -4.957   -4.957   -4.883   -4.883   -4.061   -4.061   -3.983   -3.983   -3.671   -3.671
   -3.585   -3.585    5.837    5.837    5.987    5.987    6.546    6.546    6.831    6.831
    6.925    6.925    7.161    7.161    8.041    8.041    8.145    8.145    8.871    8.871
    9.095    9.095    9.112    9.112    9.296    9.296    9.944    9.944   10.900   10.900
   11.114   11.114   13.157   13.157   13.999   13.999   15.042   15.042   15.979   15.979
   16.937   16.937
            0.872337  0.127663  0.000000
  -62.405  -62.405  -34.761  -34.761  -31.490  -31.490  -31.244  -31.244  -22.378  -22.378
  -22.347  -22.347   -8.289   -8.289   -7.496   -7.496   -6.073   -6.073   -5.879   -5.879
   -4.956   -4.956   -4.883   -4.883   -4.062   -4.062   -3.985   -3.985   -3.665   -3.665
   -3.582   -3.582    5.811    5.811    5.960    5.960    6.526    6.526    6.823    6.823
    6.905    6.905    7.126    7.126    8.038    8.038    8.148    8.148    8.897    8.897
    9.095    9.095    9.109    9.109    9.289    9.289    9.980    9.980   10.898   10.898
   11.118   11.118   13.212   13.212   14.016   14.016   15.074   15.074   15.995   15.995
   16.960   16.960
            0.868791  0.131209  0.000000
  -62.405  -62.405  -34.761  -34.761  -31.490  -31.490  -31.244  -31.244  -22.377  -22.377
  -22.346  -22.346   -8.281   -8.281   -7.493   -7.493   -6.076   -6.076   -5.884   -5.884
   -4.955   -4.955   -4.883   -4.883   -4.062   -4.062   -3.986   -3.986   -3.660   -3.660
   -3.580   -3.580    5.785    5.785    5.932    5.932    6.506    6.506    6.813    6.813
    6.885    6.885    7.092    7.092    8.037    8.037    8.151    8.151    8.922    8.922
    9.081    9.081    9.119    9.119    9.282    9.282   10.017   10.017   10.896   10.896
   11.122   11.122   13.268   13.268   14.033   14.033   15.106   15.106   16.011   16.011
   16.983   16.983
            0.865244  0.134756  0.000000
  -62.405  -62.405  -34.761  -34.761  -31.490  -31.490  -31.244  -31.244  -22.376  -22.376
  -22.346  -22.346   -8.273   -8.273   -7.491   -7.491   -6.080   -6.080   -5.888   -5.888
   -4.954   -4.954   -4.883   -4.883   -4.062   -4.062   -3.987   -3.987   -3.654   -3.654
   -3.577   -3.577    5.759    5.759    5.903    5.903    6.486    6.486    6.800    6.800
    6.865    6.865    7.061    7.061    8.036    8.036    8.154    8.154    8.948    8.948
    9.067    9.067    9.130    9.130    9.275    9.275   10.052   10.052   10.895   10.895
   11.126   11.126   13.324   13.324   14.051   14.051   15.139   15.139   16.028   16.028
   17.006   17.006
            0.861698  0.138302  0.000000
  -62.405  -62.405  -34.761  -34.761  -31.491  -31.491  -31.244  -31.244  -22.376  -22.376
  -22.346  -22.346   -8.264   -8.264   -7.488   -7.488   -6.083   -6.083   -5.893   -5.893
   -4.953   -4.953   -4.884   -4.884   -4.063   -4.063   -3.988   -3.988   -3.648   -3.648
   -3.575   -3.575    5.732    5.732    5.874    5.874    6.466    6.466    6.783    6.783
    6.846    6.846    7.033    7.033    8.036    8.036    8.156    8.156    8.973    8.973
    9.053    9.053    9.140    9.140    9.268    9.268   10.088   10.088   10.894   10.894
   11.131   11.131   13.381   13.381   14.068   14.068   15.173   15.173   16.044   16.044
   17.029   17.029
            0.858152  0.141848  0.000000
  -62.405  -62.405  -34.761  -34.761  -31.491  -31.491  -31.244  -31.244  -22.375  -22.375
  -22.346  -22.346   -8.256   -8.256   -7.485   -7.485   -6.087   -6.087   -5.898   -5.898
   -4.953   -4.953   -4.884   -4.884   -4.063   -4.063   -3.990   -3.990   -3.643   -3.643
   -3.573   -3.573    5.705    5.705    5.844    5.844    6.446    6.446    6.765    6.765
    6.825    6.825    7.008    7.008    8.036    8.036    8.159    8.159    8.997    8.997
    9.039    9.039    9.150    9.150    9.262    9.262   10.124   10.124   10.894   10.894
   11.136   11.136   13.438   13.438   14.086   14.086   15.207   15.207   16.059   16.059
   17.053   17.053
            0.854606  0.145394  0.000000
  -62.405  -62.405  -34.761  -34.761  -31.491  -31.491  -31.244  -31.244  -22.375  -22.375
  -22.346  -22.346   -8.247   -8.247   -7.483   -7.483   -6.090   -6.090   -5.902   -5.902
   -4.952   -4.952   -4.884   -4.884   -4.064   -4.064   -3.991   -3.991   -3.638   -3.638
   -3.570   -3.570    5.677    5.677    5.814    5.814    6.427    6.427    6.744    6.744
    6.803    6.803    6.988    6.988    8.037    8.037    8.162    8.162    9.018    9.018
    9.029    9.029    9.160    9.160    9.255    9.255   10.160   10.160   10.894   10.894
   11.141   11.141   13.496   13.496   14.103   14.103   15.242   15.242   16.075   16.075
   17.076   17.076
            0.851060  0.148940  0.000000
  -62.405  -62.405  -34.761  -34.761  -31.491  -31.491  -31.244  -31.244  -22.374  -22.374
  -22.345  -22.345   -8.238   -8.238   -7.480   -7.480   -6.093   -6.093   -5.907   -5.907
   -4.952   -4.952   -4.885   -4.885   -4.064   -4.064   -3.992   -3.992   -3.632   -3.632
   -3.568   -3.568    5.649    5.649    5.784    5.784    6.408    6.408    6.720    6.720
    6.780    6.780    6.971    6.971    8.039    8.039    8.164    8.164    9.010    9.010
    9.047    9.047    9.170    9.170    9.248    9.248   10.196   10.196   10.895   10.895
   11.146   11.146   13.554   13.554   14.121   14.121   15.277   15.277   16.090   16.090
   17.100   17.100
            0.847513  0.152487  0.000000
  -62.405  -62.405  -34.761  -34.761  -31.492  -31.492  -31.244  -31.244  -22.373  -22.373
  -22.345  -22.345   -8.229   -8.229   -7.477   -7.477   -6.096   -6.096   -5.911   -5.911
   -4.951   -4.951   -4.885   -4.885   -4.065   -4.065   -3.994   -3.994   -3.627   -3.627
   -3.565   -3.565    5.621    5.621    5.753    5.753    6.388    6.388    6.694    6.694
    6.756    6.756    6.959    6.959    8.042    8.042    8.166    8.166    8.997    8.997
    9.071    9.071    9.179    9.179    9.242    9.242   10.231   10.231   10.897   10.897
   11.152   11.152   13.613   13.613   14.138   14.138   15.313   15.313   16.106   16.106
   17.125   17.125
            0.843967  0.156033  0.000000
  -62.405  -62.405  -34.761  -34.761  -31.492  -31.492  -31.244  -31.244  -22.373  -22.373
  -22.345  -22.345   -8.220   -8.220   -7.474   -7.474   -6.099   -6.099   -5.915   -5.915
   -4.950   -4.950   -4.886   -4.886   -4.066   -4.066   -3.995   -3.995   -3.622   -3.622
   -3.563   -3.563    5.592    5.592    5.723    5.723    6.370    6.370    6.665    6.665
    6.731    6.731    6.949    6.949    8.045    8.045    8.169    8.169    8.984    8.984
    9.094    9.094    9.188    9.188    9.235    9.235   10.266   10.266   10.899   10.899
   11.158   11.158   13.671   13.671   14.156   14.156   15.349   15.349   16.121   16.121
   17.149   17.149
            0.840421  0.159579  0.000000
  -62.405  -62.405  -34.762  -34.762  -31.492  -31.492  -31.244  -31.244  -22.372  -22.372
  -22.345  -22.345   -8.211   -8.211   -7.471   -7.471   -6.102   -6.102   -5.919   -5.919
   -4.950   -4.950   -4.886   -4.886   -4.066   -4.066   -3.997   -3.997   -3.617   -3.617
   -3.561   -3.561    5.562    5.562    5.692    5.692    6.351    6.351    6.633    6.633
    6.707    6.707    6.941    6.941    8.048    8.048    8.171    8.171    8.971    8.971
    9.117    9.117    9.197    9.197    9.229    9.229   10.302   10.302   10.902   10.902
   11.165   11.165   13.730   13.730   14.173   14.173   15.386   15.386   16.135   16.135
   17.173   17.173
            0.836875  0.163125  0.000000
  -62.405  -62.405  -34.762  -34.762  -31.493  -31.493  -31.244  -31.244  -22.371  -22.371
  -22.345  -22.345   -8.201   -8.201   -7.468   -7.468   -6.105   -6.105   -5.923   -5.923
   -4.949   -4.949   -4.887   -4.887   -4.067   -4.067   -3.999   -3.999   -3.612   -3.612
   -3.559   -3.559    5.532    5.532    5.661    5.661    6.333    6.333    6.600    6.600
    6.684    6.684    6.935    6.935    8.053    8.053    8.173    8.173    8.959    8.959
    9.139    9.139    9.205    9.205    9.223    9.223   10.337   10.337   10.905   10.905
   11.172   11.172   13.790   13.790   14.191   14.191   15.424   15.424   16.150   16.150
   17.198   17.198
            0.833329  0.166671  0.000000
  -62.405  -62.405  -34.762  -34.762  -31.493  -31.493  -31.245  -31.245  -22.371  -22.371
  -22.344  -22.344   -8.192   -8.192   -7.465   -7.465   -6.108   -6.108   -5.927   -5.927
   -4.949   -4.949   -4.888   -4.888   -4.068   -4.068   -4.000   -4.000   -3.607   -3.607
   -3.557   -3.557    5.502    5.502    5.630    5.630    6.315    6.315    6.564    6.564
    6.662    6.662    6.930    6.930    8.058    8.058    8.176    8.176    8.947    8.947
    9.161    9.161    9.213    9.213    9.217    9.217   10.372   10.372   10.909   10.909
   11.179   11.179   13.849   13.849   14.208   14.208   15.461   15.461   16.164   16.164
   17.223   17.223
            0.829782  0.170218  0.000000
  -62.405  -62.405  -34.762  -34.762  -31.493  -31.493  -31.245  -31.245  -22.370  -22.370
  -22.344  -22.344   -8.182   -8.182   -7.462   -7.462   -6.111   -6.111   -5.930   -5.930
   -4.949   -4.949   -4.889   -4.889   -4.069   -4.069   -4.002   -4.002   -3.603   -3.603
   -3.555   -3.555    5.471    5.471    5.599    5.599    6.297    6.297    6.527    6.527
    6.640    6.640    6.927    6.927    8.063    8.063    8.178    8.178    8.935    8.935
    9.183    9.183    9.210    9.210    9.221    9.221   10.406   10.406   10.914   10.914
   11.186   11.186   13.909   13.909   14.225   14.225   15.499   15.499   16.178   16.178
   17.248   17.248
            0.826236  0.173764  0.000000
  -62.405  -62.405  -34.762  -34.762  -31.493  -31.493  -31.245  -31.245  -22.369  -22.369
  -22.344  -22.344   -8.172   -8.172   -7.458   -7.458   -6.113   -6.113   -5.934   -5.934
   -4.948   -4.948   -4.890   -4.890   -4.070   -4.070   -4.004   -4.004   -3.598   -3.598
   -3.553   -3.553    5.439    5.439    5.568    5.568    6.279    6.279    6.489    6.489
    6.619    6.619    6.924    6.924    8.069    8.069    8.180    8.180    8.923    8.923
    9.201    9.201    9.207    9.207    9.230    9.230   10.441   10.441   10.920   10.920
   11.194   11.194   13.969   13.969   14.243   14.243   15.538   15.538   16.192   16.192
   17.273   17.273
            0.822690  0.177310  0.000000
  -62.405  -62.405  -34.762  -34.762  -31.494  -31.494  -31.245  -31.245  -22.368  -22.368
  -22.344  -22.344   -8.162   -8.162   -7.455   -7.455   -6.116   -6.116   -5.937   -5.937
   -4.948   -4.948   -4.891   -4.891   -4.071   -4.071   -4.006   -4.006   -3.594   -3.594
   -3.551   -3.551    5.407    5.407    5.537    5.537    6.262    6.262    6.450    6.450
    6.598    6.598    6.922    6.922    8.076    8.076    8.183    8.183    8.912    8.912
    9.198    9.198    9.221    9.221    9.240    9.240   10.475   10.475   10.926   10.926
   11.202   11.202   14.029   14.029   14.260   14.260   15.577   15.577   16.205   16.205
   17.298   17.298
            0.819144  0.180856  0.000000
  -62.405  -62.405  -34.762  -34.762  -31.494  -31.494  -31.245  -31.245  -22.368  -22.368
  -22.344  -22.344   -8.151   -8.151   -7.452   -7.452   -6.118   -6.118   -5.941   -5.941
   -4.948   -4.948   -4.892   -4.892   -4.071   -4.071   -4.008   -4.008   -3.590   -3.590
   -3.549   -3.549    5.374    5.374    5.507    5.507    6.245    6.245    6.410    6.410
    6.578    6.578    6.920    6.920    8.083    8.083    8.185    8.185    8.902    8.902
    9.192    9.192    9.233    9.233    9.255    9.255   10.510   10.510   10.932   10.932
   11.210   11.210   14.089   14.089   14.277   14.277   15.616   15.616   16.218   16.218
   17.323   17.323
            0.815598  0.184402  0.000000
  -62.405  -62.405  -34.762  -34.762  -31.494  -31.494  -31.245  -31.245  -22.367  -22.367
  -22.343  -22.343   -8.141   -8.141   -7.449   -7.449   -6.120   -6.120   -5.944   -5.944
   -4.948   -4.948   -4.893   -4.893   -4.072   -4.072   -4.010   -4.010   -3.586   -3.586
   -3.548   -3.548    5.341    5.341    5.476    5.476    6.228    6.228    6.371    6.371
    6.558    6.558    6.918    6.918    8.091    8.091    8.187    8.187    8.892    8.892
    9.186    9.186    9.241    9.241    9.273    9.273   10.544   10.544   10.940   10.940
   11.219   11.219   14.150   14.150   14.294   14.294   15.655   15.655   16.231   16.231
   17.347   17.347
            0.812051  0.187949  0.000000
  -62.405  -62.405  -34.763  -34.763  -31.495  -31.495  -31.245  -31.245  -22.366  -22.366
  -22.343  -22.343   -8.130   -8.130   -7.445   -7.445   -6.122   -6.122   -5.947   -5.947
   -4.947   -4.947   -4.894   -4.894   -4.073   -4.073   -4.012   -4.012   -3.582   -3.582
   -3.546   -3.546    5.308    5.308    5.446    5.446    6.212    6.212    6.331    6.331
    6.538    6.538    6.917    6.917    8.099    8.099    8.190    8.190    8.882    8.882
    9.180    9.180    9.247    9.247    9.292    9.292   10.577   10.577   10.948   10.948
   11.228   11.228   14.210   14.210   14.311   14.311   15.694   15.694   16.244   16.244
   17.368   17.368
            0.808505  0.191495  0.000000
  -62.405  -62.405  -34.763  -34.763  -31.495  -31.495  -31.245  -31.245  -22.366  -22.366
  -22.343  -22.343   -8.120   -8.120   -7.442   -7.442   -6.124   -6.124   -5.950   -5.950
   -4.947   -4.947   -4.896   -4.896   -4.074   -4.074   -4.015   -4.015   -3.579   -3.579
   -3.545   -3.545    5.274    5.274    5.416    5.416    6.196    6.196    6.290    6.290
    6.519    6.519    6.916    6.916    8.108    8.108    8.192    8.192    8.873    8.873
    9.175    9.175    9.252    9.252    9.311    9.311   10.611   10.611   10.957   10.957
   11.238   11.238   14.271   14.271   14.328   14.328   15.734   15.734   16.256   16.256
   17.356   17.356
            0.804959  0.195041  0.000000
  -62.405  -62.405  -34.763  -34.763  -31.495  -31.495  -31.245  -31.245  -22.365  -22.365
  -22.343  -22.343   -8.109   -8.109   -7.439   -7.439   -6.126   -6.126   -5.952   -5.952
   -4.947   -4.947   -4.897   -4.897   -4.075   -4.075   -4.017   -4.017   -3.576   -3.576
   -3.544   -3.544    5.239    5.239    5.386    5.386    6.181    6.181    6.250    6.250
    6.500    6.500    6.915    6.915    8.117    8.117    8.195    8.195    8.864    8.864
    9.169    9.169    9.257    9.257    9.330    9.330   10.644   10.644   10.966   10.966
   11.247   11.247   14.331   14.331   14.345   14.345   15.773   15.773   16.268   16.268
   17.339   17.339
            0.801413  0.198587  0.000000
  -62.405  -62.405  -34.763  -34.763  -31.496  -31.496  -31.245  -31.245  -22.364  -22.364
  -22.343  -22.343   -8.098   -8.098   -7.435   -7.435   -6.128   -6.128   -5.955   -5.955
   -4.947   -4.947   -4.898   -4.898   -4.076   -4.076   -4.019   -4.019   -3.573   -3.573
   -3.543   -3.543    5.204    5.204    5.356    5.356    6.165    6.165    6.210    6.210
    6.481    6.481    6.914    6.914    8.126    8.126    8.197    8.197    8.855    8.855
    9.164    9.164    9.262    9.262    9.349    9.349   10.677   10.677   10.976   10.976
   11.258   11.258   14.360   14.360   14.392   14.392   15.813   15.813   16.280   16.280
   17.322   17.322
            0.797867  0.202133  0.000000
  -62.405  -62.405  -34.763  -34.763  -31.496  -31.496  -31.245  -31.245  -22.363  -22.363
  -22.342  -22.342   -8.087   -8.087   -7.432   -7.432   -6.130   -6.130   -5.957   -5.957
   -4.948   -4.948   -4.900   -4.900   -4.077   -4.077   -4.022   -4.022   -3.570   -3.570
   -3.541   -3.541    5.169    5.169    5.327    5.327    6.150    6.150    6.169    6.169
    6.463    6.463    6.914    6.914    8.136    8.136    8.200    8.200    8.848    8.848
    9.158    9.158    9.265    9.265    9.367    9.367   10.710   10.710   10.987   10.987
   11.268   11.268   14.377   14.377   14.453   14.453   15.852   15.852   16.292   16.292
   17.305   17.305
            0.794320  0.205680  0.000000
  -62.405  -62.405  -34.763  -34.763  -31.496  -31.496  -31.245  -31.245  -22.362  -22.362
  -22.342  -22.342   -8.075   -8.075   -7.428   -7.428   -6.131   -6.131   -5.960   -5.960
   -4.948   -4.948   -4.901   -4.901   -4.078   -4.078   -4.024   -4.024   -3.568   -3.568
   -3.540   -3.540    5.134    5.134    5.297    5.297    6.128    6.128    6.137    6.137
    6.444    6.444    6.913    6.913    8.147    8.147    8.203    8.203    8.840    8.840
    9.153    9.153    9.269    9.269    9.385    9.385   10.742   10.742   10.999   10.999
   11.279   11.279   14.393   14.393   14.513   14.513   15.892   15.892   16.303   16.303
   17.289   17.289
            0.790774  0.209226  0.000000
  -62.405  -62.405  -34.763  -34.763  -31.497  -31.497  -31.245  -31.245  -22.362  -22.362
  -22.342  -22.342   -8.064   -8.064   -7.425   -7.425   -6.132   -6.132   -5.962   -5.962
   -4.948   -4.948   -4.902   -4.902   -4.079   -4.079   -4.027   -4.027   -3.566   -3.566
   -3.539   -3.539    5.098    5.098    5.268    5.268    6.088    6.088    6.122    6.122
    6.426    6.426    6.913    6.913    8.157    8.157    8.206    8.206    8.834    8.834
    9.148    9.148    9.272    9.272    9.402    9.402   10.774   10.774   11.011   11.011
   11.290   11.290   14.409   14.409   14.574   14.574   15.931   15.931   16.314   16.314
   17.274   17.274
            0.787228  0.212772  0.000000
  -62.405  -62.405  -34.764  -34.764  -31.497  -31.497  -31.245  -31.245  -22.361  -22.361
  -22.342  -22.342   -8.052   -8.052   -7.421   -7.421   -6.133   -6.133   -5.964   -5.964
   -4.948   -4.948   -4.904   -4.904   -4.081   -4.081   -4.030   -4.030   -3.565   -3.565
   -3.538   -3.538    5.062    5.062    5.239    5.239    6.048    6.048    6.108    6.108
    6.409    6.409    6.913    6.913    8.168    8.168    8.210    8.210    8.828    8.828
    9.143    9.143    9.274    9.274    9.419    9.419   10.806   10.806   11.024   11.024
   11.302   11.302   14.425   14.425   14.634   14.634   15.969   15.969   16.324   16.324
   17.260   17.260
            0.783682  0.216318  0.000000
  -62.405  -62.405  -34.764  -34.764  -31.497  -31.497  -31.246  -31.246  -22.360  -22.360
  -22.342  -22.342   -8.041   -8.041   -7.418   -7.418   -6.134   -6.134   -5.965   -5.965
   -4.949   -4.949   -4.905   -4.905   -4.082   -4.082   -4.032   -4.032   -3.564   -3.564
   -3.537   -3.537    5.026    5.026    5.210    5.210    6.008    6.008    6.094    6.094
    6.391    6.391    6.913    6.913    8.178    8.178    8.214    8.214    8.822    8.822
    9.138    9.138    9.277    9.277    9.435    9.435   10.837   10.837   11.038   11.038
   11.314   11.314   14.441   14.441   14.694   14.694   16.007   16.007   16.335   16.335
   17.247   17.247
            0.780136  0.219864  0.000000
  -62.405  -62.405  -34.764  -34.764  -31.498  -31.498  -31.246  -31.246  -22.359  -22.359
  -22.341  -22.341   -8.029   -8.029   -7.414   -7.414   -6.135   -6.135   -5.967   -5.967
   -4.949   -4.949   -4.907   -4.907   -4.083   -4.083   -4.035   -4.035   -3.563   -3.563
   -3.536   -3.536    4.990    4.990    5.181    5.181    5.968    5.968    6.081    6.081
    6.374    6.374    6.913    6.913    8.189    8.189    8.218    8.218    8.817    8.817
    9.133    9.133    9.279    9.279    9.452    9.452   10.868   10.868   11.052   11.052
   11.326   11.326   14.456   14.456   14.754   14.754   16.044   16.044   16.345   16.345
   17.235   17.235
            0.776589  0.223411  0.000000
  -62.405  -62.405  -34.764  -34.764  -31.498  -31.498  -31.246  -31.246  -22.359  -22.359
  -22.341  -22.341   -8.017   -8.017   -7.410   -7.410   -6.136   -6.136   -5.969   -5.969
   -4.950   -4.950   -4.908   -4.908   -4.084   -4.084   -4.038   -4.038   -3.563   -3.563
   -3.534   -3.534    4.954    4.954    5.153    5.153    5.929    5.929    6.068    6.068
    6.357    6.357    6.913    6.913    8.198    8.198    8.224    8.224    8.812    8.812
    9.128    9.128    9.280    9.280    9.467    9.467   10.898   10.898   11.067   11.067
   11.338   11.338   14.471   14.471   14.814   14.814   16.081   16.081   16.355   16.355
   17.225   17.225
            0.773043  0.226957  0.000000
  -62.405  -62.405  -34.764  -34.764  -31.498  -31.498  -31.246  -31.246  -22.358  -22.358
  -22.341  -22.341   -8.005   -8.005   -7.407   -7.407   -6.136   -6.136   -5.970   -5.970
   -4.951   -4.951   -4.910   -4.910   -4.085   -4.085   -4.041   -4.041   -3.564   -3.564
   -3.533   -3.533    4.917    4.917    5.124    5.124    5.889    5.889    6.056    6.056
    6.340    6.340    6.913    6.913    8.206    8.206    8.232    8.232    8.808    8.808
    9.123    9.123    9.282    9.282    9.482    9.482   10.927   10.927   11.083   11.083
   11.351   11.351   14.486   14.486   14.874   14.874   16.116   16.116   16.364   16.364
   17.216   17.216
            0.769497  0.230503  0.000000
  -62.405  -62.405  -34.764  -34.764  -31.499  -31.499  -31.246  -31.246  -22.357  -22.357
  -22.341  -22.341   -7.993   -7.993   -7.403   -7.403   -6.137   -6.137   -5.971   -5.971
   -4.952   -4.952   -4.911   -4.911   -4.086   -4.086   -4.043   -4.043   -3.564   -3.564
   -3.532   -3.532    4.881    4.881    5.095    5.095    5.850    5.850    6.044    6.044
    6.323    6.323    6.913    6.913    8.213    8.213    8.242    8.242    8.805    8.805
    9.119    9.119    9.283    9.283    9.497    9.497   10.956   10.956   11.100   11.100
   11.365   11.365   14.501   14.501   14.933   14.933   16.150   16.150   16.373   16.373
   17.209   17.209
            0.765951  0.234049  0.000000
  -62.405  -62.405  -34.764  -34.764  -31.499  -31.499  -31.246  -31.246  -22.356  -22.356
  -22.341  -22.341   -7.980   -7.980   -7.400   -7.400   -6.137   -6.137   -5.972   -5.972
   -4.953   -4.953   -4.912   -4.912   -4.088   -4.088   -4.046   -4.046   -3.565   -3.565
   -3.531   -3.531    4.844    4.844    5.067    5.067    5.812    5.812    6.032    6.032
    6.307    6.307    6.913    6.913    8.218    8.218    8.254    8.254    8.802    8.802
    9.114    9.114    9.284    9.284    9.511    9.511   10.985   10.985   11.117   11.117
   11.378   11.378   14.516   14.516   14.993   14.993   16.183   16.183   16.382   16.382
   17.204   17.204
            0.762405  0.237595  0.000000
  -62.405  -62.405  -34.765  -34.765  -31.499  -31.499  -31.246  -31.246  -22.355  -22.355
  -22.340  -22.340   -7.968   -7.968   -7.396   -7.396   -6.137   -6.137   -5.973   -5.973
   -4.954   -4.954   -4.914   -4.914   -4.089   -4.089   -4.049   -4.049   -3.567   -3.567
   -3.530   -3.530    4.808    4.808    5.039    5.039    5.773    5.773    6.021    6.021
    6.290    6.290    6.914    6.914    8.223    8.223    8.266    8.266    8.800    8.800
    9.110    9.110    9.284    9.284    9.525    9.525   11.012   11.012   11.136   11.136
   11.392   11.392   14.530   14.530   15.051   15.051   16.214   16.214   16.391   16.391
   17.202   17.202
            0.758858  0.241142  0.000000
  -62.405  -62.405  -34.765  -34.765  -31.500  -31.500  -31.246  -31.246  -22.355  -22.355
  -22.340  -22.340   -7.956   -7.956   -7.392   -7.392   -6.137   -6.137   -5.974   -5.974
   -4.955   -4.955   -4.915   -4.915   -4.090   -4.090   -4.052   -4.052   -3.568   -3.568
   -3.529   -3.529    4.772    4.772    5.010    5.010    5.735    5.735    6.010    6.010
    6.274    6.274    6.914    6.914    8.227    8.227    8.279    8.279    8.798    8.798
    9.106    9.106    9.284    9.284    9.539    9.539   11.039   11.039   11.155   11.155
   11.406   11.406   14.544   14.544   15.110   15.110   16.243   16.243   16.400   16.400
   17.202   17.202
            0.755312  0.244688  0.000000
  -62.405  -62.405  -34.765  -34.765  -31.500  -31.500  -31.246  -31.246  -22.354  -22.354
  -22.340  -22.340   -7.943   -7.943   -7.389   -7.389   -6.136   -6.136   -5.975   -5.975
   -4.957   -4.957   -4.916   -4.916   -4.092   -4.092   -4.055   -4.055   -3.570   -3.570
   -3.529   -3.529    4.735    4.735    4.982    4.982    5.697    5.697    5.999    5.999
    6.259    6.259    6.914    6.914    8.231    8.231    8.293    8.293    8.797    8.797
    9.102    9.102    9.285    9.285    9.552    9.552   11.065   11.065   11.176   11.176
   11.421   11.421   14.558   14.558   15.168   15.168   16.270   16.270   16.408   16.408
   17.204   17.204
            0.751766  0.248234  0.000000
  -62.405  -62.405  -34.765  -34.765  -31.500  -31.500  -31.246  -31.246  -22.353  -22.353
  -22.340  -22.340   -7.930   -7.930   -7.385   -7.385   -6.136   -6.136   -5.976   -5.976
   -4.958   -4.958   -4.917   -4.917   -4.093   -4.093   -4.058   -4.058   -3.573   -3.573
   -3.528   -3.528    4.699    4.699    4.954    4.954    5.660    5.660    5.989    5.989
    6.243    6.243    6.915    6.915    8.236    8.236    8.307    8.307    8.797    8.797
    9.098    9.098    9.284    9.284    9.564    9.564   11.090   11.090   11.197   11.197
   11.435   11.435   14.572   14.572   15.226   15.226   16.295   16.295   16.416   16.416
   17.210   17.210
            0.748220  0.251780  0.000000
  -62.405  -62.405  -34.765  -34.765  -31.501  -31.501  -31.246  -31.246  -22.352  -22.352
  -22.340  -22.340   -7.918   -7.918   -7.381   -7.381   -6.135   -6.135   -5.976   -5.976
   -4.960   -4.960   -4.918   -4.918   -4.095   -4.095   -4.061   -4.061   -3.575   -3.575
   -3.528   -3.528    4.663    4.663    4.926    4.926    5.623    5.623    5.979    5.979
    6.228    6.228    6.915    6.915    8.240    8.240    8.321    8.321    8.797    8.797
    9.094    9.094    9.284    9.284    9.576    9.576   11.114   11.114   11.219   11.219
   11.450   11.450   14.586   14.586   15.283   15.283   16.317   16.317   16.424   16.424
   17.219   17.219
            0.744674  0.255326  0.000000
  -62.405  -62.405  -34.765  -34.765  -31.501  -31.501  -31.246  -31.246  -22.351  -22.351
  -22.339  -22.339   -7.905   -7.905   -7.378   -7.378   -6.134   -6.134   -5.977   -5.977
   -4.962   -4.962   -4.919   -4.919   -4.096   -4.096   -4.064   -4.064   -3.578   -3.578
   -3.528   -3.528    4.627    4.627    4.898    4.898    5.586    5.586    5.969    5.969
    6.213    6.213    6.916    6.916    8.244    8.244    8.336    8.336    8.798    8.798
    9.090    9.090    9.283    9.283    9.588    9.588   11.137   11.137   11.242   11.242
   11.466   11.466   14.599   14.599   15.339   15.339   16.337   16.337   16.431   16.431
   17.231   17.231
            0.741127  0.258873  0.000000
  -62.405  -62.405  -34.765  -34.765  -31.501  -31.501  -31.246  -31.246  -22.351  -22.351
  -22.339  -22.339   -7.892   -7.892   -7.374   -7.374   -6.133   -6.133   -5.977   -5.977
   -4.964   -4.964   -4.920   -4.920   -4.098   -4.098   -4.067   -4.067   -3.581   -3.581
   -3.528   -3.528    4.592    4.592    4.870    4.870    5.550    5.550    5.960    5.960
    6.198    6.198    6.916    6.916    8.249    8.249    8.351    8.351    8.799    8.799
    9.087    9.087    9.283    9.283    9.600    9.600   11.160   11.160   11.266   11.266
   11.481   11.481   14.612   14.612   15.395   15.395   16.354   16.354   16.439   16.439
   17.247   17.247
            0.737581  0.262419  0.000000
  -62.405  -62.405  -34.765  -34.765  -31.502  -31.502  -31.246  -31.246  -22.350  -22.350
  -22.339  -22.339   -7.879   -7.879   -7.370   -7.370   -6.132   -6.132   -5.977   -5.977
   -4.967   -4.967   -4.920   -4.920   -4.099   -4.099   -4.070   -4.070   -3.585   -3.585
   -3.528   -3.528    4.556    4.556    4.842    4.842    5.515    5.515    5.951    5.951
    6.184    6.184    6.917    6.917    8.254    8.254    8.366    8.366    8.801    8.801
    9.083    9.083    9.282    9.282    9.611    9.611   11.182   11.182   11.290   11.290
   11.497   11.497   14.625   14.625   15.451   15.451   16.369   16.369   16.446   16.446
   17.266   17.266
            0.734035  0.265965  0.000000
  -62.405  -62.405  -34.766  -34.766  -31.502  -31.502  -31.247  -31.247  -22.349  -22.349
  -22.339  -22.339   -7.866   -7.866   -7.366   -7.366   -6.130   -6.130   -5.977   -5.977
   -4.969   -4.969   -4.921   -4.921   -4.101   -4.101   -4.073   -4.073   -3.589   -3.589
   -3.529   -3.529    4.521    4.521    4.814    4.814    5.479    5.479    5.942    5.942
    6.169    6.169    6.918    6.918    8.259    8.259    8.381    8.381    8.804    8.804
    9.080    9.080    9.281    9.281    9.621    9.621   11.203   11.203   11.314   11.314
   11.513   11.513   14.638   14.638   15.505   15.505   16.381   16.381   16.453   16.453
   17.288   17.288
            0.730489  0.269511  0.000000
  -62.405  -62.405  -34.766  -34.766  -31.503  -31.503  -31.247  -31.247  -22.348  -22.348
  -22.339  -22.339   -7.853   -7.853   -7.363   -7.363   -6.129   -6.129   -5.977   -5.977
   -4.971   -4.971   -4.922   -4.922   -4.102   -4.102   -4.075   -4.075   -3.592   -3.592
   -3.529   -3.529    4.486    4.486    4.786    4.786    5.445    5.445    5.934    5.934
    6.155    6.155    6.918    6.918    8.263    8.263    8.397    8.397    8.807    8.807
    9.076    9.076    9.280    9.280    9.631    9.631   11.224   11.224   11.339   11.339
   11.530   11.530   14.650   14.650   15.558   15.558   16.391   16.391   16.459   16.459
   17.314   17.314
            0.726943  0.273057  0.000000
  -62.404  -62.404  -34.766  -34.766  -31.503  -31.503  -31.247  -31.247  -22.347  -22.347
  -22.338  -22.338   -7.840   -7.840   -7.359   -7.359   -6.127   -6.127   -5.977   -5.977
   -4.974   -4.974   -4.922   -4.922   -4.104   -4.104   -4.078   -4.078   -3.596   -3.596
   -3.530   -3.530    4.451    4.451    4.758    4.758    5.411    5.411    5.926    5.926
    6.141    6.141    6.919    6.919    8.269    8.269    8.412    8.412    8.810    8.810
    9.073    9.073    9.278    9.278    9.641    9.641   11.245   11.245   11.364   11.364
   11.546   11.546   14.662   14.662   15.611   15.611   16.400   16.400   16.466   16.466
   17.343   17.343
            0.723396  0.276604  0.000000
  -62.404  -62.404  -34.766  -34.766  -31.503  -31.503  -31.247  -31.247  -22.347  -22.347
  -22.338  -22.338   -7.827   -7.827   -7.355   -7.355   -6.125   -6.125   -5.977   -5.977
   -4.977   -4.977   -4.923   -4.923   -4.106   -4.106   -4.081   -4.081   -3.601   -3.601
   -3.531   -3.531    4.416    4.416    4.730    4.730    5.377    5.377    5.918    5.918
    6.127    6.127    6.920    6.920    8.274    8.274    8.428    8.428    8.815    8.815
    9.070    9.070    9.277    9.277    9.651    9.651   11.265   11.265   11.389   11.389
   11.563   11.563   14.674   14.674   15.662   15.662   16.406   16.406   16.472   16.472
   17.375   17.375
            0.719850  0.280150  0.000000
  -62.404  -62.404  -34.766  -34.766  -31.504  -31.504  -31.247  -31.247  -22.346  -22.346
  -22.338  -22.338   -7.813   -7.813   -7.352   -7.352   -6.123   -6.123   -5.977   -5.977
   -4.979   -4.979   -4.923   -4.923   -4.108   -4.108   -4.084   -4.084   -3.605   -3.605
   -3.532   -3.532    4.382    4.382    4.702    4.702    5.344    5.344    5.911    5.911
    6.114    6.114    6.921    6.921    8.279    8.279    8.444    8.444    8.819    8.819
    9.067    9.067    9.275    9.275    9.660    9.660   11.286   11.286   11.413   11.413
   11.580   11.580   14.686   14.686   15.711   15.711   16.412   16.412   16.478   16.478
   17.409   17.409
            0.716304  0.283696  0.000000
  -62.404  -62.404  -34.766  -34.766  -31.504  -31.504  -31.247  -31.247  -22.345  -22.345
  -22.338  -22.338   -7.800   -7.800   -7.348   -7.348   -6.120   -6.120   -5.976   -5.976
   -4.982   -4.982   -4.923   -4.923   -4.109   -4.109   -4.087   -4.087   -3.610   -3.610
   -3.534   -3.534    4.348    4.348    4.674    4.674    5.311    5.311    5.904    5.904
    6.101    6.101    6.922    6.922    8.285    8.285    8.459    8.459    8.825    8.825
    9.065    9.065    9.274    9.274    9.669    9.669   11.306   11.306   11.438   11.438
   11.598   11.598   14.697   14.697   15.759   15.759   16.417   16.417   16.484   16.484
   17.446   17.446
            0.712758  0.287242  0.000000
  -62.404  -62.404  -34.766  -34.766  -31.504  -31.504  -31.247  -31.247  -22.344  -22.344
  -22.338  -22.338   -7.787   -7.787   -7.344   -7.344   -6.118   -6.118   -5.976   -5.976
   -4.985   -4.985   -4.924   -4.924   -4.111   -4.111   -4.090   -4.090   -3.615   -3.615
   -3.536   -3.536    4.314    4.314    4.646    4.646    5.280    5.280    5.897    5.897
    6.088    6.088    6.922    6.922    8.291    8.291    8.475    8.475    8.831    8.831
    9.062    9.062    9.272    9.272    9.677    9.677   11.326   11.326   11.462   11.462
   11.616   11.616   14.708   14.708   15.804   15.804   16.422   16.422   16.490   16.490
   17.485   17.485
            0.709212  0.290788  0.000000
  -62.404  -62.404  -34.767  -34.767  -31.505  -31.505  -31.247  -31.247  -22.343  -22.343
  -22.337  -22.337   -7.773   -7.773   -7.341   -7.341   -6.115   -6.115   -5.975   -5.975
   -4.988   -4.988   -4.924   -4.924   -4.113   -4.113   -4.093   -4.093   -3.620   -3.620
   -3.537   -3.537    4.281    4.281    4.619    4.619    5.248    5.248    5.890    5.890
    6.075    6.075    6.923    6.923    8.297    8.297    8.491    8.491    8.837    8.837
    9.060    9.060    9.270    9.270    9.686    9.686   11.345   11.345   11.486   11.486
   11.633   11.633   14.719   14.719   15.847   15.847   16.428   16.428   16.496   16.496
   17.526   17.526
            0.705665  0.294335  0.000000
  -62.404  -62.404  -34.767  -34.767  -31.505  -31.505  -31.247  -31.247  -22.343  -22.343
  -22.337  -22.337   -7.760   -7.760   -7.337   -7.337   -6.112   -6.112   -5.975   -5.975
   -4.992   -4.992   -4.924   -4.924   -4.115   -4.115   -4.096   -4.096   -3.625   -3.625
   -3.539   -3.539    4.248    4.248    4.591    4.591    5.218    5.218    5.884    5.884
    6.062    6.062    6.924    6.924    8.303    8.303    8.507    8.507    8.844    8.844
    9.057    9.057    9.268    9.268    9.693    9.693   11.365   11.365   11.510   11.510
   11.652   11.652   14.730   14.730   15.887   15.887   16.435   16.435   16.501   16.501
   17.568   17.568
            0.702119  0.297881  0.000000
  -62.404  -62.404  -34.767  -34.767  -31.505  -31.505  -31.247  -31.247  -22.342  -22.342
  -22.337  -22.337   -7.747   -7.747   -7.334   -7.334   -6.109   -6.109   -5.974   -5.974
   -4.995   -4.995   -4.924   -4.924   -4.117   -4.117   -4.100   -4.100   -3.630   -3.630
   -3.542   -3.542    4.215    4.215    4.563    4.563    5.187    5.187    5.878    5.878
    6.050    6.050    6.925    6.925    8.310    8.310    8.523    8.523    8.851    8.851
    9.055    9.055    9.266    9.266    9.701    9.701   11.385   11.385   11.533   11.533
   11.670   11.670   14.740   14.740   15.923   15.923   16.444   16.444   16.506   16.506
   17.612   17.612
            0.698573  0.301427  0.000000
  -62.404  -62.404  -34.767  -34.767  -31.506  -31.506  -31.247  -31.247  -22.341  -22.341
  -22.337  -22.337   -7.733   -7.733   -7.330   -7.330   -6.106   -6.106   -5.974   -5.974
   -4.998   -4.998   -4.924   -4.924   -4.118   -4.118   -4.103   -4.103   -3.636   -3.636
   -3.544   -3.544    4.183    4.183    4.536    4.536    5.158    5.158    5.872    5.872
    6.038    6.038    6.926    6.926    8.317    8.317    8.539    8.539    8.859    8.859
    9.053    9.053    9.264    9.264    9.708    9.708   11.405   11.405   11.556   11.556
   11.689   11.689   14.751   14.751   15.955   15.955   16.456   16.456   16.512   16.512
   17.658   17.658
            0.695027  0.304973  0.000000
  -62.404  -62.404  -34.767  -34.767  -31.506  -31.506  -31.247  -31.247  -22.340  -22.340
  -22.337  -22.337   -7.720   -7.720   -7.327   -7.327   -6.103   -6.103   -5.973   -5.973
   -5.001   -5.001   -4.924   -4.924   -4.120   -4.120   -4.106   -4.106   -3.642   -3.642
   -3.547   -3.547    4.151    4.151    4.508    4.508    5.129    5.129    5.867    5.867
    6.026    6.026    6.927    6.927    8.324    8.324    8.555    8.555    8.867    8.867
    9.051    9.051    9.262    9.262    9.715    9.715   11.424   11.424   11.578   11.578
   11.708   11.708   14.761   14.761   15.982   15.982   16.471   16.471   16.517   16.517
   17.705   17.705
            0.691481  0.308519  0.000000
  -62.404  -62.404  -34.767  -34.767  -31.506  -31.506  -31.247  -31.247  -22.340  -22.340
  -22.337  -22.337   -7.706   -7.706   -7.323   -7.323   -6.099   -6.099   -5.973   -5.973
   -5.005   -5.005   -4.925   -4.925   -4.122   -4.122   -4.109   -4.109   -3.647   -3.647
   -3.550   -3.550    4.119    4.119    4.481    4.481    5.101    5.101    5.861    5.861
    6.014    6.014    6.928    6.928    8.331    8.331    8.571    8.571    8.876    8.876
    9.049    9.049    9.260    9.260    9.722    9.722   11.444   11.444   11.600   11.600
   11.727   11.727   14.770   14.770   16.005   16.005   16.490   16.490   16.522   16.522
   17.753   17.753
            0.687934  0.312066  0.000000
  -62.404  -62.404  -34.767  -34.767  -31.506  -31.506  -31.247  -31.247  -22.339  -22.339
  -22.336  -22.336   -7.693   -7.693   -7.320   -7.320   -6.096   -6.096   -5.972   -5.972
   -5.008   -5.008   -4.924   -4.924   -4.124   -4.124   -4.112   -4.112   -3.653   -3.653
   -3.553   -3.553    4.088    4.088    4.453    4.453    5.073    5.073    5.856    5.856
    6.003    6.003    6.929    6.929    8.338    8.338    8.587    8.587    8.885    8.885
    9.048    9.048    9.257    9.257    9.729    9.729   11.463   11.463   11.622   11.622
   11.746   11.746   14.780   14.780   16.022   16.022   16.513   16.513   16.527   16.527
   17.802   17.802
            0.684388  0.315612  0.000000
  -62.404  -62.404  -34.768  -34.768  -31.507  -31.507  -31.248  -31.248  -22.338  -22.338
  -22.336  -22.336   -7.679   -7.679   -7.316   -7.316   -6.092   -6.092   -5.971   -5.971
   -5.012   -5.012   -4.924   -4.924   -4.125   -4.125   -4.116   -4.116   -3.659   -3.659
   -3.556   -3.556    4.057    4.057    4.426    4.426    5.046    5.046    5.851    5.851
    5.992    5.992    6.930    6.930    8.345    8.345    8.603    8.603    8.895    8.895
    9.046    9.046    9.255    9.255    9.735    9.735   11.482   11.482   11.642   11.642
   11.766   11.766   14.789   14.789   16.034   16.034   16.530   16.530   16.541   16.541
   17.851   17.851
            0.680842  0.319158  0.000000
  -62.404  -62.404  -34.768  -34.768  -31.507  -31.507  -31.248  -31.248  -22.337  -22.337
  -22.336  -22.336   -7.666   -7.666   -7.313   -7.313   -6.088   -6.088   -5.971   -5.971
   -5.015   -5.015   -4.924   -4.924   -4.127   -4.127   -4.119   -4.119   -3.665   -3.665
   -3.559   -3.559    4.027    4.027    4.399    4.399    5.020    5.020    5.847    5.847
    5.981    5.981    6.931    6.931    8.353    8.353    8.619    8.619    8.905    8.905
    9.045    9.045    9.253    9.253    9.741    9.741   11.502   11.502   11.663   11.663
   11.785   11.785   14.798   14.798   16.042   16.042   16.535   16.535   16.571   16.571
   17.902   17.902
            0.677296  0.322704  0.000000
  -62.404  -62.404  -34.768  -34.768  -31.507  -31.507  -31.248  -31.248  -22.337  -22.337
  -22.336  -22.336   -7.652   -7.652   -7.309   -7.309   -6.084   -6.084   -5.970   -5.970
   -5.019   -5.019   -4.924   -4.924   -4.129   -4.129   -4.123   -4.123   -3.671   -3.671
   -3.563   -3.563    3.997    3.997    4.372    4.372    4.994    4.994    5.842    5.842
    5.970    5.970    6.932    6.932    8.361    8.361    8.634    8.634    8.916    8.916
    9.044    9.044    9.250    9.250    9.747    9.747   11.521   11.521   11.683   11.683
   11.805   11.805   14.807   14.807   16.046   16.046   16.540   16.540   16.604   16.604
   17.953   17.953
            0.673750  0.326250  0.000000
  -62.404  -62.404  -34.768  -34.768  -31.508  -31.508  -31.248  -31.248  -22.336  -22.336
  -22.336  -22.336   -7.639   -7.639   -7.306   -7.306   -6.080   -6.080   -5.969   -5.969
   -5.022   -5.022   -4.924   -4.924   -4.130   -4.130   -4.126   -4.126   -3.678   -3.678
   -3.566   -3.566    3.967    3.967    4.345    4.345    4.969    4.969    5.838    5.838
    5.959    5.959    6.934    6.934    8.369    8.369    8.650    8.650    8.926    8.926
    9.043    9.043    9.248    9.248    9.752    9.752   11.540   11.540   11.702   11.702
   11.825   11.825   14.816   14.816   16.047   16.047   16.545   16.545   16.639   16.639
   18.004   18.004
            0.670203  0.329797  0.000000
  -62.404  -62.404  -34.768  -34.768  -31.508  -31.508  -31.248  -31.248  -22.336  -22.336
  -22.335  -22.335   -7.625   -7.625   -7.303   -7.303   -6.075   -6.075   -5.968   -5.968
   -5.026   -5.026   -4.924   -4.924   -4.132   -4.132   -4.130   -4.130   -3.684   -3.684
   -3.570   -3.570    3.938    3.938    4.319    4.319    4.945    4.945    5.834    5.834
    5.949    5.949    6.935    6.935    8.377    8.377    8.665    8.665    8.938    8.938
    9.043    9.043    9.246    9.246    9.758    9.758   11.559   11.559   11.721   11.721
   11.845   11.845   14.824   14.824   16.045   16.045   16.549   16.549   16.677   16.677
   18.054   18.054
            0.666657  0.333343  0.000000
  -62.404  -62.404  -34.768  -34.768  -31.508  -31.508  -31.248  -31.248  -22.336  -22.336
  -22.335  -22.335   -7.612   -7.612   -7.299   -7.299   -6.071   -6.071   -5.968   -5.968
   -5.030   -5.030   -4.923   -4.923   -4.135   -4.135   -4.132   -4.132   -3.691   -3.691
   -3.574   -3.574    3.910    3.910    4.292    4.292    4.921    4.921    5.830    5.830
    5.939    5.939    6.936    6.936    8.386    8.386    8.680    8.680    8.949    8.949
    9.042    9.042    9.243    9.243    9.763    9.763   11.577   11.577   11.739   11.739
   11.865   11.865   14.832   14.832   16.040   16.040   16.554   16.554   16.716   16.716
   18.065   18.065
            0.663111  0.336889  0.000000
  -62.404  -62.404  -34.768  -34.768  -31.509  -31.509  -31.248  -31.248  -22.335  -22.335
  -22.334  -22.334   -7.599   -7.599   -7.296   -7.296   -6.067   -6.067   -5.967   -5.967
   -5.034   -5.034   -4.923   -4.923   -4.138   -4.138   -4.134   -4.134   -3.697   -3.697
   -3.578   -3.578    3.882    3.882    4.266    4.266    4.898    4.898    5.826    5.826
    5.929    5.929    6.937    6.937    8.395    8.395    8.695    8.695    8.961    8.961
    9.042    9.042    9.241    9.241    9.768    9.768   11.596   11.596   11.757   11.757
   11.885   11.885   14.840   14.840   16.034   16.034   16.558   16.558   16.756   16.756
   18.049   18.049
            0.659565  0.340435  0.000000
  -62.404  -62.404  -34.768  -34.768  -31.509  -31.509  -31.248  -31.248  -22.335  -22.335
  -22.333  -22.333   -7.585   -7.585   -7.293   -7.293   -6.062   -6.062   -5.966   -5.966
   -5.038   -5.038   -4.922   -4.922   -4.142   -4.142   -4.135   -4.135   -3.704   -3.704
   -3.582   -3.582    3.854    3.854    4.240    4.240    4.875    4.875    5.823    5.823
    5.919    5.919    6.938    6.938    8.403    8.403    8.709    8.709    8.973    8.973
    9.042    9.042    9.238    9.238    9.772    9.772   11.614   11.614   11.775   11.775
   11.905   11.905   14.848   14.848   16.027   16.027   16.562   16.562   16.797   16.797
   18.032   18.032
            0.656019  0.343981  0.000000
  -62.404  -62.404  -34.769  -34.769  -31.509  -31.509  -31.248  -31.248  -22.335  -22.335
  -22.332  -22.332   -7.572   -7.572   -7.290   -7.290   -6.058   -6.058   -5.965   -5.965
   -5.042   -5.042   -4.922   -4.922   -4.146   -4.146   -4.136   -4.136   -3.710   -3.710
   -3.586   -3.586    3.827    3.827    4.214    4.214    4.854    4.854    5.819    5.819
    5.910    5.910    6.939    6.939    8.412    8.412    8.724    8.724    8.985    8.985
    9.042    9.042    9.235    9.235    9.777    9.777   11.632   11.632   11.792   11.792
   11.924   11.924   14.855   14.855   16.018   16.018   16.567   16.567   16.839   16.839
   18.013   18.013
            0.652472  0.347528  0.000000
  -62.404  -62.404  -34.769  -34.769  -31.509  -31.509  -31.248  -31.248  -22.335  -22.335
  -22.332  -22.332   -7.559   -7.559   -7.286   -7.286   -6.053   -6.053   -5.964   -5.964
   -5.046   -5.046   -4.921   -4.921   -4.151   -4.151   -4.137   -4.137   -3.717   -3.717
   -3.590   -3.590    3.800    3.800    4.189    4.189    4.832    4.832    5.816    5.816
    5.901    5.901    6.940    6.940    8.422    8.422    8.737    8.737    8.998    8.998
    9.043    9.043    9.233    9.233    9.781    9.781   11.650   11.650   11.809   11.809
   11.944   11.944   14.862   14.862   16.009   16.009   16.571   16.571   16.880   16.880
   17.995   17.995
            0.648926  0.351074  0.000000
  -62.404  -62.404  -34.769  -34.769  -31.510  -31.510  -31.248  -31.248  -22.335  -22.335
  -22.331  -22.331   -7.546   -7.546   -7.283   -7.283   -6.049   -6.049   -5.963   -5.963
   -5.050   -5.050   -4.920   -4.920   -4.155   -4.155   -4.138   -4.138   -3.724   -3.724
   -3.594   -3.594    3.774    3.774    4.163    4.163    4.812    4.812    5.813    5.813
    5.892    5.892    6.941    6.941    8.431    8.431    8.751    8.751    9.011    9.011
    9.044    9.044    9.230    9.230    9.785    9.785   11.668   11.668   11.825   11.825
   11.964   11.964   14.869   14.869   15.998   15.998   16.575   16.575   16.922   16.922
   17.976   17.976
            0.645380  0.354620  0.000000
  -62.404  -62.404  -34.769  -34.769  -31.510  -31.510  -31.248  -31.248  -22.335  -22.335
  -22.331  -22.331   -7.533   -7.533   -7.280   -7.280   -6.045   -6.045   -5.962   -5.962
   -5.054   -5.054   -4.920   -4.920   -4.159   -4.159   -4.138   -4.138   -3.730   -3.730
   -3.599   -3.599    3.748    3.748    4.139    4.139    4.791    4.791    5.810    5.810
    5.883    5.883    6.943    6.943    8.440    8.440    8.764    8.764    9.023    9.023
    9.045    9.045    9.228    9.228    9.789    9.789   11.686   11.686   11.841   11.841
   11.983   11.983   14.876   14.876   15.988   15.988   16.579   16.579   16.963   16.963
   17.957   17.957
            0.641834  0.358166  0.000000
  -62.404  -62.404  -34.769  -34.769  -31.510  -31.510  -31.248  -31.248  -22.335  -22.335
  -22.330  -22.330   -7.520   -7.520   -7.277   -7.277   -6.040   -6.040   -5.960   -5.960
   -5.058   -5.058   -4.919   -4.919   -4.164   -4.164   -4.139   -4.139   -3.737   -3.737
   -3.603   -3.603    3.723    3.723    4.114    4.114    4.772    4.772    5.807    5.807
    5.874    5.874    6.944    6.944    8.450    8.450    8.777    8.777    9.035    9.035
    9.048    9.048    9.225    9.225    9.793    9.793   11.703   11.703   11.857   11.857
   12.002   12.002   14.883   14.883   15.976   15.976   16.584   16.584   17.004   17.004
   17.937   17.937
            0.638288  0.361712  0.000000
  -62.404  -62.404  -34.769  -34.769  -31.511  -31.511  -31.248  -31.248  -22.334  -22.334
  -22.329  -22.329   -7.507   -7.507   -7.274   -7.274   -6.036   -6.036   -5.959   -5.959
   -5.062   -5.062   -4.918   -4.918   -4.169   -4.169   -4.140   -4.140   -3.744   -3.744
   -3.607   -3.607    3.698    3.698    4.090    4.090    4.753    4.753    5.804    5.804
    5.866    5.866    6.945    6.945    8.460    8.460    8.789    8.789    9.044    9.044
    9.055    9.055    9.222    9.222    9.797    9.797   11.720   11.720   11.872   11.872
   12.021   12.021   14.889   14.889   15.965   15.965   16.588   16.588   17.045   17.045
   17.917   17.917
            0.634741  0.365259  0.000000
  -62.404  -62.404  -34.769  -34.769  -31.511  -31.511  -31.248  -31.248  -22.334  -22.334
  -22.329  -22.329   -7.494   -7.494   -7.271   -7.271   -6.032   -6.032   -5.957   -5.957
   -5.066   -5.066   -4.917   -4.917   -4.173   -4.173   -4.140   -4.140   -3.751   -3.751
   -3.612   -3.612    3.674    3.674    4.066    4.066    4.735    4.735    5.802    5.802
    5.858    5.858    6.946    6.946    8.470    8.470    8.801    8.801    9.048    9.048
    9.066    9.066    9.219    9.219    9.801    9.801   11.737   11.737   11.887   11.887
   12.039   12.039   14.895   14.895   15.953   15.953   16.592   16.592   17.086   17.086
   17.897   17.897
            0.631195  0.368805  0.000000
  -62.404  -62.404  -34.769  -34.769  -31.511  -31.511  -31.248  -31.248  -22.334  -22.334
  -22.328  -22.328   -7.482   -7.482   -7.269   -7.269   -6.029   -6.029   -5.955   -5.955
   -5.071   -5.071   -4.915   -4.915   -4.178   -4.178   -4.140   -4.140   -3.758   -3.758
   -3.616   -3.616    3.650    3.650    4.042    4.042    4.717    4.717    5.799    5.799
    5.850    5.850    6.947    6.947    8.480    8.480    8.812    8.812    9.051    9.051
    9.079    9.079    9.216    9.216    9.804    9.804   11.754   11.754   11.902   11.902
   12.057   12.057   14.901   14.901   15.941   15.941   16.596   16.596   17.126   17.126
   17.877   17.877
            0.627649  0.372351  0.000000
  -62.404  -62.404  -34.769  -34.769  -31.511  -31.511  -31.249  -31.249  -22.334  -22.334
  -22.328  -22.328   -7.469   -7.469   -7.266   -7.266   -6.026   -6.026   -5.952   -5.952
   -5.075   -5.075   -4.914   -4.914   -4.183   -4.183   -4.140   -4.140   -3.764   -3.764
   -3.620   -3.620    3.627    3.627    4.019    4.019    4.700    4.700    5.797    5.797
    5.842    5.842    6.948    6.948    8.490    8.490    8.823    8.823    9.055    9.055
    9.093    9.093    9.214    9.214    9.807    9.807   11.770   11.770   11.916   11.916
   12.075   12.075   14.907   14.907   15.929   15.929   16.601   16.601   17.165   17.165
   17.857   17.857
            0.624103  0.375897  0.000000
  -62.404  -62.404  -34.770  -34.770  -31.512  -31.512  -31.249  -31.249  -22.334  -22.334
  -22.327  -22.327   -7.457   -7.457   -7.263   -7.263   -6.023   -6.023   -5.949   -5.949
   -5.080   -5.080   -4.913   -4.913   -4.188   -4.188   -4.140   -4.140   -3.771   -3.771
   -3.625   -3.625    3.604    3.604    3.996    3.996    4.683    4.683    5.794    5.794
    5.835    5.835    6.950    6.950    8.500    8.500    8.833    8.833    9.058    9.058
    9.107    9.107    9.211    9.211    9.810    9.810   11.786   11.786   11.930   11.930
   12.093   12.093   14.912   14.912   15.918   15.918   16.605   16.605   17.204   17.204
   17.837   17.837
            0.620557  0.379443  0.000000
  -62.404  -62.404  -34.770  -34.770  -31.512  -31.512  -31.249  -31.249  -22.334  -22.334
  -22.326  -22.326   -7.445   -7.445   -7.260   -7.260   -6.020   -6.020   -5.946   -5.946
   -5.084   -5.084   -4.911   -4.911   -4.193   -4.193   -4.140   -4.140   -3.778   -3.778
   -3.629   -3.629    3.582    3.582    3.974    3.974    4.667    4.667    5.792    5.792
    5.827    5.827    6.951    6.951    8.510    8.510    8.842    8.842    9.062    9.062
    9.120    9.120    9.208    9.208    9.813    9.813   11.802   11.802   11.944   11.944
   12.110   12.110   14.918   14.918   15.906   15.906   16.609   16.609   17.242   17.242
   17.816   17.816
            0.617010  0.382990  0.000000
  -62.404  -62.404  -34.770  -34.770  -31.512  -31.512  -31.249  -31.249  -22.334  -22.334
  -22.326  -22.326   -7.433   -7.433   -7.258   -7.258   -6.018   -6.018   -5.942   -5.942
   -5.089   -5.089   -4.910   -4.910   -4.198   -4.198   -4.139   -4.139   -3.785   -3.785
   -3.633   -3.633    3.561    3.561    3.952    3.952    4.651    4.651    5.790    5.790
    5.820    5.820    6.952    6.952    8.521    8.521    8.851    8.851    9.067    9.067
    9.134    9.134    9.205    9.205    9.816    9.816   11.817   11.817   11.957   11.957
   12.127   12.127   14.923   14.923   15.894   15.894   16.614   16.614   17.279   17.279
   17.796   17.796
            0.613464  0.386536  0.000000
  -62.404  -62.404  -34.770  -34.770  -31.512  -31.512  -31.249  -31.249  -22.334  -22.334
  -22.325  -22.325   -7.421   -7.421   -7.255   -7.255   -6.017   -6.017   -5.938   -5.938
   -5.094   -5.094   -4.908   -4.908   -4.203   -4.203   -4.139   -4.139   -3.792   -3.792
   -3.637   -3.637    3.540    3.540    3.931    3.931    4.636    4.636    5.788    5.788
    5.813    5.813    6.953    6.953    8.531    8.531    8.859    8.859    9.071    9.071
    9.148    9.148    9.202    9.202    9.819    9.819   11.832   11.832   11.970   11.970
   12.143   12.143   14.928   14.928   15.882   15.882   16.618   16.618   17.316   17.316
   17.775   17.775
            0.609918  0.390082  0.000000
  -62.404  -62.404  -34.770  -34.770  -31.512  -31.512  -31.249  -31.249  -22.334  -22.334
  -22.325  -22.325   -7.409   -7.409   -7.253   -7.253   -6.016   -6.016   -5.934   -5.934
   -5.098   -5.098   -4.907   -4.907   -4.209   -4.209   -4.138   -4.138   -3.800   -3.800
   -3.641   -3.641    3.520    3.520    3.910    3.910    4.622    4.622    5.786    5.786
    5.807    5.807    6.954    6.954    8.541    8.541    8.867    8.867    9.077    9.077
    9.161    9.161    9.199    9.199    9.822    9.822   11.847   11.847   11.983   11.983
   12.159   12.159   14.932   14.932   15.870   15.870   16.623   16.623   17.352   17.352
   17.754   17.754
            0.606372  0.393628  0.000000
  -62.404  -62.404  -34.770  -34.770  -31.513  -31.513  -31.249  -31.249  -22.334  -22.334
  -22.324  -22.324   -7.398   -7.398   -7.250   -7.250   -6.015   -6.015   -5.929   -5.929
   -5.103   -5.103   -4.905   -4.905   -4.214   -4.214   -4.137   -4.137   -3.807   -3.807
   -3.645   -3.645    3.500    3.500    3.889    3.889    4.608    4.608    5.784    5.784
    5.801    5.801    6.955    6.955    8.552    8.552    8.873    8.873    9.082    9.082
    9.174    9.174    9.197    9.197    9.824    9.824   11.861   11.861   11.995   11.995
   12.175   12.175   14.937   14.937   15.859   15.859   16.628   16.628   17.387   17.387
   17.734   17.734
            0.602826  0.397174  0.000000
  -62.404  -62.404  -34.770  -34.770  -31.513  -31.513  -31.249  -31.249  -22.333  -22.333
  -22.324  -22.324   -7.386   -7.386   -7.248   -7.248   -6.015   -6.015   -5.924   -5.924
   -5.108   -5.108   -4.903   -4.903   -4.219   -4.219   -4.136   -4.136   -3.814   -3.814
   -3.649   -3.649    3.481    3.481    3.869    3.869    4.594    4.594    5.782    5.782
    5.795    5.795    6.956    6.956    8.562    8.562    8.880    8.880    9.088    9.088
    9.185    9.185    9.196    9.196    9.827    9.827   11.875   11.875   12.007   12.007
   12.190   12.190   14.941   14.941   15.848   15.848   16.632   16.632   17.421   17.421
   17.713   17.713
            0.599279  0.400721  0.000000
  -62.404  -62.404  -34.770  -34.770  -31.513  -31.513  -31.249  -31.249  -22.333  -22.333
  -22.323  -22.323   -7.375   -7.375   -7.246   -7.246   -6.014   -6.014   -5.919   -5.919
   -5.113   -5.113   -4.901   -4.901   -4.224   -4.224   -4.135   -4.135   -3.821   -3.821
   -3.653   -3.653    3.463    3.463    3.850    3.850    4.581    4.581    5.780    5.780
    5.789    5.789    6.957    6.957    8.573    8.573    8.885    8.885    9.094    9.094
    9.187    9.187    9.205    9.205    9.829    9.829   11.889   11.889   12.018   12.018
   12.205   12.205   14.946   14.946   15.837   15.837   16.637   16.637   17.454   17.454
   17.693   17.693
            0.595733  0.404267  0.000000
  -62.404  -62.404  -34.770  -34.770  -31.513  -31.513  -31.249  -31.249  -22.333  -22.333
  -22.323  -22.323   -7.364   -7.364   -7.244   -7.244   -6.015   -6.015   -5.913   -5.913
   -5.118   -5.118   -4.899   -4.899   -4.230   -4.230   -4.134   -4.134   -3.828   -3.828
   -3.657   -3.657    3.445    3.445    3.831    3.831    4.569    4.569    5.777    5.777
    5.784    5.784    6.958    6.958    8.583    8.583    8.890    8.890    9.101    9.101
    9.185    9.185    9.217    9.217    9.831    9.831   11.902   11.902   12.030   12.030
   12.219   12.219   14.950   14.950   15.826   15.826   16.642   16.642   17.486   17.486
   17.672   17.672
            0.592187  0.407813  0.000000
  -62.404  -62.404  -34.770  -34.770  -31.513  -31.513  -31.249  -31.249  -22.333  -22.333
  -22.322  -22.322   -7.354   -7.354   -7.241   -7.241   -6.015   -6.015   -5.907   -5.907
   -5.122   -5.122   -4.897   -4.897   -4.235   -4.235   -4.132   -4.132   -3.835   -3.835
   -3.660   -3.660    3.427    3.427    3.813    3.813    4.557    4.557    5.774    5.774
    5.781    5.781    6.959    6.959    8.593    8.593    8.895    8.895    9.108    9.108
    9.182    9.182    9.230    9.230    9.833    9.833   11.915   11.915   12.040   12.040
   12.233   12.233   14.953   14.953   15.815   15.815   16.647   16.647   17.518   17.518
   17.652   17.652
            0.588641  0.411359  0.000000
  -62.404  -62.404  -34.770  -34.770  -31.514  -31.514  -31.249  -31.249  -22.333  -22.333
  -22.322  -22.322   -7.343   -7.343   -7.239   -7.239   -6.016   -6.016   -5.901   -5.901
   -5.127   -5.127   -4.895   -4.895   -4.240   -4.240   -4.131   -4.131   -3.843   -3.843
   -3.664   -3.664    3.411    3.411    3.795    3.795    4.545    4.545    5.769    5.769
    5.778    5.778    6.960    6.960    8.603    8.603    8.899    8.899    9.115    9.115
    9.179    9.179    9.243    9.243    9.835    9.835   11.927   11.927   12.051   12.051
   12.247   12.247   14.957   14.957   15.805   15.805   16.651   16.651   17.548   17.548
   17.632   17.632
            0.585095  0.414905  0.000000
  -62.404  -62.404  -34.770  -34.770  -31.514  -31.514  -31.249  -31.249  -22.333  -22.333
  -22.322  -22.322   -7.333   -7.333   -7.237   -7.237   -6.017   -6.017   -5.895   -5.895
   -5.132   -5.132   -4.893   -4.893   -4.245   -4.245   -4.129   -4.129   -3.850   -3.850
   -3.667   -3.667    3.395    3.395    3.778    3.778    4.534    4.534    5.765    5.765
    5.777    5.777    6.961    6.961    8.614    8.614    8.902    8.902    9.122    9.122
    9.176    9.176    9.255    9.255    9.837    9.837   11.939   11.939   12.061   12.061
   12.260   12.260   14.960   14.960   15.795   15.795   16.656   16.656   17.577   17.577
   17.613   17.613
            0.581548  0.418452  0.000000
  -62.404  -62.404  -34.771  -34.771  -31.514  -31.514  -31.249  -31.249  -22.333  -22.333
  -22.321  -22.321   -7.323   -7.323   -7.235   -7.235   -6.018   -6.018   -5.889   -5.889
   -5.137   -5.137   -4.891   -4.891   -4.250   -4.250   -4.127   -4.127   -3.857   -3.857
   -3.670   -3.670    3.379    3.379    3.762    3.762    4.523    4.523    5.760    5.760
    5.775    5.775    6.962    6.962    8.624    8.624    8.906    8.906    9.129    9.129
    9.173    9.173    9.267    9.267    9.839    9.839   11.951   11.951   12.071   12.071
   12.272   12.272   14.964   14.964   15.785   15.785   16.662   16.662   17.589   17.589
   17.609   17.609
            0.578002  0.421998  0.000000
  -62.404  -62.404  -34.771  -34.771  -31.514  -31.514  -31.249  -31.249  -22.333  -22.333
  -22.321  -22.321   -7.314   -7.314   -7.233   -7.233   -6.019   -6.019   -5.883   -5.883
   -5.142   -5.142   -4.888   -4.888   -4.255   -4.255   -4.125   -4.125   -3.864   -3.864
   -3.673   -3.673    3.364    3.364    3.746    3.746    4.513    4.513    5.755    5.755
    5.774    5.774    6.963    6.963    8.633    8.633    8.909    8.909    9.136    9.136
    9.170    9.170    9.279    9.279    9.841    9.841   11.962   11.962   12.080   12.080
   12.284   12.284   14.967   14.967   15.776   15.776   16.667   16.667   17.572   17.572
   17.635   17.635
            0.574456  0.425544  0.000000
  -62.404  -62.404  -34.771  -34.771  -31.514  -31.514  -31.249  -31.249  -22.333  -22.333
  -22.320  -22.320   -7.305   -7.305   -7.232   -7.232   -6.020   -6.020   -5.877   -5.877
   -5.147   -5.147   -4.886   -4.886   -4.260   -4.260   -4.122   -4.122   -3.872   -3.872
   -3.676   -3.676    3.350    3.350    3.731    3.731    4.504    4.504    5.751    5.751
    5.772    5.772    6.964    6.964    8.643    8.643    8.911    8.911    9.143    9.143
    9.166    9.166    9.291    9.291    9.842    9.842   11.973   11.973   12.089   12.089
   12.296   12.296   14.970   14.970   15.767   15.767   16.672   16.672   17.553   17.553
   17.661   17.661
            0.570910  0.429090  0.000000
  -62.404  -62.404  -34.771  -34.771  -31.514  -31.514  -31.249  -31.249  -22.333  -22.333
  -22.320  -22.320   -7.296   -7.296   -7.230   -7.230   -6.022   -6.022   -5.871   -5.871
   -5.152   -5.152   -4.884   -4.884   -4.265   -4.265   -4.120   -4.120   -3.879   -3.879
   -3.679   -3.679    3.336    3.336    3.716    3.716    4.495    4.495    5.747    5.747
    5.771    5.771    6.965    6.965    8.653    8.653    8.913    8.913    9.150    9.150
    9.163    9.163    9.303    9.303    9.844    9.844   11.983   11.983   12.098   12.098
   12.307   12.307   14.973   14.973   15.758   15.758   16.677   16.677   17.534   17.534
   17.686   17.686
            0.567364  0.432636  0.000000
  -62.404  -62.404  -34.771  -34.771  -31.515  -31.515  -31.249  -31.249  -22.333  -22.333
  -22.320  -22.320   -7.287   -7.287   -7.228   -7.228   -6.023   -6.023   -5.865   -5.865
   -5.157   -5.157   -4.882   -4.882   -4.270   -4.270   -4.117   -4.117   -3.886   -3.886
   -3.681   -3.681    3.323    3.323    3.702    3.702    4.486    4.486    5.743    5.743
    5.770    5.770    6.965    6.965    8.662    8.662    8.915    8.915    9.157    9.157
    9.160    9.160    9.314    9.314    9.845    9.845   11.993   11.993   12.106   12.106
   12.318   12.318   14.975   14.975   15.750   15.750   16.682   16.682   17.516   17.516
   17.710   17.710
            0.563817  0.436183  0.000000
  -62.404  -62.404  -34.771  -34.771  -31.515  -31.515  -31.249  -31.249  -22.333  -22.333
  -22.319  -22.319   -7.279   -7.279   -7.227   -7.227   -6.025   -6.025   -5.859   -5.859
   -5.161   -5.161   -4.880   -4.880   -4.274   -4.274   -4.114   -4.114   -3.894   -3.894
   -3.684   -3.684    3.311    3.311    3.689    3.689    4.478    4.478    5.739    5.739
    5.769    5.769    6.966    6.966    8.671    8.671    8.917    8.917    9.157    9.157
    9.164    9.164    9.324    9.324    9.846    9.846   12.002   12.002   12.114   12.114
   12.328   12.328   14.978   14.978   15.742   15.742   16.687   16.687   17.498   17.498
   17.733   17.733
            0.560271  0.439729  0.000000
  -62.404  -62.404  -34.771  -34.771  -31.515  -31.515  -31.249  -31.249  -22.333  -22.333
  -22.319  -22.319   -7.271   -7.271   -7.225   -7.225   -6.026   -6.026   -5.853   -5.853
   -5.166   -5.166   -4.877   -4.877   -4.279   -4.279   -4.111   -4.111   -3.901   -3.901
   -3.686   -3.686    3.299    3.299    3.676    3.676    4.470    4.470    5.735    5.735
    5.768    5.768    6.967    6.967    8.680    8.680    8.919    8.919    9.153    9.153
    9.170    9.170    9.334    9.334    9.848    9.848   12.011   12.011   12.122   12.122
   12.337   12.337   14.980   14.980   15.735   15.735   16.692   16.692   17.481   17.481
   17.755   17.755
            0.556725  0.443275  0.000000
  -62.404  -62.404  -34.771  -34.771  -31.515  -31.515  -31.249  -31.249  -22.333  -22.333
  -22.319  -22.319   -7.264   -7.264   -7.223   -7.223   -6.028   -6.028   -5.847   -5.847
   -5.170   -5.170   -4.875   -4.875   -4.283   -4.283   -4.108   -4.108   -3.908   -3.908
   -3.688   -3.688    3.288    3.288    3.664    3.664    4.463    4.463    5.732    5.732
    5.767    5.767    6.967    6.967    8.689    8.689    8.920    8.920    9.150    9.150
    9.176    9.176    9.344    9.344    9.849    9.849   12.020   12.020   12.129   12.129
   12.346   12.346   14.982   14.982   15.727   15.727   16.698   16.698   17.464   17.464
   17.776   17.776
            0.553179  0.446821  0.000000
  -62.404  -62.404  -34.771  -34.771  -31.515  -31.515  -31.249  -31.249  -22.332  -22.332
  -22.319  -22.319   -7.257   -7.257   -7.222   -7.222   -6.029   -6.029   -5.842   -5.842
   -5.175   -5.175   -4.873   -4.873   -4.287   -4.287   -4.104   -4.104   -3.915   -3.915
   -3.690   -3.690    3.278    3.278    3.653    3.653    4.456    4.456    5.729    5.729
    5.766    5.766    6.968    6.968    8.697    8.697    8.922    8.922    9.147    9.147
    9.182    9.182    9.353    9.353    9.850    9.850   12.028   12.028   12.135   12.135
   12.355   12.355   14.984   14.984   15.721   15.721   16.703   16.703   17.448   17.448
   17.795   17.795
            0.549633  0.450367  0.000000
  -62.404  -62.404  -34.771  -34.771  -31.515  -31.515  -31.249  -31.249  -22.332  -22.332
  -22.318  -22.318   -7.250   -7.250   -7.220   -7.220   -6.031   -6.031   -5.836   -5.836
   -5.179   -5.179   -4.871   -4.871   -4.291   -4.291   -4.101   -4.101   -3.922   -3.922
   -3.692   -3.692    3.268    3.268    3.642    3.642    4.450    4.450    5.726    5.726
    5.765    5.765    6.969    6.969    8.705    8.705    8.923    8.923    9.144    9.144
    9.188    9.188    9.362    9.362    9.851    9.851   12.035   12.035   12.142   12.142
   12.363   12.363   14.986   14.986   15.714   15.714   16.708   16.708   17.433   17.433
   17.814   17.814
            0.546086  0.453914  0.000000
  -62.404  -62.404  -34.771  -34.771  -31.515  -31.515  -31.249  -31.249  -22.332  -22.332
  -22.318  -22.318   -7.244   -7.244   -7.219   -7.219   -6.032   -6.032   -5.831   -5.831
   -5.183   -5.183   -4.869   -4.869   -4.295   -4.295   -4.097   -4.097   -3.929   -3.929
   -3.694   -3.694    3.259    3.259    3.632    3.632    4.444    4.444    5.723    5.723
    5.765    5.765    6.969    6.969    8.712    8.712    8.924    8.924    9.141    9.141
    9.194    9.194    9.370    9.370    9.852    9.852   12.042   12.042   12.148   12.148
   12.370   12.370   14.988   14.988   15.708   15.708   16.713   16.713   17.418   17.418
   17.831   17.831
            0.542541  0.457459  0.000000
  -62.404  -62.404  -34.771  -34.771  -31.515  -31.515  -31.249  -31.249  -22.332  -22.332
  -22.318  -22.318   -7.239   -7.239   -7.217   -7.217   -6.034   -6.034   -5.826   -5.826
   -5.187   -5.187   -4.867   -4.867   -4.298   -4.298   -4.093   -4.093   -3.936   -3.936
   -3.695   -3.695    3.251    3.251    3.623    3.623    4.438    4.438    5.720    5.720
    5.764    5.764    6.970    6.970    8.719    8.719    8.925    8.925    9.138    9.138
    9.199    9.199    9.378    9.378    9.853    9.853   12.048   12.048   12.153   12.153
   12.377   12.377   14.990   14.990   15.703   15.703   16.717   16.717   17.404   17.404
   17.847   17.847
            0.538996  0.461004  0.000000
  -62.404  -62.404  -34.771  -34.771  -31.515  -31.515  -31.249  -31.249  -22.332  -22.332
  -22.318  -22.318   -7.234   -7.234   -7.216   -7.216   -6.035   -6.035   -5.822   -5.822
   -5.191   -5.191   -4.866   -4.866   -4.301   -4.301   -4.090   -4.090   -3.943   -3.943
   -3.697   -3.697    3.243    3.243    3.614    3.614    4.433    4.433    5.718    5.718
    5.763    5.763    6.970    6.970    8.726    8.726    8.926    8.926    9.135    9.135
    9.204    9.204    9.385    9.385    9.854    9.854   12.054   12.054   12.158   12.158
   12.384   12.384   14.991   14.991   15.698   15.698   16.722   16.722   17.391   17.391
   17.862   17.862
            0.535451  0.464549  0.000000
  -62.404  -62.404  -34.771  -34.771  -31.516  -31.516  -31.249  -31.249  -22.332  -22.332
  -22.317  -22.317   -7.229   -7.229   -7.214   -7.214   -6.037   -6.037   -5.817   -5.817
   -5.194   -5.194   -4.864   -4.864   -4.304   -4.304   -4.086   -4.086   -3.950   -3.950
   -3.698   -3.698    3.236    3.236    3.607    3.607    4.429    4.429    5.716    5.716
    5.763    5.763    6.971    6.971    8.732    8.732    8.926    8.926    9.133    9.133
    9.208    9.208    9.392    9.392    9.855    9.855   12.060   12.060   12.163   12.163
   12.390   12.390   14.992   14.992   15.693   15.693   16.726   16.726   17.378   17.378
   17.875   17.875
            0.531906  0.468094  0.000000
  -62.404  -62.404  -34.771  -34.771  -31.516  -31.516  -31.249  -31.249  -22.332  -22.332
  -22.317  -22.317   -7.226   -7.226   -7.212   -7.212   -6.038   -6.038   -5.813   -5.813
   -5.197   -5.197   -4.863   -4.863   -4.307   -4.307   -4.081   -4.081   -3.956   -3.956
   -3.699   -3.699    3.230    3.230    3.600    3.600    4.424    4.424    5.714    5.714
    5.762    5.762    6.971    6.971    8.738    8.738    8.927    8.927    9.130    9.130
    9.212    9.212    9.398    9.398    9.855    9.855   12.065   12.065   12.167   12.167
   12.395   12.395   14.994   14.994   15.689   15.689   16.731   16.731   17.367   17.367
   17.887   17.887
            0.528361  0.471639  0.000000
  -62.404  -62.404  -34.771  -34.771  -31.516  -31.516  -31.250  -31.250  -22.332  -22.332
  -22.317  -22.317   -7.223   -7.223   -7.210   -7.210   -6.039   -6.039   -5.810   -5.810
   -5.200   -5.200   -4.861   -4.861   -4.310   -4.310   -4.077   -4.077   -3.963   -3.963
   -3.701   -3.701    3.224    3.224    3.593    3.593    4.421    4.421    5.712    5.712
    5.762    5.762    6.972    6.972    8.744    8.744    8.927    8.927    9.128    9.128
    9.216    9.216    9.403    9.403    9.856    9.856   12.069   12.069   12.171   12.171
   12.400   12.400   14.995   14.995   15.685   15.685   16.735   16.735   17.357   17.357
   17.898   17.898
            0.524816  0.475184  0.000000
  -62.404  -62.404  -34.771  -34.771  -31.516  -31.516  -31.250  -31.250  -22.332  -22.332
  -22.317  -22.317   -7.221   -7.221   -7.208   -7.208   -6.040   -6.040   -5.807   -5.807
   -5.203   -5.203   -4.860   -4.860   -4.312   -4.312   -4.073   -4.073   -3.969   -3.969
   -3.701   -3.701    3.219    3.219    3.588    3.588    4.418    4.418    5.710    5.710
    5.762    5.762    6.972    6.972    8.748    8.748    8.928    8.928    9.126    9.126
    9.219    9.219    9.408    9.408    9.856    9.856   12.073   12.073   12.174   12.174
   12.404   12.404   14.996   14.996   15.681   15.681   16.738   16.738   17.347   17.347
   17.908   17.908
            0.521271  0.478729  0.000000
  -62.404  -62.404  -34.771  -34.771  -31.516  -31.516  -31.250  -31.250  -22.332  -22.332
  -22.317  -22.317   -7.220   -7.220   -7.205   -7.205   -6.041   -6.041   -5.804   -5.804
   -5.205   -5.205   -4.859   -4.859   -4.314   -4.314   -4.069   -4.069   -3.975   -3.975
   -3.702   -3.702    3.215    3.215    3.583    3.583    4.415    4.415    5.709    5.709
    5.761    5.761    6.972    6.972    8.753    8.753    8.928    8.928    9.124    9.124
    9.222    9.222    9.413    9.413    9.857    9.857   12.076   12.076   12.177   12.177
   12.408   12.408   14.996   14.996   15.678   15.678   16.741   16.741   17.339   17.339
   17.916   17.916
            0.517726  0.482274  0.000000
  -62.404  -62.404  -34.771  -34.771  -31.516  -31.516  -31.250  -31.250  -22.332  -22.332
  -22.317  -22.317   -7.218   -7.218   -7.203   -7.203   -6.042   -6.042   -5.801   -5.801
   -5.207   -5.207   -4.858   -4.858   -4.316   -4.316   -4.065   -4.065   -3.980   -3.980
   -3.703   -3.703    3.211    3.211    3.579    3.579    4.412    4.412    5.708    5.708
    5.761    5.761    6.973    6.973    8.756    8.756    8.929    8.929    9.122    9.122
    9.224    9.224    9.416    9.416    9.857    9.857   12.079   12.079   12.179   12.179
   12.411   12.411   14.997   14.997   15.676   15.676   16.744   16.744   17.332   17.332
   17.924   17.924
            0.514180  0.485820  0.000000
  -62.404  -62.404  -34.771  -34.771  -31.516  -31.516  -31.250  -31.250  -22.332  -22.332
  -22.317  -22.317   -7.218   -7.218   -7.201   -7.201   -6.042   -6.042   -5.799   -5.799
   -5.209   -5.209   -4.857   -4.857   -4.317   -4.317   -4.062   -4.062   -3.985   -3.985
   -3.703   -3.703    3.208    3.208    3.575    3.575    4.410    4.410    5.707    5.707
    5.761    5.761    6.973    6.973    8.759    8.759    8.929    8.929    9.121    9.121
    9.226    9.226    9.419    9.419    9.857    9.857   12.082   12.082   12.181   12.181
   12.413   12.413   14.998   14.998   15.674   15.674   16.746   16.746   17.326   17.326
   17.929   17.929
            0.510635  0.489365  0.000000
  -62.404  -62.404  -34.771  -34.771  -31.516  -31.516  -31.250  -31.250  -22.332  -22.332
  -22.317  -22.317   -7.217   -7.217   -7.200   -7.200   -6.043   -6.043   -5.798   -5.798
   -5.210   -5.210   -4.856   -4.856   -4.318   -4.318   -4.059   -4.059   -3.989   -3.989
   -3.704   -3.704    3.205    3.205    3.573    3.573    4.409    4.409    5.706    5.706
    5.760    5.760    6.973    6.973    8.761    8.761    8.929    8.929    9.120    9.120
    9.227    9.227    9.421    9.421    9.858    9.858   12.083   12.083   12.183   12.183
   12.415   12.415   14.998   14.998   15.672   15.672   16.748   16.748   17.321   17.321
   17.934   17.934
            0.507090  0.492910  0.000000
  -62.404  -62.404  -34.771  -34.771  -31.516  -31.516  -31.250  -31.250  -22.332  -22.332
  -22.317  -22.317   -7.217   -7.217   -7.199   -7.199   -6.043   -6.043   -5.796   -5.796
   -5.211   -5.211   -4.856   -4.856   -4.319   -4.319   -4.056   -4.056   -3.992   -3.992
   -3.704   -3.704    3.204    3.204    3.571    3.571    4.408    4.408    5.705    5.705
    5.760    5.760    6.973    6.973    8.763    8.763    8.929    8.929    9.119    9.119
    9.229    9.229    9.423    9.423    9.858    9.858   12.085   12.085   12.184   12.184
   12.417   12.417   14.998   14.998   15.671   15.671   16.750   16.750   17.318   17.318
   17.937   17.937
            0.503545  0.496455  0.000000
  -62.404  -62.404  -34.771  -34.771  -31.516  -31.516  -31.250  -31.250  -22.332  -22.332
  -22.317  -22.317   -7.216   -7.216   -7.198   -7.198   -6.043   -6.043   -5.796   -5.796
   -5.212   -5.212   -4.856   -4.856   -4.319   -4.319   -4.054   -4.054   -3.994   -3.994
   -3.704   -3.704    3.203    3.203    3.570    3.570    4.407    4.407    5.705    5.705
    5.760    5.760    6.973    6.973    8.764    8.764    8.929    8.929    9.119    9.119
    9.229    9.229    9.424    9.424    9.858    9.858   12.086   12.086   12.185   12.185
   12.417   12.417   14.999   14.999   15.670   15.670   16.750   16.750   17.316   17.316
   17.939   17.939
            0.500000  0.500000  0.000000
  -62.404  -62.404  -34.771  -34.771  -31.516  -31.516  -31.250  -31.250  -22.332  -22.332
  -22.317  -22.317   -7.216   -7.216   -7.198   -7.198   -6.044   -6.044   -5.796   -5.796
   -5.212   -5.212   -4.856   -4.856   -4.319   -4.319   -4.054   -4.054   -3.995   -3.995
   -3.704   -3.704    3.202    3.202    3.570    3.570    4.407    4.407    5.705    5.705
    5.760    5.760    6.973    6.973    8.764    8.764    8.930    8.930    9.118    9.118
    9.229    9.229    9.424    9.424    9.858    9.858   12.086   12.086   12.185   12.185
   12.418   12.418   14.999   14.999   15.670   15.670   16.751   16.751   17.315   17.315
   17.940   17.940
            0.496454  0.496454  0.000000
  -62.404  -62.404  -34.771  -34.771  -31.516  -31.516  -31.250  -31.250  -22.332  -22.332
  -22.317  -22.317   -7.217   -7.217   -7.198   -7.198   -6.044   -6.044   -5.796   -5.796
   -5.212   -5.212   -4.856   -4.856   -4.319   -4.319   -4.054   -4.054   -3.995   -3.995
   -3.704   -3.704    3.203    3.203    3.570    3.570    4.407    4.407    5.705    5.705
    5.760    5.760    6.973    6.973    8.764    8.764    8.929    8.929    9.119    9.119
    9.229    9.229    9.424    9.424    9.858    9.858   12.086   12.086   12.185   12.185
   12.417   12.417   14.998   14.998   15.671   15.671   16.751   16.751   17.316   17.316
   17.939   17.939
            0.492908  0.492908  0.000000
  -62.404  -62.404  -34.771  -34.771  -31.516  -31.516  -31.250  -31.250  -22.332  -22.332
  -22.317  -22.317   -7.217   -7.217   -7.198   -7.198   -6.044   -6.044   -5.796   -5.796
   -5.211   -5.211   -4.855   -4.855   -4.319   -4.319   -4.053   -4.053   -3.994   -3.994
   -3.704   -3.704    3.204    3.204    3.571    3.571    4.408    4.408    5.705    5.705
    5.761    5.761    6.973    6.973    8.764    8.764    8.929    8.929    9.119    9.119
    9.228    9.228    9.424    9.424    9.857    9.857   12.085   12.085   12.184   12.184
   12.417   12.417   14.998   14.998   15.672   15.672   16.751   16.751   17.318   17.318
   17.937   17.937
            0.489362  0.489362  0.000000
  -62.404  -62.404  -34.771  -34.771  -31.516  -31.516  -31.250  -31.250  -22.332  -22.332
  -22.317  -22.317   -7.218   -7.218   -7.199   -7.199   -6.045   -6.045   -5.797   -5.797
   -5.211   -5.211   -4.855   -4.855   -4.318   -4.318   -4.053   -4.053   -3.994   -3.994
   -3.704   -3.704    3.205    3.205    3.573    3.573    4.409    4.409    5.705    5.705
    5.761    5.761    6.973    6.973    8.764    8.764    8.928    8.928    9.119    9.119
    9.227    9.227    9.424    9.424    9.856    9.856   12.084   12.084   12.183   12.183
   12.415   12.415   14.997   14.997   15.674   15.674   16.750   16.750   17.321   17.321
   17.933   17.933
            0.485816  0.485816  0.000000
  -62.404  -62.404  -34.771  -34.771  -31.516  -31.516  -31.250  -31.250  -22.332  -22.332
  -22.317  -22.317   -7.219   -7.219   -7.199   -7.199   -6.046   -6.046   -5.798   -5.798
   -5.210   -5.210   -4.855   -4.855   -4.317   -4.317   -4.052   -4.052   -3.993   -3.993
   -3.704   -3.704    3.208    3.208    3.575    3.575    4.410    4.410    5.705    5.705
    5.762    5.762    6.973    6.973    8.764    8.764    8.927    8.927    9.119    9.119
    9.225    9.225    9.424    9.424    9.854    9.854   12.082   12.082   12.181   12.181
   12.413   12.413   14.995   14.995   15.677   15.677   16.750   16.750   17.326   17.326
   17.927   17.927
            0.482270  0.482270  0.000000
  -62.404  -62.404  -34.771  -34.771  -31.516  -31.516  -31.250  -31.250  -22.332  -22.332
  -22.317  -22.317   -7.220   -7.220   -7.200   -7.200   -6.047   -6.047   -5.800   -5.800
   -5.208   -5.208   -4.854   -4.854   -4.316   -4.316   -4.051   -4.051   -3.993   -3.993
   -3.703   -3.703    3.211    3.211    3.579    3.579    4.411    4.411    5.705    5.705
    5.763    5.763    6.972    6.972    8.764    8.764    8.925    8.925    9.119    9.119
    9.223    9.223    9.424    9.424    9.852    9.852   12.080   12.080   12.178   12.178
   12.411   12.411   14.993   14.993   15.680   15.680   16.750   16.750   17.331   17.331
   17.920   17.920
            0.478723  0.478723  0.000000
  -62.404  -62.404  -34.771  -34.771  -31.516  -31.516  -31.250  -31.250  -22.332  -22.332
  -22.317  -22.317   -7.222   -7.222   -7.200   -7.200   -6.049   -6.049   -5.802   -5.802
   -5.207   -5.207   -4.854   -4.854   -4.315   -4.315   -4.050   -4.050   -3.992   -3.992
   -3.703   -3.703    3.215    3.215    3.583    3.583    4.413    4.413    5.704    5.704
    5.764    5.764    6.972    6.972    8.764    8.764    8.923    8.923    9.119    9.119
    9.220    9.220    9.424    9.424    9.849    9.849   12.077   12.077   12.176   12.176
   12.408   12.408   14.990   14.990   15.685   15.685   16.749   16.749   17.338   17.338
   17.911   17.911
            0.475177  0.475177  0.000000
  -62.404  -62.404  -34.771  -34.771  -31.516  -31.516  -31.250  -31.250  -22.333  -22.333
  -22.317  -22.317   -7.225   -7.225   -7.201   -7.201   -6.051   -6.051   -5.804   -5.804
   -5.205   -5.205   -4.853   -4.853   -4.313   -4.313   -4.049   -4.049   -3.990   -3.990
   -3.702   -3.702    3.219    3.219    3.588    3.588    4.416    4.416    5.704    5.704
    5.765    5.765    6.972    6.972    8.763    8.763    8.921    8.921    9.120    9.120
    9.217    9.217    9.424    9.424    9.846    9.846   12.074   12.074   12.172   12.172
   12.404   12.404   14.988   14.988   15.690   15.690   16.749   16.749   17.346   17.346
   17.901   17.901
            0.471631  0.471631  0.000000
  -62.404  -62.404  -34.771  -34.771  -31.516  -31.516  -31.250  -31.250  -22.333  -22.333
  -22.317  -22.317   -7.227   -7.227   -7.202   -7.202   -6.053   -6.053   -5.806   -5.806
   -5.203   -5.203   -4.852   -4.852   -4.311   -4.311   -4.048   -4.048   -3.989   -3.989
   -3.702   -3.702    3.224    3.224    3.593    3.593    4.419    4.419    5.704    5.704
    5.767    5.767    6.971    6.971    8.763    8.763    8.918    8.918    9.120    9.120
    9.213    9.213    9.424    9.424    9.842    9.842   12.070   12.070   12.168   12.168
   12.400   12.400   14.984   14.984   15.696   15.696   16.748   16.748   17.356   17.356
   17.890   17.890
            0.468085  0.468085  0.000000
  -62.404  -62.404  -34.771  -34.771  -31.516  -31.516  -31.249  -31.249  -22.333  -22.333
  -22.317  -22.317   -7.230   -7.230   -7.203   -7.203   -6.055   -6.055   -5.809   -5.809
   -5.201   -5.201   -4.851   -4.851   -4.309   -4.309   -4.046   -4.046   -3.988   -3.988
   -3.701   -3.701    3.230    3.230    3.600    3.600    4.422    4.422    5.704    5.704
    5.769    5.769    6.971    6.971    8.763    8.763    8.915    8.915    9.120    9.120
    9.209    9.209    9.424    9.424    9.838    9.838   12.066   12.066   12.164   12.164
   12.395   12.395   14.980   14.980   15.703   15.703   16.747   16.747   17.366   17.366
   17.877   17.877
            0.464539  0.464539  0.000000
  -62.404  -62.404  -34.771  -34.771  -31.516  -31.516  -31.249  -31.249  -22.333  -22.333
  -22.317  -22.317   -7.233   -7.233   -7.204   -7.204   -6.058   -6.058   -5.812   -5.812
   -5.198   -5.198   -4.850   -4.850   -4.306   -4.306   -4.044   -4.044   -3.986   -3.986
   -3.700   -3.700    3.236    3.236    3.607    3.607    4.425    4.425    5.703    5.703
    5.771    5.771    6.970    6.970    8.762    8.762    8.912    8.912    9.121    9.121
    9.204    9.204    9.424    9.424    9.833    9.833   12.062   12.062   12.159   12.159
   12.390   12.390   14.976   14.976   15.710   15.710   16.746   16.746   17.378   17.378
   17.863   17.863
            0.460993  0.460993  0.000000
  -62.404  -62.404  -34.771  -34.771  -31.515  -31.515  -31.249  -31.249  -22.333  -22.333
  -22.317  -22.317   -7.237   -7.237   -7.205   -7.205   -6.061   -6.061   -5.816   -5.816
   -5.196   -5.196   -4.849   -4.849   -4.304   -4.304   -4.042   -4.042   -3.984   -3.984
   -3.700   -3.700    3.243    3.243    3.614    3.614    4.429    4.429    5.703    5.703
    5.773    5.773    6.969    6.969    8.762    8.762    8.909    8.909    9.121    9.121
    9.199    9.199    9.424    9.424    9.828    9.828   12.057   12.057   12.154   12.154
   12.384   12.384   14.972   14.972   15.718   15.718   16.745   16.745   17.391   17.391
   17.847   17.847
            0.457447  0.457447  0.000000
  -62.404  -62.404  -34.771  -34.771  -31.515  -31.515  -31.249  -31.249  -22.333  -22.333
  -22.317  -22.317   -7.241   -7.241   -7.206   -7.206   -6.064   -6.064   -5.819   -5.819
   -5.193   -5.193   -4.847   -4.847   -4.301   -4.301   -4.040   -4.040   -3.982   -3.982
   -3.699   -3.699    3.251    3.251    3.623    3.623    4.433    4.433    5.703    5.703
    5.775    5.775    6.969    6.969    8.762    8.762    8.905    8.905    9.122    9.122
    9.193    9.193    9.424    9.424    9.822    9.822   12.051   12.051   12.148   12.148
   12.378   12.378   14.967   14.967   15.727   15.727   16.744   16.744   17.405   17.405
   17.830   17.830
            0.453901  0.453901  0.000000
  -62.404  -62.404  -34.771  -34.771  -31.515  -31.515  -31.249  -31.249  -22.334  -22.334
  -22.317  -22.317   -7.245   -7.245   -7.207   -7.207   -6.067   -6.067   -5.823   -5.823
   -5.190   -5.190   -4.846   -4.846   -4.298   -4.298   -4.038   -4.038   -3.980   -3.980
   -3.698   -3.698    3.259    3.259    3.632    3.632    4.438    4.438    5.702    5.702
    5.778    5.778    6.968    6.968    8.761    8.761    8.901    8.901    9.122    9.122
    9.187    9.187    9.424    9.424    9.816    9.816   12.045   12.045   12.142   12.142
   12.371   12.371   14.962   14.962   15.737   15.737   16.743   16.743   17.419   17.419
   17.812   17.812
            0.450355  0.450355  0.000000
  -62.404  -62.404  -34.771  -34.771  -31.515  -31.515  -31.249  -31.249  -22.334  -22.334
  -22.317  -22.317   -7.250   -7.250   -7.209   -7.209   -6.071   -6.071   -5.827   -5.827
   -5.186   -5.186   -4.845   -4.845   -4.294   -4.294   -4.035   -4.035   -3.978   -3.978
   -3.696   -3.696    3.268    3.268    3.642    3.642    4.443    4.443    5.702    5.702
    5.781    5.781    6.967    6.967    8.760    8.760    8.896    8.896    9.123    9.123
    9.180    9.180    9.424    9.424    9.810    9.810   12.039   12.039   12.135   12.135
   12.364   12.364   14.956   14.956   15.747   15.747   16.742   16.742   17.435   17.435
   17.793   17.793
            0.446809  0.446809  0.000000
  -62.404  -62.404  -34.771  -34.771  -31.515  -31.515  -31.249  -31.249  -22.334  -22.334
  -22.317  -22.317   -7.255   -7.255   -7.210   -7.210   -6.075   -6.075   -5.832   -5.832
   -5.183   -5.183   -4.843   -4.843   -4.291   -4.291   -4.032   -4.032   -3.976   -3.976
   -3.695   -3.695    3.278    3.278    3.653    3.653    4.448    4.448    5.701    5.701
    5.784    5.784    6.966    6.966    8.760    8.760    8.892    8.892    9.124    9.124
    9.173    9.173    9.423    9.423    9.804    9.804   12.032   12.032   12.128   12.128
   12.356   12.356   14.950   14.950   15.758   15.758   16.740   16.740   17.452   17.452
   17.772   17.772
            0.443262  0.443262  0.000000
  -62.404  -62.404  -34.771  -34.771  -31.515  -31.515  -31.249  -31.249  -22.334  -22.334
  -22.317  -22.317   -7.261   -7.261   -7.211   -7.211   -6.079   -6.079   -5.836   -5.836
   -5.179   -5.179   -4.841   -4.841   -4.287   -4.287   -4.029   -4.029   -3.973   -3.973
   -3.694   -3.694    3.288    3.288    3.664    3.664    4.454    4.454    5.701    5.701
    5.787    5.787    6.966    6.966    8.759    8.759    8.887    8.887    9.124    9.124
    9.165    9.165    9.423    9.423    9.797    9.797   12.025   12.025   12.120   12.120
   12.348   12.348   14.944   14.944   15.770   15.770   16.739   16.739   17.470   17.470
   17.751   17.751
            0.439716  0.439716  0.000000
  -62.404  -62.404  -34.771  -34.771  -31.515  -31.515  -31.249  -31.249  -22.335  -22.335
  -22.317  -22.317   -7.266   -7.266   -7.213   -7.213   -6.083   -6.083   -5.841   -5.841
   -5.176   -5.176   -4.840   -4.840   -4.283   -4.283   -4.026   -4.026   -3.971   -3.971
   -3.692   -3.692    3.300    3.300    3.676    3.676    4.460    4.460    5.701    5.701
    5.791    5.791    6.965    6.965    8.758    8.758    8.881    8.881    9.125    9.125
    9.157    9.157    9.423    9.423    9.790    9.790   12.017   12.017   12.112   12.112
   12.339   12.339   14.938   14.938   15.782   15.782   16.737   16.737   17.489   17.489
   17.728   17.728
            0.436170  0.436170  0.000000
  -62.404  -62.404  -34.771  -34.771  -31.515  -31.515  -31.249  -31.249  -22.335  -22.335
  -22.317  -22.317   -7.272   -7.272   -7.215   -7.215   -6.088   -6.088   -5.846   -5.846
   -5.172   -5.172   -4.838   -4.838   -4.279   -4.279   -4.023   -4.023   -3.968   -3.968
   -3.691   -3.691    3.311    3.311    3.689    3.689    4.467    4.467    5.700    5.700
    5.794    5.794    6.964    6.964    8.757    8.757    8.876    8.876    9.126    9.126
    9.149    9.149    9.423    9.423    9.782    9.782   12.009   12.009   12.103   12.103
   12.329   12.329   14.931   14.931   15.795   15.795   16.736   16.736   17.509   17.509
   17.704   17.704
            0.432624  0.432624  0.000000
  -62.404  -62.404  -34.771  -34.771  -31.515  -31.515  -31.249  -31.249  -22.335  -22.335
  -22.317  -22.317   -7.279   -7.279   -7.216   -7.216   -6.092   -6.092   -5.851   -5.851
   -5.168   -5.168   -4.836   -4.836   -4.275   -4.275   -4.020   -4.020   -3.965   -3.965
   -3.689   -3.689    3.323    3.323    3.702    3.702    4.474    4.474    5.700    5.700
    5.798    5.798    6.963    6.963    8.756    8.756    8.870    8.870    9.126    9.126
    9.140    9.140    9.423    9.423    9.774    9.774   12.000   12.000   12.094   12.094
   12.319   12.319   14.924   14.924   15.808   15.808   16.734   16.734   17.529   17.529
   17.679   17.679
            0.429078  0.429078  0.000000
  -62.404  -62.404  -34.771  -34.771  -31.514  -31.514  -31.249  -31.249  -22.336  -22.336
  -22.317  -22.317   -7.285   -7.285   -7.218   -7.218   -6.097   -6.097   -5.856   -5.856
   -5.164   -5.164   -4.835   -4.835   -4.271   -4.271   -4.016   -4.016   -3.963   -3.963
   -3.688   -3.688    3.336    3.336    3.716    3.716    4.481    4.481    5.699    5.699
    5.802    5.802    6.962    6.962    8.755    8.755    8.865    8.865    9.126    9.126
    9.133    9.133    9.423    9.423    9.766    9.766   11.991   11.991   12.084   12.084
   12.309   12.309   14.916   14.916   15.822   15.822   16.732   16.732   17.551   17.551
   17.653   17.653
            0.425532  0.425532  0.000000
  -62.404  -62.404  -34.771  -34.771  -31.514  -31.514  -31.249  -31.249  -22.336  -22.336
  -22.317  -22.317   -7.292   -7.292   -7.220   -7.220   -6.102   -6.102   -5.861   -5.861
   -5.160   -5.160   -4.833   -4.833   -4.266   -4.266   -4.013   -4.013   -3.959   -3.959
   -3.686   -3.686    3.350    3.350    3.731    3.731    4.489    4.489    5.699    5.699
    5.807    5.807    6.961    6.961    8.754    8.754    8.858    8.858    9.119    9.119
    9.130    9.130    9.423    9.423    9.758    9.758   11.982   11.982   12.074   12.074
   12.298   12.298   14.909   14.909   15.837   15.837   16.730   16.730   17.573   17.573
   17.626   17.626
            0.421986  0.421986  0.000000
  -62.404  -62.404  -34.771  -34.771  -31.514  -31.514  -31.249  -31.249  -22.336  -22.336
  -22.317  -22.317   -7.300   -7.300   -7.222   -7.222   -6.107   -6.107   -5.867   -5.867
   -5.155   -5.155   -4.831   -4.831   -4.262   -4.262   -4.009   -4.009   -3.956   -3.956
   -3.684   -3.684    3.364    3.364    3.746    3.746    4.497    4.497    5.698    5.698
    5.811    5.811    6.960    6.960    8.753    8.753    8.852    8.852    9.110    9.110
    9.130    9.130    9.423    9.423    9.750    9.750   11.972   11.972   12.064   12.064
   12.286   12.286   14.901   14.901   15.852   15.852   16.728   16.728   17.595   17.595
   17.599   17.599
            0.418440  0.418440  0.000000
  -62.404  -62.404  -34.771  -34.771  -31.514  -31.514  -31.249  -31.249  -22.337  -22.337
  -22.317  -22.317   -7.307   -7.307   -7.224   -7.224   -6.112   -6.112   -5.872   -5.872
   -5.151   -5.151   -4.829   -4.829   -4.257   -4.257   -4.005   -4.005   -3.953   -3.953
   -3.682   -3.682    3.379    3.379    3.762    3.762    4.506    4.506    5.698    5.698
    5.816    5.816    6.958    6.958    8.751    8.751    8.846    8.846    9.099    9.099
    9.131    9.131    9.423    9.423    9.741    9.741   11.961   11.961   12.053   12.053
   12.275   12.275   14.893   14.893   15.868   15.868   16.725   16.725   17.569   17.569
   17.619   17.619
            0.414894  0.414894  0.000000
  -62.404  -62.404  -34.770  -34.770  -31.514  -31.514  -31.249  -31.249  -22.337  -22.337
  -22.317  -22.317   -7.315   -7.315   -7.226   -7.226   -6.118   -6.118   -5.877   -5.877
   -5.147   -5.147   -4.827   -4.827   -4.252   -4.252   -4.001   -4.001   -3.950   -3.950
   -3.680   -3.680    3.395    3.395    3.778    3.778    4.515    4.515    5.697    5.697
    5.821    5.821    6.957    6.957    8.750    8.750    8.839    8.839    9.088    9.088
    9.132    9.132    9.422    9.422    9.733    9.733   11.950   11.950   12.041   12.041
   12.262   12.262   14.885   14.885   15.884   15.884   16.723   16.723   17.539   17.539
   17.643   17.643
            0.411348  0.411348  0.000000
  -62.404  -62.404  -34.770  -34.770  -31.514  -31.514  -31.249  -31.249  -22.338  -22.338
  -22.317  -22.317   -7.323   -7.323   -7.228   -7.228   -6.123   -6.123   -5.883   -5.883
   -5.142   -5.142   -4.826   -4.826   -4.247   -4.247   -3.996   -3.996   -3.946   -3.946
   -3.677   -3.677    3.411    3.411    3.795    3.795    4.524    4.524    5.697    5.697
    5.826    5.826    6.956    6.956    8.748    8.748    8.833    8.833    9.077    9.077
    9.133    9.133    9.422    9.422    9.724    9.724   11.939   11.939   12.029   12.029
   12.249   12.249   14.876   14.876   15.901   15.901   16.720   16.720   17.508   17.508
   17.667   17.667
            0.407801  0.407801  0.000000
  -62.404  -62.404  -34.770  -34.770  -31.513  -31.513  -31.249  -31.249  -22.338  -22.338
  -22.318  -22.318   -7.332   -7.332   -7.230   -7.230   -6.129   -6.129   -5.889   -5.889
   -5.138   -5.138   -4.824   -4.824   -4.242   -4.242   -3.992   -3.992   -3.943   -3.943
   -3.675   -3.675    3.427    3.427    3.813    3.813    4.534    4.534    5.697    5.697
    5.832    5.832    6.955    6.955    8.746    8.746    8.826    8.826    9.065    9.065
    9.134    9.134    9.422    9.422    9.715    9.715   11.927   11.927   12.017   12.017
   12.236   12.236   14.867   14.867   15.918   15.918   16.717   16.717   17.476   17.476
   17.692   17.692
            0.404255  0.404255  0.000000
  -62.404  -62.404  -34.770  -34.770  -31.513  -31.513  -31.249  -31.249  -22.339  -22.339
  -22.318  -22.318   -7.340   -7.340   -7.233   -7.233   -6.134   -6.134   -5.894   -5.894
   -5.133   -5.133   -4.822   -4.822   -4.237   -4.237   -3.988   -3.988   -3.939   -3.939
   -3.672   -3.672    3.445    3.445    3.832    3.832    4.545    4.545    5.696    5.696
    5.837    5.837    6.954    6.954    8.744    8.744    8.819    8.819    9.053    9.053
    9.136    9.136    9.422    9.422    9.706    9.706   11.915   11.915   12.005   12.005
   12.222   12.222   14.858   14.858   15.936   15.936   16.714   16.714   17.443   17.443
   17.717   17.717
            0.400709  0.400709  0.000000
  -62.404  -62.404  -34.770  -34.770  -31.513  -31.513  -31.249  -31.249  -22.339  -22.339
  -22.318  -22.318   -7.349   -7.349   -7.235   -7.235   -6.140   -6.140   -5.900   -5.900
   -5.128   -5.128   -4.820   -4.820   -4.232   -4.232   -3.983   -3.983   -3.936   -3.936
   -3.670   -3.670    3.463    3.463    3.850    3.850    4.556    4.556    5.696    5.696
    5.843    5.843    6.952    6.952    8.742    8.742    8.812    8.812    9.041    9.041
    9.137    9.137    9.422    9.422    9.697    9.697   11.903   11.903   11.992   11.992
   12.208   12.208   14.849   14.849   15.954   15.954   16.711   16.711   17.409   17.409
   17.742   17.742
            0.397163  0.397163  0.000000
  -62.404  -62.404  -34.770  -34.770  -31.513  -31.513  -31.249  -31.249  -22.340  -22.340
  -22.318  -22.318   -7.358   -7.358   -7.237   -7.237   -6.146   -6.146   -5.906   -5.906
   -5.124   -5.124   -4.818   -4.818   -4.227   -4.227   -3.979   -3.979   -3.932   -3.932
   -3.667   -3.667    3.481    3.481    3.870    3.870    4.567    4.567    5.696    5.696
    5.849    5.849    6.951    6.951    8.740    8.740    8.805    8.805    9.028    9.028
    9.138    9.138    9.422    9.422    9.689    9.689   11.890   11.890   11.978   11.978
   12.193   12.193   14.839   14.839   15.973   15.973   16.708   16.708   17.374   17.374
   17.768   17.768
            0.393617  0.393617  0.000000
  -62.404  -62.404  -34.770  -34.770  -31.513  -31.513  -31.249  -31.249  -22.340  -22.340
  -22.318  -22.318   -7.368   -7.368   -7.240   -7.240   -6.152   -6.152   -5.911   -5.911
   -5.119   -5.119   -4.816   -4.816   -4.222   -4.222   -3.974   -3.974   -3.928   -3.928
   -3.664   -3.664    3.500    3.500    3.890    3.890    4.578    4.578    5.696    5.696
    5.855    5.855    6.950    6.950    8.738    8.738    8.798    8.798    9.015    9.015
    9.139    9.139    9.422    9.422    9.680    9.680   11.877   11.877   11.964   11.964
   12.178   12.178   14.830   14.830   15.992   15.992   16.704   16.704   17.338   17.338
   17.794   17.794
            0.390071  0.390071  0.000000
  -62.404  -62.404  -34.770  -34.770  -31.512  -31.512  -31.249  -31.249  -22.341  -22.341
  -22.318  -22.318   -7.377   -7.377   -7.242   -7.242   -6.158   -6.158   -5.917   -5.917
   -5.114   -5.114   -4.815   -4.815   -4.217   -4.217   -3.970   -3.970   -3.924   -3.924
   -3.661   -3.661    3.520    3.520    3.910    3.910    4.591    4.591    5.696    5.696
    5.862    5.862    6.949    6.949    8.735    8.735    8.791    8.791    9.002    9.002
    9.140    9.140    9.422    9.422    9.671    9.671   11.863   11.863   11.950   11.950
   12.162   12.162   14.820   14.820   16.011   16.011   16.701   16.701   17.301   17.301
   17.820   17.820
            0.386525  0.386525  0.000000
  -62.404  -62.404  -34.770  -34.770  -31.512  -31.512  -31.249  -31.249  -22.341  -22.341
  -22.318  -22.318   -7.387   -7.387   -7.245   -7.245   -6.163   -6.163   -5.922   -5.922
   -5.110   -5.110   -4.813   -4.813   -4.211   -4.211   -3.965   -3.965   -3.920   -3.920
   -3.658   -3.658    3.540    3.540    3.931    3.931    4.603    4.603    5.695    5.695
    5.869    5.869    6.947    6.947    8.733    8.733    8.784    8.784    8.988    8.988
    9.142    9.142    9.422    9.422    9.663    9.663   11.849   11.849   11.936   11.936
   12.146   12.146   14.809   14.809   16.031   16.031   16.697   16.697   17.263   17.263
   17.846   17.846
            0.382979  0.382979  0.000000
  -62.404  -62.404  -34.770  -34.770  -31.512  -31.512  -31.249  -31.249  -22.342  -22.342
  -22.318  -22.318   -7.397   -7.397   -7.248   -7.248   -6.169   -6.169   -5.928   -5.928
   -5.105   -5.105   -4.811   -4.811   -4.206   -4.206   -3.961   -3.961   -3.916   -3.916
   -3.655   -3.655    3.561    3.561    3.953    3.953    4.616    4.616    5.696    5.696
    5.876    5.876    6.946    6.946    8.730    8.730    8.777    8.777    8.974    8.974
    9.143    9.143    9.422    9.422    9.654    9.654   11.835   11.835   11.921   11.921
   12.129   12.129   14.799   14.799   16.052   16.052   16.693   16.693   17.225   17.225
   17.872   17.872
            0.379433  0.379433  0.000000
  -62.404  -62.404  -34.770  -34.770  -31.512  -31.512  -31.249  -31.249  -22.342  -22.342
  -22.318  -22.318   -7.407   -7.407   -7.250   -7.250   -6.175   -6.175   -5.933   -5.933
   -5.100   -5.100   -4.809   -4.809   -4.201   -4.201   -3.957   -3.957   -3.911   -3.911
   -3.652   -3.652    3.582    3.582    3.975    3.975    4.630    4.630    5.696    5.696
    5.883    5.883    6.945    6.945    8.727    8.727    8.770    8.770    8.960    8.960
    9.144    9.144    9.422    9.422    9.646    9.646   11.820   11.820   11.905   11.905
   12.112   12.112   14.788   14.788   16.072   16.072   16.689   16.689   17.185   17.185
   17.898   17.898
            0.375887  0.375887  0.000000
  -62.404  -62.404  -34.770  -34.770  -31.512  -31.512  -31.249  -31.249  -22.343  -22.343
  -22.318  -22.318   -7.418   -7.418   -7.253   -7.253   -6.181   -6.181   -5.939   -5.939
   -5.096   -5.096   -4.808   -4.808   -4.195   -4.195   -3.952   -3.952   -3.907   -3.907
   -3.649   -3.649    3.604    3.604    3.997    3.997    4.644    4.644    5.696    5.696
    5.890    5.890    6.943    6.943    8.724    8.724    8.763    8.763    8.945    8.945
    9.146    9.146    9.422    9.422    9.637    9.637   11.805   11.805   11.890   11.890
   12.095   12.095   14.778   14.778   16.093   16.093   16.684   16.684   17.145   17.145
   17.924   17.924
            0.372340  0.372340  0.000000
  -62.404  -62.404  -34.769  -34.769  -31.511  -31.511  -31.249  -31.249  -22.343  -22.343
  -22.318  -22.318   -7.428   -7.428   -7.256   -7.256   -6.187   -6.187   -5.944   -5.944
   -5.091   -5.091   -4.806   -4.806   -4.190   -4.190   -3.948   -3.948   -3.902   -3.902
   -3.646   -3.646    3.627    3.627    4.020    4.020    4.659    4.659    5.696    5.696
    5.897    5.897    6.942    6.942    8.720    8.720    8.756    8.756    8.930    8.930
    9.147    9.147    9.422    9.422    9.629    9.629   11.789   11.789   11.874   11.874
   12.077   12.077   14.767   14.767   16.115   16.115   16.679   16.679   17.104   17.104
   17.950   17.950
            0.368794  0.368794  0.000000
  -62.404  -62.404  -34.769  -34.769  -31.511  -31.511  -31.248  -31.248  -22.344  -22.344
  -22.318  -22.318   -7.439   -7.439   -7.259   -7.259   -6.193   -6.193   -5.950   -5.950
   -5.086   -5.086   -4.804   -4.804   -4.185   -4.185   -3.944   -3.944   -3.897   -3.897
   -3.642   -3.642    3.650    3.650    4.043    4.043    4.674    4.674    5.696    5.696
    5.905    5.905    6.941    6.941    8.717    8.717    8.749    8.749    8.915    8.915
    9.149    9.149    9.422    9.422    9.622    9.622   11.774   11.774   11.858   11.858
   12.059   12.059   14.755   14.755   16.136   16.136   16.675   16.675   17.062   17.062
   17.975   17.975
            0.365248  0.365248  0.000000
  -62.404  -62.404  -34.769  -34.769  -31.511  -31.511  -31.248  -31.248  -22.345  -22.345
  -22.319  -22.319   -7.450   -7.450   -7.262   -7.262   -6.199   -6.199   -5.955   -5.955
   -5.082   -5.082   -4.803   -4.803   -4.179   -4.179   -3.940   -3.940   -3.893   -3.893
   -3.639   -3.639    3.674    3.674    4.067    4.067    4.690    4.690    5.697    5.697
    5.913    5.913    6.940    6.940    8.713    8.713    8.743    8.743    8.900    8.900
    9.150    9.150    9.423    9.423    9.614    9.614   11.758   11.758   11.841   11.841
   12.040   12.040   14.744   14.744   16.158   16.158   16.669   16.669   17.019   17.019
   17.968   17.968
            0.361702  0.361702  0.000000
  -62.404  -62.404  -34.769  -34.769  -31.511  -31.511  -31.248  -31.248  -22.345  -22.345
  -22.319  -22.319   -7.461   -7.461   -7.265   -7.265   -6.205   -6.205   -5.960   -5.960
   -5.077   -5.077   -4.801   -4.801   -4.174   -4.174   -3.936   -3.936   -3.887   -3.887
   -3.635   -3.635    3.698    3.698    4.091    4.091    4.706    4.706    5.698    5.698
    5.921    5.921    6.938    6.938    8.709    8.709    8.736    8.736    8.885    8.885
    9.151    9.151    9.423    9.423    9.607    9.607   11.741   11.741   11.824   11.824
   12.021   12.021   14.732   14.732   16.180   16.180   16.664   16.664   16.976   16.976
   17.958   17.958
            0.358156  0.358156  0.000000
  -62.404  -62.404  -34.769  -34.769  -31.510  -31.510  -31.248  -31.248  -22.346  -22.346
  -22.319  -22.319   -7.473   -7.473   -7.268   -7.268   -6.210   -6.210   -5.965   -5.965
   -5.072   -5.072   -4.800   -4.800   -4.169   -4.169   -3.933   -3.933   -3.882   -3.882
   -3.632   -3.632    3.722    3.722    4.116    4.116    4.723    4.723    5.698    5.698
    5.930    5.930    6.937    6.937    8.705    8.705    8.730    8.730    8.869    8.869
    9.153    9.153    9.423    9.423    9.599    9.599   11.724   11.724   11.807   11.807
   12.002   12.002   14.720   14.720   16.202   16.202   16.658   16.658   16.932   16.932
   17.948   17.948
            0.354610  0.354610  0.000000
  -62.404  -62.404  -34.769  -34.769  -31.510  -31.510  -31.248  -31.248  -22.346  -22.346
  -22.319  -22.319   -7.484   -7.484   -7.271   -7.271   -6.216   -6.216   -5.970   -5.970
   -5.068   -5.068   -4.799   -4.799   -4.164   -4.164   -3.929   -3.929   -3.877   -3.877
   -3.628   -3.628    3.748    3.748    4.140    4.140    4.740    4.740    5.699    5.699
    5.938    5.938    6.936    6.936    8.700    8.700    8.723    8.723    8.853    8.853
    9.154    9.154    9.423    9.423    9.593    9.593   11.707   11.707   11.789   11.789
   11.982   11.982   14.708   14.708   16.224   16.224   16.652   16.652   16.887   16.887
   17.937   17.937
            0.351064  0.351064  0.000000
  -62.404  -62.404  -34.769  -34.769  -31.510  -31.510  -31.248  -31.248  -22.347  -22.347
  -22.319  -22.319   -7.496   -7.496   -7.274   -7.274   -6.221   -6.221   -5.974   -5.974
   -5.063   -5.063   -4.797   -4.797   -4.158   -4.158   -3.926   -3.926   -3.871   -3.871
   -3.624   -3.624    3.773    3.773    4.165    4.165    4.758    4.758    5.700    5.700
    5.947    5.947    6.935    6.935    8.696    8.696    8.717    8.717    8.837    8.837
    9.156    9.156    9.423    9.423    9.586    9.586   11.690   11.690   11.772   11.772
   11.962   11.962   14.696   14.696   16.247   16.247   16.646   16.646   16.841   16.841
   17.927   17.927
            0.347518  0.347518  0.000000
  -62.404  -62.404  -34.769  -34.769  -31.509  -31.509  -31.248  -31.248  -22.348  -22.348
  -22.319  -22.319   -7.507   -7.507   -7.278   -7.278   -6.227   -6.227   -5.979   -5.979
   -5.059   -5.059   -4.796   -4.796   -4.153   -4.153   -3.923   -3.923   -3.866   -3.866
   -3.621   -3.621    3.799    3.799    4.191    4.191    4.776    4.776    5.702    5.702
    5.956    5.956    6.934    6.934    8.691    8.691    8.711    8.711    8.821    8.821
    9.157    9.157    9.424    9.424    9.580    9.580   11.673   11.673   11.753   11.753
   11.942   11.942   14.683   14.683   16.269   16.269   16.639   16.639   16.795   16.795
   17.915   17.915
            0.343972  0.343972  0.000000
  -62.404  -62.404  -34.769  -34.769  -31.509  -31.509  -31.248  -31.248  -22.348  -22.348
  -22.319  -22.319   -7.519   -7.519   -7.281   -7.281   -6.232   -6.232   -5.984   -5.984
   -5.054   -5.054   -4.795   -4.795   -4.148   -4.148   -3.920   -3.920   -3.860   -3.860
   -3.617   -3.617    3.826    3.826    4.216    4.216    4.795    4.795    5.703    5.703
    5.965    5.965    6.932    6.932    8.687    8.687    8.706    8.706    8.805    8.805
    9.158    9.158    9.424    9.424    9.574    9.574   11.655   11.655   11.735   11.735
   11.921   11.921   14.670   14.670   16.291   16.291   16.632   16.632   16.748   16.748
   17.904   17.904
            0.340426  0.340426  0.000000
  -62.404  -62.404  -34.768  -34.768  -31.509  -31.509  -31.248  -31.248  -22.349  -22.349
  -22.319  -22.319   -7.531   -7.531   -7.284   -7.284   -6.238   -6.238   -5.988   -5.988
   -5.050   -5.050   -4.794   -4.794   -4.143   -4.143   -3.917   -3.917   -3.854   -3.854
   -3.613   -3.613    3.853    3.853    4.242    4.242    4.815    4.815    5.704    5.704
    5.975    5.975    6.931    6.931    8.682    8.682    8.700    8.700    8.789    8.789
    9.160    9.160    9.424    9.424    9.568    9.568   11.637   11.637   11.716   11.716
   11.900   11.900   14.657   14.657   16.314   16.314   16.624   16.624   16.702   16.702
   17.893   17.893
            0.336879  0.336879  0.000000
  -62.404  -62.404  -34.768  -34.768  -31.509  -31.509  -31.248  -31.248  -22.350  -22.350
  -22.319  -22.319   -7.543   -7.543   -7.288   -7.288   -6.243   -6.243   -5.992   -5.992
   -5.045   -5.045   -4.793   -4.793   -4.138   -4.138   -3.914   -3.914   -3.849   -3.849
   -3.609   -3.609    3.881    3.881    4.268    4.268    4.835    4.835    5.706    5.706
    5.984    5.984    6.930    6.930    8.677    8.677    8.694    8.694    8.772    8.772
    9.161    9.161    9.425    9.425    9.563    9.563   11.618   11.618   11.698   11.698
   11.878   11.878   14.644   14.644   16.336   16.336   16.613   16.613   16.657   16.657
   17.881   17.881
            0.333333  0.333333  0.000000
  -62.404  -62.404  -34.768  -34.768  -31.508  -31.508  -31.248  -31.248  -22.351  -22.351
  -22.319  -22.319   -7.556   -7.556   -7.291   -7.291   -6.248   -6.248   -5.996   -5.996
   -5.041   -5.041   -4.791   -4.791   -4.133   -4.133   -3.911   -3.911   -3.843   -3.843
   -3.606   -3.606    3.909    3.909    4.295    4.295    4.856    4.856    5.708    5.708
    5.994    5.994    6.929    6.929    8.672    8.672    8.689    8.689    8.756    8.756
    9.162    9.162    9.425    9.425    9.558    9.558   11.600   11.600   11.678   11.678
   11.857   11.857   14.631   14.631   16.358   16.358   16.589   16.589   16.624   16.624
   17.869   17.869
            0.329787  0.329787  0.000000
  -62.404  -62.404  -34.768  -34.768  -31.508  -31.508  -31.248  -31.248  -22.351  -22.351
  -22.320  -22.320   -7.568   -7.568   -7.295   -7.295   -6.253   -6.253   -6.000   -6.000
   -5.036   -5.036   -4.790   -4.790   -4.129   -4.129   -3.909   -3.909   -3.837   -3.837
   -3.602   -3.602    3.938    3.938    4.321    4.321    4.878    4.878    5.710    5.710
    6.004    6.004    6.928    6.928    8.668    8.668    8.683    8.683    8.739    8.739
    9.164    9.164    9.426    9.426    9.553    9.553   11.581   11.581   11.659   11.659
   11.835   11.835   14.617   14.617   16.379   16.379   16.546   16.546   16.609   16.609
   17.858   17.858
            0.326241  0.326241  0.000000
  -62.404  -62.404  -34.768  -34.768  -31.508  -31.508  -31.248  -31.248  -22.352  -22.352
  -22.320  -22.320   -7.581   -7.581   -7.298   -7.298   -6.258   -6.258   -6.004   -6.004
   -5.032   -5.032   -4.790   -4.790   -4.124   -4.124   -3.906   -3.906   -3.831   -3.831
   -3.598   -3.598    3.967    3.967    4.348    4.348    4.900    4.900    5.712    5.712
    6.015    6.015    6.927    6.927    8.663    8.663    8.678    8.678    8.722    8.722
    9.165    9.165    9.426    9.426    9.548    9.548   11.562   11.562   11.639   11.639
   11.812   11.812   14.603   14.603   16.400   16.400   16.498   16.498   16.599   16.599
   17.847   17.847
            0.322695  0.322695  0.000000
  -62.404  -62.404  -34.768  -34.768  -31.507  -31.507  -31.248  -31.248  -22.353  -22.353
  -22.320  -22.320   -7.593   -7.593   -7.302   -7.302   -6.262   -6.262   -6.007   -6.007
   -5.028   -5.028   -4.789   -4.789   -4.119   -4.119   -3.904   -3.904   -3.825   -3.825
   -3.595   -3.595    3.996    3.996    4.375    4.375    4.923    4.923    5.715    5.715
    6.025    6.025    6.926    6.926    8.658    8.658    8.673    8.673    8.706    8.706
    9.166    9.166    9.427    9.427    9.544    9.544   11.542   11.542   11.619   11.619
   11.790   11.790   14.589   14.589   16.418   16.418   16.450   16.450   16.589   16.589
   17.836   17.836
            0.319149  0.319149  0.000000
  -62.404  -62.404  -34.768  -34.768  -31.507  -31.507  -31.248  -31.248  -22.354  -22.354
  -22.320  -22.320   -7.606   -7.606   -7.305   -7.305   -6.267   -6.267   -6.011   -6.011
   -5.023   -5.023   -4.788   -4.788   -4.114   -4.114   -3.902   -3.902   -3.820   -3.820
   -3.591   -3.591    4.026    4.026    4.401    4.401    4.946    4.946    5.718    5.718
    6.036    6.036    6.926    6.926    8.653    8.653    8.668    8.668    8.689    8.689
    9.167    9.167    9.428    9.428    9.541    9.541   11.523   11.523   11.599   11.599
   11.767   11.767   14.575   14.575   16.393   16.393   16.444   16.444   16.580   16.580
   17.825   17.825
            0.315603  0.315603  0.000000
  -62.404  -62.404  -34.768  -34.768  -31.507  -31.507  -31.248  -31.248  -22.354  -22.354
  -22.320  -22.320   -7.618   -7.618   -7.309   -7.309   -6.271   -6.271   -6.014   -6.014
   -5.019   -5.019   -4.787   -4.787   -4.110   -4.110   -3.900   -3.900   -3.814   -3.814
   -3.588   -3.588    4.057    4.057    4.429    4.429    4.970    4.970    5.721    5.721
    6.047    6.047    6.925    6.925    8.647    8.647    8.662    8.662    8.674    8.674
    9.168    9.168    9.428    9.428    9.537    9.537   11.503   11.503   11.579   11.579
   11.744   11.744   14.560   14.560   16.342   16.342   16.462   16.462   16.570   16.570
   17.815   17.815
            0.312057  0.312057  0.000000
  -62.404  -62.404  -34.767  -34.767  -31.506  -31.506  -31.247  -31.247  -22.355  -22.355
  -22.320  -22.320   -7.631   -7.631   -7.312   -7.312   -6.275   -6.275   -6.017   -6.017
   -5.015   -5.015   -4.786   -4.786   -4.105   -4.105   -3.898   -3.898   -3.808   -3.808
   -3.584   -3.584    4.087    4.087    4.456    4.456    4.995    4.995    5.724    5.724
    6.058    6.058    6.924    6.924    8.641    8.641    8.653    8.653    8.663    8.663
    9.169    9.169    9.429    9.429    9.534    9.534   11.483   11.483   11.558   11.558
   11.721   11.721   14.545   14.545   16.290   16.290   16.481   16.481   16.561   16.561
   17.805   17.805
            0.308511  0.308511  0.000000
  -62.404  -62.404  -34.767  -34.767  -31.506  -31.506  -31.247  -31.247  -22.356  -22.356
  -22.320  -22.320   -7.644   -7.644   -7.316   -7.316   -6.280   -6.280   -6.020   -6.020
   -5.011   -5.011   -4.786   -4.786   -4.101   -4.101   -3.896   -3.896   -3.803   -3.803
   -3.581   -3.581    4.118    4.118    4.483    4.483    5.020    5.020    5.727    5.727
    6.069    6.069    6.923    6.923    8.631    8.631    8.641    8.641    8.659    8.659
    9.170    9.170    9.430    9.430    9.531    9.531   11.463   11.463   11.538   11.538
   11.697   11.697   14.530   14.530   16.237   16.237   16.498   16.498   16.550   16.550
   17.796   17.796
            0.304965  0.304965  0.000000
  -62.404  -62.404  -34.767  -34.767  -31.506  -31.506  -31.247  -31.247  -22.357  -22.357
  -22.320  -22.320   -7.657   -7.657   -7.320   -7.320   -6.283   -6.283   -6.022   -6.022
   -5.007   -5.007   -4.785   -4.785   -4.097   -4.097   -3.894   -3.894   -3.797   -3.797
   -3.578   -3.578    4.150    4.150    4.510    4.510    5.047    5.047    5.731    5.731
    6.081    6.081    6.923    6.923    8.617    8.617    8.633    8.633    8.655    8.655
    9.171    9.171    9.431    9.431    9.529    9.529   11.443   11.443   11.517   11.517
   11.673   11.673   14.515   14.515   16.183   16.183   16.515   16.515   16.540   16.540
   17.788   17.788
            0.301418  0.301418  0.000000
  -62.404  -62.404  -34.767  -34.767  -31.506  -31.506  -31.247  -31.247  -22.357  -22.357
  -22.321  -22.321   -7.670   -7.670   -7.323   -7.323   -6.287   -6.287   -6.025   -6.025
   -5.003   -5.003   -4.785   -4.785   -4.092   -4.092   -3.893   -3.893   -3.792   -3.792
   -3.575   -3.575    4.182    4.182    4.537    4.537    5.073    5.073    5.735    5.735
    6.092    6.092    6.922    6.922    8.601    8.601    8.627    8.627    8.653    8.653
    9.172    9.172    9.432    9.432    9.526    9.526   11.423   11.423   11.495   11.495
   11.650   11.650   14.500   14.500   16.129   16.129   16.528   16.528   16.532   16.532
   17.780   17.780
            0.297872  0.297872  0.000000
  -62.404  -62.404  -34.767  -34.767  -31.505  -31.505  -31.247  -31.247  -22.358  -22.358
  -22.321  -22.321   -7.683   -7.683   -7.327   -7.327   -6.291   -6.291   -6.027   -6.027
   -4.999   -4.999   -4.784   -4.784   -4.088   -4.088   -3.891   -3.891   -3.786   -3.786
   -3.572   -3.572    4.214    4.214    4.565    4.565    5.101    5.101    5.739    5.739
    6.104    6.104    6.922    6.922    8.584    8.584    8.620    8.620    8.651    8.651
    9.172    9.172    9.432    9.432    9.525    9.525   11.402   11.402   11.474   11.474
   11.626   11.626   14.484   14.484   16.074   16.074   16.518   16.518   16.545   16.545
   17.774   17.774
            0.294326  0.294326  0.000000
  -62.404  -62.404  -34.767  -34.767  -31.505  -31.505  -31.247  -31.247  -22.359  -22.359
  -22.321  -22.321   -7.696   -7.696   -7.331   -7.331   -6.294   -6.294   -6.029   -6.029
   -4.995   -4.995   -4.784   -4.784   -4.084   -4.084   -3.889   -3.889   -3.781   -3.781
   -3.569   -3.569    4.247    4.247    4.592    4.592    5.129    5.129    5.744    5.744
    6.117    6.117    6.921    6.921    8.568    8.568    8.614    8.614    8.649    8.649
    9.173    9.173    9.433    9.433    9.523    9.523   11.382   11.382   11.452   11.452
   11.602   11.602   14.469   14.469   16.019   16.019   16.506   16.506   16.558   16.558
   17.769   17.769
            0.290780  0.290780  0.000000
  -62.404  -62.404  -34.767  -34.767  -31.505  -31.505  -31.247  -31.247  -22.360  -22.360
  -22.321  -22.321   -7.709   -7.709   -7.335   -7.335   -6.297   -6.297   -6.031   -6.031
   -4.992   -4.992   -4.784   -4.784   -4.080   -4.080   -3.888   -3.888   -3.776   -3.776
   -3.566   -3.566    4.280    4.280    4.620    4.620    5.157    5.157    5.749    5.749
    6.129    6.129    6.921    6.921    8.551    8.551    8.607    8.607    8.648    8.648
    9.173    9.173    9.435    9.435    9.522    9.522   11.361   11.361   11.430   11.430
   11.578   11.578   14.453   14.453   15.963   15.963   16.494   16.494   16.569   16.569
   17.765   17.765
            0.287234  0.287234  0.000000
  -62.404  -62.404  -34.766  -34.766  -31.504  -31.504  -31.247  -31.247  -22.361  -22.361
  -22.321  -22.321   -7.722   -7.722   -7.338   -7.338   -6.300   -6.300   -6.033   -6.033
   -4.988   -4.988   -4.783   -4.783   -4.076   -4.076   -3.886   -3.886   -3.771   -3.771
   -3.564   -3.564    4.313    4.313    4.647    4.647    5.187    5.187    5.754    5.754
    6.142    6.142    6.921    6.921    8.534    8.534    8.601    8.601    8.648    8.648
    9.173    9.173    9.436    9.436    9.520    9.520   11.340   11.340   11.408   11.408
   11.553   11.553   14.437   14.437   15.907   15.907   16.482   16.482   16.579   16.579
   17.762   17.762
            0.283688  0.283688  0.000000
  -62.404  -62.404  -34.766  -34.766  -31.504  -31.504  -31.247  -31.247  -22.362  -22.362
  -22.321  -22.321   -7.735   -7.735   -7.342   -7.342   -6.303   -6.303   -6.034   -6.034
   -4.984   -4.984   -4.783   -4.783   -4.072   -4.072   -3.885   -3.885   -3.766   -3.766
   -3.561   -3.561    4.347    4.347    4.674    4.674    5.217    5.217    5.759    5.759
    6.154    6.154    6.921    6.921    8.518    8.518    8.594    8.594    8.648    8.648
    9.173    9.173    9.437    9.437    9.520    9.520   11.320   11.320   11.385   11.385
   11.529   11.529   14.420   14.420   15.850   15.850   16.469   16.469   16.587   16.587
   17.761   17.761
            0.280142  0.280142  0.000000
  -62.404  -62.404  -34.766  -34.766  -31.504  -31.504  -31.247  -31.247  -22.362  -22.362
  -22.321  -22.321   -7.749   -7.749   -7.346   -7.346   -6.306   -6.306   -6.035   -6.035
   -4.981   -4.981   -4.783   -4.783   -4.069   -4.069   -3.884   -3.884   -3.762   -3.762
   -3.559   -3.559    4.381    4.381    4.702    4.702    5.247    5.247    5.765    5.765
    6.167    6.167    6.921    6.921    8.501    8.501    8.587    8.587    8.649    8.649
    9.173    9.173    9.438    9.438    9.519    9.519   11.299   11.299   11.363   11.363
   11.505   11.505   14.404   14.404   15.793   15.793   16.455   16.455   16.593   16.593
   17.761   17.761
            0.276596  0.276596  0.000000
  -62.404  -62.404  -34.766  -34.766  -31.503  -31.503  -31.247  -31.247  -22.363  -22.363
  -22.322  -22.322   -7.762   -7.762   -7.350   -7.350   -6.308   -6.308   -6.037   -6.037
   -4.977   -4.977   -4.783   -4.783   -4.065   -4.065   -3.883   -3.883   -3.757   -3.757
   -3.557   -3.557    4.415    4.415    4.729    4.729    5.278    5.278    5.771    5.771
    6.181    6.181    6.921    6.921    8.484    8.484    8.581    8.581    8.650    8.650
    9.173    9.173    9.440    9.440    9.519    9.519   11.278   11.278   11.340   11.340
   11.481   11.481   14.387   14.387   15.736   15.736   16.442   16.442   16.597   16.597
   17.762   17.762
            0.273050  0.273050  0.000000
  -62.404  -62.404  -34.766  -34.766  -31.503  -31.503  -31.247  -31.247  -22.364  -22.364
  -22.322  -22.322   -7.775   -7.775   -7.354   -7.354   -6.310   -6.310   -6.037   -6.037
   -4.974   -4.974   -4.783   -4.783   -4.062   -4.062   -3.881   -3.881   -3.753   -3.753
   -3.555   -3.555    4.449    4.449    4.757    4.757    5.310    5.310    5.778    5.778
    6.194    6.194    6.921    6.921    8.468    8.468    8.574    8.574    8.651    8.651
    9.172    9.172    9.441    9.441    9.519    9.519   11.257   11.257   11.316   11.316
   11.457   11.457   14.370   14.370   15.678   15.678   16.428   16.428   16.600   16.600
   17.765   17.765
            0.269504  0.269504  0.000000
  -62.405  -62.405  -34.766  -34.766  -31.503  -31.503  -31.247  -31.247  -22.365  -22.365
  -22.322  -22.322   -7.788   -7.788   -7.357   -7.357   -6.312   -6.312   -6.038   -6.038
   -4.970   -4.970   -4.783   -4.783   -4.058   -4.058   -3.880   -3.880   -3.748   -3.748
   -3.553   -3.553    4.484    4.484    4.784    4.784    5.342    5.342    5.784    5.784
    6.208    6.208    6.921    6.921    8.452    8.452    8.567    8.567    8.654    8.654
    9.171    9.171    9.442    9.442    9.519    9.519   11.235   11.235   11.293   11.293
   11.433   11.433   14.353   14.353   15.620   15.620   16.413   16.413   16.600   16.600
   17.769   17.769
            0.265957  0.265957  0.000000
  -62.405  -62.405  -34.766  -34.766  -31.502  -31.502  -31.247  -31.247  -22.366  -22.366
  -22.322  -22.322   -7.801   -7.801   -7.361   -7.361   -6.314   -6.314   -6.038   -6.038
   -4.967   -4.967   -4.783   -4.783   -4.055   -4.055   -3.879   -3.879   -3.744   -3.744
   -3.552   -3.552    4.519    4.519    4.812    4.812    5.375    5.375    5.791    5.791
    6.222    6.222    6.922    6.922    8.436    8.436    8.560    8.560    8.656    8.656
    9.170    9.170    9.444    9.444    9.519    9.519   11.214   11.214   11.269   11.269
   11.410   11.410   14.336   14.336   15.561   15.561   16.398   16.398   16.598   16.598
   17.775   17.775
            0.262411  0.262411  0.000000
  -62.405  -62.405  -34.765  -34.765  -31.502  -31.502  -31.246  -31.246  -22.367  -22.367
  -22.322  -22.322   -7.814   -7.814   -7.365   -7.365   -6.316   -6.316   -6.039   -6.039
   -4.964   -4.964   -4.783   -4.783   -4.052   -4.052   -3.878   -3.878   -3.741   -3.741
   -3.550   -3.550    4.554    4.554    4.839    4.839    5.408    5.408    5.799    5.799
    6.236    6.236    6.922    6.922    8.420    8.420    8.553    8.553    8.660    8.660
    9.169    9.169    9.446    9.446    9.519    9.519   11.193   11.193   11.245   11.245
   11.386   11.386   14.319   14.319   15.503   15.503   16.383   16.383   16.595   16.595
   17.782   17.782
            0.258865  0.258865  0.000000
  -62.405  -62.405  -34.765  -34.765  -31.501  -31.501  -31.246  -31.246  -22.367  -22.367
  -22.322  -22.322   -7.827   -7.827   -7.369   -7.369   -6.317   -6.317   -6.039   -6.039
   -4.961   -4.961   -4.783   -4.783   -4.048   -4.048   -3.877   -3.877   -3.737   -3.737
   -3.549   -3.549    4.589    4.589    4.867    4.867    5.441    5.441    5.806    5.806
    6.250    6.250    6.923    6.923    8.404    8.404    8.546    8.546    8.663    8.663
    9.168    9.168    9.447    9.447    9.520    9.520   11.171   11.171   11.221   11.221
   11.363   11.363   14.301   14.301   15.443   15.443   16.367   16.367   16.589   16.589
   17.789   17.789
            0.255319  0.255319  0.000000
  -62.405  -62.405  -34.765  -34.765  -31.501  -31.501  -31.246  -31.246  -22.368  -22.368
  -22.322  -22.322   -7.840   -7.840   -7.373   -7.373   -6.318   -6.318   -6.038   -6.038
   -4.958   -4.958   -4.783   -4.783   -4.045   -4.045   -3.876   -3.876   -3.733   -3.733
   -3.548   -3.548    4.625    4.625    4.894    4.894    5.475    5.475    5.815    5.815
    6.265    6.265    6.924    6.924    8.389    8.389    8.539    8.539    8.668    8.668
    9.166    9.166    9.449    9.449    9.521    9.521   11.149   11.149   11.197   11.197
   11.340   11.340   14.284   14.284   15.384   15.384   16.351   16.351   16.581   16.581
   17.798   17.798
            0.251773  0.251773  0.000000
  -62.405  -62.405  -34.765  -34.765  -31.501  -31.501  -31.246  -31.246  -22.369  -22.369
  -22.323  -22.323   -7.853   -7.853   -7.376   -7.376   -6.319   -6.319   -6.038   -6.038
   -4.955   -4.955   -4.784   -4.784   -4.042   -4.042   -3.875   -3.875   -3.730   -3.730
   -3.547   -3.547    4.661    4.661    4.922    4.922    5.510    5.510    5.823    5.823
    6.279    6.279    6.925    6.925    8.373    8.373    8.531    8.531    8.672    8.672
    9.164    9.164    9.451    9.451    9.522    9.522   11.127   11.127   11.172   11.172
   11.318   11.318   14.266   14.266   15.325   15.325   16.335   16.335   16.572   16.572
   17.807   17.807
            0.248227  0.248227  0.000000
  -62.405  -62.405  -34.765  -34.765  -31.500  -31.500  -31.246  -31.246  -22.370  -22.370
  -22.323  -22.323   -7.866   -7.866   -7.380   -7.380   -6.320   -6.320   -6.037   -6.037
   -4.952   -4.952   -4.784   -4.784   -4.040   -4.040   -3.875   -3.875   -3.727   -3.727
   -3.547   -3.547    4.696    4.696    4.950    4.950    5.544    5.544    5.832    5.832
    6.294    6.294    6.926    6.926    8.358    8.358    8.524    8.524    8.678    8.678
    9.162    9.162    9.453    9.453    9.523    9.523   11.104   11.104   11.148   11.148
   11.296   11.296   14.248   14.248   15.265   15.265   16.318   16.318   16.561   16.561
   17.816   17.816
            0.244681  0.244681  0.000000
  -62.405  -62.405  -34.765  -34.765  -31.500  -31.500  -31.246  -31.246  -22.371  -22.371
  -22.323  -22.323   -7.879   -7.879   -7.384   -7.384   -6.320   -6.320   -6.036   -6.036
   -4.949   -4.949   -4.784   -4.784   -4.037   -4.037   -3.874   -3.874   -3.724   -3.724
   -3.546   -3.546    4.732    4.732    4.978    4.978    5.579    5.579    5.841    5.841
    6.310    6.310    6.927    6.927    8.343    8.343    8.517    8.517    8.684    8.684
    9.159    9.159    9.455    9.455    9.524    9.524   11.080   11.080   11.125   11.125
   11.274   11.274   14.230   14.230   15.205   15.205   16.300   16.300   16.548   16.548
   17.805   17.805
            0.241135  0.241135  0.000000
  -62.405  -62.405  -34.765  -34.765  -31.500  -31.500  -31.246  -31.246  -22.372  -22.372
  -22.323  -22.323   -7.892   -7.892   -7.388   -7.388   -6.321   -6.321   -6.035   -6.035
   -4.947   -4.947   -4.785   -4.785   -4.034   -4.034   -3.873   -3.873   -3.721   -3.721
   -3.546   -3.546    4.769    4.769    5.005    5.005    5.615    5.615    5.850    5.850
    6.325    6.325    6.929    6.929    8.329    8.329    8.510    8.510    8.690    8.690
    9.156    9.156    9.457    9.457    9.526    9.526   11.056   11.056   11.102   11.102
   11.252   11.252   14.212   14.212   15.144   15.144   16.283   16.283   16.533   16.533
   17.766   17.766
            0.237589  0.237589  0.000000
  -62.405  -62.405  -34.765  -34.765  -31.499  -31.499  -31.246  -31.246  -22.373  -22.373
  -22.323  -22.323   -7.905   -7.905   -7.392   -7.392   -6.321   -6.321   -6.034   -6.034
   -4.944   -4.944   -4.785   -4.785   -4.032   -4.032   -3.872   -3.872   -3.718   -3.718
   -3.546   -3.546    4.805    4.805    5.033    5.033    5.650    5.650    5.860    5.860
    6.341    6.341    6.930    6.930    8.314    8.314    8.503    8.503    8.697    8.697
    9.153    9.153    9.459    9.459    9.527    9.527   11.031   11.031   11.079   11.079
   11.231   11.231   14.194   14.194   15.084   15.084   16.265   16.265   16.517   16.517
   17.727   17.727
            0.234043  0.234043  0.000000
  -62.405  -62.405  -34.764  -34.764  -31.499  -31.499  -31.246  -31.246  -22.373  -22.373
  -22.323  -22.323   -7.918   -7.918   -7.396   -7.396   -6.321   -6.321   -6.033   -6.033
   -4.941   -4.941   -4.786   -4.786   -4.029   -4.029   -3.872   -3.872   -3.716   -3.716
   -3.546   -3.546    4.841    4.841    5.061    5.061    5.686    5.686    5.870    5.870
    6.356    6.356    6.932    6.932    8.300    8.300    8.496    8.496    8.705    8.705
    9.149    9.149    9.461    9.461    9.529    9.529   11.004   11.004   11.058   11.058
   11.210   11.210   14.175   14.175   15.023   15.023   16.246   16.246   16.499   16.499
   17.687   17.687
            0.230496  0.230496  0.000000
  -62.405  -62.405  -34.764  -34.764  -31.499  -31.499  -31.246  -31.246  -22.374  -22.374
  -22.323  -22.323   -7.931   -7.931   -7.399   -7.399   -6.320   -6.320   -6.031   -6.031
   -4.939   -4.939   -4.786   -4.786   -4.027   -4.027   -3.871   -3.871   -3.714   -3.714
   -3.547   -3.547    4.877    4.877    5.089    5.089    5.722    5.722    5.881    5.881
    6.372    6.372    6.934    6.934    8.286    8.286    8.488    8.488    8.713    8.713
    9.145    9.145    9.463    9.463    9.530    9.530   10.977   10.977   11.037   11.037
   11.190   11.190   14.157   14.157   14.962   14.962   16.228   16.228   16.481   16.481
   17.648   17.648
            0.226950  0.226950  0.000000
  -62.405  -62.405  -34.764  -34.764  -31.498  -31.498  -31.246  -31.246  -22.375  -22.375
  -22.323  -22.323   -7.943   -7.943   -7.403   -7.403   -6.320   -6.320   -6.029   -6.029
   -4.937   -4.937   -4.787   -4.787   -4.025   -4.025   -3.871   -3.871   -3.712   -3.712
   -3.547   -3.547    4.913    4.913    5.118    5.118    5.758    5.758    5.892    5.892
    6.389    6.389    6.937    6.937    8.273    8.273    8.481    8.481    8.722    8.722
    9.140    9.140    9.466    9.466    9.532    9.532   10.949   10.949   11.017   11.017
   11.170   11.170   14.138   14.138   14.901   14.901   16.209   16.209   16.460   16.460
   17.609   17.609
            0.223404  0.223404  0.000000
  -62.405  -62.405  -34.764  -34.764  -31.498  -31.498  -31.246  -31.246  -22.376  -22.376
  -22.324  -22.324   -7.956   -7.956   -7.407   -7.407   -6.319   -6.319   -6.027   -6.027
   -4.935   -4.935   -4.787   -4.787   -4.023   -4.023   -3.870   -3.870   -3.710   -3.710
   -3.548   -3.548    4.949    4.949    5.146    5.146    5.794    5.794    5.903    5.903
    6.405    6.405    6.939    6.939    8.260    8.260    8.474    8.474    8.731    8.731
    9.136    9.136    9.468    9.468    9.534    9.534   10.921   10.921   10.997   10.997
   11.151   11.151   14.119   14.119   14.840   14.840   16.189   16.189   16.439   16.439
   17.570   17.570
            0.219858  0.219858  0.000000
  -62.405  -62.405  -34.764  -34.764  -31.498  -31.498  -31.246  -31.246  -22.377  -22.377
  -22.324  -22.324   -7.968   -7.968   -7.410   -7.410   -6.318   -6.318   -6.025   -6.025
   -4.933   -4.933   -4.788   -4.788   -4.021   -4.021   -3.870   -3.870   -3.708   -3.708
   -3.549   -3.549    4.985    4.985    5.174    5.174    5.830    5.830    5.915    5.915
    6.422    6.422    6.942    6.942    8.247    8.247    8.466    8.466    8.741    8.741
    9.130    9.130    9.471    9.471    9.536    9.536   10.891   10.891   10.978   10.978
   11.132   11.132   14.100   14.100   14.779   14.779   16.170   16.170   16.417   16.417
   17.531   17.531
            0.216312  0.216312  0.000000
  -62.405  -62.405  -34.764  -34.764  -31.497  -31.497  -31.245  -31.245  -22.378  -22.378
  -22.324  -22.324   -7.981   -7.981   -7.414   -7.414   -6.317   -6.317   -6.022   -6.022
   -4.931   -4.931   -4.789   -4.789   -4.019   -4.019   -3.869   -3.869   -3.706   -3.706
   -3.550   -3.550    5.021    5.021    5.203    5.203    5.866    5.866    5.928    5.928
    6.439    6.439    6.945    6.945    8.235    8.235    8.459    8.459    8.752    8.752
    9.124    9.124    9.473    9.473    9.538    9.538   10.861   10.861   10.960   10.960
   11.113   11.113   14.082   14.082   14.718   14.718   16.150   16.150   16.393   16.393
   17.492   17.492
            0.212766  0.212766  0.000000
  -62.405  -62.405  -34.764  -34.764  -31.497  -31.497  -31.245  -31.245  -22.379  -22.379
  -22.324  -22.324   -7.993   -7.993   -7.418   -7.418   -6.316   -6.316   -6.019   -6.019
   -4.929   -4.929   -4.790   -4.790   -4.017   -4.017   -3.869   -3.869   -3.705   -3.705
   -3.551   -3.551    5.057    5.057    5.232    5.232    5.901    5.901    5.941    5.941
    6.456    6.456    6.949    6.949    8.223    8.223    8.452    8.452    8.763    8.763
    9.118    9.118    9.476    9.476    9.539    9.539   10.831   10.831   10.942   10.942
   11.095   11.095   14.063   14.063   14.656   14.656   16.129   16.129   16.369   16.369
   17.454   17.454
            0.209220  0.209220  0.000000
  -62.405  -62.405  -34.763  -34.763  -31.497  -31.497  -31.245  -31.245  -22.379  -22.379
  -22.324  -22.324   -8.005   -8.005   -7.421   -7.421   -6.314   -6.314   -6.017   -6.017
   -4.927   -4.927   -4.790   -4.790   -4.016   -4.016   -3.869   -3.869   -3.704   -3.704
   -3.553   -3.553    5.093    5.093    5.261    5.261    5.934    5.934    5.958    5.958
    6.473    6.473    6.953    6.953    8.211    8.211    8.445    8.445    8.774    8.774
    9.111    9.111    9.478    9.478    9.541    9.541   10.800   10.800   10.925   10.925
   11.077   11.077   14.043   14.043   14.595   14.595   16.109   16.109   16.344   16.344
   17.415   17.415
            0.205674  0.205674  0.000000
  -62.405  -62.405  -34.763  -34.763  -31.496  -31.496  -31.245  -31.245  -22.380  -22.380
  -22.324  -22.324   -8.017   -8.017   -7.425   -7.425   -6.313   -6.313   -6.013   -6.013
   -4.926   -4.926   -4.791   -4.791   -4.014   -4.014   -3.869   -3.869   -3.702   -3.702
   -3.555   -3.555    5.128    5.128    5.290    5.290    5.957    5.957    5.983    5.983
    6.491    6.491    6.957    6.957    8.200    8.200    8.437    8.437    8.786    8.786
    9.104    9.104    9.481    9.481    9.543    9.543   10.769   10.769   10.908   10.908
   11.059   11.059   14.024   14.024   14.534   14.534   16.088   16.088   16.318   16.318
   17.377   17.377
            0.202128  0.202128  0.000000
  -62.405  -62.405  -34.763  -34.763  -31.496  -31.496  -31.245  -31.245  -22.381  -22.381
  -22.324  -22.324   -8.029   -8.029   -7.429   -7.429   -6.311   -6.311   -6.010   -6.010
   -4.924   -4.924   -4.792   -4.792   -4.013   -4.013   -3.869   -3.869   -3.701   -3.701
   -3.557   -3.557    5.163    5.163    5.319    5.319    5.974    5.974    6.016    6.016
    6.509    6.509    6.962    6.962    8.189    8.189    8.430    8.430    8.799    8.799
    9.096    9.096    9.484    9.484    9.545    9.545   10.737   10.737   10.891   10.891
   11.042   11.042   14.005   14.005   14.472   14.472   16.068   16.068   16.291   16.291
   17.340   17.340
            0.198582  0.198582  0.000000
  -62.405  -62.405  -34.763  -34.763  -31.496  -31.496  -31.245  -31.245  -22.382  -22.382
  -22.325  -22.325   -8.041   -8.041   -7.432   -7.432   -6.309   -6.309   -6.007   -6.007
   -4.923   -4.923   -4.793   -4.793   -4.012   -4.012   -3.869   -3.869   -3.701   -3.701
   -3.559   -3.559    5.198    5.198    5.349    5.349    5.988    5.988    6.050    6.050
    6.527    6.527    6.967    6.967    8.179    8.179    8.422    8.422    8.812    8.812
    9.088    9.088    9.487    9.487    9.547    9.547   10.705   10.705   10.875   10.875
   11.026   11.026   13.986   13.986   14.411   14.411   16.047   16.047   16.264   16.264
   17.302   17.302
            0.195035  0.195035  0.000000
  -62.405  -62.405  -34.763  -34.763  -31.495  -31.495  -31.245  -31.245  -22.383  -22.383
  -22.325  -22.325   -8.053   -8.053   -7.436   -7.436   -6.306   -6.306   -6.003   -6.003
   -4.921   -4.921   -4.794   -4.794   -4.011   -4.011   -3.869   -3.869   -3.700   -3.700
   -3.561   -3.561    5.233    5.233    5.379    5.379    6.003    6.003    6.085    6.085
    6.545    6.545    6.973    6.973    8.169    8.169    8.415    8.415    8.826    8.826
    9.079    9.079    9.490    9.490    9.549    9.549   10.673   10.673   10.860   10.860
   11.009   11.009   13.967   13.967   14.350   14.350   16.025   16.025   16.236   16.236
   17.265   17.265
            0.191489  0.191489  0.000000
  -62.405  -62.405  -34.763  -34.763  -31.495  -31.495  -31.245  -31.245  -22.384  -22.384
  -22.325  -22.325   -8.064   -8.064   -7.439   -7.439   -6.304   -6.304   -5.999   -5.999
   -4.920   -4.920   -4.795   -4.795   -4.010   -4.010   -3.869   -3.869   -3.699   -3.699
   -3.563   -3.563    5.267    5.267    5.409    5.409    6.017    6.017    6.120    6.120
    6.563    6.563    6.979    6.979    8.159    8.159    8.407    8.407    8.840    8.840
    9.069    9.069    9.493    9.493    9.551    9.551   10.640   10.640   10.845   10.845
   10.993   10.993   13.948   13.948   14.288   14.288   16.004   16.004   16.207   16.207
   17.229   17.229
            0.187943  0.187943  0.000000
  -62.405  -62.405  -34.763  -34.763  -31.495  -31.495  -31.245  -31.245  -22.384  -22.384
  -22.325  -22.325   -8.076   -8.076   -7.443   -7.443   -6.301   -6.301   -5.995   -5.995
   -4.919   -4.919   -4.796   -4.796   -4.009   -4.009   -3.869   -3.869   -3.699   -3.699
   -3.566   -3.566    5.300    5.300    5.439    5.439    6.032    6.032    6.154    6.154
    6.582    6.582    6.986    6.986    8.151    8.151    8.400    8.400    8.855    8.855
    9.059    9.059    9.496    9.496    9.553    9.553   10.607   10.607   10.831   10.831
   10.978   10.978   13.928   13.928   14.227   14.227   15.983   15.983   16.178   16.178
   17.192   17.192
            0.184397  0.184397  0.000000
  -62.405  -62.405  -34.762  -34.762  -31.494  -31.494  -31.245  -31.245  -22.385  -22.385
  -22.325  -22.325   -8.087   -8.087   -7.446   -7.446   -6.299   -6.299   -5.991   -5.991
   -4.918   -4.918   -4.797   -4.797   -4.008   -4.008   -3.869   -3.869   -3.699   -3.699
   -3.569   -3.569    5.334    5.334    5.469    5.469    6.047    6.047    6.188    6.188
    6.601    6.601    6.993    6.993    8.142    8.142    8.392    8.392    8.870    8.870
    9.048    9.048    9.499    9.499    9.555    9.555   10.574   10.574   10.817   10.817
   10.963   10.963   13.909   13.909   14.166   14.166   15.961   15.961   16.149   16.149
   17.156   17.156
            0.180851  0.180851  0.000000
  -62.405  -62.405  -34.762  -34.762  -31.494  -31.494  -31.245  -31.245  -22.386  -22.386
  -22.325  -22.325   -8.098   -8.098   -7.450   -7.450   -6.296   -6.296   -5.987   -5.987
   -4.918   -4.918   -4.798   -4.798   -4.007   -4.007   -3.869   -3.869   -3.698   -3.698
   -3.571   -3.571    5.366    5.366    5.500    5.500    6.062    6.062    6.221    6.221
    6.620    6.620    7.002    7.002    8.134    8.134    8.385    8.385    8.885    8.885
    9.037    9.037    9.502    9.502    9.557    9.557   10.541   10.541   10.804   10.804
   10.949   10.949   13.890   13.890   14.105   14.105   15.940   15.940   16.119   16.119
   17.121   17.121
            0.177305  0.177305  0.000000
  -62.405  -62.405  -34.762  -34.762  -31.494  -31.494  -31.245  -31.245  -22.387  -22.387
  -22.325  -22.325   -8.109   -8.109   -7.453   -7.453   -6.293   -6.293   -5.982   -5.982
   -4.917   -4.917   -4.800   -4.800   -4.007   -4.007   -3.870   -3.870   -3.698   -3.698
   -3.574   -3.574    5.399    5.399    5.530    5.530    6.077    6.077    6.253    6.253
    6.639    6.639    7.011    7.011    8.127    8.127    8.377    8.377    8.902    8.902
    9.025    9.025    9.505    9.505    9.558    9.558   10.507   10.507   10.791   10.791
   10.935   10.935   13.871   13.871   14.044   14.044   15.918   15.918   16.088   16.088
   17.086   17.086
            0.173759  0.173759  0.000000
  -62.405  -62.405  -34.762  -34.762  -31.493  -31.493  -31.245  -31.245  -22.388  -22.388
  -22.326  -22.326   -8.120   -8.120   -7.456   -7.456   -6.289   -6.289   -5.977   -5.977
   -4.917   -4.917   -4.801   -4.801   -4.006   -4.006   -3.870   -3.870   -3.698   -3.698
   -3.577   -3.577    5.431    5.431    5.561    5.561    6.093    6.093    6.284    6.284
    6.659    6.659    7.021    7.021    8.120    8.120    8.370    8.370    8.918    8.918
    9.013    9.013    9.508    9.508    9.560    9.560   10.473   10.473   10.779   10.779
   10.921   10.921   13.851   13.851   13.984   13.984   15.896   15.896   16.057   16.057
   17.051   17.051
            0.170213  0.170213  0.000000
  -62.405  -62.405  -34.762  -34.762  -31.493  -31.493  -31.245  -31.245  -22.388  -22.388
  -22.326  -22.326   -8.131   -8.131   -7.459   -7.459   -6.286   -6.286   -5.973   -5.973
   -4.916   -4.916   -4.802   -4.802   -4.006   -4.006   -3.871   -3.871   -3.698   -3.698
   -3.580   -3.580    5.462    5.462    5.592    5.592    6.109    6.109    6.315    6.315
    6.679    6.679    7.032    7.032    8.114    8.114    8.362    8.362    8.935    8.935
    9.000    9.000    9.511    9.511    9.562    9.562   10.439   10.439   10.767   10.767
   10.908   10.908   13.832   13.832   13.923   13.923   15.875   15.875   16.026   16.026
   17.017   17.017
            0.166667  0.166667  0.000000
  -62.405  -62.405  -34.762  -34.762  -31.493  -31.493  -31.245  -31.245  -22.389  -22.389
  -22.326  -22.326   -8.141   -8.141   -7.463   -7.463   -6.282   -6.282   -5.968   -5.968
   -4.916   -4.916   -4.803   -4.803   -4.006   -4.006   -3.871   -3.871   -3.698   -3.698
   -3.584   -3.584    5.493    5.493    5.623    5.623    6.125    6.125    6.345    6.345
    6.699    6.699    7.045    7.045    8.109    8.109    8.354    8.354    8.952    8.952
    8.986    8.986    9.514    9.514    9.563    9.563   10.404   10.404   10.756   10.756
   10.895   10.895   13.812   13.812   13.864   13.864   15.853   15.853   15.995   15.995
   16.983   16.983
            0.163121  0.163121  0.000000
  -62.405  -62.405  -34.762  -34.762  -31.493  -31.493  -31.244  -31.244  -22.390  -22.390
  -22.326  -22.326   -8.152   -8.152   -7.466   -7.466   -6.279   -6.279   -5.963   -5.963
   -4.916   -4.916   -4.805   -4.805   -4.005   -4.005   -3.872   -3.872   -3.698   -3.698
   -3.587   -3.587    5.523    5.523    5.654    5.654    6.141    6.141    6.373    6.373
    6.719    6.719    7.058    7.058    8.104    8.104    8.347    8.347    8.969    8.969
    8.973    8.973    9.518    9.518    9.565    9.565   10.370   10.370   10.745   10.745
   10.883   10.883   13.790   13.790   13.807   13.807   15.831   15.831   15.963   15.963
   16.950   16.950
            0.159574  0.159574  0.000000
  -62.405  -62.405  -34.762  -34.762  -31.492  -31.492  -31.244  -31.244  -22.391  -22.391
  -22.326  -22.326   -8.162   -8.162   -7.469   -7.469   -6.275   -6.275   -5.957   -5.957
   -4.916   -4.916   -4.806   -4.806   -4.005   -4.005   -3.873   -3.873   -3.699   -3.699
   -3.590   -3.590    5.553    5.553    5.685    5.685    6.158    6.158    6.400    6.400
    6.739    6.739    7.073    7.073    8.099    8.099    8.339    8.339    8.957    8.957
    8.988    8.988    9.521    9.521    9.566    9.566   10.335   10.335   10.735   10.735
   10.871   10.871   13.741   13.741   13.777   13.777   15.810   15.810   15.932   15.932
   16.917   16.917
            0.156028  0.156028  0.000000
  -62.405  -62.405  -34.761  -34.761  -31.492  -31.492  -31.244  -31.244  -22.391  -22.391
  -22.326  -22.326   -8.172   -8.172   -7.472   -7.472   -6.271   -6.271   -5.952   -5.952
   -4.916   -4.916   -4.808   -4.808   -4.005   -4.005   -3.874   -3.874   -3.699   -3.699
   -3.594   -3.594    5.583    5.583    5.716    5.716    6.175    6.175    6.426    6.426
    6.760    6.760    7.089    7.089    8.096    8.096    8.331    8.331    8.942    8.942
    9.007    9.007    9.524    9.524    9.568    9.568   10.300   10.300   10.725   10.725
   10.860   10.860   13.682   13.682   13.758   13.758   15.788   15.788   15.900   15.900
   16.884   16.884
            0.152482  0.152482  0.000000
  -62.405  -62.405  -34.761  -34.761  -31.492  -31.492  -31.244  -31.244  -22.392  -22.392
  -22.326  -22.326   -8.182   -8.182   -7.475   -7.475   -6.267   -6.267   -5.947   -5.947
   -4.916   -4.916   -4.809   -4.809   -4.006   -4.006   -3.875   -3.875   -3.699   -3.699
   -3.597   -3.597    5.612    5.612    5.747    5.747    6.192    6.192    6.451    6.451
    6.781    6.781    7.106    7.106    8.093    8.093    8.323    8.323    8.926    8.926
    9.025    9.025    9.527    9.527    9.569    9.569   10.265   10.265   10.716   10.716
   10.849   10.849   13.623   13.623   13.739   13.739   15.767   15.767   15.867   15.867
   16.853   16.853
            0.148936  0.148936  0.000000
  -62.405  -62.405  -34.761  -34.761  -31.491  -31.491  -31.244  -31.244  -22.393  -22.393
  -22.326  -22.326   -8.192   -8.192   -7.478   -7.478   -6.263   -6.263   -5.941   -5.941
   -4.916   -4.916   -4.811   -4.811   -4.006   -4.006   -3.876   -3.876   -3.700   -3.700
   -3.601   -3.601    5.640    5.640    5.777    5.777    6.209    6.209    6.474    6.474
    6.802    6.802    7.125    7.125    8.091    8.091    8.315    8.315    8.909    8.909
    9.044    9.044    9.530    9.530    9.571    9.571   10.230   10.230   10.708   10.708
   10.839   10.839   13.565   13.565   13.720   13.720   15.746   15.746   15.835   15.835
   16.821   16.821
            0.145390  0.145390  0.000000
  -62.405  -62.405  -34.761  -34.761  -31.491  -31.491  -31.244  -31.244  -22.394  -22.394
  -22.327  -22.327   -8.201   -8.201   -7.481   -7.481   -6.259   -6.259   -5.935   -5.935
   -4.917   -4.917   -4.813   -4.813   -4.006   -4.006   -3.877   -3.877   -3.700   -3.700
   -3.604   -3.604    5.668    5.668    5.807    5.807    6.226    6.226    6.496    6.496
    6.823    6.823    7.145    7.145    8.089    8.089    8.307    8.307    8.892    8.892
    9.064    9.064    9.533    9.533    9.572    9.572   10.194   10.194   10.700   10.700
   10.829   10.829   13.506   13.506   13.701   13.701   15.725   15.725   15.803   15.803
   16.791   16.791
            0.141844  0.141844  0.000000
  -62.405  -62.405  -34.761  -34.761  -31.491  -31.491  -31.244  -31.244  -22.394  -22.394
  -22.327  -22.327   -8.211   -8.211   -7.484   -7.484   -6.254   -6.254   -5.929   -5.929
   -4.917   -4.917   -4.814   -4.814   -4.007   -4.007   -3.878   -3.878   -3.700   -3.700
   -3.608   -3.608    5.696    5.696    5.837    5.837    6.243    6.243    6.516    6.516
    6.844    6.844    7.167    7.167    8.088    8.088    8.299    8.299    8.874    8.874
    9.083    9.083    9.536    9.536    9.573    9.573   10.158   10.158   10.692   10.692
   10.819   10.819   13.448   13.448   13.683   13.683   15.704   15.704   15.770   15.770
   16.760   16.760
            0.138298  0.138298  0.000000
  -62.405  -62.405  -34.761  -34.761  -31.491  -31.491  -31.244  -31.244  -22.395  -22.395
  -22.327  -22.327   -8.220   -8.220   -7.487   -7.487   -6.250   -6.250   -5.924   -5.924
   -4.918   -4.918   -4.816   -4.816   -4.007   -4.007   -3.879   -3.879   -3.701   -3.701
   -3.611   -3.611    5.723    5.723    5.867    5.867    6.261    6.261    6.535    6.535
    6.865    6.865    7.190    7.190    8.088    8.088    8.291    8.291    8.856    8.856
    9.103    9.103    9.539    9.539    9.575    9.575   10.123   10.123   10.685   10.685
   10.810   10.810   13.390   13.390   13.665   13.665   15.683   15.683   15.738   15.738
   16.731   16.731
            0.134752  0.134752  0.000000
  -62.405  -62.405  -34.761  -34.761  -31.490  -31.490  -31.244  -31.244  -22.396  -22.396
  -22.327  -22.327   -8.229   -8.229   -7.489   -7.489   -6.245   -6.245   -5.918   -5.918
   -4.919   -4.919   -4.818   -4.818   -4.008   -4.008   -3.881   -3.881   -3.701   -3.701
   -3.615   -3.615    5.750    5.750    5.896    5.896    6.278    6.278    6.553    6.553
    6.886    6.886    7.215    7.215    8.088    8.088    8.283    8.283    8.837    8.837
    9.123    9.123    9.542    9.542    9.576    9.576   10.087   10.087   10.679   10.679
   10.802   10.802   13.333   13.333   13.646   13.646   15.663   15.663   15.706   15.706
   16.702   16.702
            0.131206  0.131206  0.000000
  -62.405  -62.405  -34.761  -34.761  -31.490  -31.490  -31.244  -31.244  -22.396  -22.396
  -22.327  -22.327   -8.238   -8.238   -7.492   -7.492   -6.241   -6.241   -5.912   -5.912
   -4.920   -4.920   -4.820   -4.820   -4.009   -4.009   -3.882   -3.882   -3.701   -3.701
   -3.619   -3.619    5.776    5.776    5.924    5.924    6.296    6.296    6.569    6.569
    6.908    6.908    7.241    7.241    8.090    8.090    8.274    8.274    8.818    8.818
    9.143    9.143    9.544    9.544    9.578    9.578   10.051   10.051   10.672   10.672
   10.794   10.794   13.277   13.277   13.629   13.629   15.643   15.643   15.673   15.673
   16.673   16.673
            0.127660  0.127660  0.000000
  -62.405  -62.405  -34.761  -34.761  -31.490  -31.490  -31.244  -31.244  -22.397  -22.397
  -22.327  -22.327   -8.246   -8.246   -7.495   -7.495   -6.236   -6.236   -5.905   -5.905
   -4.921   -4.921   -4.822   -4.822   -4.010   -4.010   -3.883   -3.883   -3.702   -3.702
   -3.622   -3.622    5.802    5.802    5.952    5.952    6.314    6.314    6.584    6.584
    6.930    6.930    7.268    7.268    8.092    8.092    8.266    8.266    8.798    8.798
    9.163    9.163    9.546    9.546    9.580    9.580   10.015   10.015   10.667   10.667
   10.786   10.786   13.220   13.220   13.611   13.611   15.623   15.623   15.641   15.641
   16.645   16.645
            0.124113  0.124113  0.000000
  -62.405  -62.405  -34.760  -34.760  -31.490  -31.490  -31.244  -31.244  -22.398  -22.398
  -22.327  -22.327   -8.255   -8.255   -7.497   -7.497   -6.231   -6.231   -5.899   -5.899
   -4.922   -4.922   -4.824   -4.824   -4.011   -4.011   -3.885   -3.885   -3.702   -3.702
   -3.626   -3.626    5.828    5.828    5.980    5.980    6.331    6.331    6.598    6.598
    6.951    6.951    7.296    7.296    8.094    8.094    8.258    8.258    8.778    8.778
    9.183    9.183    9.548    9.548    9.582    9.582    9.979    9.979   10.661   10.661
   10.779   10.779   13.165   13.165   13.593   13.593   15.602   15.602   15.610   15.610
   16.618   16.618
            0.120567  0.120567  0.000000
  -62.405  -62.405  -34.760  -34.760  -31.489  -31.489  -31.244  -31.244  -22.398  -22.398
  -22.327  -22.327   -8.263   -8.263   -7.500   -7.500   -6.227   -6.227   -5.893   -5.893
   -4.923   -4.923   -4.826   -4.826   -4.012   -4.012   -3.887   -3.887   -3.703   -3.703
   -3.629   -3.629    5.853    5.853    6.007    6.007    6.349    6.349    6.610    6.610
    6.973    6.973    7.325    7.325    8.098    8.098    8.250    8.250    8.757    8.757
    9.203    9.203    9.550    9.550    9.584    9.584    9.943    9.943   10.656   10.656
   10.772   10.772   13.110   13.110   13.576   13.576   15.577   15.577   15.584   15.584
   16.592   16.592
            0.117021  0.117021  0.000000
  -62.405  -62.405  -34.760  -34.760  -31.489  -31.489  -31.244  -31.244  -22.399  -22.399
  -22.327  -22.327   -8.271   -8.271   -7.502   -7.502   -6.222   -6.222   -5.887   -5.887
   -4.924   -4.924   -4.828   -4.828   -4.013   -4.013   -3.888   -3.888   -3.703   -3.703
   -3.633   -3.633    5.877    5.877    6.033    6.033    6.367    6.367    6.622    6.622
    6.995    6.995    7.356    7.356    8.102    8.102    8.241    8.241    8.736    8.736
    9.223    9.223    9.551    9.551    9.586    9.586    9.907    9.907   10.652   10.652
   10.766   10.766   13.055   13.055   13.559   13.559   15.545   15.545   15.565   15.565
   16.566   16.566
            0.113475  0.113475  0.000000
  -62.405  -62.405  -34.760  -34.760  -31.489  -31.489  -31.244  -31.244  -22.399  -22.399
  -22.328  -22.328   -8.279   -8.279   -7.505   -7.505   -6.217   -6.217   -5.881   -5.881
   -4.925   -4.925   -4.830   -4.830   -4.014   -4.014   -3.890   -3.890   -3.703   -3.703
   -3.636   -3.636    5.901    5.901    6.058    6.058    6.384    6.384    6.632    6.632
    7.017    7.017    7.387    7.387    8.106    8.106    8.233    8.233    8.715    8.715
    9.243    9.243    9.552    9.552    9.589    9.589    9.871    9.871   10.648   10.648
   10.760   10.760   13.002   13.002   13.543   13.543   15.514   15.514   15.546   15.546
   16.540   16.540
            0.109929  0.109929  0.000000
  -62.405  -62.405  -34.760  -34.760  -31.489  -31.489  -31.244  -31.244  -22.400  -22.400
  -22.328  -22.328   -8.286   -8.286   -7.507   -7.507   -6.212   -6.212   -5.874   -5.874
   -4.926   -4.926   -4.832   -4.832   -4.015   -4.015   -3.892   -3.892   -3.704   -3.704
   -3.639   -3.639    5.925    5.925    6.083    6.083    6.402    6.402    6.642    6.642
    7.040    7.040    7.419    7.419    8.112    8.112    8.224    8.224    8.693    8.693
    9.263    9.263    9.553    9.553    9.592    9.592    9.834    9.834   10.644   10.644
   10.755   10.755   12.949   12.949   13.526   13.526   15.483   15.483   15.528   15.528
   16.516   16.516
            0.106383  0.106383  0.000000
  -62.405  -62.405  -34.760  -34.760  -31.488  -31.488  -31.244  -31.244  -22.401  -22.401
  -22.328  -22.328   -8.293   -8.293   -7.509   -7.509   -6.208   -6.208   -5.868   -5.868
   -4.928   -4.928   -4.834   -4.834   -4.016   -4.016   -3.894   -3.894   -3.704   -3.704
   -3.643   -3.643    5.948    5.948    6.107    6.107    6.420    6.420    6.651    6.651
    7.062    7.062    7.452    7.452    8.118    8.118    8.216    8.216    8.671    8.671
    9.283    9.283    9.553    9.553    9.595    9.595    9.798    9.798   10.640   10.640
   10.750   10.750   12.897   12.897   13.510   13.510   15.453   15.453   15.510   15.510
   16.492   16.492
            0.102837  0.102837  0.000000
  -62.405  -62.405  -34.760  -34.760  -31.488  -31.488  -31.244  -31.244  -22.401  -22.401
  -22.328  -22.328   -8.301   -8.301   -7.512   -7.512   -6.203   -6.203   -5.862   -5.862
   -4.929   -4.929   -4.837   -4.837   -4.018   -4.018   -3.895   -3.895   -3.704   -3.704
   -3.646   -3.646    5.971    5.971    6.130    6.130    6.437    6.437    6.659    6.659
    7.085    7.085    7.485    7.485    8.124    8.124    8.208    8.208    8.648    8.648
    9.303    9.303    9.554    9.554    9.598    9.598    9.762    9.762   10.637   10.637
   10.745   10.745   12.845   12.845   13.494   13.494   15.422   15.422   15.492   15.492
   16.469   16.469
            0.099291  0.099291  0.000000
  -62.405  -62.405  -34.760  -34.760  -31.488  -31.488  -31.243  -31.243  -22.402  -22.402
  -22.328  -22.328   -8.308   -8.308   -7.514   -7.514   -6.198   -6.198   -5.856   -5.856
   -4.930   -4.930   -4.839   -4.839   -4.019   -4.019   -3.897   -3.897   -3.705   -3.705
   -3.649   -3.649    5.993    5.993    6.153    6.153    6.454    6.454    6.666    6.666
    7.108    7.108    7.519    7.519    8.132    8.132    8.199    8.199    8.625    8.625
    9.322    9.322    9.554    9.554    9.601    9.601    9.727    9.727   10.634   10.634
   10.741   10.741   12.795   12.795   13.479   13.479   15.392   15.392   15.475   15.475
   16.446   16.446
            0.095745  0.095745  0.000000
  -62.405  -62.405  -34.760  -34.760  -31.488  -31.488  -31.243  -31.243  -22.402  -22.402
  -22.328  -22.328   -8.314   -8.314   -7.516   -7.516   -6.194   -6.194   -5.850   -5.850
   -4.932   -4.932   -4.841   -4.841   -4.021   -4.021   -3.899   -3.899   -3.705   -3.705
   -3.652   -3.652    6.014    6.014    6.175    6.175    6.471    6.471    6.673    6.673
    7.130    7.130    7.553    7.553    8.139    8.139    8.191    8.191    8.602    8.602
    9.340    9.340    9.554    9.554    9.605    9.605    9.691    9.691   10.632   10.632
   10.737   10.737   12.745   12.745   13.464   13.464   15.363   15.363   15.458   15.458
   16.424   16.424
            0.092199  0.092199  0.000000
  -62.405  -62.405  -34.760  -34.760  -31.488  -31.488  -31.243  -31.243  -22.403  -22.403
  -22.328  -22.328   -8.321   -8.321   -7.518   -7.518   -6.189   -6.189   -5.843   -5.843
   -4.933   -4.933   -4.844   -4.844   -4.022   -4.022   -3.901   -3.901   -3.705   -3.705
   -3.655   -3.655    6.035    6.035    6.196    6.196    6.488    6.488    6.679    6.679
    7.153    7.153    7.587    7.587    8.147    8.147    8.183    8.183    8.579    8.579
    9.358    9.358    9.554    9.554    9.608    9.608    9.657    9.657   10.630   10.630
   10.733   10.733   12.696   12.696   13.449   13.449   15.334   15.334   15.442   15.442
   16.403   16.403
            0.088652  0.088652  0.000000
  -62.405  -62.405  -34.760  -34.760  -31.487  -31.487  -31.243  -31.243  -22.403  -22.403
  -22.328  -22.328   -8.327   -8.327   -7.520   -7.520   -6.184   -6.184   -5.837   -5.837
   -4.935   -4.935   -4.846   -4.846   -4.023   -4.023   -3.903   -3.903   -3.705   -3.705
   -3.658   -3.658    6.055    6.055    6.216    6.216    6.505    6.505    6.685    6.685
    7.177    7.177    7.622    7.622    8.155    8.155    8.175    8.175    8.555    8.555
    9.375    9.375    9.553    9.553    9.607    9.607    9.627    9.627   10.627   10.627
   10.730   10.730   12.649   12.649   13.434   13.434   15.306   15.306   15.426   15.426
   16.382   16.382
            0.085106  0.085106  0.000000
  -62.405  -62.405  -34.760  -34.760  -31.487  -31.487  -31.243  -31.243  -22.404  -22.404
  -22.328  -22.328   -8.333   -8.333   -7.522   -7.522   -6.180   -6.180   -5.831   -5.831
   -4.936   -4.936   -4.849   -4.849   -4.025   -4.025   -3.905   -3.905   -3.706   -3.706
   -3.661   -3.661    6.075    6.075    6.235    6.235    6.521    6.521    6.690    6.690
    7.200    7.200    7.657    7.657    8.160    8.160    8.172    8.172    8.531    8.531
    9.390    9.390    9.553    9.553    9.585    9.585    9.620    9.620   10.626   10.626
   10.727   10.727   12.602   12.602   13.420   13.420   15.278   15.278   15.411   15.411
   16.363   16.363
            0.081560  0.081560  0.000000
  -62.405  -62.405  -34.759  -34.759  -31.487  -31.487  -31.243  -31.243  -22.404  -22.404
  -22.328  -22.328   -8.339   -8.339   -7.523   -7.523   -6.175   -6.175   -5.825   -5.825
   -4.938   -4.938   -4.851   -4.851   -4.026   -4.026   -3.907   -3.907   -3.706   -3.706
   -3.663   -3.663    6.094    6.094    6.254    6.254    6.537    6.537    6.694    6.694
    7.223    7.223    7.692    7.692    8.155    8.155    8.178    8.178    8.507    8.507
    9.403    9.403    9.553    9.553    9.556    9.556    9.622    9.622   10.624   10.624
   10.725   10.725   12.557   12.557   13.407   13.407   15.251   15.251   15.396   15.396
   16.344   16.344
            0.078014  0.078014  0.000000
  -62.405  -62.405  -34.759  -34.759  -31.487  -31.487  -31.243  -31.243  -22.405  -22.405
  -22.328  -22.328   -8.344   -8.344   -7.525   -7.525   -6.171   -6.171   -5.820   -5.820
   -4.939   -4.939   -4.853   -4.853   -4.028   -4.028   -3.909   -3.909   -3.706   -3.706
   -3.666   -3.666    6.112    6.112    6.272    6.272    6.553    6.553    6.699    6.699
    7.247    7.247    7.728    7.728    8.148    8.148    8.187    8.187    8.483    8.483
    9.410    9.410    9.530    9.530    9.553    9.553    9.625    9.625   10.622   10.622
   10.722   10.722   12.513   12.513   13.393   13.393   15.225   15.225   15.382   15.382
   16.325   16.325
            0.074468  0.074468  0.000000
  -62.405  -62.405  -34.759  -34.759  -31.487  -31.487  -31.243  -31.243  -22.405  -22.405
  -22.328  -22.328   -8.350   -8.350   -7.527   -7.527   -6.167   -6.167   -5.814   -5.814
   -4.941   -4.941   -4.856   -4.856   -4.029   -4.029   -3.911   -3.911   -3.706   -3.706
   -3.669   -3.669    6.129    6.129    6.289    6.289    6.568    6.568    6.703    6.703
    7.270    7.270    7.763    7.763    8.140    8.140    8.197    8.197    8.459    8.459
    9.407    9.407    9.514    9.514    9.553    9.553    9.629    9.629   10.621   10.621
   10.720   10.720   12.470   12.470   13.381   13.381   15.200   15.200   15.368   15.368
   16.308   16.308
            0.070922  0.070922  0.000000
  -62.405  -62.405  -34.759  -34.759  -31.487  -31.487  -31.243  -31.243  -22.405  -22.405
  -22.328  -22.328   -8.355   -8.355   -7.528   -7.528   -6.162   -6.162   -5.809   -5.809
   -4.942   -4.942   -4.858   -4.858   -4.031   -4.031   -3.913   -3.913   -3.706   -3.706
   -3.671   -3.671    6.146    6.146    6.305    6.305    6.583    6.583    6.706    6.706
    7.294    7.294    7.798    7.798    8.132    8.132    8.207    8.207    8.434    8.434
    9.391    9.391    9.509    9.509    9.553    9.553    9.633    9.633   10.620   10.620
   10.718   10.718   12.428   12.428   13.368   13.368   15.175   15.175   15.355   15.355
   16.291   16.291
            0.067376  0.067376  0.000000
  -62.405  -62.405  -34.759  -34.759  -31.486  -31.486  -31.243  -31.243  -22.406  -22.406
  -22.329  -22.329   -8.360   -8.360   -7.530   -7.530   -6.158   -6.158   -5.803   -5.803
   -4.944   -4.944   -4.861   -4.861   -4.032   -4.032   -3.915   -3.915   -3.706   -3.706
   -3.673   -3.673    6.162    6.162    6.320    6.320    6.598    6.598    6.709    6.709
    7.317    7.317    7.833    7.833    8.125    8.125    8.218    8.218    8.410    8.410
    9.366    9.366    9.512    9.512    9.555    9.555    9.637    9.637   10.619   10.619
   10.717   10.717   12.388   12.388   13.357   13.357   15.151   15.151   15.342   15.342
   16.275   16.275
            0.063830  0.063830  0.000000
  -62.405  -62.405  -34.759  -34.759  -31.486  -31.486  -31.243  -31.243  -22.406  -22.406
  -22.329  -22.329   -8.364   -8.364   -7.531   -7.531   -6.154   -6.154   -5.798   -5.798
   -4.945   -4.945   -4.863   -4.863   -4.034   -4.034   -3.916   -3.916   -3.706   -3.706
   -3.675   -3.675    6.178    6.178    6.335    6.335    6.612    6.612    6.712    6.712
    7.341    7.341    7.868    7.868    8.117    8.117    8.228    8.228    8.386    8.386
    9.336    9.336    9.519    9.519    9.558    9.558    9.641    9.641   10.618   10.618
   10.715   10.715   12.349   12.349   13.345   13.345   15.128   15.128   15.330   15.330
   16.260   16.260
            0.060284  0.060284  0.000000
  -62.405  -62.405  -34.759  -34.759  -31.486  -31.486  -31.243  -31.243  -22.406  -22.406
  -22.329  -22.329   -8.369   -8.369   -7.533   -7.533   -6.151   -6.151   -5.793   -5.793
   -4.947   -4.947   -4.866   -4.866   -4.035   -4.035   -3.918   -3.918   -3.706   -3.706
   -3.678   -3.678    6.192    6.192    6.349    6.349    6.625    6.625    6.715    6.715
    7.365    7.365    7.903    7.903    8.110    8.110    8.239    8.239    8.362    8.362
    9.304    9.304    9.525    9.525    9.563    9.563    9.645    9.645   10.618   10.618
   10.714   10.714   12.312   12.312   13.335   13.335   15.106   15.106   15.318   15.318
   16.246   16.246
            0.056738  0.056738  0.000000
  -62.405  -62.405  -34.759  -34.759  -31.486  -31.486  -31.243  -31.243  -22.407  -22.407
  -22.329  -22.329   -8.373   -8.373   -7.534   -7.534   -6.147   -6.147   -5.788   -5.788
   -4.948   -4.948   -4.868   -4.868   -4.036   -4.036   -3.920   -3.920   -3.706   -3.706
   -3.680   -3.680    6.206    6.206    6.362    6.362    6.638    6.638    6.718    6.718
    7.388    7.388    7.937    7.937    8.103    8.103    8.249    8.249    8.338    8.338
    9.271    9.271    9.529    9.529    9.570    9.570    9.648    9.648   10.617   10.617
   10.713   10.713   12.276   12.276   13.324   13.324   15.085   15.085   15.307   15.307
   16.232   16.232
            0.053191  0.053191  0.000000
  -62.405  -62.405  -34.759  -34.759  -31.486  -31.486  -31.243  -31.243  -22.407  -22.407
  -22.329  -22.329   -8.377   -8.377   -7.535   -7.535   -6.144   -6.144   -5.783   -5.783
   -4.949   -4.949   -4.870   -4.870   -4.038   -4.038   -3.921   -3.921   -3.706   -3.706
   -3.681   -3.681    6.219    6.219    6.374    6.374    6.651    6.651    6.720    6.720
    7.412    7.412    7.971    7.971    8.097    8.097    8.259    8.259    8.315    8.315
    9.237    9.237    9.531    9.531    9.580    9.580    9.652    9.652   10.617   10.617
   10.712   10.712   12.242   12.242   13.314   13.314   15.065   15.065   15.297   15.297
   16.219   16.219
            0.049645  0.049645  0.000000
  -62.405  -62.405  -34.759  -34.759  -31.486  -31.486  -31.243  -31.243  -22.407  -22.407
  -22.329  -22.329   -8.380   -8.380   -7.536   -7.536   -6.140   -6.140   -5.779   -5.779
   -4.951   -4.951   -4.872   -4.872   -4.039   -4.039   -3.923   -3.923   -3.706   -3.706
   -3.683   -3.683    6.231    6.231    6.386    6.386    6.663    6.663    6.722    6.722
    7.435    7.435    8.003    8.003    8.092    8.092    8.268    8.268    8.293    8.293
    9.204    9.204    9.532    9.532    9.590    9.590    9.656    9.656   10.616   10.616
   10.711   10.711   12.210   12.210   13.305   13.305   15.046   15.046   15.287   15.287
   16.207   16.207
            0.046099  0.046099  0.000000
  -62.405  -62.405  -34.759  -34.759  -31.486  -31.486  -31.243  -31.243  -22.408  -22.408
  -22.329  -22.329   -8.384   -8.384   -7.537   -7.537   -6.137   -6.137   -5.775   -5.775
   -4.952   -4.952   -4.875   -4.875   -4.040   -4.040   -3.924   -3.924   -3.706   -3.706
   -3.685   -3.685    6.242    6.242    6.396    6.396    6.674    6.674    6.724    6.724
    7.458    7.458    8.031    8.031    8.089    8.089    8.263    8.263    8.285    8.285
    9.170    9.170    9.533    9.533    9.600    9.600    9.660    9.660   10.616   10.616
   10.710   10.710   12.179   12.179   13.297   13.297   15.028   15.028   15.278   15.278
   16.196   16.196
            0.042553  0.042553  0.000000
  -62.405  -62.405  -34.759  -34.759  -31.486  -31.486  -31.243  -31.243  -22.408  -22.408
  -22.329  -22.329   -8.387   -8.387   -7.538   -7.538   -6.134   -6.134   -5.771   -5.771
   -4.953   -4.953   -4.877   -4.877   -4.041   -4.041   -3.926   -3.926   -3.706   -3.706
   -3.686   -3.686    6.252    6.252    6.406    6.406    6.684    6.684    6.726    6.726
    7.481    7.481    8.050    8.050    8.096    8.096    8.243    8.243    8.292    8.292
    9.137    9.137    9.533    9.533    9.611    9.611    9.663    9.663   10.616   10.616
   10.710   10.710   12.151   12.151   13.289   13.289   15.011   15.011   15.270   15.270
   16.186   16.186
            0.039007  0.039007  0.000000
  -62.405  -62.405  -34.759  -34.759  -31.486  -31.486  -31.243  -31.243  -22.408  -22.408
  -22.329  -22.329   -8.390   -8.390   -7.539   -7.539   -6.131   -6.131   -5.767   -5.767
   -4.954   -4.954   -4.879   -4.879   -4.042   -4.042   -3.927   -3.927   -3.706   -3.706
   -3.688   -3.688    6.262    6.262    6.416    6.416    6.694    6.694    6.728    6.728
    7.504    7.504    8.055    8.055    8.116    8.116    8.223    8.223    8.301    8.301
    9.104    9.104    9.532    9.532    9.620    9.620    9.667    9.667   10.615   10.615
   10.709   10.709   12.124   12.124   13.281   13.281   14.995   14.995   15.262   15.262
   16.176   16.176
            0.035461  0.035461  0.000000
  -62.405  -62.405  -34.759  -34.759  -31.485  -31.485  -31.243  -31.243  -22.408  -22.408
  -22.329  -22.329   -8.392   -8.392   -7.540   -7.540   -6.129   -6.129   -5.764   -5.764
   -4.955   -4.955   -4.880   -4.880   -4.043   -4.043   -3.928   -3.928   -3.706   -3.706
   -3.689   -3.689    6.271    6.271    6.424    6.424    6.702    6.702    6.730    6.730
    7.526    7.526    8.052    8.052    8.141    8.141    8.205    8.205    8.309    8.309
    9.072    9.072    9.532    9.532    9.629    9.629    9.670    9.670   10.615   10.615
   10.709   10.709   12.100   12.100   13.274   13.274   14.981   14.981   15.255   15.255
   16.167   16.167
            0.031915  0.031915  0.000000
  -62.405  -62.405  -34.759  -34.759  -31.485  -31.485  -31.243  -31.243  -22.409  -22.409
  -22.329  -22.329   -8.395   -8.395   -7.541   -7.541   -6.127   -6.127   -5.761   -5.761
   -4.956   -4.956   -4.882   -4.882   -4.044   -4.044   -3.929   -3.929   -3.706   -3.706
   -3.690   -3.690    6.279    6.279    6.432    6.432    6.710    6.710    6.732    6.732
    7.548    7.548    8.046    8.046    8.157    8.157    8.198    8.198    8.318    8.318
    9.041    9.041    9.532    9.532    9.637    9.637    9.674    9.674   10.615   10.615
   10.709   10.709   12.077   12.077   13.268   13.268   14.968   14.968   15.248   15.248
   16.159   16.159
            0.028369  0.028369  0.000000
  -62.405  -62.405  -34.759  -34.759  -31.485  -31.485  -31.243  -31.243  -22.409  -22.409
  -22.329  -22.329   -8.397   -8.397   -7.541   -7.541   -6.125   -6.125   -5.758   -5.758
   -4.956   -4.956   -4.884   -4.884   -4.045   -4.045   -3.930   -3.930   -3.706   -3.706
   -3.691   -3.691    6.286    6.286    6.439    6.439    6.717    6.717    6.734    6.734
    7.568    7.568    8.040    8.040    8.151    8.151    8.213    8.213    8.326    8.326
    9.011    9.011    9.531    9.531    9.644    9.644    9.677    9.677   10.615   10.615
   10.708   10.708   12.057   12.057   13.263   13.263   14.956   14.956   15.242   15.242
   16.152   16.152
            0.024823  0.024823  0.000000
  -62.405  -62.405  -34.759  -34.759  -31.485  -31.485  -31.243  -31.243  -22.409  -22.409
  -22.329  -22.329   -8.399   -8.399   -7.542   -7.542   -6.123   -6.123   -5.755   -5.755
   -4.957   -4.957   -4.885   -4.885   -4.046   -4.046   -3.931   -3.931   -3.706   -3.706
   -3.692   -3.692    6.292    6.292    6.445    6.445    6.722    6.722    6.736    6.736
    7.588    7.588    8.034    8.034    8.137    8.137    8.236    8.236    8.334    8.334
    8.983    8.983    9.531    9.531    9.651    9.651    9.681    9.681   10.615   10.615
   10.708   10.708   12.039   12.039   13.258   13.258   14.946   14.946   15.237   15.237
   16.146   16.146
            0.021277  0.021277  0.000000
  -62.405  -62.405  -34.759  -34.759  -31.485  -31.485  -31.243  -31.243  -22.409  -22.409
  -22.329  -22.329   -8.400   -8.400   -7.543   -7.543   -6.121   -6.121   -5.753   -5.753
   -4.958   -4.958   -4.886   -4.886   -4.046   -4.046   -3.932   -3.932   -3.706   -3.706
   -3.693   -3.693    6.297    6.297    6.450    6.450    6.726    6.726    6.739    6.739
    7.607    7.607    8.026    8.026    8.124    8.124    8.259    8.259    8.342    8.342
    8.956    8.956    9.530    9.530    9.656    9.656    9.684    9.684   10.615   10.615
   10.708   10.708   12.023   12.023   13.253   13.253   14.937   14.937   15.233   15.233
   16.140   16.140
            0.017730  0.017730  0.000000
  -62.405  -62.405  -34.759  -34.759  -31.485  -31.485  -31.243  -31.243  -22.409  -22.409
  -22.329  -22.329   -8.402   -8.402   -7.543   -7.543   -6.120   -6.120   -5.751   -5.751
   -4.958   -4.958   -4.887   -4.887   -4.047   -4.047   -3.933   -3.933   -3.705   -3.705
   -3.694   -3.694    6.302    6.302    6.454    6.454    6.728    6.728    6.743    6.743
    7.624    7.624    8.019    8.019    8.112    8.112    8.279    8.279    8.350    8.350
    8.932    8.932    9.530    9.530    9.660    9.660    9.687    9.687   10.615   10.615
   10.708   10.708   12.010   12.010   13.250   13.250   14.929   14.929   15.229   15.229
   16.136   16.136
            0.014184  0.014184  0.000000
  -62.405  -62.405  -34.759  -34.759  -31.485  -31.485  -31.243  -31.243  -22.409  -22.409
  -22.329  -22.329   -8.403   -8.403   -7.543   -7.543   -6.119   -6.119   -5.750   -5.750
   -4.959   -4.959   -4.888   -4.888   -4.047   -4.047   -3.933   -3.933   -3.705   -3.705
   -3.695   -3.695    6.305    6.305    6.458    6.458    6.729    6.729    6.746    6.746
    7.639    7.639    8.011    8.011    8.102    8.102    8.296    8.296    8.358    8.358
    8.911    8.911    9.530    9.530    9.663    9.663    9.690    9.690   10.615   10.615
   10.708   10.708   11.999   11.999   13.247   13.247   14.923   14.923   15.226   15.226
   16.132   16.132
            0.010638  0.010638  0.000000
  -62.405  -62.405  -34.759  -34.759  -31.485  -31.485  -31.243  -31.243  -22.409  -22.409
  -22.329  -22.329   -8.404   -8.404   -7.544   -7.544   -6.118   -6.118   -5.748   -5.748
   -4.959   -4.959   -4.889   -4.889   -4.048   -4.048   -3.933   -3.933   -3.705   -3.705
   -3.695   -3.695    6.308    6.308    6.461    6.461    6.730    6.730    6.749    6.749
    7.651    7.651    8.005    8.005    8.094    8.094    8.308    8.308    8.366    8.366
    8.893    8.893    9.529    9.529    9.665    9.665    9.692    9.692   10.615   10.615
   10.708   10.708   11.990   11.990   13.244   13.244   14.918   14.918   15.223   15.223
   16.129   16.129
            0.007092  0.007092  0.000000
  -62.405  -62.405  -34.759  -34.759  -31.485  -31.485  -31.243  -31.243  -22.409  -22.409
  -22.329  -22.329   -8.404   -8.404   -7.544   -7.544   -6.117   -6.117   -5.748   -5.748
   -4.959   -4.959   -4.889   -4.889   -4.048   -4.048   -3.934   -3.934   -3.705   -3.705
   -3.696   -3.696    6.310    6.310    6.463    6.463    6.731    6.731    6.751    6.751
    7.661    7.661    7.999    7.999    8.089    8.089    8.317    8.317    8.373    8.373
    8.880    8.880    9.529    9.529    9.667    9.667    9.693    9.693   10.615   10.615
   10.708   10.708   11.984   11.984   13.243   13.243   14.914   14.914   15.222   15.222
   16.127   16.127
            0.003546  0.003546  0.000000
  -62.405  -62.405  -34.759  -34.759  -31.485  -31.485  -31.243  -31.243  -22.409  -22.409
  -22.329  -22.329   -8.405   -8.405   -7.544   -7.544   -6.117   -6.117   -5.747   -5.747
   -4.959   -4.959   -4.890   -4.890   -4.048   -4.048   -3.934   -3.934   -3.705   -3.705
   -3.696   -3.696    6.312    6.312    6.464    6.464    6.731    6.731    6.752    6.752
    7.667    7.667    7.995    7.995    8.086    8.086    8.321    8.321    8.378    8.378
    8.872    8.872    9.529    9.529    9.668    9.668    9.695    9.695   10.615   10.615
   10.707   10.707   11.980   11.980   13.242   13.242   14.912   14.912   15.220   15.220
   16.126   16.126
            0.000000  0.000000  0.000000
  -62.405  -62.405  -34.759  -34.759  -31.485  -31.485  -31.243  -31.243  -22.409  -22.409
  -22.329  -22.329   -8.405   -8.405   -7.544   -7.544   -6.117   -6.117   -5.747   -5.747
   -4.959   -4.959   -4.890   -4.890   -4.048   -4.048   -3.934   -3.934   -3.705   -3.705
   -3.696   -3.696    6.312    6.312    6.465    6.465    6.731    6.731    6.752    6.752
    7.669    7.669    7.994    7.994    8.085    8.085    8.323    8.323    8.379    8.379
    8.869    8.869    9.529    9.529    9.668    9.668    9.695    9.695   10.615   10.615
   10.707   10.707   11.979   11.979   13.241   13.241   14.911   14.911   15.220   15.220
   16.125   16.125
