Dynamical matrix file
Sr2RuO4                                                                    
  3    7   7   7.3000120   0.0000000   3.2938131   0.0000000   0.0000000   0.0000000
           1  'Sr     '    79860.7445811805     
           2  'Ru     '    92119.6696509919     
           3  'O      '    14582.1964454954     
    1    1      0.0000000000      0.0000000000      1.1602701746
    2    1      0.0000000000      0.0000000000     -1.1602701746
    3    2      0.0000000000      0.0000000000      0.0000000000
    4    3      0.0000000000      0.0000000000      0.5380857149
    5    3      0.0000000000      0.0000000000     -0.5380857149
    6    3      0.0000000000     -0.5000000000      0.0000000000
    7    3      0.5000000000      0.0000000000      0.0000000000

     Dynamical  Matrix in cartesian axes

     q = (    0.400000000  -0.600000000  -0.182159698 ) 

    1    1
  0.12371780   0.00000000     0.00254410   0.00000000     0.00000674  -0.00160600
  0.00254410   0.00000000     0.12371780   0.00000000     0.00000674  -0.00160600
  0.00000674   0.00160600     0.00000674   0.00160600     0.17015337   0.00000000
    1    2
 -0.00323078   0.00146257     0.00712017   0.02251611    -0.01276801   0.00492608
  0.00712017   0.02251611    -0.00323078   0.00146257    -0.01276801   0.00492608
 -0.01276801   0.00492608    -0.01276801   0.00492608     0.01265912  -0.01375641
    1    3
 -0.00188253  -0.00158342     0.02362911   0.07178001     0.02418163  -0.00613351
  0.02362911   0.07178001    -0.00188253  -0.00158342     0.02418163  -0.00613351
  0.02410569  -0.00587120     0.02410569  -0.00587120    -0.02438257  -0.00087710
    1    4
 -0.01305673  -0.00017031    -0.00194485  -0.00309769    -0.00227712  -0.00248226
 -0.00194485  -0.00309769    -0.01305673  -0.00017031    -0.00227712  -0.00248226
 -0.00129270  -0.00201674    -0.00129270  -0.00201674    -0.04429702  -0.00012261
    1    5
 -0.00018981  -0.00101101    -0.00895641  -0.02763011    -0.00977213   0.00273902
 -0.00895641  -0.02763011    -0.00018981  -0.00101101    -0.00977213   0.00273902
  0.00252933  -0.00105676     0.00252933  -0.00105676     0.00042256  -0.00311964
    1    6
  0.00403630  -0.00356758    -0.00337901   0.00220399     0.00449640   0.00580776
  0.00200175  -0.00217169    -0.00008316   0.00069261    -0.00110607  -0.00084807
  0.00092583   0.00083109    -0.00066472   0.00099098     0.00320667  -0.00048158
    1    7
  0.00047439  -0.00051145    -0.00289593   0.00058033     0.00039634   0.00133623
  0.00402915   0.00020307    -0.00536241   0.00051375    -0.00022395  -0.00734149
  0.00112026  -0.00041101    -0.00026050  -0.00121656    -0.00287732  -0.00149523
    2    1
 -0.00323078  -0.00146257     0.00712017  -0.02251611    -0.01276801  -0.00492608
  0.00712017  -0.02251611    -0.00323078  -0.00146257    -0.01276801  -0.00492608
 -0.01276801  -0.00492608    -0.01276801  -0.00492608     0.01265912   0.01375641
    2    2
  0.12371780   0.00000000     0.00254410   0.00000000     0.00000674   0.00160600
  0.00254410   0.00000000     0.12371780   0.00000000     0.00000674   0.00160600
  0.00000674  -0.00160600     0.00000674  -0.00160600     0.17015337   0.00000000
    2    3
 -0.00188253   0.00158342     0.02362911  -0.07178001     0.02418163   0.00613351
  0.02362911  -0.07178001    -0.00188253   0.00158342     0.02418163   0.00613351
  0.02410569   0.00587120     0.02410569   0.00587120    -0.02438257   0.00087710
    2    4
 -0.00018981   0.00101101    -0.00895641   0.02763011    -0.00977213  -0.00273902
 -0.00895641   0.02763011    -0.00018981   0.00101101    -0.00977213  -0.00273902
  0.00252933   0.00105676     0.00252933   0.00105676     0.00042256   0.00311964
    2    5
 -0.01305673   0.00017031    -0.00194485   0.00309769    -0.00227712   0.00248226
 -0.00194485   0.00309769    -0.01305673   0.00017031    -0.00227712   0.00248226
 -0.00129270   0.00201674    -0.00129270   0.00201674    -0.04429702   0.00012261
    2    6
 -0.00536241  -0.00051375     0.00402915  -0.00020307    -0.00022395   0.00734149
 -0.00289593  -0.00058033     0.00047439   0.00051145     0.00039634  -0.00133623
 -0.00026050   0.00121656     0.00112026   0.00041101    -0.00287732   0.00149523
    2    7
 -0.00008316  -0.00069261     0.00200175   0.00217169    -0.00110607   0.00084807
 -0.00337901  -0.00220399     0.00403630   0.00356758     0.00449640  -0.00580776
 -0.00066472  -0.00099098     0.00092583  -0.00083109     0.00320667   0.00048158
    3    1
 -0.00188253   0.00158342     0.02362911  -0.07178001     0.02410569   0.00587120
  0.02362911  -0.07178001    -0.00188253   0.00158342     0.02410569   0.00587120
  0.02418163   0.00613351     0.02418163   0.00613351    -0.02438257   0.00087710
    3    2
 -0.00188253  -0.00158342     0.02362911   0.07178001     0.02410569  -0.00587120
  0.02362911   0.07178001    -0.00188253  -0.00158342     0.02410569  -0.00587120
  0.02418163  -0.00613351     0.02418163  -0.00613351    -0.02438257  -0.00087710
    3    3
  0.71275345   0.00000000     0.01915179   0.00000000     0.00226220   0.00000000
  0.01915179   0.00000000     0.71275345   0.00000000     0.00226220   0.00000000
  0.00226220   0.00000000     0.00226220   0.00000000     0.48403327   0.00000000
    3    4
 -0.05961210   0.00030982    -0.00179701  -0.00139011    -0.00460835   0.00222913
 -0.00179701  -0.00139011    -0.05961210   0.00030982    -0.00460835   0.00222913
 -0.00394282   0.00032638    -0.00394282   0.00032638    -0.10217300  -0.00243472
    3    5
 -0.05961210  -0.00030982    -0.00179701   0.00139011    -0.00460835  -0.00222913
 -0.00179701   0.00139011    -0.05961210  -0.00030982    -0.00460835  -0.00222913
 -0.00394282  -0.00032638    -0.00394282  -0.00032638    -0.10217300   0.00243472
    3    6
 -0.00760472  -0.02340493     0.01129933   0.03477576    -0.00028923  -0.00089015
  0.00045566   0.00140238    -0.06983494  -0.21492985    -0.00005023  -0.00015459
 -0.00142444  -0.00438398     0.00009430   0.00029022    -0.01235114  -0.03801291
    3    7
 -0.06983494   0.21492985     0.00045566  -0.00140238    -0.00005023   0.00015459
  0.01129933  -0.03477576    -0.00760472   0.02340493    -0.00028923   0.00089015
  0.00009430  -0.00029022    -0.00142444   0.00438398    -0.01235114   0.03801291
    4    1
 -0.01305673   0.00017031    -0.00194485   0.00309769    -0.00129270   0.00201674
 -0.00194485   0.00309769    -0.01305673   0.00017031    -0.00129270   0.00201674
 -0.00227712   0.00248226    -0.00227712   0.00248226    -0.04429702   0.00012261
    4    2
 -0.00018981  -0.00101101    -0.00895641  -0.02763011     0.00252933  -0.00105676
 -0.00895641  -0.02763011    -0.00018981  -0.00101101     0.00252933  -0.00105676
 -0.00977213   0.00273902    -0.00977213   0.00273902     0.00042256  -0.00311964
    4    3
 -0.05961210  -0.00030982    -0.00179701   0.00139011    -0.00394282  -0.00032638
 -0.00179701   0.00139011    -0.05961210  -0.00030982    -0.00394282  -0.00032638
 -0.00460835  -0.00222913    -0.00460835  -0.00222913    -0.10217300   0.00243472
    4    4
  0.08931174   0.00000000     0.00370805  -0.00000000     0.00091470   0.00004490
  0.00370805  -0.00000000     0.08931174   0.00000000     0.00091470   0.00004490
  0.00091470  -0.00004490     0.00091470  -0.00004490     0.26605787   0.00000000
    4    5
  0.01021600  -0.00038209     0.00422625   0.01223529     0.00950358  -0.00203637
  0.00422625   0.01223529     0.01021600  -0.00038209     0.00950358  -0.00203637
  0.00950358  -0.00203637     0.00950358  -0.00203637    -0.02672256  -0.00382596
    4    6
  0.00102331   0.00424930    -0.00054460  -0.00362981    -0.00102644  -0.00044552
  0.00084365   0.00268545     0.00079064   0.00264462    -0.03727562   0.01236947
  0.00555667   0.00768622    -0.00208695   0.00031262    -0.00035731  -0.00670241
    4    7
  0.00091483  -0.00260427     0.00089594  -0.00266846     0.03742720   0.01190294
 -0.00169296   0.00325669     0.00166980  -0.00403925     0.00056854   0.00096376
  0.00187213   0.00097376     0.00002240  -0.00948441    -0.00365050   0.00563238
    5    1
 -0.00018981   0.00101101    -0.00895641   0.02763011     0.00252933   0.00105676
 -0.00895641   0.02763011    -0.00018981   0.00101101     0.00252933   0.00105676
 -0.00977213  -0.00273902    -0.00977213  -0.00273902     0.00042256   0.00311964
    5    2
 -0.01305673  -0.00017031    -0.00194485  -0.00309769    -0.00129270  -0.00201674
 -0.00194485  -0.00309769    -0.01305673  -0.00017031    -0.00129270  -0.00201674
 -0.00227712  -0.00248226    -0.00227712  -0.00248226    -0.04429702  -0.00012261
    5    3
 -0.05961210   0.00030982    -0.00179701  -0.00139011    -0.00394282   0.00032638
 -0.00179701  -0.00139011    -0.05961210   0.00030982    -0.00394282   0.00032638
 -0.00460835   0.00222913    -0.00460835   0.00222913    -0.10217300  -0.00243472
    5    4
  0.01021600   0.00038209     0.00422625  -0.01223529     0.00950358   0.00203637
  0.00422625  -0.01223529     0.01021600   0.00038209     0.00950358   0.00203637
  0.00950358   0.00203637     0.00950358   0.00203637    -0.02672256   0.00382596
    5    5
  0.08931174  -0.00000000     0.00370805   0.00000000     0.00091470  -0.00004490
  0.00370805   0.00000000     0.08931174  -0.00000000     0.00091470  -0.00004490
  0.00091470   0.00004490     0.00091470   0.00004490     0.26605787   0.00000000
    5    6
  0.00166980   0.00403925    -0.00169296  -0.00325669     0.00056854  -0.00096376
  0.00089594   0.00266846     0.00091483   0.00260427     0.03742720  -0.01190294
  0.00002240   0.00948441     0.00187213  -0.00097376    -0.00365050  -0.00563238
    5    7
  0.00079064  -0.00264462     0.00084365  -0.00268545    -0.03727562  -0.01236947
 -0.00054460   0.00362981     0.00102331  -0.00424930    -0.00102644   0.00044552
 -0.00208695  -0.00031262     0.00555667  -0.00768622    -0.00035731   0.00670241
    6    1
  0.00403630   0.00356758     0.00200175   0.00217169     0.00092583  -0.00083109
 -0.00337901  -0.00220399    -0.00008316  -0.00069261    -0.00066472  -0.00099098
  0.00449640  -0.00580776    -0.00110607   0.00084807     0.00320667   0.00048158
    6    2
 -0.00536241   0.00051375    -0.00289593   0.00058033    -0.00026050  -0.00121656
  0.00402915   0.00020307     0.00047439  -0.00051145     0.00112026  -0.00041101
 -0.00022395  -0.00734149     0.00039634   0.00133623    -0.00287732  -0.00149523
    6    3
 -0.00760472   0.02340493     0.00045566  -0.00140238    -0.00142444   0.00438398
  0.01129933  -0.03477576    -0.06983494   0.21492985     0.00009430  -0.00029022
 -0.00028923   0.00089015    -0.00005023   0.00015459    -0.01235114   0.03801291
    6    4
  0.00102331  -0.00424930     0.00084365  -0.00268545     0.00555667  -0.00768622
 -0.00054460   0.00362981     0.00079064  -0.00264462    -0.00208695  -0.00031262
 -0.00102644   0.00044552    -0.03727562  -0.01236947    -0.00035731   0.00670241
    6    5
  0.00166980  -0.00403925     0.00089594  -0.00266846     0.00002240  -0.00948441
 -0.00169296   0.00325669     0.00091483  -0.00260427     0.00187213   0.00097376
  0.00056854   0.00096376     0.03742720   0.01190294    -0.00365050   0.00563238
    6    6
  0.10353004   0.00000000    -0.00217205   0.00000000     0.00021792   0.00000000
 -0.00217205   0.00000000     0.68462089   0.00000000    -0.00008477   0.00000000
  0.00021792   0.00000000    -0.00008477   0.00000000     0.10219299   0.00000000
    6    7
  0.00283377   0.00205885    -0.06731031  -0.04890380    -0.00006926  -0.00005032
 -0.00778520  -0.00565628     0.00283377   0.00205885     0.00000299   0.00000217
  0.00000299   0.00000217    -0.00006926  -0.00005032    -0.00030323  -0.00022031
    7    1
  0.00047439   0.00051145     0.00402915  -0.00020307     0.00112026   0.00041101
 -0.00289593  -0.00058033    -0.00536241  -0.00051375    -0.00026050   0.00121656
  0.00039634  -0.00133623    -0.00022395   0.00734149    -0.00287732   0.00149523
    7    2
 -0.00008316   0.00069261    -0.00337901   0.00220399    -0.00066472   0.00099098
  0.00200175  -0.00217169     0.00403630  -0.00356758     0.00092583   0.00083109
 -0.00110607  -0.00084807     0.00449640   0.00580776     0.00320667  -0.00048158
    7    3
 -0.06983494  -0.21492985     0.01129933   0.03477576     0.00009430   0.00029022
  0.00045566   0.00140238    -0.00760472  -0.02340493    -0.00142444  -0.00438398
 -0.00005023  -0.00015459    -0.00028923  -0.00089015    -0.01235114  -0.03801291
    7    4
  0.00091483   0.00260427    -0.00169296  -0.00325669     0.00187213  -0.00097376
  0.00089594   0.00266846     0.00166980   0.00403925     0.00002240   0.00948441
  0.03742720  -0.01190294     0.00056854  -0.00096376    -0.00365050  -0.00563238
    7    5
  0.00079064   0.00264462    -0.00054460  -0.00362981    -0.00208695   0.00031262
  0.00084365   0.00268545     0.00102331   0.00424930     0.00555667   0.00768622
 -0.03727562   0.01236947    -0.00102644  -0.00044552    -0.00035731  -0.00670241
    7    6
  0.00283377  -0.00205885    -0.00778520   0.00565628     0.00000299  -0.00000217
 -0.06731031   0.04890380     0.00283377  -0.00205885    -0.00006926   0.00005032
 -0.00006926   0.00005032     0.00000299  -0.00000217    -0.00030323   0.00022031
    7    7
  0.68462089   0.00000000    -0.00217205   0.00000000    -0.00008477   0.00000000
 -0.00217205   0.00000000     0.10353004   0.00000000     0.00021792   0.00000000
 -0.00008477   0.00000000     0.00021792   0.00000000     0.10219299   0.00000000

     Dynamical  Matrix in cartesian axes

     q = (    0.600000000  -0.400000000  -0.182159698 ) 

    1    1
  0.12371780   0.00000000     0.00254410   0.00000000    -0.00000674   0.00160600
  0.00254410   0.00000000     0.12371780   0.00000000    -0.00000674   0.00160600
 -0.00000674  -0.00160600    -0.00000674  -0.00160600     0.17015337   0.00000000
    1    2
 -0.00323078   0.00146257     0.00712017   0.02251611     0.01276801  -0.00492608
  0.00712017   0.02251611    -0.00323078   0.00146257     0.01276801  -0.00492608
  0.01276801  -0.00492608     0.01276801  -0.00492608     0.01265912  -0.01375641
    1    3
 -0.00188253  -0.00158342     0.02362911   0.07178001    -0.02418163   0.00613351
  0.02362911   0.07178001    -0.00188253  -0.00158342    -0.02418163   0.00613351
 -0.02410569   0.00587120    -0.02410569   0.00587120    -0.02438257  -0.00087710
    1    4
 -0.01305673  -0.00017031    -0.00194485  -0.00309769     0.00227712   0.00248226
 -0.00194485  -0.00309769    -0.01305673  -0.00017031     0.00227712   0.00248226
  0.00129270   0.00201674     0.00129270   0.00201674    -0.04429702  -0.00012261
    1    5
 -0.00018981  -0.00101101    -0.00895641  -0.02763011     0.00977213  -0.00273902
 -0.00895641  -0.02763011    -0.00018981  -0.00101101     0.00977213  -0.00273902
 -0.00252933   0.00105676    -0.00252933   0.00105676     0.00042256  -0.00311964
    1    6
 -0.00536241   0.00051375     0.00402915   0.00020307     0.00022395   0.00734149
 -0.00289593   0.00058033     0.00047439  -0.00051145    -0.00039634  -0.00133623
  0.00026050   0.00121656    -0.00112026   0.00041101    -0.00287732  -0.00149523
    1    7
 -0.00008316   0.00069261     0.00200175  -0.00217169     0.00110607   0.00084807
 -0.00337901   0.00220399     0.00403630  -0.00356758    -0.00449640  -0.00580776
  0.00066472  -0.00099098    -0.00092583  -0.00083109     0.00320667  -0.00048158
    2    1
 -0.00323078  -0.00146257     0.00712017  -0.02251611     0.01276801   0.00492608
  0.00712017  -0.02251611    -0.00323078  -0.00146257     0.01276801   0.00492608
  0.01276801   0.00492608     0.01276801   0.00492608     0.01265912   0.01375641
    2    2
  0.12371780   0.00000000     0.00254410   0.00000000    -0.00000674  -0.00160600
  0.00254410   0.00000000     0.12371780   0.00000000    -0.00000674  -0.00160600
 -0.00000674   0.00160600    -0.00000674   0.00160600     0.17015337   0.00000000
    2    3
 -0.00188253   0.00158342     0.02362911  -0.07178001    -0.02418163  -0.00613351
  0.02362911  -0.07178001    -0.00188253   0.00158342    -0.02418163  -0.00613351
 -0.02410569  -0.00587120    -0.02410569  -0.00587120    -0.02438257   0.00087710
    2    4
 -0.00018981   0.00101101    -0.00895641   0.02763011     0.00977213   0.00273902
 -0.00895641   0.02763011    -0.00018981   0.00101101     0.00977213   0.00273902
 -0.00252933  -0.00105676    -0.00252933  -0.00105676     0.00042256   0.00311964
    2    5
 -0.01305673   0.00017031    -0.00194485   0.00309769     0.00227712  -0.00248226
 -0.00194485   0.00309769    -0.01305673   0.00017031     0.00227712  -0.00248226
  0.00129270  -0.00201674     0.00129270  -0.00201674    -0.04429702   0.00012261
    2    6
  0.00403630   0.00356758    -0.00337901  -0.00220399    -0.00449640   0.00580776
  0.00200175   0.00217169    -0.00008316  -0.00069261     0.00110607  -0.00084807
 -0.00092583   0.00083109     0.00066472   0.00099098     0.00320667   0.00048158
    2    7
  0.00047439   0.00051145    -0.00289593  -0.00058033    -0.00039634   0.00133623
  0.00402915  -0.00020307    -0.00536241  -0.00051375     0.00022395  -0.00734149
 -0.00112026  -0.00041101     0.00026050  -0.00121656    -0.00287732   0.00149523
    3    1
 -0.00188253   0.00158342     0.02362911  -0.07178001    -0.02410569  -0.00587120
  0.02362911  -0.07178001    -0.00188253   0.00158342    -0.02410569  -0.00587120
 -0.02418163  -0.00613351    -0.02418163  -0.00613351    -0.02438257   0.00087710
    3    2
 -0.00188253  -0.00158342     0.02362911   0.07178001    -0.02410569   0.00587120
  0.02362911   0.07178001    -0.00188253  -0.00158342    -0.02410569   0.00587120
 -0.02418163   0.00613351    -0.02418163   0.00613351    -0.02438257  -0.00087710
    3    3
  0.71275345   0.00000000     0.01915179   0.00000000    -0.00226220   0.00000000
  0.01915179   0.00000000     0.71275345   0.00000000    -0.00226220   0.00000000
 -0.00226220   0.00000000    -0.00226220   0.00000000     0.48403327   0.00000000
    3    4
 -0.05961210   0.00030982    -0.00179701  -0.00139011     0.00460835  -0.00222913
 -0.00179701  -0.00139011    -0.05961210   0.00030982     0.00460835  -0.00222913
  0.00394282  -0.00032638     0.00394282  -0.00032638    -0.10217300  -0.00243472
    3    5
 -0.05961210  -0.00030982    -0.00179701   0.00139011     0.00460835   0.00222913
 -0.00179701   0.00139011    -0.05961210  -0.00030982     0.00460835   0.00222913
  0.00394282   0.00032638     0.00394282   0.00032638    -0.10217300   0.00243472
    3    6
 -0.00760472   0.02340493     0.01129933  -0.03477576     0.00028923  -0.00089015
  0.00045566  -0.00140238    -0.06983494   0.21492985     0.00005023  -0.00015459
  0.00142444  -0.00438398    -0.00009430   0.00029022    -0.01235114   0.03801291
    3    7
 -0.06983494  -0.21492985     0.00045566   0.00140238     0.00005023   0.00015459
  0.01129933   0.03477576    -0.00760472  -0.02340493     0.00028923   0.00089015
 -0.00009430  -0.00029022     0.00142444   0.00438398    -0.01235114  -0.03801291
    4    1
 -0.01305673   0.00017031    -0.00194485   0.00309769     0.00129270  -0.00201674
 -0.00194485   0.00309769    -0.01305673   0.00017031     0.00129270  -0.00201674
  0.00227712  -0.00248226     0.00227712  -0.00248226    -0.04429702   0.00012261
    4    2
 -0.00018981  -0.00101101    -0.00895641  -0.02763011    -0.00252933   0.00105676
 -0.00895641  -0.02763011    -0.00018981  -0.00101101    -0.00252933   0.00105676
  0.00977213  -0.00273902     0.00977213  -0.00273902     0.00042256  -0.00311964
    4    3
 -0.05961210  -0.00030982    -0.00179701   0.00139011     0.00394282   0.00032638
 -0.00179701   0.00139011    -0.05961210  -0.00030982     0.00394282   0.00032638
  0.00460835   0.00222913     0.00460835   0.00222913    -0.10217300   0.00243472
    4    4
  0.08931174   0.00000000     0.00370805  -0.00000000    -0.00091470  -0.00004490
  0.00370805  -0.00000000     0.08931174   0.00000000    -0.00091470  -0.00004490
 -0.00091470   0.00004490    -0.00091470   0.00004490     0.26605787   0.00000000
    4    5
  0.01021600  -0.00038209     0.00422625   0.01223529    -0.00950358   0.00203637
  0.00422625   0.01223529     0.01021600  -0.00038209    -0.00950358   0.00203637
 -0.00950358   0.00203637    -0.00950358   0.00203637    -0.02672256  -0.00382596
    4    6
  0.00166980  -0.00403925    -0.00169296   0.00325669    -0.00056854  -0.00096376
  0.00089594  -0.00266846     0.00091483  -0.00260427    -0.03742720  -0.01190294
 -0.00002240   0.00948441    -0.00187213  -0.00097376    -0.00365050   0.00563238
    4    7
  0.00079064   0.00264462     0.00084365   0.00268545     0.03727562  -0.01236947
 -0.00054460  -0.00362981     0.00102331   0.00424930     0.00102644   0.00044552
  0.00208695  -0.00031262    -0.00555667  -0.00768622    -0.00035731  -0.00670241
    5    1
 -0.00018981   0.00101101    -0.00895641   0.02763011    -0.00252933  -0.00105676
 -0.00895641   0.02763011    -0.00018981   0.00101101    -0.00252933  -0.00105676
  0.00977213   0.00273902     0.00977213   0.00273902     0.00042256   0.00311964
    5    2
 -0.01305673  -0.00017031    -0.00194485  -0.00309769     0.00129270   0.00201674
 -0.00194485  -0.00309769    -0.01305673  -0.00017031     0.00129270   0.00201674
  0.00227712   0.00248226     0.00227712   0.00248226    -0.04429702  -0.00012261
    5    3
 -0.05961210   0.00030982    -0.00179701  -0.00139011     0.00394282  -0.00032638
 -0.00179701  -0.00139011    -0.05961210   0.00030982     0.00394282  -0.00032638
  0.00460835  -0.00222913     0.00460835  -0.00222913    -0.10217300  -0.00243472
    5    4
  0.01021600   0.00038209     0.00422625  -0.01223529    -0.00950358  -0.00203637
  0.00422625  -0.01223529     0.01021600   0.00038209    -0.00950358  -0.00203637
 -0.00950358  -0.00203637    -0.00950358  -0.00203637    -0.02672256   0.00382596
    5    5
  0.08931174  -0.00000000     0.00370805   0.00000000    -0.00091470   0.00004490
  0.00370805   0.00000000     0.08931174  -0.00000000    -0.00091470   0.00004490
 -0.00091470  -0.00004490    -0.00091470  -0.00004490     0.26605787   0.00000000
    5    6
  0.00102331  -0.00424930    -0.00054460   0.00362981     0.00102644  -0.00044552
  0.00084365  -0.00268545     0.00079064  -0.00264462     0.03727562   0.01236947
 -0.00555667   0.00768622     0.00208695   0.00031262    -0.00035731   0.00670241
    5    7
  0.00091483   0.00260427     0.00089594   0.00266846    -0.03742720   0.01190294
 -0.00169296  -0.00325669     0.00166980   0.00403925    -0.00056854   0.00096376
 -0.00187213   0.00097376    -0.00002240  -0.00948441    -0.00365050  -0.00563238
    6    1
 -0.00536241  -0.00051375    -0.00289593  -0.00058033     0.00026050  -0.00121656
  0.00402915  -0.00020307     0.00047439   0.00051145    -0.00112026  -0.00041101
  0.00022395  -0.00734149    -0.00039634   0.00133623    -0.00287732   0.00149523
    6    2
  0.00403630  -0.00356758     0.00200175  -0.00217169    -0.00092583  -0.00083109
 -0.00337901   0.00220399    -0.00008316   0.00069261     0.00066472  -0.00099098
 -0.00449640  -0.00580776     0.00110607   0.00084807     0.00320667  -0.00048158
    6    3
 -0.00760472  -0.02340493     0.00045566   0.00140238     0.00142444   0.00438398
  0.01129933   0.03477576    -0.06983494  -0.21492985    -0.00009430  -0.00029022
  0.00028923   0.00089015     0.00005023   0.00015459    -0.01235114  -0.03801291
    6    4
  0.00166980   0.00403925     0.00089594   0.00266846    -0.00002240  -0.00948441
 -0.00169296  -0.00325669     0.00091483   0.00260427    -0.00187213   0.00097376
 -0.00056854   0.00096376    -0.03742720   0.01190294    -0.00365050  -0.00563238
    6    5
  0.00102331   0.00424930     0.00084365   0.00268545    -0.00555667  -0.00768622
 -0.00054460  -0.00362981     0.00079064   0.00264462     0.00208695  -0.00031262
  0.00102644   0.00044552     0.03727562  -0.01236947    -0.00035731  -0.00670241
    6    6
  0.10353004   0.00000000    -0.00217205   0.00000000    -0.00021792   0.00000000
 -0.00217205   0.00000000     0.68462089   0.00000000     0.00008477   0.00000000
 -0.00021792   0.00000000     0.00008477   0.00000000     0.10219299   0.00000000
    6    7
  0.00283377  -0.00205885    -0.06731031   0.04890380     0.00006926  -0.00005032
 -0.00778520   0.00565628     0.00283377  -0.00205885    -0.00000299   0.00000217
 -0.00000299   0.00000217     0.00006926  -0.00005032    -0.00030323   0.00022031
    7    1
 -0.00008316  -0.00069261    -0.00337901  -0.00220399     0.00066472   0.00099098
  0.00200175   0.00217169     0.00403630   0.00356758    -0.00092583   0.00083109
  0.00110607  -0.00084807    -0.00449640   0.00580776     0.00320667   0.00048158
    7    2
  0.00047439  -0.00051145     0.00402915   0.00020307    -0.00112026   0.00041101
 -0.00289593   0.00058033    -0.00536241   0.00051375     0.00026050   0.00121656
 -0.00039634  -0.00133623     0.00022395   0.00734149    -0.00287732  -0.00149523
    7    3
 -0.06983494   0.21492985     0.01129933  -0.03477576    -0.00009430   0.00029022
  0.00045566  -0.00140238    -0.00760472   0.02340493     0.00142444  -0.00438398
  0.00005023  -0.00015459     0.00028923  -0.00089015    -0.01235114   0.03801291
    7    4
  0.00079064  -0.00264462    -0.00054460   0.00362981     0.00208695   0.00031262
  0.00084365  -0.00268545     0.00102331  -0.00424930    -0.00555667   0.00768622
  0.03727562   0.01236947     0.00102644  -0.00044552    -0.00035731   0.00670241
    7    5
  0.00091483  -0.00260427    -0.00169296   0.00325669    -0.00187213  -0.00097376
  0.00089594  -0.00266846     0.00166980  -0.00403925    -0.00002240   0.00948441
 -0.03742720  -0.01190294    -0.00056854  -0.00096376    -0.00365050   0.00563238
    7    6
  0.00283377   0.00205885    -0.00778520  -0.00565628    -0.00000299  -0.00000217
 -0.06731031  -0.04890380     0.00283377   0.00205885     0.00006926   0.00005032
  0.00006926   0.00005032    -0.00000299  -0.00000217    -0.00030323  -0.00022031
    7    7
  0.68462089   0.00000000    -0.00217205   0.00000000     0.00008477   0.00000000
 -0.00217205   0.00000000     0.10353004   0.00000000    -0.00021792   0.00000000
  0.00008477   0.00000000    -0.00021792   0.00000000     0.10219299   0.00000000

     Dynamical  Matrix in cartesian axes

     q = (    0.400000000   0.600000000   0.182159698 ) 

    1    1
  0.12371780   0.00000000    -0.00254410   0.00000000    -0.00000674  -0.00160600
 -0.00254410   0.00000000     0.12371780   0.00000000     0.00000674   0.00160600
 -0.00000674   0.00160600     0.00000674  -0.00160600     0.17015337  -0.00000000
    1    2
 -0.00323078  -0.00146257    -0.00712017   0.02251611     0.01276801   0.00492608
 -0.00712017   0.02251611    -0.00323078  -0.00146257    -0.01276801  -0.00492608
  0.01276801   0.00492608    -0.01276801  -0.00492608     0.01265912   0.01375641
    1    3
 -0.00188253   0.00158342    -0.02362911   0.07178001    -0.02418163  -0.00613351
 -0.02362911   0.07178001    -0.00188253   0.00158342     0.02418163   0.00613351
 -0.02410569  -0.00587120     0.02410569   0.00587120    -0.02438257   0.00087710
    1    4
 -0.01305673   0.00017031     0.00194485  -0.00309769     0.00227712  -0.00248226
  0.00194485  -0.00309769    -0.01305673   0.00017031    -0.00227712   0.00248226
  0.00129270  -0.00201674    -0.00129270   0.00201674    -0.04429702   0.00012261
    1    5
 -0.00018981   0.00101101     0.00895641  -0.02763011     0.00977213   0.00273902
  0.00895641  -0.02763011    -0.00018981   0.00101101    -0.00977213  -0.00273902
 -0.00252933  -0.00105676     0.00252933   0.00105676     0.00042256   0.00311964
    1    6
  0.00403630   0.00356758     0.00337901   0.00220399    -0.00449640   0.00580776
 -0.00200175  -0.00217169    -0.00008316  -0.00069261    -0.00110607   0.00084807
 -0.00092583   0.00083109    -0.00066472  -0.00099098     0.00320667   0.00048158
    1    7
 -0.00008316  -0.00069261    -0.00200175  -0.00217169     0.00110607  -0.00084807
  0.00337901   0.00220399     0.00403630   0.00356758     0.00449640  -0.00580776
  0.00066472   0.00099098     0.00092583  -0.00083109     0.00320667   0.00048158
    2    1
 -0.00323078   0.00146257    -0.00712017  -0.02251611     0.01276801  -0.00492608
 -0.00712017  -0.02251611    -0.00323078   0.00146257    -0.01276801   0.00492608
  0.01276801  -0.00492608    -0.01276801   0.00492608     0.01265912  -0.01375641
    2    2
  0.12371780   0.00000000    -0.00254410  -0.00000000    -0.00000674   0.00160600
 -0.00254410  -0.00000000     0.12371780   0.00000000     0.00000674  -0.00160600
 -0.00000674  -0.00160600     0.00000674   0.00160600     0.17015337   0.00000000
    2    3
 -0.00188253  -0.00158342    -0.02362911  -0.07178001    -0.02418163   0.00613351
 -0.02362911  -0.07178001    -0.00188253  -0.00158342     0.02418163  -0.00613351
 -0.02410569   0.00587120     0.02410569  -0.00587120    -0.02438257  -0.00087710
    2    4
 -0.00018981  -0.00101101     0.00895641   0.02763011     0.00977213  -0.00273902
  0.00895641   0.02763011    -0.00018981  -0.00101101    -0.00977213   0.00273902
 -0.00252933   0.00105676     0.00252933  -0.00105676     0.00042256  -0.00311964
    2    5
 -0.01305673  -0.00017031     0.00194485   0.00309769     0.00227712   0.00248226
  0.00194485   0.00309769    -0.01305673  -0.00017031    -0.00227712  -0.00248226
  0.00129270   0.00201674    -0.00129270  -0.00201674    -0.04429702  -0.00012261
    2    6
 -0.00536241   0.00051375    -0.00402915  -0.00020307     0.00022395   0.00734149
  0.00289593  -0.00058033     0.00047439  -0.00051145     0.00039634   0.00133623
  0.00026050   0.00121656     0.00112026  -0.00041101    -0.00287732  -0.00149523
    2    7
  0.00047439  -0.00051145     0.00289593  -0.00058033    -0.00039634  -0.00133623
 -0.00402915  -0.00020307    -0.00536241   0.00051375    -0.00022395  -0.00734149
 -0.00112026   0.00041101    -0.00026050  -0.00121656    -0.00287732  -0.00149523
    3    1
 -0.00188253  -0.00158342    -0.02362911  -0.07178001    -0.02410569   0.00587120
 -0.02362911  -0.07178001    -0.00188253  -0.00158342     0.02410569  -0.00587120
 -0.02418163   0.00613351     0.02418163  -0.00613351    -0.02438257  -0.00087710
    3    2
 -0.00188253   0.00158342    -0.02362911   0.07178001    -0.02410569  -0.00587120
 -0.02362911   0.07178001    -0.00188253   0.00158342     0.02410569   0.00587120
 -0.02418163  -0.00613351     0.02418163   0.00613351    -0.02438257   0.00087710
    3    3
  0.71275345   0.00000000    -0.01915179   0.00000000    -0.00226220   0.00000000
 -0.01915179   0.00000000     0.71275345   0.00000000     0.00226220   0.00000000
 -0.00226220   0.00000000     0.00226220   0.00000000     0.48403327   0.00000000
    3    4
 -0.05961210  -0.00030982     0.00179701  -0.00139011     0.00460835   0.00222913
  0.00179701  -0.00139011    -0.05961210  -0.00030982    -0.00460835  -0.00222913
  0.00394282   0.00032638    -0.00394282  -0.00032638    -0.10217300   0.00243472
    3    5
 -0.05961210   0.00030982     0.00179701   0.00139011     0.00460835  -0.00222913
  0.00179701   0.00139011    -0.05961210   0.00030982    -0.00460835   0.00222913
  0.00394282  -0.00032638    -0.00394282   0.00032638    -0.10217300  -0.00243472
    3    6
 -0.00760472   0.02340493    -0.01129933   0.03477576     0.00028923  -0.00089015
 -0.00045566   0.00140238    -0.06983494   0.21492985    -0.00005023   0.00015459
  0.00142444  -0.00438398     0.00009430  -0.00029022    -0.01235114   0.03801291
    3    7
 -0.06983494   0.21492985    -0.00045566   0.00140238     0.00005023  -0.00015459
 -0.01129933   0.03477576    -0.00760472   0.02340493    -0.00028923   0.00089015
 -0.00009430   0.00029022    -0.00142444   0.00438398    -0.01235114   0.03801291
    4    1
 -0.01305673  -0.00017031     0.00194485   0.00309769     0.00129270   0.00201674
  0.00194485   0.00309769    -0.01305673  -0.00017031    -0.00129270  -0.00201674
  0.00227712   0.00248226    -0.00227712  -0.00248226    -0.04429702  -0.00012261
    4    2
 -0.00018981   0.00101101     0.00895641  -0.02763011    -0.00252933  -0.00105676
  0.00895641  -0.02763011    -0.00018981   0.00101101     0.00252933   0.00105676
  0.00977213   0.00273902    -0.00977213  -0.00273902     0.00042256   0.00311964
    4    3
 -0.05961210   0.00030982     0.00179701   0.00139011     0.00394282  -0.00032638
  0.00179701   0.00139011    -0.05961210   0.00030982    -0.00394282   0.00032638
  0.00460835  -0.00222913    -0.00460835   0.00222913    -0.10217300  -0.00243472
    4    4
  0.08931174  -0.00000000    -0.00370805  -0.00000000    -0.00091470   0.00004490
 -0.00370805  -0.00000000     0.08931174  -0.00000000     0.00091470  -0.00004490
 -0.00091470  -0.00004490     0.00091470   0.00004490     0.26605787  -0.00000000
    4    5
  0.01021600   0.00038209    -0.00422625   0.01223529    -0.00950358  -0.00203637
 -0.00422625   0.01223529     0.01021600   0.00038209     0.00950358   0.00203637
 -0.00950358  -0.00203637     0.00950358   0.00203637    -0.02672256   0.00382596
    4    6
  0.00102331  -0.00424930     0.00054460  -0.00362981     0.00102644  -0.00044552
 -0.00084365   0.00268545     0.00079064  -0.00264462    -0.03727562  -0.01236947
 -0.00555667   0.00768622    -0.00208695  -0.00031262    -0.00035731   0.00670241
    4    7
  0.00079064  -0.00264462    -0.00084365   0.00268545     0.03727562   0.01236947
  0.00054460  -0.00362981     0.00102331  -0.00424930    -0.00102644   0.00044552
  0.00208695   0.00031262     0.00555667  -0.00768622    -0.00035731   0.00670241
    5    1
 -0.00018981  -0.00101101     0.00895641   0.02763011    -0.00252933   0.00105676
  0.00895641   0.02763011    -0.00018981  -0.00101101     0.00252933  -0.00105676
  0.00977213  -0.00273902    -0.00977213   0.00273902     0.00042256  -0.00311964
    5    2
 -0.01305673   0.00017031     0.00194485  -0.00309769     0.00129270  -0.00201674
  0.00194485  -0.00309769    -0.01305673   0.00017031    -0.00129270   0.00201674
  0.00227712  -0.00248226    -0.00227712   0.00248226    -0.04429702   0.00012261
    5    3
 -0.05961210  -0.00030982     0.00179701  -0.00139011     0.00394282   0.00032638
  0.00179701  -0.00139011    -0.05961210  -0.00030982    -0.00394282  -0.00032638
  0.00460835   0.00222913    -0.00460835  -0.00222913    -0.10217300   0.00243472
    5    4
  0.01021600  -0.00038209    -0.00422625  -0.01223529    -0.00950358   0.00203637
 -0.00422625  -0.01223529     0.01021600  -0.00038209     0.00950358  -0.00203637
 -0.00950358   0.00203637     0.00950358  -0.00203637    -0.02672256  -0.00382596
    5    5
  0.08931174   0.00000000    -0.00370805   0.00000000    -0.00091470  -0.00004490
 -0.00370805   0.00000000     0.08931174   0.00000000     0.00091470   0.00004490
 -0.00091470   0.00004490     0.00091470  -0.00004490     0.26605787   0.00000000
    5    6
  0.00166980  -0.00403925     0.00169296  -0.00325669    -0.00056854  -0.00096376
 -0.00089594   0.00266846     0.00091483  -0.00260427     0.03742720   0.01190294
 -0.00002240   0.00948441     0.00187213   0.00097376    -0.00365050   0.00563238
    5    7
  0.00091483  -0.00260427    -0.00089594   0.00266846    -0.03742720  -0.01190294
  0.00169296  -0.00325669     0.00166980  -0.00403925     0.00056854   0.00096376
 -0.00187213  -0.00097376     0.00002240  -0.00948441    -0.00365050   0.00563238
    6    1
  0.00403630  -0.00356758    -0.00200175   0.00217169    -0.00092583  -0.00083109
  0.00337901  -0.00220399    -0.00008316   0.00069261    -0.00066472   0.00099098
 -0.00449640  -0.00580776    -0.00110607  -0.00084807     0.00320667  -0.00048158
    6    2
 -0.00536241  -0.00051375     0.00289593   0.00058033     0.00026050  -0.00121656
 -0.00402915   0.00020307     0.00047439   0.00051145     0.00112026   0.00041101
  0.00022395  -0.00734149     0.00039634  -0.00133623    -0.00287732   0.00149523
    6    3
 -0.00760472  -0.02340493    -0.00045566  -0.00140238     0.00142444   0.00438398
 -0.01129933  -0.03477576    -0.06983494  -0.21492985     0.00009430   0.00029022
  0.00028923   0.00089015    -0.00005023  -0.00015459    -0.01235114  -0.03801291
    6    4
  0.00102331   0.00424930    -0.00084365  -0.00268545    -0.00555667  -0.00768622
  0.00054460   0.00362981     0.00079064   0.00264462    -0.00208695   0.00031262
  0.00102644   0.00044552    -0.03727562   0.01236947    -0.00035731  -0.00670241
    6    5
  0.00166980   0.00403925    -0.00089594  -0.00266846    -0.00002240  -0.00948441
  0.00169296   0.00325669     0.00091483   0.00260427     0.00187213  -0.00097376
 -0.00056854   0.00096376     0.03742720  -0.01190294    -0.00365050  -0.00563238
    6    6
  0.10353004   0.00000000     0.00217205   0.00000000    -0.00021792   0.00000000
  0.00217205   0.00000000     0.68462089   0.00000000    -0.00008477   0.00000000
 -0.00021792   0.00000000    -0.00008477   0.00000000     0.10219299   0.00000000
    6    7
 -0.00350273   0.00000000    -0.08320012   0.00000000    -0.00008561  -0.00000000
 -0.00962303   0.00000000    -0.00350273  -0.00000000    -0.00000369  -0.00000000
  0.00000369  -0.00000000     0.00008561  -0.00000000     0.00037481  -0.00000000
    7    1
 -0.00008316   0.00069261     0.00337901  -0.00220399     0.00066472  -0.00099098
 -0.00200175   0.00217169     0.00403630  -0.00356758     0.00092583   0.00083109
  0.00110607   0.00084807     0.00449640   0.00580776     0.00320667  -0.00048158
    7    2
  0.00047439   0.00051145    -0.00402915   0.00020307    -0.00112026  -0.00041101
  0.00289593   0.00058033    -0.00536241  -0.00051375    -0.00026050   0.00121656
 -0.00039634   0.00133623    -0.00022395   0.00734149    -0.00287732   0.00149523
    7    3
 -0.06983494  -0.21492985    -0.01129933  -0.03477576    -0.00009430  -0.00029022
 -0.00045566  -0.00140238    -0.00760472  -0.02340493    -0.00142444  -0.00438398
  0.00005023   0.00015459    -0.00028923  -0.00089015    -0.01235114  -0.03801291
    7    4
  0.00079064   0.00264462     0.00054460   0.00362981     0.00208695  -0.00031262
 -0.00084365  -0.00268545     0.00102331   0.00424930     0.00555667   0.00768622
  0.03727562  -0.01236947    -0.00102644  -0.00044552    -0.00035731  -0.00670241
    7    5
  0.00091483   0.00260427     0.00169296   0.00325669    -0.00187213   0.00097376
 -0.00089594  -0.00266846     0.00166980   0.00403925     0.00002240   0.00948441
 -0.03742720   0.01190294     0.00056854  -0.00096376    -0.00365050  -0.00563238
    7    6
 -0.00350273  -0.00000000    -0.00962303  -0.00000000     0.00000369   0.00000000
 -0.08320012  -0.00000000    -0.00350273  -0.00000000     0.00008561   0.00000000
 -0.00008561   0.00000000    -0.00000369   0.00000000     0.00037481  -0.00000000
    7    7
  0.68462089   0.00000000     0.00217205   0.00000000     0.00008477   0.00000000
  0.00217205   0.00000000     0.10353004   0.00000000     0.00021792   0.00000000
  0.00008477   0.00000000     0.00021792   0.00000000     0.10219299   0.00000000

     Dynamical  Matrix in cartesian axes

     q = (   -0.600000000  -0.400000000  -0.182159698 ) 

    1    1
  0.12371780   0.00000000    -0.00254410  -0.00000000     0.00000674  -0.00160600
 -0.00254410  -0.00000000     0.12371780   0.00000000    -0.00000674   0.00160600
  0.00000674   0.00160600    -0.00000674  -0.00160600     0.17015337   0.00000000
    1    2
 -0.00323078   0.00146257    -0.00712017  -0.02251611    -0.01276801   0.00492608
 -0.00712017  -0.02251611    -0.00323078   0.00146257     0.01276801  -0.00492608
 -0.01276801   0.00492608     0.01276801  -0.00492608     0.01265912  -0.01375641
    1    3
 -0.00188253  -0.00158342    -0.02362911  -0.07178001     0.02418163  -0.00613351
 -0.02362911  -0.07178001    -0.00188253  -0.00158342    -0.02418163   0.00613351
  0.02410569  -0.00587120    -0.02410569   0.00587120    -0.02438257  -0.00087710
    1    4
 -0.01305673  -0.00017031     0.00194485   0.00309769    -0.00227712  -0.00248226
  0.00194485   0.00309769    -0.01305673  -0.00017031     0.00227712   0.00248226
 -0.00129270  -0.00201674     0.00129270   0.00201674    -0.04429702  -0.00012261
    1    5
 -0.00018981  -0.00101101     0.00895641   0.02763011    -0.00977213   0.00273902
  0.00895641   0.02763011    -0.00018981  -0.00101101     0.00977213  -0.00273902
  0.00252933  -0.00105676    -0.00252933   0.00105676     0.00042256  -0.00311964
    1    6
 -0.00536241   0.00051375    -0.00402915  -0.00020307    -0.00022395  -0.00734149
  0.00289593  -0.00058033     0.00047439  -0.00051145    -0.00039634  -0.00133623
 -0.00026050  -0.00121656    -0.00112026   0.00041101    -0.00287732  -0.00149523
    1    7
  0.00047439  -0.00051145     0.00289593  -0.00058033     0.00039634   0.00133623
 -0.00402915  -0.00020307    -0.00536241   0.00051375     0.00022395   0.00734149
  0.00112026  -0.00041101     0.00026050   0.00121656    -0.00287732  -0.00149523
    2    1
 -0.00323078  -0.00146257    -0.00712017   0.02251611    -0.01276801  -0.00492608
 -0.00712017   0.02251611    -0.00323078  -0.00146257     0.01276801   0.00492608
 -0.01276801  -0.00492608     0.01276801   0.00492608     0.01265912   0.01375641
    2    2
  0.12371780   0.00000000    -0.00254410   0.00000000     0.00000674   0.00160600
 -0.00254410   0.00000000     0.12371780   0.00000000    -0.00000674  -0.00160600
  0.00000674  -0.00160600    -0.00000674   0.00160600     0.17015337  -0.00000000
    2    3
 -0.00188253   0.00158342    -0.02362911   0.07178001     0.02418163   0.00613351
 -0.02362911   0.07178001    -0.00188253   0.00158342    -0.02418163  -0.00613351
  0.02410569   0.00587120    -0.02410569  -0.00587120    -0.02438257   0.00087710
    2    4
 -0.00018981   0.00101101     0.00895641  -0.02763011    -0.00977213  -0.00273902
  0.00895641  -0.02763011    -0.00018981   0.00101101     0.00977213   0.00273902
  0.00252933   0.00105676    -0.00252933  -0.00105676     0.00042256   0.00311964
    2    5
 -0.01305673   0.00017031     0.00194485  -0.00309769    -0.00227712   0.00248226
  0.00194485  -0.00309769    -0.01305673   0.00017031     0.00227712  -0.00248226
 -0.00129270   0.00201674     0.00129270  -0.00201674    -0.04429702   0.00012261
    2    6
  0.00403630   0.00356758     0.00337901   0.00220399     0.00449640  -0.00580776
 -0.00200175  -0.00217169    -0.00008316  -0.00069261     0.00110607  -0.00084807
  0.00092583  -0.00083109     0.00066472   0.00099098     0.00320667   0.00048158
    2    7
 -0.00008316  -0.00069261    -0.00200175  -0.00217169    -0.00110607   0.00084807
  0.00337901   0.00220399     0.00403630   0.00356758    -0.00449640   0.00580776
 -0.00066472  -0.00099098    -0.00092583   0.00083109     0.00320667   0.00048158
    3    1
 -0.00188253   0.00158342    -0.02362911   0.07178001     0.02410569   0.00587120
 -0.02362911   0.07178001    -0.00188253   0.00158342    -0.02410569  -0.00587120
  0.02418163   0.00613351    -0.02418163  -0.00613351    -0.02438257   0.00087710
    3    2
 -0.00188253  -0.00158342    -0.02362911  -0.07178001     0.02410569  -0.00587120
 -0.02362911  -0.07178001    -0.00188253  -0.00158342    -0.02410569   0.00587120
  0.02418163  -0.00613351    -0.02418163   0.00613351    -0.02438257  -0.00087710
    3    3
  0.71275345   0.00000000    -0.01915179   0.00000000     0.00226220   0.00000000
 -0.01915179   0.00000000     0.71275345   0.00000000    -0.00226220   0.00000000
  0.00226220   0.00000000    -0.00226220   0.00000000     0.48403327   0.00000000
    3    4
 -0.05961210   0.00030982     0.00179701   0.00139011    -0.00460835   0.00222913
  0.00179701   0.00139011    -0.05961210   0.00030982     0.00460835  -0.00222913
 -0.00394282   0.00032638     0.00394282  -0.00032638    -0.10217300  -0.00243472
    3    5
 -0.05961210  -0.00030982     0.00179701  -0.00139011    -0.00460835  -0.00222913
  0.00179701  -0.00139011    -0.05961210  -0.00030982     0.00460835   0.00222913
 -0.00394282  -0.00032638     0.00394282   0.00032638    -0.10217300   0.00243472
    3    6
 -0.00760472   0.02340493    -0.01129933   0.03477576    -0.00028923   0.00089015
 -0.00045566   0.00140238    -0.06983494   0.21492985     0.00005023  -0.00015459
 -0.00142444   0.00438398    -0.00009430   0.00029022    -0.01235114   0.03801291
    3    7
 -0.06983494   0.21492985    -0.00045566   0.00140238    -0.00005023   0.00015459
 -0.01129933   0.03477576    -0.00760472   0.02340493     0.00028923  -0.00089015
  0.00009430  -0.00029022     0.00142444  -0.00438398    -0.01235114   0.03801291
    4    1
 -0.01305673   0.00017031     0.00194485  -0.00309769    -0.00129270   0.00201674
  0.00194485  -0.00309769    -0.01305673   0.00017031     0.00129270  -0.00201674
 -0.00227712   0.00248226     0.00227712  -0.00248226    -0.04429702   0.00012261
    4    2
 -0.00018981  -0.00101101     0.00895641   0.02763011     0.00252933  -0.00105676
  0.00895641   0.02763011    -0.00018981  -0.00101101    -0.00252933   0.00105676
 -0.00977213   0.00273902     0.00977213  -0.00273902     0.00042256  -0.00311964
    4    3
 -0.05961210  -0.00030982     0.00179701  -0.00139011    -0.00394282  -0.00032638
  0.00179701  -0.00139011    -0.05961210  -0.00030982     0.00394282   0.00032638
 -0.00460835  -0.00222913     0.00460835   0.00222913    -0.10217300   0.00243472
    4    4
  0.08931174   0.00000000    -0.00370805   0.00000000     0.00091470   0.00004490
 -0.00370805   0.00000000     0.08931174   0.00000000    -0.00091470  -0.00004490
  0.00091470  -0.00004490    -0.00091470   0.00004490     0.26605787   0.00000000
    4    5
  0.01021600  -0.00038209    -0.00422625  -0.01223529     0.00950358  -0.00203637
 -0.00422625  -0.01223529     0.01021600  -0.00038209    -0.00950358   0.00203637
  0.00950358  -0.00203637    -0.00950358   0.00203637    -0.02672256  -0.00382596
    4    6
  0.00166980  -0.00403925     0.00169296  -0.00325669     0.00056854   0.00096376
 -0.00089594   0.00266846     0.00091483  -0.00260427    -0.03742720  -0.01190294
  0.00002240  -0.00948441    -0.00187213  -0.00097376    -0.00365050   0.00563238
    4    7
  0.00091483  -0.00260427    -0.00089594   0.00266846     0.03742720   0.01190294
  0.00169296  -0.00325669     0.00166980  -0.00403925    -0.00056854  -0.00096376
  0.00187213   0.00097376    -0.00002240   0.00948441    -0.00365050   0.00563238
    5    1
 -0.00018981   0.00101101     0.00895641  -0.02763011     0.00252933   0.00105676
  0.00895641  -0.02763011    -0.00018981   0.00101101    -0.00252933  -0.00105676
 -0.00977213  -0.00273902     0.00977213   0.00273902     0.00042256   0.00311964
    5    2
 -0.01305673  -0.00017031     0.00194485   0.00309769    -0.00129270  -0.00201674
  0.00194485   0.00309769    -0.01305673  -0.00017031     0.00129270   0.00201674
 -0.00227712  -0.00248226     0.00227712   0.00248226    -0.04429702  -0.00012261
    5    3
 -0.05961210   0.00030982     0.00179701   0.00139011    -0.00394282   0.00032638
  0.00179701   0.00139011    -0.05961210   0.00030982     0.00394282  -0.00032638
 -0.00460835   0.00222913     0.00460835  -0.00222913    -0.10217300  -0.00243472
    5    4
  0.01021600   0.00038209    -0.00422625   0.01223529     0.00950358   0.00203637
 -0.00422625   0.01223529     0.01021600   0.00038209    -0.00950358  -0.00203637
  0.00950358   0.00203637    -0.00950358  -0.00203637    -0.02672256   0.00382596
    5    5
  0.08931174  -0.00000000    -0.00370805  -0.00000000     0.00091470  -0.00004490
 -0.00370805  -0.00000000     0.08931174  -0.00000000    -0.00091470   0.00004490
  0.00091470   0.00004490    -0.00091470  -0.00004490     0.26605787  -0.00000000
    5    6
  0.00102331  -0.00424930     0.00054460  -0.00362981    -0.00102644   0.00044552
 -0.00084365   0.00268545     0.00079064  -0.00264462     0.03727562   0.01236947
  0.00555667  -0.00768622     0.00208695   0.00031262    -0.00035731   0.00670241
    5    7
  0.00079064  -0.00264462    -0.00084365   0.00268545    -0.03727562  -0.01236947
  0.00054460  -0.00362981     0.00102331  -0.00424930     0.00102644  -0.00044552
 -0.00208695  -0.00031262    -0.00555667   0.00768622    -0.00035731   0.00670241
    6    1
 -0.00536241  -0.00051375     0.00289593   0.00058033    -0.00026050   0.00121656
 -0.00402915   0.00020307     0.00047439   0.00051145    -0.00112026  -0.00041101
 -0.00022395   0.00734149    -0.00039634   0.00133623    -0.00287732   0.00149523
    6    2
  0.00403630  -0.00356758    -0.00200175   0.00217169     0.00092583   0.00083109
  0.00337901  -0.00220399    -0.00008316   0.00069261     0.00066472  -0.00099098
  0.00449640   0.00580776     0.00110607   0.00084807     0.00320667  -0.00048158
    6    3
 -0.00760472  -0.02340493    -0.00045566  -0.00140238    -0.00142444  -0.00438398
 -0.01129933  -0.03477576    -0.06983494  -0.21492985    -0.00009430  -0.00029022
 -0.00028923  -0.00089015     0.00005023   0.00015459    -0.01235114  -0.03801291
    6    4
  0.00166980   0.00403925    -0.00089594  -0.00266846     0.00002240   0.00948441
  0.00169296   0.00325669     0.00091483   0.00260427    -0.00187213   0.00097376
  0.00056854  -0.00096376    -0.03742720   0.01190294    -0.00365050  -0.00563238
    6    5
  0.00102331   0.00424930    -0.00084365  -0.00268545     0.00555667   0.00768622
  0.00054460   0.00362981     0.00079064   0.00264462     0.00208695  -0.00031262
 -0.00102644  -0.00044552     0.03727562  -0.01236947    -0.00035731  -0.00670241
    6    6
  0.10353004   0.00000000     0.00217205   0.00000000     0.00021792   0.00000000
  0.00217205   0.00000000     0.68462089   0.00000000     0.00008477   0.00000000
  0.00021792   0.00000000     0.00008477   0.00000000     0.10219299   0.00000000
    6    7
 -0.00350273  -0.00000000    -0.08320012  -0.00000000     0.00008561   0.00000000
 -0.00962303   0.00000000    -0.00350273  -0.00000000     0.00000369  -0.00000000
 -0.00000369   0.00000000    -0.00008561   0.00000000     0.00037481  -0.00000000
    7    1
  0.00047439   0.00051145    -0.00402915   0.00020307     0.00112026   0.00041101
  0.00289593   0.00058033    -0.00536241  -0.00051375     0.00026050  -0.00121656
  0.00039634  -0.00133623     0.00022395  -0.00734149    -0.00287732   0.00149523
    7    2
 -0.00008316   0.00069261     0.00337901  -0.00220399    -0.00066472   0.00099098
 -0.00200175   0.00217169     0.00403630  -0.00356758    -0.00092583  -0.00083109
 -0.00110607  -0.00084807    -0.00449640  -0.00580776     0.00320667  -0.00048158
    7    3
 -0.06983494  -0.21492985    -0.01129933  -0.03477576     0.00009430   0.00029022
 -0.00045566  -0.00140238    -0.00760472  -0.02340493     0.00142444   0.00438398
 -0.00005023  -0.00015459     0.00028923   0.00089015    -0.01235114  -0.03801291
    7    4
  0.00091483   0.00260427     0.00169296   0.00325669     0.00187213  -0.00097376
 -0.00089594  -0.00266846     0.00166980   0.00403925    -0.00002240  -0.00948441
  0.03742720  -0.01190294    -0.00056854   0.00096376    -0.00365050  -0.00563238
    7    5
  0.00079064   0.00264462     0.00054460   0.00362981    -0.00208695   0.00031262
 -0.00084365  -0.00268545     0.00102331   0.00424930    -0.00555667  -0.00768622
 -0.03727562   0.01236947     0.00102644   0.00044552    -0.00035731  -0.00670241
    7    6
 -0.00350273  -0.00000000    -0.00962303   0.00000000    -0.00000369   0.00000000
 -0.08320012   0.00000000    -0.00350273  -0.00000000    -0.00008561  -0.00000000
  0.00008561   0.00000000     0.00000369  -0.00000000     0.00037481  -0.00000000
    7    7
  0.68462089   0.00000000     0.00217205   0.00000000    -0.00008477   0.00000000
  0.00217205   0.00000000     0.10353004   0.00000000    -0.00021792   0.00000000
 -0.00008477   0.00000000    -0.00021792   0.00000000     0.10219299   0.00000000

     Dynamical  Matrix in cartesian axes

     q = (    0.400000000  -0.600000000   0.182159698 ) 

    1    1
  0.12371780   0.00000000     0.00254410   0.00000000    -0.00000674  -0.00160600
  0.00254410   0.00000000     0.12371780   0.00000000    -0.00000674  -0.00160600
 -0.00000674   0.00160600    -0.00000674   0.00160600     0.17015337   0.00000000
    1    2
 -0.00323078  -0.00146257     0.00712017  -0.02251611     0.01276801   0.00492608
  0.00712017  -0.02251611    -0.00323078  -0.00146257     0.01276801   0.00492608
  0.01276801   0.00492608     0.01276801   0.00492608     0.01265912   0.01375641
    1    3
 -0.00188253   0.00158342     0.02362911  -0.07178001    -0.02418163  -0.00613351
  0.02362911  -0.07178001    -0.00188253   0.00158342    -0.02418163  -0.00613351
 -0.02410569  -0.00587120    -0.02410569  -0.00587120    -0.02438257   0.00087710
    1    4
 -0.01305673   0.00017031    -0.00194485   0.00309769     0.00227712  -0.00248226
 -0.00194485   0.00309769    -0.01305673   0.00017031     0.00227712  -0.00248226
  0.00129270  -0.00201674     0.00129270  -0.00201674    -0.04429702   0.00012261
    1    5
 -0.00018981   0.00101101    -0.00895641   0.02763011     0.00977213   0.00273902
 -0.00895641   0.02763011    -0.00018981   0.00101101     0.00977213   0.00273902
 -0.00252933  -0.00105676    -0.00252933  -0.00105676     0.00042256   0.00311964
    1    6
 -0.00536241  -0.00051375     0.00402915  -0.00020307     0.00022395  -0.00734149
 -0.00289593  -0.00058033     0.00047439   0.00051145    -0.00039634   0.00133623
  0.00026050  -0.00121656    -0.00112026  -0.00041101    -0.00287732   0.00149523
    1    7
 -0.00008316  -0.00069261     0.00200175   0.00217169     0.00110607  -0.00084807
 -0.00337901  -0.00220399     0.00403630   0.00356758    -0.00449640   0.00580776
  0.00066472   0.00099098    -0.00092583   0.00083109     0.00320667   0.00048158
    2    1
 -0.00323078   0.00146257     0.00712017   0.02251611     0.01276801  -0.00492608
  0.00712017   0.02251611    -0.00323078   0.00146257     0.01276801  -0.00492608
  0.01276801  -0.00492608     0.01276801  -0.00492608     0.01265912  -0.01375641
    2    2
  0.12371780   0.00000000     0.00254410   0.00000000    -0.00000674   0.00160600
  0.00254410   0.00000000     0.12371780   0.00000000    -0.00000674   0.00160600
 -0.00000674  -0.00160600    -0.00000674  -0.00160600     0.17015337   0.00000000
    2    3
 -0.00188253  -0.00158342     0.02362911   0.07178001    -0.02418163   0.00613351
  0.02362911   0.07178001    -0.00188253  -0.00158342    -0.02418163   0.00613351
 -0.02410569   0.00587120    -0.02410569   0.00587120    -0.02438257  -0.00087710
    2    4
 -0.00018981  -0.00101101    -0.00895641  -0.02763011     0.00977213  -0.00273902
 -0.00895641  -0.02763011    -0.00018981  -0.00101101     0.00977213  -0.00273902
 -0.00252933   0.00105676    -0.00252933   0.00105676     0.00042256  -0.00311964
    2    5
 -0.01305673  -0.00017031    -0.00194485  -0.00309769     0.00227712   0.00248226
 -0.00194485  -0.00309769    -0.01305673  -0.00017031     0.00227712   0.00248226
  0.00129270   0.00201674     0.00129270   0.00201674    -0.04429702  -0.00012261
    2    6
  0.00403630  -0.00356758    -0.00337901   0.00220399    -0.00449640  -0.00580776
  0.00200175  -0.00217169    -0.00008316   0.00069261     0.00110607   0.00084807
 -0.00092583  -0.00083109     0.00066472  -0.00099098     0.00320667  -0.00048158
    2    7
  0.00047439  -0.00051145    -0.00289593   0.00058033    -0.00039634  -0.00133623
  0.00402915   0.00020307    -0.00536241   0.00051375     0.00022395   0.00734149
 -0.00112026   0.00041101     0.00026050   0.00121656    -0.00287732  -0.00149523
    3    1
 -0.00188253  -0.00158342     0.02362911   0.07178001    -0.02410569   0.00587120
  0.02362911   0.07178001    -0.00188253  -0.00158342    -0.02410569   0.00587120
 -0.02418163   0.00613351    -0.02418163   0.00613351    -0.02438257  -0.00087710
    3    2
 -0.00188253   0.00158342     0.02362911  -0.07178001    -0.02410569  -0.00587120
  0.02362911  -0.07178001    -0.00188253   0.00158342    -0.02410569  -0.00587120
 -0.02418163  -0.00613351    -0.02418163  -0.00613351    -0.02438257   0.00087710
    3    3
  0.71275345   0.00000000     0.01915179   0.00000000    -0.00226220   0.00000000
  0.01915179   0.00000000     0.71275345   0.00000000    -0.00226220   0.00000000
 -0.00226220   0.00000000    -0.00226220   0.00000000     0.48403327   0.00000000
    3    4
 -0.05961210  -0.00030982    -0.00179701   0.00139011     0.00460835   0.00222913
 -0.00179701   0.00139011    -0.05961210  -0.00030982     0.00460835   0.00222913
  0.00394282   0.00032638     0.00394282   0.00032638    -0.10217300   0.00243472
    3    5
 -0.05961210   0.00030982    -0.00179701  -0.00139011     0.00460835  -0.00222913
 -0.00179701  -0.00139011    -0.05961210   0.00030982     0.00460835  -0.00222913
  0.00394282  -0.00032638     0.00394282  -0.00032638    -0.10217300  -0.00243472
    3    6
 -0.00760472  -0.02340493     0.01129933   0.03477576     0.00028923   0.00089015
  0.00045566   0.00140238    -0.06983494  -0.21492985     0.00005023   0.00015459
  0.00142444   0.00438398    -0.00009430  -0.00029022    -0.01235114  -0.03801291
    3    7
 -0.06983494   0.21492985     0.00045566  -0.00140238     0.00005023  -0.00015459
  0.01129933  -0.03477576    -0.00760472   0.02340493     0.00028923  -0.00089015
 -0.00009430   0.00029022     0.00142444  -0.00438398    -0.01235114   0.03801291
    4    1
 -0.01305673  -0.00017031    -0.00194485  -0.00309769     0.00129270   0.00201674
 -0.00194485  -0.00309769    -0.01305673  -0.00017031     0.00129270   0.00201674
  0.00227712   0.00248226     0.00227712   0.00248226    -0.04429702  -0.00012261
    4    2
 -0.00018981   0.00101101    -0.00895641   0.02763011    -0.00252933  -0.00105676
 -0.00895641   0.02763011    -0.00018981   0.00101101    -0.00252933  -0.00105676
  0.00977213   0.00273902     0.00977213   0.00273902     0.00042256   0.00311964
    4    3
 -0.05961210   0.00030982    -0.00179701  -0.00139011     0.00394282  -0.00032638
 -0.00179701  -0.00139011    -0.05961210   0.00030982     0.00394282  -0.00032638
  0.00460835  -0.00222913     0.00460835  -0.00222913    -0.10217300  -0.00243472
    4    4
  0.08931174  -0.00000000     0.00370805   0.00000000    -0.00091470   0.00004490
  0.00370805   0.00000000     0.08931174  -0.00000000    -0.00091470   0.00004490
 -0.00091470  -0.00004490    -0.00091470  -0.00004490     0.26605787   0.00000000
    4    5
  0.01021600   0.00038209     0.00422625  -0.01223529    -0.00950358  -0.00203637
  0.00422625  -0.01223529     0.01021600   0.00038209    -0.00950358  -0.00203637
 -0.00950358  -0.00203637    -0.00950358  -0.00203637    -0.02672256   0.00382596
    4    6
  0.00166980   0.00403925    -0.00169296  -0.00325669    -0.00056854   0.00096376
  0.00089594   0.00266846     0.00091483   0.00260427    -0.03742720   0.01190294
 -0.00002240  -0.00948441    -0.00187213   0.00097376    -0.00365050  -0.00563238
    4    7
  0.00079064  -0.00264462     0.00084365  -0.00268545     0.03727562   0.01236947
 -0.00054460   0.00362981     0.00102331  -0.00424930     0.00102644  -0.00044552
  0.00208695   0.00031262    -0.00555667   0.00768622    -0.00035731   0.00670241
    5    1
 -0.00018981  -0.00101101    -0.00895641  -0.02763011    -0.00252933   0.00105676
 -0.00895641  -0.02763011    -0.00018981  -0.00101101    -0.00252933   0.00105676
  0.00977213  -0.00273902     0.00977213  -0.00273902     0.00042256  -0.00311964
    5    2
 -0.01305673   0.00017031    -0.00194485   0.00309769     0.00129270  -0.00201674
 -0.00194485   0.00309769    -0.01305673   0.00017031     0.00129270  -0.00201674
  0.00227712  -0.00248226     0.00227712  -0.00248226    -0.04429702   0.00012261
    5    3
 -0.05961210  -0.00030982    -0.00179701   0.00139011     0.00394282   0.00032638
 -0.00179701   0.00139011    -0.05961210  -0.00030982     0.00394282   0.00032638
  0.00460835   0.00222913     0.00460835   0.00222913    -0.10217300   0.00243472
    5    4
  0.01021600  -0.00038209     0.00422625   0.01223529    -0.00950358   0.00203637
  0.00422625   0.01223529     0.01021600  -0.00038209    -0.00950358   0.00203637
 -0.00950358   0.00203637    -0.00950358   0.00203637    -0.02672256  -0.00382596
    5    5
  0.08931174   0.00000000     0.00370805  -0.00000000    -0.00091470  -0.00004490
  0.00370805  -0.00000000     0.08931174   0.00000000    -0.00091470  -0.00004490
 -0.00091470   0.00004490    -0.00091470   0.00004490     0.26605787   0.00000000
    5    6
  0.00102331   0.00424930    -0.00054460  -0.00362981     0.00102644   0.00044552
  0.00084365   0.00268545     0.00079064   0.00264462     0.03727562  -0.01236947
 -0.00555667  -0.00768622     0.00208695  -0.00031262    -0.00035731  -0.00670241
    5    7
  0.00091483  -0.00260427     0.00089594  -0.00266846    -0.03742720  -0.01190294
 -0.00169296   0.00325669     0.00166980  -0.00403925    -0.00056854  -0.00096376
 -0.00187213  -0.00097376    -0.00002240   0.00948441    -0.00365050   0.00563238
    6    1
 -0.00536241   0.00051375    -0.00289593   0.00058033     0.00026050   0.00121656
  0.00402915   0.00020307     0.00047439  -0.00051145    -0.00112026   0.00041101
  0.00022395   0.00734149    -0.00039634  -0.00133623    -0.00287732  -0.00149523
    6    2
  0.00403630   0.00356758     0.00200175   0.00217169    -0.00092583   0.00083109
 -0.00337901  -0.00220399    -0.00008316  -0.00069261     0.00066472   0.00099098
 -0.00449640   0.00580776     0.00110607  -0.00084807     0.00320667   0.00048158
    6    3
 -0.00760472   0.02340493     0.00045566  -0.00140238     0.00142444  -0.00438398
  0.01129933  -0.03477576    -0.06983494   0.21492985    -0.00009430   0.00029022
  0.00028923  -0.00089015     0.00005023  -0.00015459    -0.01235114   0.03801291
    6    4
  0.00166980  -0.00403925     0.00089594  -0.00266846    -0.00002240   0.00948441
 -0.00169296   0.00325669     0.00091483  -0.00260427    -0.00187213  -0.00097376
 -0.00056854  -0.00096376    -0.03742720  -0.01190294    -0.00365050   0.00563238
    6    5
  0.00102331  -0.00424930     0.00084365  -0.00268545    -0.00555667   0.00768622
 -0.00054460   0.00362981     0.00079064  -0.00264462     0.00208695   0.00031262
  0.00102644  -0.00044552     0.03727562   0.01236947    -0.00035731   0.00670241
    6    6
  0.10353004   0.00000000    -0.00217205   0.00000000    -0.00021792   0.00000000
 -0.00217205   0.00000000     0.68462089   0.00000000     0.00008477   0.00000000
 -0.00021792   0.00000000     0.00008477   0.00000000     0.10219299   0.00000000
    6    7
  0.00283377   0.00205885    -0.06731031  -0.04890380     0.00006926   0.00005032
 -0.00778520  -0.00565628     0.00283377   0.00205885    -0.00000299  -0.00000217
 -0.00000299  -0.00000217     0.00006926   0.00005032    -0.00030323  -0.00022031
    7    1
 -0.00008316   0.00069261    -0.00337901   0.00220399     0.00066472  -0.00099098
  0.00200175  -0.00217169     0.00403630  -0.00356758    -0.00092583  -0.00083109
  0.00110607   0.00084807    -0.00449640  -0.00580776     0.00320667  -0.00048158
    7    2
  0.00047439   0.00051145     0.00402915  -0.00020307    -0.00112026  -0.00041101
 -0.00289593  -0.00058033    -0.00536241  -0.00051375     0.00026050  -0.00121656
 -0.00039634   0.00133623     0.00022395  -0.00734149    -0.00287732   0.00149523
    7    3
 -0.06983494  -0.21492985     0.01129933   0.03477576    -0.00009430  -0.00029022
  0.00045566   0.00140238    -0.00760472  -0.02340493     0.00142444   0.00438398
  0.00005023   0.00015459     0.00028923   0.00089015    -0.01235114  -0.03801291
    7    4
  0.00079064   0.00264462    -0.00054460  -0.00362981     0.00208695  -0.00031262
  0.00084365   0.00268545     0.00102331   0.00424930    -0.00555667  -0.00768622
  0.03727562  -0.01236947     0.00102644   0.00044552    -0.00035731  -0.00670241
    7    5
  0.00091483   0.00260427    -0.00169296  -0.00325669    -0.00187213   0.00097376
  0.00089594   0.00266846     0.00166980   0.00403925    -0.00002240  -0.00948441
 -0.03742720   0.01190294    -0.00056854   0.00096376    -0.00365050  -0.00563238
    7    6
  0.00283377  -0.00205885    -0.00778520   0.00565628    -0.00000299   0.00000217
 -0.06731031   0.04890380     0.00283377  -0.00205885     0.00006926  -0.00005032
  0.00006926  -0.00005032    -0.00000299   0.00000217    -0.00030323   0.00022031
    7    7
  0.68462089   0.00000000    -0.00217205   0.00000000     0.00008477   0.00000000
 -0.00217205   0.00000000     0.10353004   0.00000000    -0.00021792   0.00000000
  0.00008477   0.00000000    -0.00021792   0.00000000     0.10219299   0.00000000

     Dynamical  Matrix in cartesian axes

     q = (    0.600000000   0.400000000  -0.182159698 ) 

    1    1
  0.12371780   0.00000000    -0.00254410  -0.00000000    -0.00000674   0.00160600
 -0.00254410  -0.00000000     0.12371780   0.00000000     0.00000674  -0.00160600
 -0.00000674  -0.00160600     0.00000674   0.00160600     0.17015337   0.00000000
    1    2
 -0.00323078   0.00146257    -0.00712017  -0.02251611     0.01276801  -0.00492608
 -0.00712017  -0.02251611    -0.00323078   0.00146257    -0.01276801   0.00492608
  0.01276801  -0.00492608    -0.01276801   0.00492608     0.01265912  -0.01375641
    1    3
 -0.00188253  -0.00158342    -0.02362911  -0.07178001    -0.02418163   0.00613351
 -0.02362911  -0.07178001    -0.00188253  -0.00158342     0.02418163  -0.00613351
 -0.02410569   0.00587120     0.02410569  -0.00587120    -0.02438257  -0.00087710
    1    4
 -0.01305673  -0.00017031     0.00194485   0.00309769     0.00227712   0.00248226
  0.00194485   0.00309769    -0.01305673  -0.00017031    -0.00227712  -0.00248226
  0.00129270   0.00201674    -0.00129270  -0.00201674    -0.04429702  -0.00012261
    1    5
 -0.00018981  -0.00101101     0.00895641   0.02763011     0.00977213  -0.00273902
  0.00895641   0.02763011    -0.00018981  -0.00101101    -0.00977213   0.00273902
 -0.00252933   0.00105676     0.00252933  -0.00105676     0.00042256  -0.00311964
    1    6
  0.00403630  -0.00356758     0.00337901  -0.00220399    -0.00449640  -0.00580776
 -0.00200175   0.00217169    -0.00008316   0.00069261    -0.00110607  -0.00084807
 -0.00092583  -0.00083109    -0.00066472   0.00099098     0.00320667  -0.00048158
    1    7
 -0.00008316   0.00069261    -0.00200175   0.00217169     0.00110607   0.00084807
  0.00337901  -0.00220399     0.00403630  -0.00356758     0.00449640   0.00580776
  0.00066472  -0.00099098     0.00092583   0.00083109     0.00320667  -0.00048158
    2    1
 -0.00323078  -0.00146257    -0.00712017   0.02251611     0.01276801   0.00492608
 -0.00712017   0.02251611    -0.00323078  -0.00146257    -0.01276801  -0.00492608
  0.01276801   0.00492608    -0.01276801  -0.00492608     0.01265912   0.01375641
    2    2
  0.12371780   0.00000000    -0.00254410   0.00000000    -0.00000674  -0.00160600
 -0.00254410   0.00000000     0.12371780   0.00000000     0.00000674   0.00160600
 -0.00000674   0.00160600     0.00000674  -0.00160600     0.17015337  -0.00000000
    2    3
 -0.00188253   0.00158342    -0.02362911   0.07178001    -0.02418163  -0.00613351
 -0.02362911   0.07178001    -0.00188253   0.00158342     0.02418163   0.00613351
 -0.02410569  -0.00587120     0.02410569   0.00587120    -0.02438257   0.00087710
    2    4
 -0.00018981   0.00101101     0.00895641  -0.02763011     0.00977213   0.00273902
  0.00895641  -0.02763011    -0.00018981   0.00101101    -0.00977213  -0.00273902
 -0.00252933  -0.00105676     0.00252933   0.00105676     0.00042256   0.00311964
    2    5
 -0.01305673   0.00017031     0.00194485  -0.00309769     0.00227712  -0.00248226
  0.00194485  -0.00309769    -0.01305673   0.00017031    -0.00227712   0.00248226
  0.00129270  -0.00201674    -0.00129270   0.00201674    -0.04429702   0.00012261
    2    6
 -0.00536241  -0.00051375    -0.00402915   0.00020307     0.00022395  -0.00734149
  0.00289593   0.00058033     0.00047439   0.00051145     0.00039634  -0.00133623
  0.00026050  -0.00121656     0.00112026   0.00041101    -0.00287732   0.00149523
    2    7
  0.00047439   0.00051145     0.00289593   0.00058033    -0.00039634   0.00133623
 -0.00402915   0.00020307    -0.00536241  -0.00051375    -0.00022395   0.00734149
 -0.00112026  -0.00041101    -0.00026050   0.00121656    -0.00287732   0.00149523
    3    1
 -0.00188253   0.00158342    -0.02362911   0.07178001    -0.02410569  -0.00587120
 -0.02362911   0.07178001    -0.00188253   0.00158342     0.02410569   0.00587120
 -0.02418163  -0.00613351     0.02418163   0.00613351    -0.02438257   0.00087710
    3    2
 -0.00188253  -0.00158342    -0.02362911  -0.07178001    -0.02410569   0.00587120
 -0.02362911  -0.07178001    -0.00188253  -0.00158342     0.02410569  -0.00587120
 -0.02418163   0.00613351     0.02418163  -0.00613351    -0.02438257  -0.00087710
    3    3
  0.71275345   0.00000000    -0.01915179   0.00000000    -0.00226220   0.00000000
 -0.01915179   0.00000000     0.71275345   0.00000000     0.00226220   0.00000000
 -0.00226220   0.00000000     0.00226220   0.00000000     0.48403327   0.00000000
    3    4
 -0.05961210   0.00030982     0.00179701   0.00139011     0.00460835  -0.00222913
  0.00179701   0.00139011    -0.05961210   0.00030982    -0.00460835   0.00222913
  0.00394282  -0.00032638    -0.00394282   0.00032638    -0.10217300  -0.00243472
    3    5
 -0.05961210  -0.00030982     0.00179701  -0.00139011     0.00460835   0.00222913
  0.00179701  -0.00139011    -0.05961210  -0.00030982    -0.00460835  -0.00222913
  0.00394282   0.00032638    -0.00394282  -0.00032638    -0.10217300   0.00243472
    3    6
 -0.00760472  -0.02340493    -0.01129933  -0.03477576     0.00028923   0.00089015
 -0.00045566  -0.00140238    -0.06983494  -0.21492985    -0.00005023  -0.00015459
  0.00142444   0.00438398     0.00009430   0.00029022    -0.01235114  -0.03801291
    3    7
 -0.06983494  -0.21492985    -0.00045566  -0.00140238     0.00005023   0.00015459
 -0.01129933  -0.03477576    -0.00760472  -0.02340493    -0.00028923  -0.00089015
 -0.00009430  -0.00029022    -0.00142444  -0.00438398    -0.01235114  -0.03801291
    4    1
 -0.01305673   0.00017031     0.00194485  -0.00309769     0.00129270  -0.00201674
  0.00194485  -0.00309769    -0.01305673   0.00017031    -0.00129270   0.00201674
  0.00227712  -0.00248226    -0.00227712   0.00248226    -0.04429702   0.00012261
    4    2
 -0.00018981  -0.00101101     0.00895641   0.02763011    -0.00252933   0.00105676
  0.00895641   0.02763011    -0.00018981  -0.00101101     0.00252933  -0.00105676
  0.00977213  -0.00273902    -0.00977213   0.00273902     0.00042256  -0.00311964
    4    3
 -0.05961210  -0.00030982     0.00179701  -0.00139011     0.00394282   0.00032638
  0.00179701  -0.00139011    -0.05961210  -0.00030982    -0.00394282  -0.00032638
  0.00460835   0.00222913    -0.00460835  -0.00222913    -0.10217300   0.00243472
    4    4
  0.08931174   0.00000000    -0.00370805   0.00000000    -0.00091470  -0.00004490
 -0.00370805   0.00000000     0.08931174   0.00000000     0.00091470   0.00004490
 -0.00091470   0.00004490     0.00091470  -0.00004490     0.26605787   0.00000000
    4    5
  0.01021600  -0.00038209    -0.00422625  -0.01223529    -0.00950358   0.00203637
 -0.00422625  -0.01223529     0.01021600  -0.00038209     0.00950358  -0.00203637
 -0.00950358   0.00203637     0.00950358  -0.00203637    -0.02672256  -0.00382596
    4    6
  0.00102331   0.00424930     0.00054460   0.00362981     0.00102644   0.00044552
 -0.00084365  -0.00268545     0.00079064   0.00264462    -0.03727562   0.01236947
 -0.00555667  -0.00768622    -0.00208695   0.00031262    -0.00035731  -0.00670241
    4    7
  0.00079064   0.00264462    -0.00084365  -0.00268545     0.03727562  -0.01236947
  0.00054460   0.00362981     0.00102331   0.00424930    -0.00102644  -0.00044552
  0.00208695  -0.00031262     0.00555667   0.00768622    -0.00035731  -0.00670241
    5    1
 -0.00018981   0.00101101     0.00895641  -0.02763011    -0.00252933  -0.00105676
  0.00895641  -0.02763011    -0.00018981   0.00101101     0.00252933   0.00105676
  0.00977213   0.00273902    -0.00977213  -0.00273902     0.00042256   0.00311964
    5    2
 -0.01305673  -0.00017031     0.00194485   0.00309769     0.00129270   0.00201674
  0.00194485   0.00309769    -0.01305673  -0.00017031    -0.00129270  -0.00201674
  0.00227712   0.00248226    -0.00227712  -0.00248226    -0.04429702  -0.00012261
    5    3
 -0.05961210   0.00030982     0.00179701   0.00139011     0.00394282  -0.00032638
  0.00179701   0.00139011    -0.05961210   0.00030982    -0.00394282   0.00032638
  0.00460835  -0.00222913    -0.00460835   0.00222913    -0.10217300  -0.00243472
    5    4
  0.01021600   0.00038209    -0.00422625   0.01223529    -0.00950358  -0.00203637
 -0.00422625   0.01223529     0.01021600   0.00038209     0.00950358   0.00203637
 -0.00950358  -0.00203637     0.00950358   0.00203637    -0.02672256   0.00382596
    5    5
  0.08931174  -0.00000000    -0.00370805  -0.00000000    -0.00091470   0.00004490
 -0.00370805  -0.00000000     0.08931174  -0.00000000     0.00091470  -0.00004490
 -0.00091470  -0.00004490     0.00091470   0.00004490     0.26605787  -0.00000000
    5    6
  0.00166980   0.00403925     0.00169296   0.00325669    -0.00056854   0.00096376
 -0.00089594  -0.00266846     0.00091483   0.00260427     0.03742720  -0.01190294
 -0.00002240  -0.00948441     0.00187213  -0.00097376    -0.00365050  -0.00563238
    5    7
  0.00091483   0.00260427    -0.00089594  -0.00266846    -0.03742720   0.01190294
  0.00169296   0.00325669     0.00166980   0.00403925     0.00056854  -0.00096376
 -0.00187213   0.00097376     0.00002240   0.00948441    -0.00365050  -0.00563238
    6    1
  0.00403630   0.00356758    -0.00200175  -0.00217169    -0.00092583   0.00083109
  0.00337901   0.00220399    -0.00008316  -0.00069261    -0.00066472  -0.00099098
 -0.00449640   0.00580776    -0.00110607   0.00084807     0.00320667   0.00048158
    6    2
 -0.00536241   0.00051375     0.00289593  -0.00058033     0.00026050   0.00121656
 -0.00402915  -0.00020307     0.00047439  -0.00051145     0.00112026  -0.00041101
  0.00022395   0.00734149     0.00039634   0.00133623    -0.00287732  -0.00149523
    6    3
 -0.00760472   0.02340493    -0.00045566   0.00140238     0.00142444  -0.00438398
 -0.01129933   0.03477576    -0.06983494   0.21492985     0.00009430  -0.00029022
  0.00028923  -0.00089015    -0.00005023   0.00015459    -0.01235114   0.03801291
    6    4
  0.00102331  -0.00424930    -0.00084365   0.00268545    -0.00555667   0.00768622
  0.00054460  -0.00362981     0.00079064  -0.00264462    -0.00208695  -0.00031262
  0.00102644  -0.00044552    -0.03727562  -0.01236947    -0.00035731   0.00670241
    6    5
  0.00166980  -0.00403925    -0.00089594   0.00266846    -0.00002240   0.00948441
  0.00169296  -0.00325669     0.00091483  -0.00260427     0.00187213   0.00097376
 -0.00056854  -0.00096376     0.03742720   0.01190294    -0.00365050   0.00563238
    6    6
  0.10353004   0.00000000     0.00217205   0.00000000    -0.00021792   0.00000000
  0.00217205   0.00000000     0.68462089   0.00000000    -0.00008477   0.00000000
 -0.00021792   0.00000000    -0.00008477   0.00000000     0.10219299   0.00000000
    6    7
 -0.00350273   0.00000000    -0.08320012   0.00000000    -0.00008561  -0.00000000
 -0.00962303   0.00000000    -0.00350273  -0.00000000    -0.00000369  -0.00000000
  0.00000369  -0.00000000     0.00008561  -0.00000000     0.00037481  -0.00000000
    7    1
 -0.00008316  -0.00069261     0.00337901   0.00220399     0.00066472   0.00099098
 -0.00200175  -0.00217169     0.00403630   0.00356758     0.00092583  -0.00083109
  0.00110607  -0.00084807     0.00449640  -0.00580776     0.00320667   0.00048158
    7    2
  0.00047439  -0.00051145    -0.00402915  -0.00020307    -0.00112026   0.00041101
  0.00289593  -0.00058033    -0.00536241   0.00051375    -0.00026050  -0.00121656
 -0.00039634  -0.00133623    -0.00022395  -0.00734149    -0.00287732  -0.00149523
    7    3
 -0.06983494   0.21492985    -0.01129933   0.03477576    -0.00009430   0.00029022
 -0.00045566   0.00140238    -0.00760472   0.02340493    -0.00142444   0.00438398
  0.00005023  -0.00015459    -0.00028923   0.00089015    -0.01235114   0.03801291
    7    4
  0.00079064  -0.00264462     0.00054460  -0.00362981     0.00208695   0.00031262
 -0.00084365   0.00268545     0.00102331  -0.00424930     0.00555667  -0.00768622
  0.03727562   0.01236947    -0.00102644   0.00044552    -0.00035731   0.00670241
    7    5
  0.00091483  -0.00260427     0.00169296  -0.00325669    -0.00187213  -0.00097376
 -0.00089594   0.00266846     0.00166980  -0.00403925     0.00002240  -0.00948441
 -0.03742720  -0.01190294     0.00056854   0.00096376    -0.00365050   0.00563238
    7    6
 -0.00350273  -0.00000000    -0.00962303  -0.00000000     0.00000369   0.00000000
 -0.08320012  -0.00000000    -0.00350273  -0.00000000     0.00008561   0.00000000
 -0.00008561   0.00000000    -0.00000369   0.00000000     0.00037481  -0.00000000
    7    7
  0.68462089   0.00000000     0.00217205   0.00000000     0.00008477   0.00000000
  0.00217205   0.00000000     0.10353004   0.00000000     0.00021792   0.00000000
  0.00008477   0.00000000     0.00021792   0.00000000     0.10219299   0.00000000

     Dynamical  Matrix in cartesian axes

     q = (   -0.400000000   0.600000000   0.182159698 ) 

    1    1
  0.12371780   0.00000000     0.00254410   0.00000000     0.00000674   0.00160600
  0.00254410   0.00000000     0.12371780   0.00000000     0.00000674   0.00160600
  0.00000674  -0.00160600     0.00000674  -0.00160600     0.17015337   0.00000000
    1    2
 -0.00323078  -0.00146257     0.00712017  -0.02251611    -0.01276801  -0.00492608
  0.00712017  -0.02251611    -0.00323078  -0.00146257    -0.01276801  -0.00492608
 -0.01276801  -0.00492608    -0.01276801  -0.00492608     0.01265912   0.01375641
    1    3
 -0.00188253   0.00158342     0.02362911  -0.07178001     0.02418163   0.00613351
  0.02362911  -0.07178001    -0.00188253   0.00158342     0.02418163   0.00613351
  0.02410569   0.00587120     0.02410569   0.00587120    -0.02438257   0.00087710
    1    4
 -0.01305673   0.00017031    -0.00194485   0.00309769    -0.00227712   0.00248226
 -0.00194485   0.00309769    -0.01305673   0.00017031    -0.00227712   0.00248226
 -0.00129270   0.00201674    -0.00129270   0.00201674    -0.04429702   0.00012261
    1    5
 -0.00018981   0.00101101    -0.00895641   0.02763011    -0.00977213  -0.00273902
 -0.00895641   0.02763011    -0.00018981   0.00101101    -0.00977213  -0.00273902
  0.00252933   0.00105676     0.00252933   0.00105676     0.00042256   0.00311964
    1    6
  0.00403630   0.00356758    -0.00337901  -0.00220399     0.00449640  -0.00580776
  0.00200175   0.00217169    -0.00008316  -0.00069261    -0.00110607   0.00084807
  0.00092583  -0.00083109    -0.00066472  -0.00099098     0.00320667   0.00048158
    1    7
  0.00047439   0.00051145    -0.00289593  -0.00058033     0.00039634  -0.00133623
  0.00402915  -0.00020307    -0.00536241  -0.00051375    -0.00022395   0.00734149
  0.00112026   0.00041101    -0.00026050   0.00121656    -0.00287732   0.00149523
    2    1
 -0.00323078   0.00146257     0.00712017   0.02251611    -0.01276801   0.00492608
  0.00712017   0.02251611    -0.00323078   0.00146257    -0.01276801   0.00492608
 -0.01276801   0.00492608    -0.01276801   0.00492608     0.01265912  -0.01375641
    2    2
  0.12371780   0.00000000     0.00254410   0.00000000     0.00000674  -0.00160600
  0.00254410   0.00000000     0.12371780   0.00000000     0.00000674  -0.00160600
  0.00000674   0.00160600     0.00000674   0.00160600     0.17015337   0.00000000
    2    3
 -0.00188253  -0.00158342     0.02362911   0.07178001     0.02418163  -0.00613351
  0.02362911   0.07178001    -0.00188253  -0.00158342     0.02418163  -0.00613351
  0.02410569  -0.00587120     0.02410569  -0.00587120    -0.02438257  -0.00087710
    2    4
 -0.00018981  -0.00101101    -0.00895641  -0.02763011    -0.00977213   0.00273902
 -0.00895641  -0.02763011    -0.00018981  -0.00101101    -0.00977213   0.00273902
  0.00252933  -0.00105676     0.00252933  -0.00105676     0.00042256  -0.00311964
    2    5
 -0.01305673  -0.00017031    -0.00194485  -0.00309769    -0.00227712  -0.00248226
 -0.00194485  -0.00309769    -0.01305673  -0.00017031    -0.00227712  -0.00248226
 -0.00129270  -0.00201674    -0.00129270  -0.00201674    -0.04429702  -0.00012261
    2    6
 -0.00536241   0.00051375     0.00402915   0.00020307    -0.00022395  -0.00734149
 -0.00289593   0.00058033     0.00047439  -0.00051145     0.00039634   0.00133623
 -0.00026050  -0.00121656     0.00112026  -0.00041101    -0.00287732  -0.00149523
    2    7
 -0.00008316   0.00069261     0.00200175  -0.00217169    -0.00110607  -0.00084807
 -0.00337901   0.00220399     0.00403630  -0.00356758     0.00449640   0.00580776
 -0.00066472   0.00099098     0.00092583   0.00083109     0.00320667  -0.00048158
    3    1
 -0.00188253  -0.00158342     0.02362911   0.07178001     0.02410569  -0.00587120
  0.02362911   0.07178001    -0.00188253  -0.00158342     0.02410569  -0.00587120
  0.02418163  -0.00613351     0.02418163  -0.00613351    -0.02438257  -0.00087710
    3    2
 -0.00188253   0.00158342     0.02362911  -0.07178001     0.02410569   0.00587120
  0.02362911  -0.07178001    -0.00188253   0.00158342     0.02410569   0.00587120
  0.02418163   0.00613351     0.02418163   0.00613351    -0.02438257   0.00087710
    3    3
  0.71275345   0.00000000     0.01915179   0.00000000     0.00226220   0.00000000
  0.01915179   0.00000000     0.71275345   0.00000000     0.00226220   0.00000000
  0.00226220   0.00000000     0.00226220   0.00000000     0.48403327   0.00000000
    3    4
 -0.05961210  -0.00030982    -0.00179701   0.00139011    -0.00460835  -0.00222913
 -0.00179701   0.00139011    -0.05961210  -0.00030982    -0.00460835  -0.00222913
 -0.00394282  -0.00032638    -0.00394282  -0.00032638    -0.10217300   0.00243472
    3    5
 -0.05961210   0.00030982    -0.00179701  -0.00139011    -0.00460835   0.00222913
 -0.00179701  -0.00139011    -0.05961210   0.00030982    -0.00460835   0.00222913
 -0.00394282   0.00032638    -0.00394282   0.00032638    -0.10217300  -0.00243472
    3    6
 -0.00760472   0.02340493     0.01129933  -0.03477576    -0.00028923   0.00089015
  0.00045566  -0.00140238    -0.06983494   0.21492985    -0.00005023   0.00015459
 -0.00142444   0.00438398     0.00009430  -0.00029022    -0.01235114   0.03801291
    3    7
 -0.06983494  -0.21492985     0.00045566   0.00140238    -0.00005023  -0.00015459
  0.01129933   0.03477576    -0.00760472  -0.02340493    -0.00028923  -0.00089015
  0.00009430   0.00029022    -0.00142444  -0.00438398    -0.01235114  -0.03801291
    4    1
 -0.01305673  -0.00017031    -0.00194485  -0.00309769    -0.00129270  -0.00201674
 -0.00194485  -0.00309769    -0.01305673  -0.00017031    -0.00129270  -0.00201674
 -0.00227712  -0.00248226    -0.00227712  -0.00248226    -0.04429702  -0.00012261
    4    2
 -0.00018981   0.00101101    -0.00895641   0.02763011     0.00252933   0.00105676
 -0.00895641   0.02763011    -0.00018981   0.00101101     0.00252933   0.00105676
 -0.00977213  -0.00273902    -0.00977213  -0.00273902     0.00042256   0.00311964
    4    3
 -0.05961210   0.00030982    -0.00179701  -0.00139011    -0.00394282   0.00032638
 -0.00179701  -0.00139011    -0.05961210   0.00030982    -0.00394282   0.00032638
 -0.00460835   0.00222913    -0.00460835   0.00222913    -0.10217300  -0.00243472
    4    4
  0.08931174  -0.00000000     0.00370805   0.00000000     0.00091470  -0.00004490
  0.00370805   0.00000000     0.08931174  -0.00000000     0.00091470  -0.00004490
  0.00091470   0.00004490     0.00091470   0.00004490     0.26605787   0.00000000
    4    5
  0.01021600   0.00038209     0.00422625  -0.01223529     0.00950358   0.00203637
  0.00422625  -0.01223529     0.01021600   0.00038209     0.00950358   0.00203637
  0.00950358   0.00203637     0.00950358   0.00203637    -0.02672256   0.00382596
    4    6
  0.00102331  -0.00424930    -0.00054460   0.00362981    -0.00102644   0.00044552
  0.00084365  -0.00268545     0.00079064  -0.00264462    -0.03727562  -0.01236947
  0.00555667  -0.00768622    -0.00208695  -0.00031262    -0.00035731   0.00670241
    4    7
  0.00091483   0.00260427     0.00089594   0.00266846     0.03742720  -0.01190294
 -0.00169296  -0.00325669     0.00166980   0.00403925     0.00056854  -0.00096376
  0.00187213  -0.00097376     0.00002240   0.00948441    -0.00365050  -0.00563238
    5    1
 -0.00018981  -0.00101101    -0.00895641  -0.02763011     0.00252933  -0.00105676
 -0.00895641  -0.02763011    -0.00018981  -0.00101101     0.00252933  -0.00105676
 -0.00977213   0.00273902    -0.00977213   0.00273902     0.00042256  -0.00311964
    5    2
 -0.01305673   0.00017031    -0.00194485   0.00309769    -0.00129270   0.00201674
 -0.00194485   0.00309769    -0.01305673   0.00017031    -0.00129270   0.00201674
 -0.00227712   0.00248226    -0.00227712   0.00248226    -0.04429702   0.00012261
    5    3
 -0.05961210  -0.00030982    -0.00179701   0.00139011    -0.00394282  -0.00032638
 -0.00179701   0.00139011    -0.05961210  -0.00030982    -0.00394282  -0.00032638
 -0.00460835  -0.00222913    -0.00460835  -0.00222913    -0.10217300   0.00243472
    5    4
  0.01021600  -0.00038209     0.00422625   0.01223529     0.00950358  -0.00203637
  0.00422625   0.01223529     0.01021600  -0.00038209     0.00950358  -0.00203637
  0.00950358  -0.00203637     0.00950358  -0.00203637    -0.02672256  -0.00382596
    5    5
  0.08931174   0.00000000     0.00370805  -0.00000000     0.00091470   0.00004490
  0.00370805  -0.00000000     0.08931174   0.00000000     0.00091470   0.00004490
  0.00091470  -0.00004490     0.00091470  -0.00004490     0.26605787   0.00000000
    5    6
  0.00166980  -0.00403925    -0.00169296   0.00325669     0.00056854   0.00096376
  0.00089594  -0.00266846     0.00091483  -0.00260427     0.03742720   0.01190294
  0.00002240  -0.00948441     0.00187213   0.00097376    -0.00365050   0.00563238
    5    7
  0.00079064   0.00264462     0.00084365   0.00268545    -0.03727562   0.01236947
 -0.00054460  -0.00362981     0.00102331   0.00424930    -0.00102644  -0.00044552
 -0.00208695   0.00031262     0.00555667   0.00768622    -0.00035731  -0.00670241
    6    1
  0.00403630  -0.00356758     0.00200175  -0.00217169     0.00092583   0.00083109
 -0.00337901   0.00220399    -0.00008316   0.00069261    -0.00066472   0.00099098
  0.00449640   0.00580776    -0.00110607  -0.00084807     0.00320667  -0.00048158
    6    2
 -0.00536241  -0.00051375    -0.00289593  -0.00058033    -0.00026050   0.00121656
  0.00402915  -0.00020307     0.00047439   0.00051145     0.00112026   0.00041101
 -0.00022395   0.00734149     0.00039634  -0.00133623    -0.00287732   0.00149523
    6    3
 -0.00760472  -0.02340493     0.00045566   0.00140238    -0.00142444  -0.00438398
  0.01129933   0.03477576    -0.06983494  -0.21492985     0.00009430   0.00029022
 -0.00028923  -0.00089015    -0.00005023  -0.00015459    -0.01235114  -0.03801291
    6    4
  0.00102331   0.00424930     0.00084365   0.00268545     0.00555667   0.00768622
 -0.00054460  -0.00362981     0.00079064   0.00264462    -0.00208695   0.00031262
 -0.00102644  -0.00044552    -0.03727562   0.01236947    -0.00035731  -0.00670241
    6    5
  0.00166980   0.00403925     0.00089594   0.00266846     0.00002240   0.00948441
 -0.00169296  -0.00325669     0.00091483   0.00260427     0.00187213  -0.00097376
  0.00056854  -0.00096376     0.03742720  -0.01190294    -0.00365050  -0.00563238
    6    6
  0.10353004   0.00000000    -0.00217205   0.00000000     0.00021792   0.00000000
 -0.00217205   0.00000000     0.68462089   0.00000000    -0.00008477   0.00000000
  0.00021792   0.00000000    -0.00008477   0.00000000     0.10219299   0.00000000
    6    7
  0.00283377  -0.00205885    -0.06731031   0.04890380    -0.00006926   0.00005032
 -0.00778520   0.00565628     0.00283377  -0.00205885     0.00000299  -0.00000217
  0.00000299  -0.00000217    -0.00006926   0.00005032    -0.00030323   0.00022031
    7    1
  0.00047439  -0.00051145     0.00402915   0.00020307     0.00112026  -0.00041101
 -0.00289593   0.00058033    -0.00536241   0.00051375    -0.00026050  -0.00121656
  0.00039634   0.00133623    -0.00022395  -0.00734149    -0.00287732  -0.00149523
    7    2
 -0.00008316  -0.00069261    -0.00337901  -0.00220399    -0.00066472  -0.00099098
  0.00200175   0.00217169     0.00403630   0.00356758     0.00092583  -0.00083109
 -0.00110607   0.00084807     0.00449640  -0.00580776     0.00320667   0.00048158
    7    3
 -0.06983494   0.21492985     0.01129933  -0.03477576     0.00009430  -0.00029022
  0.00045566  -0.00140238    -0.00760472   0.02340493    -0.00142444   0.00438398
 -0.00005023   0.00015459    -0.00028923   0.00089015    -0.01235114   0.03801291
    7    4
  0.00091483  -0.00260427    -0.00169296   0.00325669     0.00187213   0.00097376
  0.00089594  -0.00266846     0.00166980  -0.00403925     0.00002240  -0.00948441
  0.03742720   0.01190294     0.00056854   0.00096376    -0.00365050   0.00563238
    7    5
  0.00079064  -0.00264462    -0.00054460   0.00362981    -0.00208695  -0.00031262
  0.00084365  -0.00268545     0.00102331  -0.00424930     0.00555667  -0.00768622
 -0.03727562  -0.01236947    -0.00102644   0.00044552    -0.00035731   0.00670241
    7    6
  0.00283377   0.00205885    -0.00778520  -0.00565628     0.00000299   0.00000217
 -0.06731031  -0.04890380     0.00283377   0.00205885    -0.00006926  -0.00005032
 -0.00006926  -0.00005032     0.00000299   0.00000217    -0.00030323  -0.00022031
    7    7
  0.68462089   0.00000000    -0.00217205   0.00000000    -0.00008477   0.00000000
 -0.00217205   0.00000000     0.10353004   0.00000000     0.00021792   0.00000000
 -0.00008477   0.00000000     0.00021792   0.00000000     0.10219299   0.00000000

     Dynamical  Matrix in cartesian axes

     q = (   -0.400000000  -0.600000000   0.182159698 ) 

    1    1
  0.12371780   0.00000000    -0.00254410   0.00000000     0.00000674   0.00160600
 -0.00254410   0.00000000     0.12371780   0.00000000    -0.00000674  -0.00160600
  0.00000674  -0.00160600    -0.00000674   0.00160600     0.17015337  -0.00000000
    1    2
 -0.00323078  -0.00146257    -0.00712017   0.02251611    -0.01276801  -0.00492608
 -0.00712017   0.02251611    -0.00323078  -0.00146257     0.01276801   0.00492608
 -0.01276801  -0.00492608     0.01276801   0.00492608     0.01265912   0.01375641
    1    3
 -0.00188253   0.00158342    -0.02362911   0.07178001     0.02418163   0.00613351
 -0.02362911   0.07178001    -0.00188253   0.00158342    -0.02418163  -0.00613351
  0.02410569   0.00587120    -0.02410569  -0.00587120    -0.02438257   0.00087710
    1    4
 -0.01305673   0.00017031     0.00194485  -0.00309769    -0.00227712   0.00248226
  0.00194485  -0.00309769    -0.01305673   0.00017031     0.00227712  -0.00248226
 -0.00129270   0.00201674     0.00129270  -0.00201674    -0.04429702   0.00012261
    1    5
 -0.00018981   0.00101101     0.00895641  -0.02763011    -0.00977213  -0.00273902
  0.00895641  -0.02763011    -0.00018981   0.00101101     0.00977213   0.00273902
  0.00252933   0.00105676    -0.00252933  -0.00105676     0.00042256   0.00311964
    1    6
 -0.00536241  -0.00051375    -0.00402915   0.00020307    -0.00022395   0.00734149
  0.00289593   0.00058033     0.00047439   0.00051145    -0.00039634   0.00133623
 -0.00026050   0.00121656    -0.00112026  -0.00041101    -0.00287732   0.00149523
    1    7
  0.00047439   0.00051145     0.00289593   0.00058033     0.00039634  -0.00133623
 -0.00402915   0.00020307    -0.00536241  -0.00051375     0.00022395  -0.00734149
  0.00112026   0.00041101     0.00026050  -0.00121656    -0.00287732   0.00149523
    2    1
 -0.00323078   0.00146257    -0.00712017  -0.02251611    -0.01276801   0.00492608
 -0.00712017  -0.02251611    -0.00323078   0.00146257     0.01276801  -0.00492608
 -0.01276801   0.00492608     0.01276801  -0.00492608     0.01265912  -0.01375641
    2    2
  0.12371780   0.00000000    -0.00254410  -0.00000000     0.00000674  -0.00160600
 -0.00254410  -0.00000000     0.12371780   0.00000000    -0.00000674   0.00160600
  0.00000674   0.00160600    -0.00000674  -0.00160600     0.17015337   0.00000000
    2    3
 -0.00188253  -0.00158342    -0.02362911  -0.07178001     0.02418163  -0.00613351
 -0.02362911  -0.07178001    -0.00188253  -0.00158342    -0.02418163   0.00613351
  0.02410569  -0.00587120    -0.02410569   0.00587120    -0.02438257  -0.00087710
    2    4
 -0.00018981  -0.00101101     0.00895641   0.02763011    -0.00977213   0.00273902
  0.00895641   0.02763011    -0.00018981  -0.00101101     0.00977213  -0.00273902
  0.00252933  -0.00105676    -0.00252933   0.00105676     0.00042256  -0.00311964
    2    5
 -0.01305673  -0.00017031     0.00194485   0.00309769    -0.00227712  -0.00248226
  0.00194485   0.00309769    -0.01305673  -0.00017031     0.00227712   0.00248226
 -0.00129270  -0.00201674     0.00129270   0.00201674    -0.04429702  -0.00012261
    2    6
  0.00403630  -0.00356758     0.00337901  -0.00220399     0.00449640   0.00580776
 -0.00200175   0.00217169    -0.00008316   0.00069261     0.00110607   0.00084807
  0.00092583   0.00083109     0.00066472  -0.00099098     0.00320667  -0.00048158
    2    7
 -0.00008316   0.00069261    -0.00200175   0.00217169    -0.00110607  -0.00084807
  0.00337901  -0.00220399     0.00403630  -0.00356758    -0.00449640  -0.00580776
 -0.00066472   0.00099098    -0.00092583  -0.00083109     0.00320667  -0.00048158
    3    1
 -0.00188253  -0.00158342    -0.02362911  -0.07178001     0.02410569  -0.00587120
 -0.02362911  -0.07178001    -0.00188253  -0.00158342    -0.02410569   0.00587120
  0.02418163  -0.00613351    -0.02418163   0.00613351    -0.02438257  -0.00087710
    3    2
 -0.00188253   0.00158342    -0.02362911   0.07178001     0.02410569   0.00587120
 -0.02362911   0.07178001    -0.00188253   0.00158342    -0.02410569  -0.00587120
  0.02418163   0.00613351    -0.02418163  -0.00613351    -0.02438257   0.00087710
    3    3
  0.71275345   0.00000000    -0.01915179   0.00000000     0.00226220   0.00000000
 -0.01915179   0.00000000     0.71275345   0.00000000    -0.00226220   0.00000000
  0.00226220   0.00000000    -0.00226220   0.00000000     0.48403327   0.00000000
    3    4
 -0.05961210  -0.00030982     0.00179701  -0.00139011    -0.00460835  -0.00222913
  0.00179701  -0.00139011    -0.05961210  -0.00030982     0.00460835   0.00222913
 -0.00394282  -0.00032638     0.00394282   0.00032638    -0.10217300   0.00243472
    3    5
 -0.05961210   0.00030982     0.00179701   0.00139011    -0.00460835   0.00222913
  0.00179701   0.00139011    -0.05961210   0.00030982     0.00460835  -0.00222913
 -0.00394282   0.00032638     0.00394282  -0.00032638    -0.10217300  -0.00243472
    3    6
 -0.00760472  -0.02340493    -0.01129933  -0.03477576    -0.00028923  -0.00089015
 -0.00045566  -0.00140238    -0.06983494  -0.21492985     0.00005023   0.00015459
 -0.00142444  -0.00438398    -0.00009430  -0.00029022    -0.01235114  -0.03801291
    3    7
 -0.06983494  -0.21492985    -0.00045566  -0.00140238    -0.00005023  -0.00015459
 -0.01129933  -0.03477576    -0.00760472  -0.02340493     0.00028923   0.00089015
  0.00009430   0.00029022     0.00142444   0.00438398    -0.01235114  -0.03801291
    4    1
 -0.01305673  -0.00017031     0.00194485   0.00309769    -0.00129270  -0.00201674
  0.00194485   0.00309769    -0.01305673  -0.00017031     0.00129270   0.00201674
 -0.00227712  -0.00248226     0.00227712   0.00248226    -0.04429702  -0.00012261
    4    2
 -0.00018981   0.00101101     0.00895641  -0.02763011     0.00252933   0.00105676
  0.00895641  -0.02763011    -0.00018981   0.00101101    -0.00252933  -0.00105676
 -0.00977213  -0.00273902     0.00977213   0.00273902     0.00042256   0.00311964
    4    3
 -0.05961210   0.00030982     0.00179701   0.00139011    -0.00394282   0.00032638
  0.00179701   0.00139011    -0.05961210   0.00030982     0.00394282  -0.00032638
 -0.00460835   0.00222913     0.00460835  -0.00222913    -0.10217300  -0.00243472
    4    4
  0.08931174  -0.00000000    -0.00370805  -0.00000000     0.00091470  -0.00004490
 -0.00370805  -0.00000000     0.08931174  -0.00000000    -0.00091470   0.00004490
  0.00091470   0.00004490    -0.00091470  -0.00004490     0.26605787  -0.00000000
    4    5
  0.01021600   0.00038209    -0.00422625   0.01223529     0.00950358   0.00203637
 -0.00422625   0.01223529     0.01021600   0.00038209    -0.00950358  -0.00203637
  0.00950358   0.00203637    -0.00950358  -0.00203637    -0.02672256   0.00382596
    4    6
  0.00166980   0.00403925     0.00169296   0.00325669     0.00056854  -0.00096376
 -0.00089594  -0.00266846     0.00091483   0.00260427    -0.03742720   0.01190294
  0.00002240   0.00948441    -0.00187213   0.00097376    -0.00365050  -0.00563238
    4    7
  0.00091483   0.00260427    -0.00089594  -0.00266846     0.03742720  -0.01190294
  0.00169296   0.00325669     0.00166980   0.00403925    -0.00056854   0.00096376
  0.00187213  -0.00097376    -0.00002240  -0.00948441    -0.00365050  -0.00563238
    5    1
 -0.00018981  -0.00101101     0.00895641   0.02763011     0.00252933  -0.00105676
  0.00895641   0.02763011    -0.00018981  -0.00101101    -0.00252933   0.00105676
 -0.00977213   0.00273902     0.00977213  -0.00273902     0.00042256  -0.00311964
    5    2
 -0.01305673   0.00017031     0.00194485  -0.00309769    -0.00129270   0.00201674
  0.00194485  -0.00309769    -0.01305673   0.00017031     0.00129270  -0.00201674
 -0.00227712   0.00248226     0.00227712  -0.00248226    -0.04429702   0.00012261
    5    3
 -0.05961210  -0.00030982     0.00179701  -0.00139011    -0.00394282  -0.00032638
  0.00179701  -0.00139011    -0.05961210  -0.00030982     0.00394282   0.00032638
 -0.00460835  -0.00222913     0.00460835   0.00222913    -0.10217300   0.00243472
    5    4
  0.01021600  -0.00038209    -0.00422625  -0.01223529     0.00950358  -0.00203637
 -0.00422625  -0.01223529     0.01021600  -0.00038209    -0.00950358   0.00203637
  0.00950358  -0.00203637    -0.00950358   0.00203637    -0.02672256  -0.00382596
    5    5
  0.08931174   0.00000000    -0.00370805   0.00000000     0.00091470   0.00004490
 -0.00370805   0.00000000     0.08931174   0.00000000    -0.00091470  -0.00004490
  0.00091470  -0.00004490    -0.00091470   0.00004490     0.26605787   0.00000000
    5    6
  0.00102331   0.00424930     0.00054460   0.00362981    -0.00102644  -0.00044552
 -0.00084365  -0.00268545     0.00079064   0.00264462     0.03727562  -0.01236947
  0.00555667   0.00768622     0.00208695  -0.00031262    -0.00035731  -0.00670241
    5    7
  0.00079064   0.00264462    -0.00084365  -0.00268545    -0.03727562   0.01236947
  0.00054460   0.00362981     0.00102331   0.00424930     0.00102644   0.00044552
 -0.00208695   0.00031262    -0.00555667  -0.00768622    -0.00035731  -0.00670241
    6    1
 -0.00536241   0.00051375     0.00289593  -0.00058033    -0.00026050  -0.00121656
 -0.00402915  -0.00020307     0.00047439  -0.00051145    -0.00112026   0.00041101
 -0.00022395  -0.00734149    -0.00039634  -0.00133623    -0.00287732  -0.00149523
    6    2
  0.00403630   0.00356758    -0.00200175  -0.00217169     0.00092583  -0.00083109
  0.00337901   0.00220399    -0.00008316  -0.00069261     0.00066472   0.00099098
  0.00449640  -0.00580776     0.00110607  -0.00084807     0.00320667   0.00048158
    6    3
 -0.00760472   0.02340493    -0.00045566   0.00140238    -0.00142444   0.00438398
 -0.01129933   0.03477576    -0.06983494   0.21492985    -0.00009430   0.00029022
 -0.00028923   0.00089015     0.00005023  -0.00015459    -0.01235114   0.03801291
    6    4
  0.00166980  -0.00403925    -0.00089594   0.00266846     0.00002240  -0.00948441
  0.00169296  -0.00325669     0.00091483  -0.00260427    -0.00187213  -0.00097376
  0.00056854   0.00096376    -0.03742720  -0.01190294    -0.00365050   0.00563238
    6    5
  0.00102331  -0.00424930    -0.00084365   0.00268545     0.00555667  -0.00768622
  0.00054460  -0.00362981     0.00079064  -0.00264462     0.00208695   0.00031262
 -0.00102644   0.00044552     0.03727562   0.01236947    -0.00035731   0.00670241
    6    6
  0.10353004   0.00000000     0.00217205   0.00000000     0.00021792   0.00000000
  0.00217205   0.00000000     0.68462089   0.00000000     0.00008477   0.00000000
  0.00021792   0.00000000     0.00008477   0.00000000     0.10219299   0.00000000
    6    7
 -0.00350273  -0.00000000    -0.08320012  -0.00000000     0.00008561   0.00000000
 -0.00962303   0.00000000    -0.00350273  -0.00000000     0.00000369  -0.00000000
 -0.00000369   0.00000000    -0.00008561   0.00000000     0.00037481  -0.00000000
    7    1
  0.00047439  -0.00051145    -0.00402915  -0.00020307     0.00112026  -0.00041101
  0.00289593  -0.00058033    -0.00536241   0.00051375     0.00026050   0.00121656
  0.00039634   0.00133623     0.00022395   0.00734149    -0.00287732  -0.00149523
    7    2
 -0.00008316  -0.00069261     0.00337901   0.00220399    -0.00066472  -0.00099098
 -0.00200175  -0.00217169     0.00403630   0.00356758    -0.00092583   0.00083109
 -0.00110607   0.00084807    -0.00449640   0.00580776     0.00320667   0.00048158
    7    3
 -0.06983494   0.21492985    -0.01129933   0.03477576     0.00009430  -0.00029022
 -0.00045566   0.00140238    -0.00760472   0.02340493     0.00142444  -0.00438398
 -0.00005023   0.00015459     0.00028923  -0.00089015    -0.01235114   0.03801291
    7    4
  0.00091483  -0.00260427     0.00169296  -0.00325669     0.00187213   0.00097376
 -0.00089594   0.00266846     0.00166980  -0.00403925    -0.00002240   0.00948441
  0.03742720   0.01190294    -0.00056854  -0.00096376    -0.00365050   0.00563238
    7    5
  0.00079064  -0.00264462     0.00054460  -0.00362981    -0.00208695  -0.00031262
 -0.00084365   0.00268545     0.00102331  -0.00424930    -0.00555667   0.00768622
 -0.03727562  -0.01236947     0.00102644  -0.00044552    -0.00035731   0.00670241
    7    6
 -0.00350273  -0.00000000    -0.00962303   0.00000000    -0.00000369   0.00000000
 -0.08320012   0.00000000    -0.00350273  -0.00000000    -0.00008561  -0.00000000
  0.00008561   0.00000000     0.00000369  -0.00000000     0.00037481  -0.00000000
    7    7
  0.68462089   0.00000000     0.00217205   0.00000000    -0.00008477   0.00000000
  0.00217205   0.00000000     0.10353004   0.00000000    -0.00021792   0.00000000
 -0.00008477   0.00000000    -0.00021792   0.00000000     0.10219299   0.00000000

     Diagonalizing the dynamical matrix

     q = (    0.400000000  -0.600000000  -0.182159698 ) 

 **************************************************************************
     freq (    1) =       2.914760 [THz] =      97.225927 [cm-1]
 ( -0.023132 -0.248334 -0.023132 -0.248334 -0.009950  0.006715 ) 
 (  0.164681 -0.187310  0.164681 -0.187310  0.004103  0.011281 ) 
 (  0.000707 -0.002177  0.000707 -0.002177 -0.053240  0.163856 ) 
 (  0.295153  0.110988  0.295153  0.110988 -0.012019  0.070284 ) 
 ( -0.304021 -0.083695 -0.304021 -0.083695 -0.031588  0.063926 ) 
 ( -0.003997 -0.002904 -0.000930 -0.000676  0.320173  0.232619 ) 
 (  0.001150  0.000000  0.004941 -0.000000 -0.395755  0.000000 ) 
     freq (    2) =       3.038029 [THz] =     101.337746 [cm-1]
 ( -0.257880  0.163329  0.257880 -0.163329  0.000000 -0.000000 ) 
 (  0.112627  0.283714 -0.112627 -0.283714 -0.000000  0.000000 ) 
 ( -0.031784  0.097820  0.031784 -0.097820  0.000000  0.000000 ) 
 (  0.091549  0.008677 -0.091549 -0.008677  0.000000  0.000000 ) 
 ( -0.079165 -0.046791  0.079165  0.046791  0.000000  0.000000 ) 
 (  0.422687  0.307100 -0.036246 -0.026334 -0.085502 -0.062121 ) 
 ( -0.044802 -0.000000  0.522470  0.000000 -0.105686  0.000000 ) 
     freq (    3) =       3.361050 [THz] =     112.112570 [cm-1]
 ( -0.095431 -0.214324  0.095431  0.214324 -0.000000  0.000000 ) 
 (  0.203181 -0.117299 -0.203181  0.117299  0.000000  0.000000 ) 
 ( -0.016539  0.050902  0.016539 -0.050902 -0.000000  0.000000 ) 
 ( -0.295464 -0.074548  0.295464  0.074548 -0.000000  0.000000 ) 
 (  0.282854  0.113359 -0.282854 -0.113359  0.000000  0.000000 ) 
 (  0.258175  0.187575 -0.018110 -0.013158  0.254550  0.184941 ) 
 ( -0.022385 -0.000000  0.319122  0.000000  0.314641  0.000000 ) 
     freq (    4) =       3.577308 [THz] =     119.326153 [cm-1]
 ( -0.384103 -0.058521 -0.384103 -0.058521  0.241584  0.016178 ) 
 (  0.345144  0.178426  0.345144  0.178426 -0.204955 -0.128911 ) 
 (  0.027278 -0.083953  0.027278 -0.083953  0.024536 -0.075515 ) 
 ( -0.185852  0.005002 -0.185852  0.005002  0.072118 -0.047938 ) 
 (  0.147417  0.113288  0.147417  0.113288 -0.030167 -0.081172 ) 
 (  0.016436  0.011941 -0.022735 -0.016518 -0.182124 -0.132321 ) 
 (  0.028101 -0.000000 -0.020316  0.000000  0.225117  0.000000 ) 
     freq (    5) =       3.985855 [THz] =     132.953817 [cm-1]
 (  0.131743  0.001905 -0.131743 -0.001905 -0.000000 -0.000000 ) 
 ( -0.107702 -0.075896  0.107702  0.075896 -0.000000 -0.000000 ) 
 (  0.000744 -0.002288 -0.000744  0.002288 -0.000000 -0.000000 ) 
 (  0.067130  0.043039 -0.067130 -0.043039 -0.000000 -0.000000 ) 
 ( -0.079607 -0.004639  0.079607  0.004639 -0.000000 -0.000000 ) 
 (  0.540684  0.392830  0.001027  0.000746 -0.062145 -0.045151 ) 
 (  0.001270  0.000000  0.668322 -0.000000 -0.076815  0.000000 ) 
     freq (    6) =       4.224440 [THz] =     140.912165 [cm-1]
 (  0.137390 -0.119118  0.137390 -0.119118  0.336430 -0.425953 ) 
 ( -0.041135 -0.177124 -0.041135 -0.177124 -0.021808 -0.542352 ) 
 ( -0.023124  0.071167 -0.023124  0.071167  0.072952 -0.224523 ) 
 ( -0.039636 -0.029777 -0.039636 -0.029777  0.099814 -0.224546 ) 
 (  0.049569 -0.000792  0.049569 -0.000792  0.051234 -0.240330 ) 
 (  0.018081  0.013137  0.020195  0.014673 -0.160507 -0.116615 ) 
 ( -0.024963  0.000000 -0.022350 -0.000000  0.198397  0.000000 ) 
     freq (    7) =       4.604283 [THz] =     153.582358 [cm-1]
 ( -0.080493 -0.109132 -0.080493 -0.109132 -0.428054 -0.250799 ) 
 (  0.129267 -0.040977  0.129267 -0.040977  0.493719  0.048703 ) 
 (  0.000747 -0.002298  0.000747 -0.002298  0.035451 -0.109106 ) 
 ( -0.232660 -0.067179 -0.232660 -0.067179 -0.056948 -0.116313 ) 
 (  0.227712  0.082405  0.227712  0.082405  0.114439 -0.060626 ) 
 (  0.016970  0.012330 -0.002314 -0.001681 -0.223028 -0.162039 ) 
 (  0.002860  0.000000 -0.020976 -0.000000  0.275678  0.000000 ) 
     freq (    8) =       5.229817 [THz] =     174.447924 [cm-1]
 ( -0.085210  0.141940 -0.085210  0.141940 -0.031465 -0.209259 ) 
 ( -0.014494  0.164917 -0.014494  0.164917  0.148455 -0.150800 ) 
 ( -0.014179  0.043639 -0.014179  0.043639 -0.011627  0.035783 ) 
 (  0.237268  0.260714  0.237268  0.260714  0.006000  0.002640 ) 
 ( -0.345197  0.071459 -0.345197  0.071459 -0.006406 -0.001391 ) 
 (  0.005941  0.004316  0.009847  0.007154  0.312087  0.226745 ) 
 ( -0.012171  0.000000 -0.007343  0.000000 -0.385761  0.000000 ) 
     freq (    9) =       5.459085 [THz] =     182.095472 [cm-1]
 (  0.051558  0.127109 -0.051558 -0.127109  0.000000  0.000000 ) 
 ( -0.116424  0.072528  0.116424 -0.072528 -0.000000  0.000000 ) 
 ( -0.013889  0.042745  0.013889 -0.042745  0.000000 -0.000000 ) 
 ( -0.382735  0.080853  0.382735 -0.080853  0.000000 -0.000000 ) 
 (  0.262115  0.290377 -0.262115 -0.290377  0.000000 -0.000000 ) 
 ( -0.002140 -0.001555 -0.010543 -0.007660  0.317612  0.230759 ) 
 ( -0.013031  0.000000 -0.002645  0.000000  0.392590  0.000000 ) 
     freq (   10) =       6.871019 [THz] =     229.192525 [cm-1]
 ( -0.002742 -0.026837 -0.002742 -0.026837 -0.055222  0.155501 ) 
 (  0.017993 -0.020101  0.017993 -0.020101 -0.046725  0.158262 ) 
 ( -0.008887  0.027352 -0.008887  0.027352  0.162249 -0.499350 ) 
 (  0.265800  0.230624  0.265800  0.230624  0.104498 -0.268845 ) 
 ( -0.350594  0.030346 -0.350594  0.030346  0.073483 -0.278922 ) 
 (  0.008482  0.006162  0.006628  0.004815  0.032382  0.023527 ) 
 ( -0.008192 -0.000000 -0.010484 -0.000000 -0.040027  0.000000 ) 
     freq (   11) =       6.942181 [THz] =     231.566247 [cm-1]
 ( -0.016624  0.044467  0.016624 -0.044467  0.000000  0.000000 ) 
 ( -0.012688  0.045746  0.012688 -0.045746  0.000000  0.000000 ) 
 (  0.071060 -0.218700 -0.071060  0.218700 -0.000000 -0.000000 ) 
 (  0.004213 -0.431857 -0.004213  0.431857 -0.000000 -0.000000 ) 
 (  0.250430 -0.351856 -0.250430  0.351856 -0.000000 -0.000000 ) 
 (  0.088535  0.064325  0.073082  0.053097  0.179888  0.130696 ) 
 (  0.090334 -0.000000  0.109436  0.000000  0.222354  0.000000 ) 
     freq (   12) =       7.473573 [THz] =     249.291571 [cm-1]
 (  0.000814  0.026884  0.000814  0.026884 -0.009425 -0.057309 ) 
 ( -0.016461  0.021271 -0.016461  0.021271  0.041310 -0.040824 ) 
 (  0.077768 -0.239347  0.077768 -0.239347  0.025936 -0.079824 ) 
 (  0.236135 -0.377998  0.236135 -0.377998  0.016053 -0.007155 ) 
 (  0.031144 -0.444604  0.031144 -0.444604 -0.008781 -0.015224 ) 
 ( -0.000667 -0.000484 -0.063304 -0.045993  0.126904  0.092201 ) 
 (  0.078248  0.000000  0.000824  0.000000 -0.156861  0.000000 ) 
     freq (   13) =       9.678974 [THz] =     322.855835 [cm-1]
 (  0.053283  0.010497 -0.053283 -0.010497  0.000000 -0.000000 ) 
 ( -0.049277 -0.022827  0.049277  0.022827  0.000000 -0.000000 ) 
 ( -0.076042  0.234032  0.076042 -0.234032 -0.000000  0.000000 ) 
 (  0.187159 -0.381669 -0.187159  0.381669  0.000000  0.000000 ) 
 (  0.072924 -0.418786 -0.072924  0.418786 -0.000000  0.000000 ) 
 ( -0.058288 -0.042349 -0.102533 -0.074494  0.182515  0.132605 ) 
 ( -0.126738  0.000000 -0.072048  0.000000  0.225601  0.000000 ) 
     freq (   14) =      10.178136 [THz] =     339.506083 [cm-1]
 ( -0.044551  0.003993 -0.044551  0.003993 -0.001303  0.018497 ) 
 (  0.033695  0.029417  0.033695  0.029417 -0.009818  0.015730 ) 
 ( -0.069277  0.213214 -0.069277  0.213214  0.020494 -0.063073 ) 
 (  0.023763 -0.391781  0.023763 -0.391781 -0.028806  0.037153 ) 
 (  0.211058 -0.330925  0.211058 -0.330925  0.001466  0.046989 ) 
 (  0.181976  0.132213  0.062400  0.045336  0.223510  0.162389 ) 
 ( -0.077131  0.000000 -0.224935  0.000000 -0.276273  0.000000 ) 
     freq (   15) =      10.480285 [THz] =     349.584662 [cm-1]
 ( -0.013382 -0.008835  0.013382  0.008835  0.000000 -0.000000 ) 
 (  0.016019  0.000718 -0.016019 -0.000718 -0.000000  0.000000 ) 
 (  0.011074 -0.034083 -0.011074  0.034083 -0.000000 -0.000000 ) 
 (  0.270266  0.198366 -0.270266 -0.198366  0.000000  0.000000 ) 
 ( -0.335247  0.001623  0.335247 -0.001623 -0.000000  0.000000 ) 
 (  0.006896  0.005010  0.015732  0.011430  0.422679  0.307095 ) 
 (  0.019446  0.000000  0.008524 -0.000000  0.522460  0.000000 ) 
     freq (   16) =      10.710879 [THz] =     357.276467 [cm-1]
 (  0.017160 -0.009832  0.017160 -0.009832  0.010483  0.006217 ) 
 ( -0.008104 -0.018041 -0.008104 -0.018041 -0.012135 -0.001132 ) 
 (  0.016529 -0.050872  0.016529 -0.050872  0.024880 -0.076573 ) 
 ( -0.322559  0.040686 -0.322559  0.040686 -0.038482 -0.034198 ) 
 (  0.237040  0.222511  0.237040  0.222511  0.051233 -0.005048 ) 
 ( -0.094375 -0.068567 -0.015292 -0.011110  0.416429  0.302554 ) 
 (  0.018902 -0.000000  0.116654 -0.000000 -0.514735  0.000000 ) 
     freq (   17) =      11.737057 [THz] =     391.506086 [cm-1]
 ( -0.013956 -0.000508 -0.013956 -0.000508 -0.000907 -0.007868 ) 
 (  0.011589  0.007792  0.011589  0.007792  0.005358 -0.005832 ) 
 ( -0.016759  0.051579 -0.016759  0.051579  0.011457 -0.035261 ) 
 (  0.053654 -0.075160  0.053654 -0.075160 -0.019789  0.181793 ) 
 (  0.000771 -0.092343  0.000771 -0.092343 -0.090846  0.158705 ) 
 ( -0.538969 -0.391584  0.010304  0.007486 -0.030656 -0.022273 ) 
 ( -0.012736  0.000000  0.666202 -0.000000  0.037892  0.000000 ) 
     freq (   18) =      14.032904 [THz] =     468.087281 [cm-1]
 ( -0.005051  0.008092 -0.005051  0.008092 -0.012073  0.018378 ) 
 ( -0.000670  0.009516 -0.000670  0.009516 -0.001035  0.021964 ) 
 ( -0.006157  0.018950 -0.006157  0.018950 -0.034854  0.107269 ) 
 (  0.004871 -0.062752  0.004871 -0.062752  0.323073 -0.592310 ) 
 (  0.032944 -0.053631  0.032944 -0.053631  0.086780 -0.669086 ) 
 ( -0.135729 -0.098613  0.005027  0.003652  0.028725  0.020870 ) 
 ( -0.006213  0.000000  0.167770  0.000000 -0.035506  0.000000 ) 
     freq (   19) =      14.830552 [THz] =     494.693954 [cm-1]
 ( -0.005469  0.002966 -0.005469  0.002966  0.019066  0.007690 ) 
 (  0.002681  0.005614  0.002681  0.005614 -0.019944 -0.004986 ) 
 ( -0.001100  0.003386 -0.001100  0.003386 -0.006090  0.018742 ) 
 (  0.036551 -0.009139  0.036551 -0.009139 -0.628458 -0.312316 ) 
 ( -0.024199 -0.028877 -0.024199 -0.028877  0.692008  0.116729 ) 
 ( -0.047354 -0.034405 -0.005511 -0.004004 -0.017749 -0.012895 ) 
 (  0.006812  0.000000  0.058533  0.000000  0.021939  0.000000 ) 
     freq (   20) =      22.696452 [THz] =     757.072146 [cm-1]
 ( -0.000474  0.000123  0.000474 -0.000123 -0.000000 -0.000000 ) 
 (  0.000311  0.000378 -0.000311 -0.000378  0.000000  0.000000 ) 
 (  0.015626 -0.048093 -0.015626  0.048093  0.000000 -0.000000 ) 
 ( -0.004427  0.011523  0.004427 -0.011523  0.000000  0.000000 ) 
 ( -0.003192  0.011924  0.003192 -0.011924 -0.000000  0.000000 ) 
 (  0.000501  0.000364 -0.570421 -0.414435  0.000032  0.000024 ) 
 ( -0.705080 -0.000000  0.000619 -0.000000  0.000040  0.000000 ) 
     freq (   21) =      22.858740 [THz] =     762.485505 [cm-1]
 ( -0.000154  0.000075 -0.000154  0.000075 -0.000304 -0.000304 ) 
 (  0.000080  0.000151  0.000080  0.000151  0.000424 -0.000067 ) 
 (  0.011140 -0.034286  0.011140 -0.034286 -0.000036  0.000111 ) 
 ( -0.000077  0.002659 -0.000077  0.002659 -0.007069 -0.002858 ) 
 ( -0.001501  0.002196 -0.001501  0.002196  0.007399  0.001843 ) 
 ( -0.004997 -0.003630  0.571254  0.415040 -0.000152 -0.000111 ) 
 ( -0.706109  0.000000  0.006177 -0.000000  0.000188  0.000000 ) 
 **************************************************************************
