Dynamical matrix file
Sr2RuO4                                                                    
  3    7   7   7.3000120   0.0000000   3.2938131   0.0000000   0.0000000   0.0000000
           1  'Sr     '    79860.7445811805     
           2  'Ru     '    92119.6696509919     
           3  'O      '    14582.1964454954     
    1    1      0.0000000000      0.0000000000      1.1602701746
    2    1      0.0000000000      0.0000000000     -1.1602701746
    3    2      0.0000000000      0.0000000000      0.0000000000
    4    3      0.0000000000      0.0000000000      0.5380857149
    5    3      0.0000000000      0.0000000000     -0.5380857149
    6    3      0.0000000000     -0.5000000000      0.0000000000
    7    3      0.5000000000      0.0000000000      0.0000000000

     Dynamical  Matrix in cartesian axes

     q = (    0.600000000   0.000000000  -0.060719899 ) 

    1    1
  0.15545447   0.00000000     0.00000000   0.00000000    -0.00064598   0.00468936
  0.00000000   0.00000000     0.06254541   0.00000000    -0.00000000   0.00000000
 -0.00064598  -0.00468936    -0.00000000   0.00000000     0.18247263   0.00000000
    1    2
  0.00200387  -0.00536174     0.00000000   0.00000000     0.02921086   0.03950871
  0.00000000   0.00000000     0.00398113  -0.00403545    -0.00000000   0.00000000
  0.02921086   0.03950871    -0.00000000   0.00000000     0.00490510   0.01078944
    1    3
  0.00446224  -0.00239606     0.00000000   0.00000000    -0.05179302  -0.07628403
  0.00000000  -0.00000000     0.00551078  -0.00523647     0.00000000   0.00000000
 -0.04925250  -0.07145341     0.00000000   0.00000000    -0.02553548  -0.00088333
    1    4
 -0.02209309  -0.00057694     0.00000000   0.00000000     0.00643369   0.01701362
  0.00000000  -0.00000000    -0.00658731   0.00001190    -0.00000000   0.00000000
  0.00318661   0.01021678    -0.00000000   0.00000000    -0.04042860  -0.00096375
    1    5
  0.00640558  -0.00410412     0.00000000   0.00000000     0.01813211   0.02629445
  0.00000000   0.00000000     0.00086564  -0.00043503     0.00000000   0.00000000
 -0.00540807  -0.00700666     0.00000000   0.00000000     0.01616670  -0.01011298
    1    6
  0.00170436  -0.00290416     0.00000000   0.00000000     0.00266801   0.00513904
  0.00000000   0.00000000     0.00060705  -0.00026968     0.00000000   0.00000000
  0.00411032   0.00666009     0.00000000  -0.00000000     0.00940619  -0.00237549
    1    7
 -0.00290300  -0.00122255     0.00000000   0.00000000    -0.00367509   0.00361642
 -0.00000000   0.00000000     0.01173337   0.00852944     0.00000000   0.00000000
  0.00352479  -0.00167757     0.00000000  -0.00000000     0.00940027   0.00856388
    2    1
  0.00200387   0.00536174     0.00000000   0.00000000     0.02921086  -0.03950871
  0.00000000   0.00000000     0.00398113   0.00403545    -0.00000000   0.00000000
  0.02921086  -0.03950871    -0.00000000  -0.00000000     0.00490510  -0.01078944
    2    2
  0.15545447   0.00000000     0.00000000   0.00000000    -0.00064598  -0.00468936
  0.00000000   0.00000000     0.06254541   0.00000000    -0.00000000   0.00000000
 -0.00064598   0.00468936    -0.00000000   0.00000000     0.18247263   0.00000000
    2    3
  0.00446224   0.00239606     0.00000000  -0.00000000    -0.05179302   0.07628403
  0.00000000   0.00000000     0.00551078   0.00523647     0.00000000  -0.00000000
 -0.04925250   0.07145341     0.00000000  -0.00000000    -0.02553548   0.00088333
    2    4
  0.00640558   0.00410412     0.00000000   0.00000000     0.01813211  -0.02629445
  0.00000000   0.00000000     0.00086564   0.00043503     0.00000000   0.00000000
 -0.00540807   0.00700666     0.00000000   0.00000000     0.01616670   0.01011298
    2    5
 -0.02209309   0.00057694     0.00000000   0.00000000     0.00643369  -0.01701362
  0.00000000   0.00000000    -0.00658731  -0.00001190    -0.00000000  -0.00000000
  0.00318661  -0.01021678    -0.00000000   0.00000000    -0.04042860   0.00096375
    2    6
  0.00170436   0.00290416     0.00000000   0.00000000     0.00266801  -0.00513904
  0.00000000   0.00000000     0.00060705   0.00026968     0.00000000   0.00000000
  0.00411032  -0.00666009     0.00000000   0.00000000     0.00940619   0.00237549
    2    7
  0.00162998  -0.00269541     0.00000000   0.00000000     0.00509889   0.00076558
  0.00000000  -0.00000000    -0.00447902   0.01379716     0.00000000   0.00000000
 -0.00383766   0.00071464     0.00000000  -0.00000000    -0.00257126   0.01245366
    3    1
  0.00446224   0.00239606    -0.00000000   0.00000000    -0.04925250   0.07145341
 -0.00000000   0.00000000     0.00551078   0.00523647     0.00000000  -0.00000000
 -0.05179302   0.07628403     0.00000000  -0.00000000    -0.02553548   0.00088333
    3    2
  0.00446224  -0.00239606    -0.00000000  -0.00000000    -0.04925250  -0.07145341
 -0.00000000  -0.00000000     0.00551078  -0.00523647     0.00000000   0.00000000
 -0.05179302  -0.07628403     0.00000000   0.00000000    -0.02553548  -0.00088333
    3    3
  0.73787027   0.00000000     0.00000000   0.00000000    -0.00408457   0.00000000
  0.00000000   0.00000000     0.69853880   0.00000000    -0.00000000   0.00000000
 -0.00408457   0.00000000     0.00000000   0.00000000     0.46102407   0.00000000
    3    4
 -0.07116537   0.00097975     0.00000000   0.00000000     0.00832063  -0.01233593
  0.00000000   0.00000000    -0.06062630   0.00015245     0.00000000  -0.00000000
  0.00829597  -0.02075284     0.00000000   0.00000000    -0.11822423  -0.00452031
    3    5
 -0.07116537  -0.00097975     0.00000000   0.00000000     0.00832063   0.01233593
  0.00000000   0.00000000    -0.06062630  -0.00015245     0.00000000   0.00000000
  0.00829597   0.02075284     0.00000000   0.00000000    -0.11822423   0.00452031
    3    6
 -0.06746807   0.00000000    -0.00000000   0.00000000     0.00077368   0.00000000
 -0.00000000   0.00000000    -0.42059887   0.00000000     0.00000000   0.00000000
  0.00391540   0.00000000     0.00000000   0.00000000    -0.06919434   0.00000000
    3    7
 -0.06965652  -0.21438072     0.00000000   0.00000000     0.00008888   0.00027356
  0.00000000   0.00000000    -0.00587666  -0.01808651    -0.00000000   0.00000000
 -0.00040219  -0.00123780     0.00000000   0.00000000    -0.01412587  -0.04347495
    4    1
 -0.02209309   0.00057694    -0.00000000   0.00000000     0.00318661  -0.01021678
  0.00000000   0.00000000    -0.00658731  -0.00001190    -0.00000000   0.00000000
  0.00643369  -0.01701362     0.00000000  -0.00000000    -0.04042860   0.00096375
    4    2
  0.00640558  -0.00410412     0.00000000   0.00000000    -0.00540807  -0.00700666
  0.00000000   0.00000000     0.00086564  -0.00043503    -0.00000000   0.00000000
  0.01813211   0.02629445     0.00000000   0.00000000     0.01616670  -0.01011298
    4    3
 -0.07116537  -0.00097975     0.00000000   0.00000000     0.00829597   0.02075284
  0.00000000   0.00000000    -0.06062630  -0.00015245     0.00000000   0.00000000
  0.00832063   0.01233593     0.00000000   0.00000000    -0.11822423   0.00452031
    4    4
  0.11665703   0.00000000     0.00000000   0.00000000    -0.00241434  -0.00670210
  0.00000000   0.00000000     0.07720179   0.00000000     0.00000000   0.00000000
 -0.00241434   0.00670210     0.00000000   0.00000000     0.28119846   0.00000000
    4    5
  0.01185298   0.00029374     0.00000000  -0.00000000    -0.01877995  -0.02768599
  0.00000000  -0.00000000     0.01330005  -0.00117342    -0.00000000   0.00000000
 -0.01877995  -0.02768599    -0.00000000   0.00000000    -0.01729510  -0.00697302
    4    6
  0.01482445   0.00035869     0.00000000   0.00000000    -0.00142908  -0.00543983
  0.00000000   0.00000000    -0.00683100  -0.00000460     0.00000000  -0.00000000
 -0.00714285  -0.00656130     0.00000000   0.00000000    -0.01410261  -0.00201625
    4    7
  0.00121917   0.00168174     0.00000000   0.00000000     0.04582156  -0.01549512
  0.00000000  -0.00000000    -0.00018241   0.00096496     0.00000000   0.00000000
 -0.00831956   0.00407377     0.00000000   0.00000000     0.00383695   0.00062294
    5    1
  0.00640558   0.00410412     0.00000000   0.00000000    -0.00540807   0.00700666
  0.00000000   0.00000000     0.00086564   0.00043503    -0.00000000  -0.00000000
  0.01813211  -0.02629445     0.00000000  -0.00000000     0.01616670   0.01011298
    5    2
 -0.02209309  -0.00057694    -0.00000000   0.00000000     0.00318661   0.01021678
  0.00000000   0.00000000    -0.00658731   0.00001190    -0.00000000   0.00000000
  0.00643369   0.01701362     0.00000000   0.00000000    -0.04042860  -0.00096375
    5    3
 -0.07116537   0.00097975     0.00000000   0.00000000     0.00829597  -0.02075284
  0.00000000   0.00000000    -0.06062630   0.00015245     0.00000000  -0.00000000
  0.00832063  -0.01233593     0.00000000  -0.00000000    -0.11822423  -0.00452031
    5    4
  0.01185298  -0.00029374     0.00000000   0.00000000    -0.01877995   0.02768599
  0.00000000   0.00000000     0.01330005   0.00117342    -0.00000000  -0.00000000
 -0.01877995   0.02768599    -0.00000000  -0.00000000    -0.01729510   0.00697302
    5    5
  0.11665703   0.00000000     0.00000000   0.00000000    -0.00241434   0.00670210
  0.00000000   0.00000000     0.07720179   0.00000000     0.00000000   0.00000000
 -0.00241434  -0.00670210     0.00000000   0.00000000     0.28119846   0.00000000
    5    6
  0.01482445  -0.00035869     0.00000000   0.00000000    -0.00142908   0.00543983
  0.00000000   0.00000000    -0.00683100   0.00000460     0.00000000   0.00000000
 -0.00714285   0.00656130     0.00000000   0.00000000    -0.01410261   0.00201625
    5    7
  0.00000218   0.00207717     0.00000000   0.00000000    -0.04617822   0.01439742
  0.00000000  -0.00000000     0.00071476   0.00067345     0.00000000   0.00000000
  0.00912517  -0.00159437     0.00000000   0.00000000    -0.00273800   0.00275928
    6    1
  0.00170436   0.00290416     0.00000000   0.00000000     0.00411032  -0.00666009
  0.00000000  -0.00000000     0.00060705   0.00026968    -0.00000000   0.00000000
  0.00266801  -0.00513904     0.00000000   0.00000000     0.00940619   0.00237549
    6    2
  0.00170436  -0.00290416     0.00000000   0.00000000     0.00411032   0.00666009
  0.00000000   0.00000000     0.00060705  -0.00026968    -0.00000000  -0.00000000
  0.00266801   0.00513904     0.00000000   0.00000000     0.00940619  -0.00237549
    6    3
 -0.06746807   0.00000000     0.00000000   0.00000000     0.00391540   0.00000000
 -0.00000000   0.00000000    -0.42059887   0.00000000    -0.00000000   0.00000000
  0.00077368   0.00000000     0.00000000   0.00000000    -0.06919434   0.00000000
    6    4
  0.01482445  -0.00035869     0.00000000   0.00000000    -0.00714285   0.00656130
  0.00000000  -0.00000000    -0.00683100   0.00000460    -0.00000000  -0.00000000
 -0.00142908   0.00543983     0.00000000  -0.00000000    -0.01410261   0.00201625
    6    5
  0.01482445   0.00035869     0.00000000   0.00000000    -0.00714285  -0.00656130
  0.00000000   0.00000000    -0.00683100  -0.00000460    -0.00000000   0.00000000
 -0.00142908  -0.00543983     0.00000000   0.00000000    -0.01410261  -0.00201625
    6    6
  0.12108087   0.00000000    -0.00000000   0.00000000    -0.00059087   0.00000000
 -0.00000000   0.00000000     0.48526503   0.00000000     0.00000000   0.00000000
 -0.00059087   0.00000000     0.00000000   0.00000000     0.10676335   0.00000000
    6    7
 -0.00385474  -0.01186368    -0.00000000  -0.00000000    -0.00003792  -0.00011671
  0.00000000   0.00000000    -0.00569241  -0.01751945     0.00000000  -0.00000000
  0.00013378   0.00041172     0.00000000   0.00000000     0.00155372   0.00478185
    7    1
 -0.00290300   0.00122255     0.00000000   0.00000000     0.00352479   0.00167757
  0.00000000   0.00000000     0.01173337  -0.00852944     0.00000000   0.00000000
 -0.00367509  -0.00361642    -0.00000000   0.00000000     0.00940027  -0.00856388
    7    2
  0.00162998   0.00269541     0.00000000   0.00000000    -0.00383766  -0.00071464
  0.00000000   0.00000000    -0.00447902  -0.01379716    -0.00000000   0.00000000
  0.00509889  -0.00076558    -0.00000000   0.00000000    -0.00257126  -0.01245366
    7    3
 -0.06965652   0.21438072     0.00000000   0.00000000    -0.00040219   0.00123780
  0.00000000   0.00000000    -0.00587666   0.01808651     0.00000000  -0.00000000
  0.00008888  -0.00027356     0.00000000   0.00000000    -0.01412587   0.04347495
    7    4
  0.00121917  -0.00168174    -0.00000000   0.00000000    -0.00831956  -0.00407377
 -0.00000000  -0.00000000    -0.00018241  -0.00096496     0.00000000   0.00000000
  0.04582156   0.01549512     0.00000000  -0.00000000     0.00383695  -0.00062294
    7    5
  0.00000218  -0.00207717     0.00000000   0.00000000     0.00912517   0.00159437
  0.00000000   0.00000000     0.00071476  -0.00067345    -0.00000000  -0.00000000
 -0.04617822  -0.01439742     0.00000000   0.00000000    -0.00273800  -0.00275928
    7    6
 -0.00385474   0.01186368     0.00000000   0.00000000     0.00013378  -0.00041172
  0.00000000   0.00000000    -0.00569241   0.01751945     0.00000000  -0.00000000
 -0.00003792   0.00011671     0.00000000  -0.00000000     0.00155372  -0.00478185
    7    7
  0.70515215   0.00000000     0.00000000   0.00000000     0.00018398   0.00000000
  0.00000000   0.00000000     0.08904265   0.00000000    -0.00000000   0.00000000
  0.00018398   0.00000000    -0.00000000   0.00000000     0.10490068   0.00000000

     Dynamical  Matrix in cartesian axes

     q = (   -0.600000000   0.000000000  -0.060719899 ) 

    1    1
  0.15545447   0.00000000     0.00000000   0.00000000     0.00064598  -0.00468936
  0.00000000   0.00000000     0.06254541   0.00000000     0.00000000   0.00000000
  0.00064598   0.00468936     0.00000000   0.00000000     0.18247263   0.00000000
    1    2
  0.00200387  -0.00536174     0.00000000   0.00000000    -0.02921086  -0.03950871
 -0.00000000   0.00000000     0.00398113  -0.00403545     0.00000000   0.00000000
 -0.02921086  -0.03950871    -0.00000000   0.00000000     0.00490510   0.01078944
    1    3
  0.00446224  -0.00239606     0.00000000   0.00000000     0.05179302   0.07628403
 -0.00000000   0.00000000     0.00551078  -0.00523647     0.00000000   0.00000000
  0.04925250   0.07145341     0.00000000   0.00000000    -0.02553548  -0.00088333
    1    4
 -0.02209309  -0.00057694     0.00000000   0.00000000    -0.00643369  -0.01701362
  0.00000000   0.00000000    -0.00658731   0.00001190     0.00000000   0.00000000
 -0.00318661  -0.01021678     0.00000000  -0.00000000    -0.04042860  -0.00096375
    1    5
  0.00640558  -0.00410412     0.00000000  -0.00000000    -0.01813211  -0.02629445
  0.00000000  -0.00000000     0.00086564  -0.00043503    -0.00000000   0.00000000
  0.00540807   0.00700666     0.00000000   0.00000000     0.01616670  -0.01011298
    1    6
  0.00170436  -0.00290416     0.00000000   0.00000000    -0.00266801  -0.00513904
  0.00000000   0.00000000     0.00060705  -0.00026968     0.00000000  -0.00000000
 -0.00411032  -0.00666009     0.00000000  -0.00000000     0.00940619  -0.00237549
    1    7
  0.00162998   0.00269541     0.00000000  -0.00000000    -0.00509889   0.00076558
  0.00000000  -0.00000000    -0.00447902  -0.01379716    -0.00000000   0.00000000
  0.00383766   0.00071464    -0.00000000   0.00000000    -0.00257126  -0.01245366
    2    1
  0.00200387   0.00536174     0.00000000   0.00000000    -0.02921086   0.03950871
 -0.00000000   0.00000000     0.00398113   0.00403545     0.00000000   0.00000000
 -0.02921086   0.03950871    -0.00000000   0.00000000     0.00490510  -0.01078944
    2    2
  0.15545447   0.00000000     0.00000000   0.00000000     0.00064598   0.00468936
  0.00000000   0.00000000     0.06254541   0.00000000     0.00000000   0.00000000
  0.00064598  -0.00468936     0.00000000   0.00000000     0.18247263   0.00000000
    2    3
  0.00446224   0.00239606     0.00000000   0.00000000     0.05179302  -0.07628403
 -0.00000000  -0.00000000     0.00551078   0.00523647     0.00000000  -0.00000000
  0.04925250  -0.07145341     0.00000000  -0.00000000    -0.02553548   0.00088333
    2    4
  0.00640558   0.00410412     0.00000000   0.00000000    -0.01813211   0.02629445
  0.00000000   0.00000000     0.00086564   0.00043503    -0.00000000  -0.00000000
  0.00540807  -0.00700666     0.00000000  -0.00000000     0.01616670   0.01011298
    2    5
 -0.02209309   0.00057694     0.00000000   0.00000000    -0.00643369   0.01701362
  0.00000000   0.00000000    -0.00658731  -0.00001190     0.00000000   0.00000000
 -0.00318661   0.01021678     0.00000000   0.00000000    -0.04042860   0.00096375
    2    6
  0.00170436   0.00290416     0.00000000  -0.00000000    -0.00266801   0.00513904
  0.00000000  -0.00000000     0.00060705   0.00026968     0.00000000   0.00000000
 -0.00411032   0.00666009     0.00000000   0.00000000     0.00940619   0.00237549
    2    7
 -0.00290300   0.00122255     0.00000000   0.00000000     0.00367509   0.00361642
  0.00000000   0.00000000     0.01173337  -0.00852944     0.00000000   0.00000000
 -0.00352479  -0.00167757     0.00000000  -0.00000000     0.00940027  -0.00856388
    3    1
  0.00446224   0.00239606     0.00000000  -0.00000000     0.04925250  -0.07145341
 -0.00000000  -0.00000000     0.00551078   0.00523647     0.00000000   0.00000000
  0.05179302  -0.07628403     0.00000000   0.00000000    -0.02553548   0.00088333
    3    2
  0.00446224  -0.00239606     0.00000000   0.00000000     0.04925250   0.07145341
 -0.00000000   0.00000000     0.00551078  -0.00523647     0.00000000  -0.00000000
  0.05179302   0.07628403     0.00000000  -0.00000000    -0.02553548  -0.00088333
    3    3
  0.73787027   0.00000000     0.00000000   0.00000000     0.00408457   0.00000000
  0.00000000   0.00000000     0.69853880   0.00000000     0.00000000   0.00000000
  0.00408457   0.00000000     0.00000000   0.00000000     0.46102407   0.00000000
    3    4
 -0.07116537   0.00097975    -0.00000000   0.00000000    -0.00832063   0.01233593
 -0.00000000   0.00000000    -0.06062630   0.00015245     0.00000000   0.00000000
 -0.00829597   0.02075284     0.00000000   0.00000000    -0.11822423  -0.00452031
    3    5
 -0.07116537  -0.00097975    -0.00000000   0.00000000    -0.00832063  -0.01233593
 -0.00000000   0.00000000    -0.06062630  -0.00015245     0.00000000  -0.00000000
 -0.00829597  -0.02075284     0.00000000  -0.00000000    -0.11822423   0.00452031
    3    6
 -0.06746807   0.00000000    -0.00000000   0.00000000    -0.00077368   0.00000000
 -0.00000000   0.00000000    -0.42059887   0.00000000    -0.00000000   0.00000000
 -0.00391540   0.00000000     0.00000000   0.00000000    -0.06919434   0.00000000
    3    7
 -0.06965652   0.21438072     0.00000000  -0.00000000    -0.00008888   0.00027356
  0.00000000  -0.00000000    -0.00587666   0.01808651    -0.00000000   0.00000000
  0.00040219  -0.00123780    -0.00000000   0.00000000    -0.01412587   0.04347495
    4    1
 -0.02209309   0.00057694     0.00000000   0.00000000    -0.00318661   0.01021678
 -0.00000000  -0.00000000    -0.00658731  -0.00001190    -0.00000000   0.00000000
 -0.00643369   0.01701362    -0.00000000   0.00000000    -0.04042860   0.00096375
    4    2
  0.00640558  -0.00410412     0.00000000   0.00000000     0.00540807   0.00700666
  0.00000000  -0.00000000     0.00086564  -0.00043503     0.00000000  -0.00000000
 -0.01813211  -0.02629445    -0.00000000   0.00000000     0.01616670  -0.01011298
    4    3
 -0.07116537  -0.00097975     0.00000000   0.00000000    -0.00829597  -0.02075284
  0.00000000  -0.00000000    -0.06062630  -0.00015245    -0.00000000   0.00000000
 -0.00832063  -0.01233593     0.00000000   0.00000000    -0.11822423   0.00452031
    4    4
  0.11665703   0.00000000     0.00000000   0.00000000     0.00241434   0.00670210
  0.00000000   0.00000000     0.07720179   0.00000000     0.00000000   0.00000000
  0.00241434  -0.00670210     0.00000000   0.00000000     0.28119846   0.00000000
    4    5
  0.01185298   0.00029374     0.00000000   0.00000000     0.01877995   0.02768599
  0.00000000   0.00000000     0.01330005  -0.00117342    -0.00000000  -0.00000000
  0.01877995   0.02768599     0.00000000  -0.00000000    -0.01729510  -0.00697302
    4    6
  0.01482445   0.00035869     0.00000000   0.00000000     0.00142908   0.00543983
  0.00000000   0.00000000    -0.00683100  -0.00000460     0.00000000   0.00000000
  0.00714285   0.00656130     0.00000000   0.00000000    -0.01410261  -0.00201625
    4    7
  0.00000218  -0.00207717     0.00000000   0.00000000     0.04617822   0.01439742
  0.00000000  -0.00000000     0.00071476  -0.00067345     0.00000000   0.00000000
 -0.00912517  -0.00159437     0.00000000   0.00000000    -0.00273800  -0.00275928
    5    1
  0.00640558   0.00410412     0.00000000   0.00000000     0.00540807  -0.00700666
  0.00000000   0.00000000     0.00086564   0.00043503     0.00000000   0.00000000
 -0.01813211   0.02629445    -0.00000000   0.00000000     0.01616670   0.01011298
    5    2
 -0.02209309  -0.00057694     0.00000000   0.00000000    -0.00318661  -0.01021678
 -0.00000000   0.00000000    -0.00658731   0.00001190    -0.00000000   0.00000000
 -0.00643369  -0.01701362    -0.00000000   0.00000000    -0.04042860  -0.00096375
    5    3
 -0.07116537   0.00097975     0.00000000   0.00000000    -0.00829597   0.02075284
  0.00000000   0.00000000    -0.06062630   0.00015245    -0.00000000  -0.00000000
 -0.00832063   0.01233593     0.00000000   0.00000000    -0.11822423  -0.00452031
    5    4
  0.01185298  -0.00029374     0.00000000  -0.00000000     0.01877995  -0.02768599
  0.00000000  -0.00000000     0.01330005   0.00117342    -0.00000000   0.00000000
  0.01877995  -0.02768599     0.00000000   0.00000000    -0.01729510   0.00697302
    5    5
  0.11665703   0.00000000     0.00000000   0.00000000     0.00241434  -0.00670210
  0.00000000   0.00000000     0.07720179   0.00000000     0.00000000   0.00000000
  0.00241434   0.00670210     0.00000000   0.00000000     0.28119846   0.00000000
    5    6
  0.01482445  -0.00035869     0.00000000   0.00000000     0.00142908  -0.00543983
  0.00000000  -0.00000000    -0.00683100   0.00000460     0.00000000   0.00000000
  0.00714285  -0.00656130     0.00000000  -0.00000000    -0.01410261   0.00201625
    5    7
  0.00121917  -0.00168174     0.00000000   0.00000000    -0.04582156  -0.01549512
  0.00000000  -0.00000000    -0.00018241  -0.00096496    -0.00000000   0.00000000
  0.00831956   0.00407377     0.00000000   0.00000000     0.00383695  -0.00062294
    6    1
  0.00170436   0.00290416     0.00000000  -0.00000000    -0.00411032   0.00666009
  0.00000000  -0.00000000     0.00060705   0.00026968     0.00000000   0.00000000
 -0.00266801   0.00513904     0.00000000   0.00000000     0.00940619   0.00237549
    6    2
  0.00170436  -0.00290416     0.00000000   0.00000000    -0.00411032  -0.00666009
  0.00000000   0.00000000     0.00060705  -0.00026968     0.00000000  -0.00000000
 -0.00266801  -0.00513904     0.00000000  -0.00000000     0.00940619  -0.00237549
    6    3
 -0.06746807   0.00000000     0.00000000   0.00000000    -0.00391540   0.00000000
  0.00000000   0.00000000    -0.42059887   0.00000000    -0.00000000   0.00000000
 -0.00077368   0.00000000     0.00000000   0.00000000    -0.06919434   0.00000000
    6    4
  0.01482445  -0.00035869     0.00000000  -0.00000000     0.00714285  -0.00656130
  0.00000000   0.00000000    -0.00683100   0.00000460    -0.00000000   0.00000000
  0.00142908  -0.00543983    -0.00000000   0.00000000    -0.01410261   0.00201625
    6    5
  0.01482445   0.00035869     0.00000000   0.00000000     0.00714285   0.00656130
  0.00000000   0.00000000    -0.00683100  -0.00000460    -0.00000000   0.00000000
  0.00142908   0.00543983    -0.00000000  -0.00000000    -0.01410261  -0.00201625
    6    6
  0.12108087   0.00000000     0.00000000   0.00000000     0.00059087   0.00000000
  0.00000000   0.00000000     0.48526503   0.00000000     0.00000000   0.00000000
  0.00059087   0.00000000     0.00000000   0.00000000     0.10676335   0.00000000
    6    7
 -0.00385474   0.01186368     0.00000000   0.00000000     0.00003792  -0.00011671
  0.00000000   0.00000000    -0.00569241   0.01751945     0.00000000   0.00000000
 -0.00013378   0.00041172     0.00000000   0.00000000     0.00155372  -0.00478185
    7    1
  0.00162998  -0.00269541     0.00000000   0.00000000     0.00383766  -0.00071464
  0.00000000  -0.00000000    -0.00447902   0.01379716    -0.00000000   0.00000000
 -0.00509889  -0.00076558     0.00000000   0.00000000    -0.00257126   0.01245366
    7    2
 -0.00290300  -0.00122255     0.00000000   0.00000000    -0.00352479   0.00167757
  0.00000000   0.00000000     0.01173337   0.00852944     0.00000000  -0.00000000
  0.00367509  -0.00361642     0.00000000  -0.00000000     0.00940027   0.00856388
    7    3
 -0.06965652  -0.21438072     0.00000000  -0.00000000     0.00040219   0.00123780
  0.00000000  -0.00000000    -0.00587666  -0.01808651     0.00000000   0.00000000
 -0.00008888  -0.00027356    -0.00000000   0.00000000    -0.01412587  -0.04347495
    7    4
  0.00000218   0.00207717     0.00000000   0.00000000    -0.00912517   0.00159437
  0.00000000   0.00000000     0.00071476   0.00067345     0.00000000   0.00000000
  0.04617822  -0.01439742    -0.00000000   0.00000000    -0.00273800   0.00275928
    7    5
  0.00121917   0.00168174     0.00000000   0.00000000     0.00831956  -0.00407377
  0.00000000  -0.00000000    -0.00018241   0.00096496    -0.00000000   0.00000000
 -0.04582156   0.01549512    -0.00000000   0.00000000     0.00383695   0.00062294
    7    6
 -0.00385474  -0.01186368     0.00000000  -0.00000000    -0.00013378  -0.00041172
  0.00000000   0.00000000    -0.00569241  -0.01751945    -0.00000000   0.00000000
  0.00003792   0.00011671     0.00000000   0.00000000     0.00155372   0.00478185
    7    7
  0.70515215   0.00000000     0.00000000   0.00000000    -0.00018398   0.00000000
  0.00000000   0.00000000     0.08904265   0.00000000    -0.00000000   0.00000000
 -0.00018398   0.00000000    -0.00000000   0.00000000     0.10490068   0.00000000

     Dynamical  Matrix in cartesian axes

     q = (    0.000000000  -0.600000000  -0.060719899 ) 

    1    1
  0.06254541   0.00000000     0.00000000   0.00000000     0.00000000   0.00000000
  0.00000000   0.00000000     0.15545447   0.00000000     0.00064598  -0.00468936
  0.00000000   0.00000000     0.00064598   0.00468936     0.18247263   0.00000000
    1    2
  0.00398113  -0.00403545     0.00000000   0.00000000     0.00000000   0.00000000
  0.00000000   0.00000000     0.00200387  -0.00536174    -0.02921086  -0.03950871
  0.00000000  -0.00000000    -0.02921086  -0.03950871     0.00490510   0.01078944
    1    3
  0.00551078  -0.00523647     0.00000000  -0.00000000     0.00000000   0.00000000
  0.00000000   0.00000000     0.00446224  -0.00239606     0.05179302   0.07628403
 -0.00000000   0.00000000     0.04925250   0.07145341    -0.02553548  -0.00088333
    1    4
 -0.00658731   0.00001190     0.00000000  -0.00000000     0.00000000   0.00000000
  0.00000000   0.00000000    -0.02209309  -0.00057694    -0.00643369  -0.01701362
  0.00000000   0.00000000    -0.00318661  -0.01021678    -0.04042860  -0.00096375
    1    5
  0.00086564  -0.00043503     0.00000000   0.00000000    -0.00000000   0.00000000
  0.00000000   0.00000000     0.00640558  -0.00410412    -0.01813211  -0.02629445
  0.00000000  -0.00000000     0.00540807   0.00700666     0.01616670  -0.01011298
    1    6
  0.01173337   0.00852944    -0.00000000   0.00000000     0.00000000   0.00000000
  0.00000000   0.00000000    -0.00290300  -0.00122255     0.00367509  -0.00361642
  0.00000000   0.00000000    -0.00352479   0.00167757     0.00940027   0.00856388
    1    7
  0.00060705  -0.00026968     0.00000000   0.00000000     0.00000000  -0.00000000
  0.00000000   0.00000000     0.00170436  -0.00290416    -0.00266801  -0.00513904
  0.00000000   0.00000000    -0.00411032  -0.00666009     0.00940619  -0.00237549
    2    1
  0.00398113   0.00403545     0.00000000   0.00000000     0.00000000   0.00000000
  0.00000000   0.00000000     0.00200387   0.00536174    -0.02921086   0.03950871
  0.00000000   0.00000000    -0.02921086   0.03950871     0.00490510  -0.01078944
    2    2
  0.06254541   0.00000000     0.00000000   0.00000000     0.00000000   0.00000000
  0.00000000   0.00000000     0.15545447   0.00000000     0.00064598   0.00468936
  0.00000000   0.00000000     0.00064598  -0.00468936     0.18247263   0.00000000
    2    3
  0.00551078   0.00523647     0.00000000   0.00000000     0.00000000   0.00000000
  0.00000000  -0.00000000     0.00446224   0.00239606     0.05179302  -0.07628403
 -0.00000000   0.00000000     0.04925250  -0.07145341    -0.02553548   0.00088333
    2    4
  0.00086564   0.00043503     0.00000000   0.00000000    -0.00000000   0.00000000
  0.00000000   0.00000000     0.00640558   0.00410412    -0.01813211   0.02629445
  0.00000000   0.00000000     0.00540807  -0.00700666     0.01616670   0.01011298
    2    5
 -0.00658731  -0.00001190     0.00000000   0.00000000     0.00000000   0.00000000
  0.00000000   0.00000000    -0.02209309   0.00057694    -0.00643369   0.01701362
  0.00000000   0.00000000    -0.00318661   0.01021678    -0.04042860   0.00096375
    2    6
 -0.00447902   0.01379716     0.00000000  -0.00000000     0.00000000   0.00000000
  0.00000000   0.00000000     0.00162998  -0.00269541    -0.00509889  -0.00076558
  0.00000000   0.00000000     0.00383766  -0.00071464    -0.00257126   0.01245366
    2    7
  0.00060705   0.00026968     0.00000000   0.00000000     0.00000000   0.00000000
  0.00000000   0.00000000     0.00170436   0.00290416    -0.00266801   0.00513904
  0.00000000  -0.00000000    -0.00411032   0.00666009     0.00940619   0.00237549
    3    1
  0.00551078   0.00523647    -0.00000000   0.00000000     0.00000000   0.00000000
 -0.00000000   0.00000000     0.00446224   0.00239606     0.04925250  -0.07145341
 -0.00000000   0.00000000     0.05179302  -0.07628403    -0.02553548   0.00088333
    3    2
  0.00551078  -0.00523647    -0.00000000  -0.00000000     0.00000000  -0.00000000
 -0.00000000  -0.00000000     0.00446224  -0.00239606     0.04925250   0.07145341
 -0.00000000  -0.00000000     0.05179302   0.07628403    -0.02553548  -0.00088333
    3    3
  0.69853880   0.00000000     0.00000000   0.00000000     0.00000000   0.00000000
  0.00000000   0.00000000     0.73787027   0.00000000     0.00408457   0.00000000
  0.00000000   0.00000000     0.00408457   0.00000000     0.46102407   0.00000000
    3    4
 -0.06062630   0.00015245     0.00000000   0.00000000     0.00000000   0.00000000
  0.00000000   0.00000000    -0.07116537   0.00097975    -0.00832063   0.01233593
  0.00000000   0.00000000    -0.00829597   0.02075284    -0.11822423  -0.00452031
    3    5
 -0.06062630  -0.00015245     0.00000000   0.00000000     0.00000000   0.00000000
  0.00000000   0.00000000    -0.07116537  -0.00097975    -0.00832063  -0.01233593
  0.00000000   0.00000000    -0.00829597  -0.02075284    -0.11822423   0.00452031
    3    6
 -0.00587666  -0.01808651     0.00000000   0.00000000     0.00000000  -0.00000000
  0.00000000   0.00000000    -0.06965652  -0.21438072    -0.00008888  -0.00027356
  0.00000000  -0.00000000     0.00040219   0.00123780    -0.01412587  -0.04347495
    3    7
 -0.42059887   0.00000000    -0.00000000   0.00000000     0.00000000   0.00000000
 -0.00000000   0.00000000    -0.06746807   0.00000000    -0.00077368   0.00000000
  0.00000000   0.00000000    -0.00391540   0.00000000    -0.06919434   0.00000000
    4    1
 -0.00658731  -0.00001190     0.00000000   0.00000000     0.00000000   0.00000000
 -0.00000000   0.00000000    -0.02209309   0.00057694    -0.00318661   0.01021678
  0.00000000   0.00000000    -0.00643369   0.01701362    -0.04042860   0.00096375
    4    2
  0.00086564  -0.00043503     0.00000000   0.00000000     0.00000000  -0.00000000
  0.00000000   0.00000000     0.00640558  -0.00410412     0.00540807   0.00700666
  0.00000000   0.00000000    -0.01813211  -0.02629445     0.01616670  -0.01011298
    4    3
 -0.06062630  -0.00015245     0.00000000   0.00000000    -0.00000000  -0.00000000
  0.00000000   0.00000000    -0.07116537  -0.00097975    -0.00829597  -0.02075284
  0.00000000   0.00000000    -0.00832063  -0.01233593    -0.11822423   0.00452031
    4    4
  0.07720179   0.00000000     0.00000000   0.00000000     0.00000000   0.00000000
  0.00000000   0.00000000     0.11665703   0.00000000     0.00241434   0.00670210
  0.00000000   0.00000000     0.00241434  -0.00670210     0.28119846   0.00000000
    4    5
  0.01330005  -0.00117342     0.00000000  -0.00000000     0.00000000   0.00000000
  0.00000000  -0.00000000     0.01185298   0.00029374     0.01877995   0.02768599
  0.00000000   0.00000000     0.01877995   0.02768599    -0.01729510  -0.00697302
    4    6
 -0.00018241   0.00096496     0.00000000  -0.00000000    -0.00000000  -0.00000000
  0.00000000   0.00000000     0.00121917   0.00168174    -0.04582156   0.01549512
  0.00000000   0.00000000     0.00831956  -0.00407377     0.00383695   0.00062294
    4    7
 -0.00683100  -0.00000460     0.00000000   0.00000000     0.00000000   0.00000000
  0.00000000   0.00000000     0.01482445   0.00035869     0.00142908   0.00543983
  0.00000000   0.00000000     0.00714285   0.00656130    -0.01410261  -0.00201625
    5    1
  0.00086564   0.00043503     0.00000000   0.00000000     0.00000000   0.00000000
  0.00000000   0.00000000     0.00640558   0.00410412     0.00540807  -0.00700666
  0.00000000   0.00000000    -0.01813211   0.02629445     0.01616670   0.01011298
    5    2
 -0.00658731   0.00001190     0.00000000   0.00000000     0.00000000   0.00000000
 -0.00000000   0.00000000    -0.02209309  -0.00057694    -0.00318661  -0.01021678
  0.00000000   0.00000000    -0.00643369  -0.01701362    -0.04042860  -0.00096375
    5    3
 -0.06062630   0.00015245     0.00000000   0.00000000    -0.00000000   0.00000000
  0.00000000   0.00000000    -0.07116537   0.00097975    -0.00829597   0.02075284
  0.00000000   0.00000000    -0.00832063   0.01233593    -0.11822423  -0.00452031
    5    4
  0.01330005   0.00117342     0.00000000   0.00000000     0.00000000   0.00000000
  0.00000000   0.00000000     0.01185298  -0.00029374     0.01877995  -0.02768599
  0.00000000   0.00000000     0.01877995  -0.02768599    -0.01729510   0.00697302
    5    5
  0.07720179   0.00000000     0.00000000   0.00000000     0.00000000   0.00000000
  0.00000000   0.00000000     0.11665703   0.00000000     0.00241434  -0.00670210
  0.00000000   0.00000000     0.00241434   0.00670210     0.28119846   0.00000000
    5    6
  0.00071476   0.00067345     0.00000000  -0.00000000     0.00000000  -0.00000000
  0.00000000   0.00000000     0.00000218   0.00207717     0.04617822  -0.01439742
  0.00000000   0.00000000    -0.00912517   0.00159437    -0.00273800   0.00275928
    5    7
 -0.00683100   0.00000460     0.00000000   0.00000000     0.00000000   0.00000000
  0.00000000   0.00000000     0.01482445  -0.00035869     0.00142908  -0.00543983
  0.00000000   0.00000000     0.00714285  -0.00656130    -0.01410261   0.00201625
    6    1
  0.01173337  -0.00852944     0.00000000   0.00000000    -0.00000000  -0.00000000
  0.00000000   0.00000000    -0.00290300   0.00122255    -0.00352479  -0.00167757
  0.00000000  -0.00000000     0.00367509   0.00361642     0.00940027  -0.00856388
    6    2
 -0.00447902  -0.01379716     0.00000000   0.00000000     0.00000000   0.00000000
  0.00000000   0.00000000     0.00162998   0.00269541     0.00383766   0.00071464
  0.00000000   0.00000000    -0.00509889   0.00076558    -0.00257126  -0.01245366
    6    3
 -0.00587666   0.01808651     0.00000000   0.00000000     0.00000000   0.00000000
  0.00000000   0.00000000    -0.06965652   0.21438072     0.00040219  -0.00123780
  0.00000000  -0.00000000    -0.00008888   0.00027356    -0.01412587   0.04347495
    6    4
 -0.00018241  -0.00096496    -0.00000000  -0.00000000    -0.00000000  -0.00000000
 -0.00000000   0.00000000     0.00121917  -0.00168174     0.00831956   0.00407377
 -0.00000000   0.00000000    -0.04582156  -0.01549512     0.00383695  -0.00062294
    6    5
  0.00071476  -0.00067345     0.00000000   0.00000000     0.00000000   0.00000000
  0.00000000   0.00000000     0.00000218  -0.00207717    -0.00912517  -0.00159437
 -0.00000000   0.00000000     0.04617822   0.01439742    -0.00273800  -0.00275928
    6    6
  0.08904265   0.00000000     0.00000000   0.00000000     0.00000000   0.00000000
  0.00000000   0.00000000     0.70515215   0.00000000    -0.00018398   0.00000000
  0.00000000   0.00000000    -0.00018398   0.00000000     0.10490068   0.00000000
    6    7
 -0.00569241   0.01751945     0.00000000   0.00000000    -0.00000000   0.00000000
  0.00000000   0.00000000    -0.00385474   0.01186368    -0.00013378   0.00041172
  0.00000000   0.00000000     0.00003792  -0.00011671     0.00155372  -0.00478185
    7    1
  0.00060705   0.00026968     0.00000000  -0.00000000     0.00000000  -0.00000000
  0.00000000   0.00000000     0.00170436   0.00290416    -0.00411032   0.00666009
  0.00000000   0.00000000    -0.00266801   0.00513904     0.00940619   0.00237549
    7    2
  0.00060705  -0.00026968     0.00000000   0.00000000     0.00000000   0.00000000
  0.00000000   0.00000000     0.00170436  -0.00290416    -0.00411032  -0.00666009
  0.00000000  -0.00000000    -0.00266801  -0.00513904     0.00940619  -0.00237549
    7    3
 -0.42059887   0.00000000    -0.00000000   0.00000000     0.00000000   0.00000000
  0.00000000   0.00000000    -0.06746807   0.00000000    -0.00391540   0.00000000
  0.00000000   0.00000000    -0.00077368   0.00000000    -0.06919434   0.00000000
    7    4
 -0.00683100   0.00000460     0.00000000  -0.00000000     0.00000000   0.00000000
  0.00000000   0.00000000     0.01482445  -0.00035869     0.00714285  -0.00656130
  0.00000000   0.00000000     0.00142908  -0.00543983    -0.01410261   0.00201625
    7    5
 -0.00683100  -0.00000460     0.00000000   0.00000000     0.00000000  -0.00000000
  0.00000000   0.00000000     0.01482445   0.00035869     0.00714285   0.00656130
  0.00000000   0.00000000     0.00142908   0.00543983    -0.01410261  -0.00201625
    7    6
 -0.00569241  -0.01751945     0.00000000   0.00000000     0.00000000   0.00000000
 -0.00000000  -0.00000000    -0.00385474  -0.01186368     0.00003792   0.00011671
 -0.00000000  -0.00000000    -0.00013378  -0.00041172     0.00155372   0.00478185
    7    7
  0.48526503   0.00000000    -0.00000000   0.00000000    -0.00000000   0.00000000
 -0.00000000   0.00000000     0.12108087   0.00000000     0.00059087   0.00000000
 -0.00000000   0.00000000     0.00059087   0.00000000     0.10676335   0.00000000

     Dynamical  Matrix in cartesian axes

     q = (    0.000000000   0.600000000  -0.060719899 ) 

    1    1
  0.06254541   0.00000000     0.00000000   0.00000000     0.00000000   0.00000000
  0.00000000   0.00000000     0.15545447   0.00000000    -0.00064598   0.00468936
  0.00000000   0.00000000    -0.00064598  -0.00468936     0.18247263   0.00000000
    1    2
  0.00398113  -0.00403545    -0.00000000   0.00000000     0.00000000   0.00000000
  0.00000000   0.00000000     0.00200387  -0.00536174     0.02921086   0.03950871
  0.00000000   0.00000000     0.02921086   0.03950871     0.00490510   0.01078944
    1    3
  0.00551078  -0.00523647    -0.00000000   0.00000000    -0.00000000   0.00000000
  0.00000000   0.00000000     0.00446224  -0.00239606    -0.05179302  -0.07628403
 -0.00000000   0.00000000    -0.04925250  -0.07145341    -0.02553548  -0.00088333
    1    4
 -0.00658731   0.00001190     0.00000000   0.00000000     0.00000000   0.00000000
  0.00000000   0.00000000    -0.02209309  -0.00057694     0.00643369   0.01701362
 -0.00000000   0.00000000     0.00318661   0.01021678    -0.04042860  -0.00096375
    1    5
  0.00086564  -0.00043503     0.00000000  -0.00000000     0.00000000  -0.00000000
  0.00000000  -0.00000000     0.00640558  -0.00410412     0.01813211   0.02629445
  0.00000000  -0.00000000    -0.00540807  -0.00700666     0.01616670  -0.01011298
    1    6
 -0.00447902  -0.01379716     0.00000000  -0.00000000     0.00000000   0.00000000
  0.00000000  -0.00000000     0.00162998   0.00269541     0.00509889  -0.00076558
  0.00000000   0.00000000    -0.00383766  -0.00071464    -0.00257126  -0.01245366
    1    7
  0.00060705  -0.00026968     0.00000000   0.00000000     0.00000000   0.00000000
  0.00000000   0.00000000     0.00170436  -0.00290416     0.00266801   0.00513904
  0.00000000   0.00000000     0.00411032   0.00666009     0.00940619  -0.00237549
    2    1
  0.00398113   0.00403545    -0.00000000   0.00000000     0.00000000   0.00000000
  0.00000000   0.00000000     0.00200387   0.00536174     0.02921086  -0.03950871
  0.00000000   0.00000000     0.02921086  -0.03950871     0.00490510  -0.01078944
    2    2
  0.06254541   0.00000000     0.00000000   0.00000000     0.00000000   0.00000000
  0.00000000   0.00000000     0.15545447   0.00000000    -0.00064598  -0.00468936
  0.00000000   0.00000000    -0.00064598   0.00468936     0.18247263   0.00000000
    2    3
  0.00551078   0.00523647    -0.00000000  -0.00000000    -0.00000000   0.00000000
  0.00000000   0.00000000     0.00446224   0.00239606    -0.05179302   0.07628403
 -0.00000000   0.00000000    -0.04925250   0.07145341    -0.02553548   0.00088333
    2    4
  0.00086564   0.00043503     0.00000000   0.00000000     0.00000000   0.00000000
  0.00000000   0.00000000     0.00640558   0.00410412     0.01813211  -0.02629445
  0.00000000   0.00000000    -0.00540807   0.00700666     0.01616670   0.01011298
    2    5
 -0.00658731  -0.00001190     0.00000000   0.00000000     0.00000000   0.00000000
  0.00000000   0.00000000    -0.02209309   0.00057694     0.00643369  -0.01701362
 -0.00000000  -0.00000000     0.00318661  -0.01021678    -0.04042860   0.00096375
    2    6
  0.01173337  -0.00852944     0.00000000   0.00000000     0.00000000   0.00000000
  0.00000000   0.00000000    -0.00290300   0.00122255    -0.00367509  -0.00361642
  0.00000000   0.00000000     0.00352479   0.00167757     0.00940027  -0.00856388
    2    7
  0.00060705   0.00026968     0.00000000  -0.00000000     0.00000000  -0.00000000
  0.00000000  -0.00000000     0.00170436   0.00290416     0.00266801  -0.00513904
  0.00000000  -0.00000000     0.00411032  -0.00666009     0.00940619   0.00237549
    3    1
  0.00551078   0.00523647    -0.00000000  -0.00000000    -0.00000000   0.00000000
  0.00000000  -0.00000000     0.00446224   0.00239606    -0.04925250   0.07145341
 -0.00000000   0.00000000    -0.05179302   0.07628403    -0.02553548   0.00088333
    3    2
  0.00551078  -0.00523647    -0.00000000   0.00000000    -0.00000000   0.00000000
  0.00000000   0.00000000     0.00446224  -0.00239606    -0.04925250  -0.07145341
 -0.00000000   0.00000000    -0.05179302  -0.07628403    -0.02553548  -0.00088333
    3    3
  0.69853880   0.00000000     0.00000000   0.00000000    -0.00000000   0.00000000
  0.00000000   0.00000000     0.73787027   0.00000000    -0.00408457   0.00000000
 -0.00000000   0.00000000    -0.00408457   0.00000000     0.46102407   0.00000000
    3    4
 -0.06062630   0.00015245    -0.00000000   0.00000000    -0.00000000  -0.00000000
 -0.00000000   0.00000000    -0.07116537   0.00097975     0.00832063  -0.01233593
 -0.00000000   0.00000000     0.00829597  -0.02075284    -0.11822423  -0.00452031
    3    5
 -0.06062630  -0.00015245    -0.00000000   0.00000000    -0.00000000   0.00000000
 -0.00000000   0.00000000    -0.07116537  -0.00097975     0.00832063   0.01233593
 -0.00000000   0.00000000     0.00829597   0.02075284    -0.11822423   0.00452031
    3    6
 -0.00587666   0.01808651     0.00000000  -0.00000000     0.00000000  -0.00000000
  0.00000000  -0.00000000    -0.06965652   0.21438072     0.00008888  -0.00027356
  0.00000000  -0.00000000    -0.00040219   0.00123780    -0.01412587   0.04347495
    3    7
 -0.42059887   0.00000000    -0.00000000   0.00000000     0.00000000   0.00000000
 -0.00000000   0.00000000    -0.06746807   0.00000000     0.00077368   0.00000000
  0.00000000   0.00000000     0.00391540   0.00000000    -0.06919434   0.00000000
    4    1
 -0.00658731  -0.00001190    -0.00000000  -0.00000000     0.00000000   0.00000000
  0.00000000   0.00000000    -0.02209309   0.00057694     0.00318661  -0.01021678
  0.00000000   0.00000000     0.00643369  -0.01701362    -0.04042860   0.00096375
    4    2
  0.00086564  -0.00043503     0.00000000  -0.00000000    -0.00000000   0.00000000
  0.00000000   0.00000000     0.00640558  -0.00410412    -0.00540807  -0.00700666
  0.00000000   0.00000000     0.01813211   0.02629445     0.01616670  -0.01011298
    4    3
 -0.06062630  -0.00015245     0.00000000  -0.00000000     0.00000000   0.00000000
  0.00000000   0.00000000    -0.07116537  -0.00097975     0.00829597   0.02075284
  0.00000000   0.00000000     0.00832063   0.01233593    -0.11822423   0.00452031
    4    4
  0.07720179   0.00000000     0.00000000   0.00000000     0.00000000   0.00000000
  0.00000000   0.00000000     0.11665703   0.00000000    -0.00241434  -0.00670210
  0.00000000   0.00000000    -0.00241434   0.00670210     0.28119846   0.00000000
    4    5
  0.01330005  -0.00117342     0.00000000   0.00000000     0.00000000   0.00000000
  0.00000000   0.00000000     0.01185298   0.00029374    -0.01877995  -0.02768599
 -0.00000000   0.00000000    -0.01877995  -0.02768599    -0.01729510  -0.00697302
    4    6
  0.00071476  -0.00067345     0.00000000  -0.00000000     0.00000000  -0.00000000
  0.00000000   0.00000000     0.00000218  -0.00207717    -0.04617822  -0.01439742
 -0.00000000  -0.00000000     0.00912517   0.00159437    -0.00273800  -0.00275928
    4    7
 -0.00683100  -0.00000460     0.00000000   0.00000000    -0.00000000   0.00000000
  0.00000000   0.00000000     0.01482445   0.00035869    -0.00142908  -0.00543983
  0.00000000  -0.00000000    -0.00714285  -0.00656130    -0.01410261  -0.00201625
    5    1
  0.00086564   0.00043503     0.00000000   0.00000000    -0.00000000  -0.00000000
  0.00000000   0.00000000     0.00640558   0.00410412    -0.00540807   0.00700666
  0.00000000   0.00000000     0.01813211  -0.02629445     0.01616670   0.01011298
    5    2
 -0.00658731   0.00001190    -0.00000000   0.00000000     0.00000000   0.00000000
  0.00000000   0.00000000    -0.02209309  -0.00057694     0.00318661   0.01021678
  0.00000000   0.00000000     0.00643369   0.01701362    -0.04042860  -0.00096375
    5    3
 -0.06062630   0.00015245     0.00000000   0.00000000     0.00000000   0.00000000
  0.00000000   0.00000000    -0.07116537   0.00097975     0.00829597  -0.02075284
  0.00000000   0.00000000     0.00832063  -0.01233593    -0.11822423  -0.00452031
    5    4
  0.01330005   0.00117342     0.00000000  -0.00000000     0.00000000  -0.00000000
  0.00000000  -0.00000000     0.01185298  -0.00029374    -0.01877995   0.02768599
 -0.00000000  -0.00000000    -0.01877995   0.02768599    -0.01729510   0.00697302
    5    5
  0.07720179   0.00000000     0.00000000   0.00000000     0.00000000   0.00000000
  0.00000000   0.00000000     0.11665703   0.00000000    -0.00241434   0.00670210
  0.00000000   0.00000000    -0.00241434  -0.00670210     0.28119846   0.00000000
    5    6
 -0.00018241  -0.00096496     0.00000000  -0.00000000     0.00000000  -0.00000000
  0.00000000   0.00000000     0.00121917  -0.00168174     0.04582156   0.01549512
 -0.00000000  -0.00000000    -0.00831956  -0.00407377     0.00383695  -0.00062294
    5    7
 -0.00683100   0.00000460     0.00000000  -0.00000000    -0.00000000   0.00000000
  0.00000000   0.00000000     0.01482445  -0.00035869    -0.00142908   0.00543983
  0.00000000   0.00000000    -0.00714285   0.00656130    -0.01410261   0.00201625
    6    1
 -0.00447902   0.01379716     0.00000000  -0.00000000     0.00000000  -0.00000000
  0.00000000   0.00000000     0.00162998  -0.00269541    -0.00383766   0.00071464
  0.00000000   0.00000000     0.00509889   0.00076558    -0.00257126   0.01245366
    6    2
  0.01173337   0.00852944     0.00000000   0.00000000     0.00000000   0.00000000
  0.00000000   0.00000000    -0.00290300  -0.00122255     0.00352479  -0.00167757
 -0.00000000   0.00000000    -0.00367509   0.00361642     0.00940027   0.00856388
    6    3
 -0.00587666  -0.01808651     0.00000000  -0.00000000     0.00000000  -0.00000000
  0.00000000  -0.00000000    -0.06965652  -0.21438072    -0.00040219  -0.00123780
  0.00000000  -0.00000000     0.00008888   0.00027356    -0.01412587  -0.04347495
    6    4
  0.00071476   0.00067345     0.00000000   0.00000000     0.00000000  -0.00000000
  0.00000000   0.00000000     0.00000218   0.00207717     0.00912517  -0.00159437
  0.00000000   0.00000000    -0.04617822   0.01439742    -0.00273800   0.00275928
    6    5
 -0.00018241   0.00096496     0.00000000  -0.00000000     0.00000000  -0.00000000
  0.00000000   0.00000000     0.00121917   0.00168174    -0.00831956   0.00407377
  0.00000000   0.00000000     0.04582156  -0.01549512     0.00383695   0.00062294
    6    6
  0.08904265   0.00000000     0.00000000   0.00000000     0.00000000   0.00000000
  0.00000000   0.00000000     0.70515215   0.00000000     0.00018398   0.00000000
  0.00000000   0.00000000     0.00018398   0.00000000     0.10490068   0.00000000
    6    7
 -0.00569241  -0.01751945     0.00000000   0.00000000     0.00000000  -0.00000000
  0.00000000  -0.00000000    -0.00385474  -0.01186368     0.00013378   0.00041172
 -0.00000000  -0.00000000    -0.00003792  -0.00011671     0.00155372   0.00478185
    7    1
  0.00060705   0.00026968     0.00000000  -0.00000000    -0.00000000  -0.00000000
  0.00000000  -0.00000000     0.00170436   0.00290416     0.00411032  -0.00666009
  0.00000000  -0.00000000     0.00266801  -0.00513904     0.00940619   0.00237549
    7    2
  0.00060705  -0.00026968     0.00000000   0.00000000    -0.00000000   0.00000000
  0.00000000   0.00000000     0.00170436  -0.00290416     0.00411032   0.00666009
  0.00000000   0.00000000     0.00266801   0.00513904     0.00940619  -0.00237549
    7    3
 -0.42059887   0.00000000     0.00000000   0.00000000     0.00000000   0.00000000
  0.00000000   0.00000000    -0.06746807   0.00000000     0.00391540   0.00000000
  0.00000000   0.00000000     0.00077368   0.00000000    -0.06919434   0.00000000
    7    4
 -0.00683100   0.00000460     0.00000000   0.00000000     0.00000000   0.00000000
  0.00000000  -0.00000000     0.01482445  -0.00035869    -0.00714285   0.00656130
  0.00000000  -0.00000000    -0.00142908   0.00543983    -0.01410261   0.00201625
    7    5
 -0.00683100  -0.00000460     0.00000000   0.00000000     0.00000000   0.00000000
  0.00000000   0.00000000     0.01482445   0.00035869    -0.00714285  -0.00656130
  0.00000000   0.00000000    -0.00142908  -0.00543983    -0.01410261  -0.00201625
    7    6
 -0.00569241   0.01751945     0.00000000   0.00000000    -0.00000000  -0.00000000
  0.00000000   0.00000000    -0.00385474   0.01186368    -0.00003792   0.00011671
  0.00000000  -0.00000000     0.00013378  -0.00041172     0.00155372  -0.00478185
    7    7
  0.48526503   0.00000000     0.00000000   0.00000000    -0.00000000   0.00000000
  0.00000000   0.00000000     0.12108087   0.00000000    -0.00059087   0.00000000
 -0.00000000   0.00000000    -0.00059087   0.00000000     0.10676335   0.00000000

     Dynamical  Matrix in cartesian axes

     q = (   -0.600000000   0.000000000   0.060719899 ) 

    1    1
  0.15545447   0.00000000     0.00000000   0.00000000    -0.00064598  -0.00468936
  0.00000000   0.00000000     0.06254541   0.00000000    -0.00000000   0.00000000
 -0.00064598   0.00468936    -0.00000000   0.00000000     0.18247263   0.00000000
    1    2
  0.00200387   0.00536174     0.00000000   0.00000000     0.02921086  -0.03950871
  0.00000000   0.00000000     0.00398113   0.00403545    -0.00000000   0.00000000
  0.02921086  -0.03950871    -0.00000000  -0.00000000     0.00490510  -0.01078944
    1    3
  0.00446224   0.00239606     0.00000000  -0.00000000    -0.05179302   0.07628403
  0.00000000   0.00000000     0.00551078   0.00523647     0.00000000  -0.00000000
 -0.04925250   0.07145341     0.00000000  -0.00000000    -0.02553548   0.00088333
    1    4
 -0.02209309   0.00057694     0.00000000   0.00000000     0.00643369  -0.01701362
  0.00000000   0.00000000    -0.00658731  -0.00001190    -0.00000000  -0.00000000
  0.00318661  -0.01021678    -0.00000000   0.00000000    -0.04042860   0.00096375
    1    5
  0.00640558   0.00410412     0.00000000   0.00000000     0.01813211  -0.02629445
  0.00000000   0.00000000     0.00086564   0.00043503     0.00000000   0.00000000
 -0.00540807   0.00700666     0.00000000   0.00000000     0.01616670   0.01011298
    1    6
  0.00170436   0.00290416     0.00000000   0.00000000     0.00266801  -0.00513904
  0.00000000   0.00000000     0.00060705   0.00026968     0.00000000   0.00000000
  0.00411032  -0.00666009     0.00000000   0.00000000     0.00940619   0.00237549
    1    7
 -0.00290300   0.00122255     0.00000000   0.00000000    -0.00367509  -0.00361642
  0.00000000   0.00000000     0.01173337  -0.00852944    -0.00000000   0.00000000
  0.00352479   0.00167757     0.00000000   0.00000000     0.00940027  -0.00856388
    2    1
  0.00200387  -0.00536174     0.00000000   0.00000000     0.02921086   0.03950871
  0.00000000   0.00000000     0.00398113  -0.00403545    -0.00000000   0.00000000
  0.02921086   0.03950871    -0.00000000   0.00000000     0.00490510   0.01078944
    2    2
  0.15545447   0.00000000     0.00000000   0.00000000    -0.00064598   0.00468936
  0.00000000   0.00000000     0.06254541   0.00000000    -0.00000000   0.00000000
 -0.00064598  -0.00468936    -0.00000000   0.00000000     0.18247263   0.00000000
    2    3
  0.00446224  -0.00239606     0.00000000   0.00000000    -0.05179302  -0.07628403
  0.00000000  -0.00000000     0.00551078  -0.00523647     0.00000000   0.00000000
 -0.04925250  -0.07145341     0.00000000   0.00000000    -0.02553548  -0.00088333
    2    4
  0.00640558  -0.00410412     0.00000000   0.00000000     0.01813211   0.02629445
  0.00000000   0.00000000     0.00086564  -0.00043503     0.00000000   0.00000000
 -0.00540807  -0.00700666     0.00000000   0.00000000     0.01616670  -0.01011298
    2    5
 -0.02209309  -0.00057694     0.00000000   0.00000000     0.00643369   0.01701362
  0.00000000  -0.00000000    -0.00658731   0.00001190    -0.00000000   0.00000000
  0.00318661   0.01021678    -0.00000000   0.00000000    -0.04042860  -0.00096375
    2    6
  0.00170436  -0.00290416     0.00000000   0.00000000     0.00266801   0.00513904
  0.00000000   0.00000000     0.00060705  -0.00026968     0.00000000   0.00000000
  0.00411032   0.00666009     0.00000000  -0.00000000     0.00940619  -0.00237549
    2    7
  0.00162998   0.00269541     0.00000000  -0.00000000     0.00509889  -0.00076558
 -0.00000000   0.00000000    -0.00447902  -0.01379716     0.00000000   0.00000000
 -0.00383766  -0.00071464    -0.00000000   0.00000000    -0.00257126  -0.01245366
    3    1
  0.00446224  -0.00239606    -0.00000000  -0.00000000    -0.04925250  -0.07145341
 -0.00000000  -0.00000000     0.00551078  -0.00523647     0.00000000   0.00000000
 -0.05179302  -0.07628403     0.00000000   0.00000000    -0.02553548  -0.00088333
    3    2
  0.00446224   0.00239606    -0.00000000   0.00000000    -0.04925250   0.07145341
 -0.00000000   0.00000000     0.00551078   0.00523647     0.00000000  -0.00000000
 -0.05179302   0.07628403     0.00000000  -0.00000000    -0.02553548   0.00088333
    3    3
  0.73787027   0.00000000     0.00000000   0.00000000    -0.00408457   0.00000000
  0.00000000   0.00000000     0.69853880   0.00000000    -0.00000000   0.00000000
 -0.00408457   0.00000000     0.00000000   0.00000000     0.46102407   0.00000000
    3    4
 -0.07116537  -0.00097975     0.00000000   0.00000000     0.00832063   0.01233593
  0.00000000   0.00000000    -0.06062630  -0.00015245     0.00000000   0.00000000
  0.00829597   0.02075284     0.00000000   0.00000000    -0.11822423   0.00452031
    3    5
 -0.07116537   0.00097975     0.00000000   0.00000000     0.00832063  -0.01233593
  0.00000000   0.00000000    -0.06062630   0.00015245     0.00000000  -0.00000000
  0.00829597  -0.02075284     0.00000000   0.00000000    -0.11822423  -0.00452031
    3    6
 -0.06746807   0.00000000    -0.00000000   0.00000000     0.00077368   0.00000000
 -0.00000000   0.00000000    -0.42059887   0.00000000     0.00000000   0.00000000
  0.00391540   0.00000000     0.00000000   0.00000000    -0.06919434   0.00000000
    3    7
 -0.06965652   0.21438072     0.00000000  -0.00000000     0.00008888  -0.00027356
  0.00000000  -0.00000000    -0.00587666   0.01808651    -0.00000000   0.00000000
 -0.00040219   0.00123780    -0.00000000   0.00000000    -0.01412587   0.04347495
    4    1
 -0.02209309  -0.00057694    -0.00000000   0.00000000     0.00318661   0.01021678
  0.00000000   0.00000000    -0.00658731   0.00001190    -0.00000000   0.00000000
  0.00643369   0.01701362     0.00000000   0.00000000    -0.04042860  -0.00096375
    4    2
  0.00640558   0.00410412     0.00000000   0.00000000    -0.00540807   0.00700666
  0.00000000   0.00000000     0.00086564   0.00043503    -0.00000000  -0.00000000
  0.01813211  -0.02629445     0.00000000  -0.00000000     0.01616670   0.01011298
    4    3
 -0.07116537   0.00097975     0.00000000   0.00000000     0.00829597  -0.02075284
  0.00000000   0.00000000    -0.06062630   0.00015245     0.00000000  -0.00000000
  0.00832063  -0.01233593     0.00000000  -0.00000000    -0.11822423  -0.00452031
    4    4
  0.11665703   0.00000000     0.00000000   0.00000000    -0.00241434   0.00670210
  0.00000000   0.00000000     0.07720179   0.00000000     0.00000000   0.00000000
 -0.00241434  -0.00670210     0.00000000   0.00000000     0.28119846   0.00000000
    4    5
  0.01185298  -0.00029374     0.00000000   0.00000000    -0.01877995   0.02768599
  0.00000000   0.00000000     0.01330005   0.00117342    -0.00000000  -0.00000000
 -0.01877995   0.02768599    -0.00000000  -0.00000000    -0.01729510   0.00697302
    4    6
  0.01482445  -0.00035869     0.00000000   0.00000000    -0.00142908   0.00543983
  0.00000000   0.00000000    -0.00683100   0.00000460     0.00000000   0.00000000
 -0.00714285   0.00656130     0.00000000   0.00000000    -0.01410261   0.00201625
    4    7
  0.00121917  -0.00168174     0.00000000   0.00000000     0.04582156   0.01549512
  0.00000000   0.00000000    -0.00018241  -0.00096496    -0.00000000  -0.00000000
 -0.00831956  -0.00407377    -0.00000000   0.00000000     0.00383695  -0.00062294
    5    1
  0.00640558  -0.00410412     0.00000000   0.00000000    -0.00540807  -0.00700666
  0.00000000   0.00000000     0.00086564  -0.00043503    -0.00000000   0.00000000
  0.01813211   0.02629445     0.00000000   0.00000000     0.01616670  -0.01011298
    5    2
 -0.02209309   0.00057694    -0.00000000   0.00000000     0.00318661  -0.01021678
  0.00000000   0.00000000    -0.00658731  -0.00001190    -0.00000000   0.00000000
  0.00643369  -0.01701362     0.00000000  -0.00000000    -0.04042860   0.00096375
    5    3
 -0.07116537  -0.00097975     0.00000000   0.00000000     0.00829597   0.02075284
  0.00000000   0.00000000    -0.06062630  -0.00015245     0.00000000   0.00000000
  0.00832063   0.01233593     0.00000000   0.00000000    -0.11822423   0.00452031
    5    4
  0.01185298   0.00029374     0.00000000  -0.00000000    -0.01877995  -0.02768599
  0.00000000  -0.00000000     0.01330005  -0.00117342    -0.00000000   0.00000000
 -0.01877995  -0.02768599    -0.00000000   0.00000000    -0.01729510  -0.00697302
    5    5
  0.11665703   0.00000000     0.00000000   0.00000000    -0.00241434  -0.00670210
  0.00000000   0.00000000     0.07720179   0.00000000     0.00000000   0.00000000
 -0.00241434   0.00670210     0.00000000   0.00000000     0.28119846   0.00000000
    5    6
  0.01482445   0.00035869     0.00000000   0.00000000    -0.00142908  -0.00543983
  0.00000000   0.00000000    -0.00683100  -0.00000460     0.00000000  -0.00000000
 -0.00714285  -0.00656130     0.00000000   0.00000000    -0.01410261  -0.00201625
    5    7
  0.00000218  -0.00207717     0.00000000   0.00000000    -0.04617822  -0.01439742
 -0.00000000   0.00000000     0.00071476  -0.00067345     0.00000000   0.00000000
  0.00912517   0.00159437     0.00000000   0.00000000    -0.00273800  -0.00275928
    6    1
  0.00170436  -0.00290416     0.00000000   0.00000000     0.00411032   0.00666009
  0.00000000   0.00000000     0.00060705  -0.00026968    -0.00000000  -0.00000000
  0.00266801   0.00513904     0.00000000   0.00000000     0.00940619  -0.00237549
    6    2
  0.00170436   0.00290416     0.00000000   0.00000000     0.00411032  -0.00666009
  0.00000000  -0.00000000     0.00060705   0.00026968    -0.00000000   0.00000000
  0.00266801  -0.00513904     0.00000000   0.00000000     0.00940619   0.00237549
    6    3
 -0.06746807   0.00000000     0.00000000   0.00000000     0.00391540   0.00000000
 -0.00000000   0.00000000    -0.42059887   0.00000000    -0.00000000   0.00000000
  0.00077368   0.00000000     0.00000000   0.00000000    -0.06919434   0.00000000
    6    4
  0.01482445   0.00035869     0.00000000   0.00000000    -0.00714285  -0.00656130
  0.00000000   0.00000000    -0.00683100  -0.00000460    -0.00000000   0.00000000
 -0.00142908  -0.00543983     0.00000000   0.00000000    -0.01410261  -0.00201625
    6    5
  0.01482445  -0.00035869     0.00000000   0.00000000    -0.00714285   0.00656130
  0.00000000  -0.00000000    -0.00683100   0.00000460    -0.00000000  -0.00000000
 -0.00142908   0.00543983     0.00000000  -0.00000000    -0.01410261   0.00201625
    6    6
  0.12108087   0.00000000    -0.00000000   0.00000000    -0.00059087   0.00000000
 -0.00000000   0.00000000     0.48526503   0.00000000     0.00000000   0.00000000
 -0.00059087   0.00000000     0.00000000   0.00000000     0.10676335   0.00000000
    6    7
 -0.00385474   0.01186368    -0.00000000   0.00000000    -0.00003792   0.00011671
 -0.00000000   0.00000000    -0.00569241   0.01751945     0.00000000   0.00000000
  0.00013378  -0.00041172     0.00000000   0.00000000     0.00155372  -0.00478185
    7    1
 -0.00290300  -0.00122255    -0.00000000   0.00000000     0.00352479  -0.00167757
 -0.00000000   0.00000000     0.01173337   0.00852944     0.00000000   0.00000000
 -0.00367509   0.00361642     0.00000000   0.00000000     0.00940027   0.00856388
    7    2
  0.00162998  -0.00269541    -0.00000000  -0.00000000    -0.00383766   0.00071464
  0.00000000  -0.00000000    -0.00447902   0.01379716     0.00000000   0.00000000
  0.00509889   0.00076558     0.00000000   0.00000000    -0.00257126   0.01245366
    7    3
 -0.06965652  -0.21438072     0.00000000   0.00000000    -0.00040219  -0.00123780
  0.00000000   0.00000000    -0.00587666  -0.01808651    -0.00000000  -0.00000000
  0.00008888   0.00027356     0.00000000  -0.00000000    -0.01412587  -0.04347495
    7    4
  0.00121917   0.00168174     0.00000000   0.00000000    -0.00831956   0.00407377
  0.00000000   0.00000000    -0.00018241   0.00096496    -0.00000000  -0.00000000
  0.04582156  -0.01549512    -0.00000000   0.00000000     0.00383695   0.00062294
    7    5
  0.00000218   0.00207717     0.00000000  -0.00000000     0.00912517  -0.00159437
  0.00000000  -0.00000000     0.00071476   0.00067345     0.00000000   0.00000000
 -0.04617822   0.01439742     0.00000000   0.00000000    -0.00273800   0.00275928
    7    6
 -0.00385474  -0.01186368     0.00000000   0.00000000     0.00013378   0.00041172
 -0.00000000   0.00000000    -0.00569241  -0.01751945     0.00000000   0.00000000
 -0.00003792  -0.00011671     0.00000000   0.00000000     0.00155372   0.00478185
    7    7
  0.70515215   0.00000000     0.00000000   0.00000000     0.00018398   0.00000000
  0.00000000   0.00000000     0.08904265   0.00000000    -0.00000000   0.00000000
  0.00018398   0.00000000    -0.00000000   0.00000000     0.10490068   0.00000000

     Dynamical  Matrix in cartesian axes

     q = (    0.000000000  -0.600000000   0.060719899 ) 

    1    1
  0.06254541   0.00000000     0.00000000   0.00000000     0.00000000   0.00000000
  0.00000000   0.00000000     0.15545447   0.00000000    -0.00064598  -0.00468936
  0.00000000   0.00000000    -0.00064598   0.00468936     0.18247263   0.00000000
    1    2
  0.00398113   0.00403545    -0.00000000   0.00000000     0.00000000   0.00000000
  0.00000000   0.00000000     0.00200387   0.00536174     0.02921086  -0.03950871
  0.00000000   0.00000000     0.02921086  -0.03950871     0.00490510  -0.01078944
    1    3
  0.00551078   0.00523647    -0.00000000  -0.00000000    -0.00000000   0.00000000
  0.00000000   0.00000000     0.00446224   0.00239606    -0.05179302   0.07628403
 -0.00000000   0.00000000    -0.04925250   0.07145341    -0.02553548   0.00088333
    1    4
 -0.00658731  -0.00001190     0.00000000   0.00000000     0.00000000   0.00000000
  0.00000000   0.00000000    -0.02209309   0.00057694     0.00643369  -0.01701362
 -0.00000000  -0.00000000     0.00318661  -0.01021678    -0.04042860   0.00096375
    1    5
  0.00086564   0.00043503     0.00000000   0.00000000     0.00000000   0.00000000
  0.00000000   0.00000000     0.00640558   0.00410412     0.01813211  -0.02629445
  0.00000000   0.00000000    -0.00540807   0.00700666     0.01616670   0.01011298
    1    6
 -0.00447902   0.01379716     0.00000000   0.00000000     0.00000000   0.00000000
  0.00000000  -0.00000000     0.00162998  -0.00269541     0.00509889   0.00076558
  0.00000000   0.00000000    -0.00383766   0.00071464    -0.00257126   0.01245366
    1    7
  0.00060705   0.00026968     0.00000000  -0.00000000     0.00000000  -0.00000000
  0.00000000  -0.00000000     0.00170436   0.00290416     0.00266801  -0.00513904
  0.00000000  -0.00000000     0.00411032  -0.00666009     0.00940619   0.00237549
    2    1
  0.00398113  -0.00403545    -0.00000000   0.00000000     0.00000000   0.00000000
  0.00000000   0.00000000     0.00200387  -0.00536174     0.02921086   0.03950871
  0.00000000   0.00000000     0.02921086   0.03950871     0.00490510   0.01078944
    2    2
  0.06254541   0.00000000     0.00000000   0.00000000     0.00000000   0.00000000
  0.00000000   0.00000000     0.15545447   0.00000000    -0.00064598   0.00468936
  0.00000000   0.00000000    -0.00064598  -0.00468936     0.18247263   0.00000000
    2    3
  0.00551078  -0.00523647    -0.00000000   0.00000000    -0.00000000   0.00000000
  0.00000000   0.00000000     0.00446224  -0.00239606    -0.05179302  -0.07628403
 -0.00000000   0.00000000    -0.04925250  -0.07145341    -0.02553548  -0.00088333
    2    4
  0.00086564  -0.00043503     0.00000000  -0.00000000     0.00000000  -0.00000000
  0.00000000  -0.00000000     0.00640558  -0.00410412     0.01813211   0.02629445
  0.00000000  -0.00000000    -0.00540807  -0.00700666     0.01616670  -0.01011298
    2    5
 -0.00658731   0.00001190     0.00000000   0.00000000     0.00000000   0.00000000
  0.00000000   0.00000000    -0.02209309  -0.00057694     0.00643369   0.01701362
 -0.00000000   0.00000000     0.00318661   0.01021678    -0.04042860  -0.00096375
    2    6
  0.01173337   0.00852944     0.00000000   0.00000000     0.00000000   0.00000000
 -0.00000000   0.00000000    -0.00290300  -0.00122255    -0.00367509   0.00361642
 -0.00000000   0.00000000     0.00352479  -0.00167757     0.00940027   0.00856388
    2    7
  0.00060705  -0.00026968     0.00000000   0.00000000     0.00000000   0.00000000
  0.00000000   0.00000000     0.00170436  -0.00290416     0.00266801   0.00513904
  0.00000000   0.00000000     0.00411032   0.00666009     0.00940619  -0.00237549
    3    1
  0.00551078  -0.00523647    -0.00000000   0.00000000    -0.00000000   0.00000000
  0.00000000   0.00000000     0.00446224  -0.00239606    -0.04925250  -0.07145341
 -0.00000000   0.00000000    -0.05179302  -0.07628403    -0.02553548  -0.00088333
    3    2
  0.00551078   0.00523647    -0.00000000  -0.00000000    -0.00000000   0.00000000
  0.00000000  -0.00000000     0.00446224   0.00239606    -0.04925250   0.07145341
 -0.00000000   0.00000000    -0.05179302   0.07628403    -0.02553548   0.00088333
    3    3
  0.69853880   0.00000000     0.00000000   0.00000000    -0.00000000   0.00000000
  0.00000000   0.00000000     0.73787027   0.00000000    -0.00408457   0.00000000
 -0.00000000   0.00000000    -0.00408457   0.00000000     0.46102407   0.00000000
    3    4
 -0.06062630  -0.00015245    -0.00000000   0.00000000    -0.00000000   0.00000000
 -0.00000000   0.00000000    -0.07116537  -0.00097975     0.00832063   0.01233593
 -0.00000000   0.00000000     0.00829597   0.02075284    -0.11822423   0.00452031
    3    5
 -0.06062630   0.00015245    -0.00000000   0.00000000    -0.00000000  -0.00000000
 -0.00000000   0.00000000    -0.07116537   0.00097975     0.00832063  -0.01233593
 -0.00000000   0.00000000     0.00829597  -0.02075284    -0.11822423  -0.00452031
    3    6
 -0.00587666  -0.01808651     0.00000000   0.00000000     0.00000000   0.00000000
  0.00000000   0.00000000    -0.06965652  -0.21438072     0.00008888   0.00027356
  0.00000000   0.00000000    -0.00040219  -0.00123780    -0.01412587  -0.04347495
    3    7
 -0.42059887   0.00000000    -0.00000000   0.00000000     0.00000000   0.00000000
 -0.00000000   0.00000000    -0.06746807   0.00000000     0.00077368   0.00000000
  0.00000000   0.00000000     0.00391540   0.00000000    -0.06919434   0.00000000
    4    1
 -0.00658731   0.00001190    -0.00000000   0.00000000     0.00000000   0.00000000
  0.00000000   0.00000000    -0.02209309  -0.00057694     0.00318661   0.01021678
  0.00000000   0.00000000     0.00643369   0.01701362    -0.04042860  -0.00096375
    4    2
  0.00086564   0.00043503     0.00000000   0.00000000    -0.00000000  -0.00000000
  0.00000000   0.00000000     0.00640558   0.00410412    -0.00540807   0.00700666
  0.00000000   0.00000000     0.01813211  -0.02629445     0.01616670   0.01011298
    4    3
 -0.06062630   0.00015245     0.00000000   0.00000000     0.00000000   0.00000000
  0.00000000   0.00000000    -0.07116537   0.00097975     0.00829597  -0.02075284
  0.00000000   0.00000000     0.00832063  -0.01233593    -0.11822423  -0.00452031
    4    4
  0.07720179   0.00000000     0.00000000   0.00000000     0.00000000   0.00000000
  0.00000000   0.00000000     0.11665703   0.00000000    -0.00241434   0.00670210
  0.00000000   0.00000000    -0.00241434  -0.00670210     0.28119846   0.00000000
    4    5
  0.01330005   0.00117342     0.00000000  -0.00000000     0.00000000  -0.00000000
  0.00000000  -0.00000000     0.01185298  -0.00029374    -0.01877995   0.02768599
 -0.00000000  -0.00000000    -0.01877995   0.02768599    -0.01729510   0.00697302
    4    6
  0.00071476   0.00067345     0.00000000  -0.00000000     0.00000000  -0.00000000
  0.00000000  -0.00000000     0.00000218   0.00207717    -0.04617822   0.01439742
  0.00000000  -0.00000000     0.00912517  -0.00159437    -0.00273800   0.00275928
    4    7
 -0.00683100   0.00000460     0.00000000  -0.00000000    -0.00000000   0.00000000
  0.00000000   0.00000000     0.01482445  -0.00035869    -0.00142908   0.00543983
  0.00000000   0.00000000    -0.00714285   0.00656130    -0.01410261   0.00201625
    5    1
  0.00086564  -0.00043503     0.00000000  -0.00000000    -0.00000000   0.00000000
  0.00000000   0.00000000     0.00640558  -0.00410412    -0.00540807  -0.00700666
  0.00000000   0.00000000     0.01813211   0.02629445     0.01616670  -0.01011298
    5    2
 -0.00658731  -0.00001190    -0.00000000  -0.00000000     0.00000000   0.00000000
  0.00000000   0.00000000    -0.02209309   0.00057694     0.00318661  -0.01021678
  0.00000000   0.00000000     0.00643369  -0.01701362    -0.04042860   0.00096375
    5    3
 -0.06062630  -0.00015245     0.00000000  -0.00000000     0.00000000   0.00000000
  0.00000000   0.00000000    -0.07116537  -0.00097975     0.00829597   0.02075284
  0.00000000   0.00000000     0.00832063   0.01233593    -0.11822423   0.00452031
    5    4
  0.01330005  -0.00117342     0.00000000   0.00000000     0.00000000   0.00000000
  0.00000000   0.00000000     0.01185298   0.00029374    -0.01877995  -0.02768599
 -0.00000000   0.00000000    -0.01877995  -0.02768599    -0.01729510  -0.00697302
    5    5
  0.07720179   0.00000000     0.00000000   0.00000000     0.00000000   0.00000000
  0.00000000   0.00000000     0.11665703   0.00000000    -0.00241434  -0.00670210
  0.00000000   0.00000000    -0.00241434   0.00670210     0.28119846   0.00000000
    5    6
 -0.00018241   0.00096496     0.00000000   0.00000000    -0.00000000   0.00000000
  0.00000000  -0.00000000     0.00121917   0.00168174     0.04582156  -0.01549512
 -0.00000000  -0.00000000    -0.00831956   0.00407377     0.00383695   0.00062294
    5    7
 -0.00683100  -0.00000460     0.00000000   0.00000000    -0.00000000   0.00000000
  0.00000000   0.00000000     0.01482445   0.00035869    -0.00142908  -0.00543983
  0.00000000  -0.00000000    -0.00714285  -0.00656130    -0.01410261  -0.00201625
    6    1
 -0.00447902  -0.01379716    -0.00000000  -0.00000000    -0.00000000   0.00000000
  0.00000000  -0.00000000     0.00162998   0.00269541    -0.00383766  -0.00071464
  0.00000000  -0.00000000     0.00509889  -0.00076558    -0.00257126  -0.01245366
    6    2
  0.01173337  -0.00852944    -0.00000000   0.00000000    -0.00000000  -0.00000000
 -0.00000000   0.00000000    -0.00290300   0.00122255     0.00352479   0.00167757
 -0.00000000  -0.00000000    -0.00367509  -0.00361642     0.00940027  -0.00856388
    6    3
 -0.00587666   0.01808651     0.00000000   0.00000000     0.00000000   0.00000000
  0.00000000   0.00000000    -0.06965652   0.21438072    -0.00040219   0.00123780
  0.00000000   0.00000000     0.00008888  -0.00027356    -0.01412587   0.04347495
    6    4
  0.00071476  -0.00067345     0.00000000   0.00000000    -0.00000000   0.00000000
  0.00000000   0.00000000     0.00000218  -0.00207717     0.00912517   0.00159437
  0.00000000   0.00000000    -0.04617822  -0.01439742    -0.00273800  -0.00275928
    6    5
 -0.00018241  -0.00096496    -0.00000000   0.00000000     0.00000000   0.00000000
 -0.00000000  -0.00000000     0.00121917  -0.00168174    -0.00831956  -0.00407377
 -0.00000000  -0.00000000     0.04582156   0.01549512     0.00383695  -0.00062294
    6    6
  0.08904265   0.00000000     0.00000000   0.00000000     0.00000000   0.00000000
  0.00000000   0.00000000     0.70515215   0.00000000     0.00018398   0.00000000
  0.00000000   0.00000000     0.00018398   0.00000000     0.10490068   0.00000000
    6    7
 -0.00569241   0.01751945     0.00000000   0.00000000     0.00000000   0.00000000
  0.00000000   0.00000000    -0.00385474   0.01186368     0.00013378  -0.00041172
  0.00000000   0.00000000    -0.00003792   0.00011671     0.00155372  -0.00478185
    7    1
  0.00060705  -0.00026968     0.00000000   0.00000000    -0.00000000   0.00000000
  0.00000000   0.00000000     0.00170436  -0.00290416     0.00411032   0.00666009
  0.00000000   0.00000000     0.00266801   0.00513904     0.00940619  -0.00237549
    7    2
  0.00060705   0.00026968     0.00000000  -0.00000000    -0.00000000  -0.00000000
  0.00000000  -0.00000000     0.00170436   0.00290416     0.00411032  -0.00666009
  0.00000000  -0.00000000     0.00266801  -0.00513904     0.00940619   0.00237549
    7    3
 -0.42059887   0.00000000     0.00000000   0.00000000     0.00000000   0.00000000
  0.00000000   0.00000000    -0.06746807   0.00000000     0.00391540   0.00000000
  0.00000000   0.00000000     0.00077368   0.00000000    -0.06919434   0.00000000
    7    4
 -0.00683100  -0.00000460     0.00000000   0.00000000     0.00000000   0.00000000
  0.00000000   0.00000000     0.01482445   0.00035869    -0.00714285  -0.00656130
  0.00000000   0.00000000    -0.00142908  -0.00543983    -0.01410261  -0.00201625
    7    5
 -0.00683100   0.00000460     0.00000000   0.00000000     0.00000000   0.00000000
  0.00000000  -0.00000000     0.01482445  -0.00035869    -0.00714285   0.00656130
  0.00000000  -0.00000000    -0.00142908   0.00543983    -0.01410261   0.00201625
    7    6
 -0.00569241  -0.01751945    -0.00000000   0.00000000    -0.00000000  -0.00000000
  0.00000000   0.00000000    -0.00385474  -0.01186368    -0.00003792  -0.00011671
 -0.00000000   0.00000000     0.00013378   0.00041172     0.00155372   0.00478185
    7    7
  0.48526503   0.00000000     0.00000000   0.00000000    -0.00000000   0.00000000
  0.00000000   0.00000000     0.12108087   0.00000000    -0.00059087   0.00000000
 -0.00000000   0.00000000    -0.00059087   0.00000000     0.10676335   0.00000000

     Dynamical  Matrix in cartesian axes

     q = (    0.600000000   0.000000000   0.060719899 ) 

    1    1
  0.15545447   0.00000000     0.00000000   0.00000000     0.00064598   0.00468936
  0.00000000   0.00000000     0.06254541   0.00000000     0.00000000   0.00000000
  0.00064598  -0.00468936     0.00000000   0.00000000     0.18247263   0.00000000
    1    2
  0.00200387   0.00536174     0.00000000   0.00000000    -0.02921086   0.03950871
 -0.00000000   0.00000000     0.00398113   0.00403545     0.00000000   0.00000000
 -0.02921086   0.03950871    -0.00000000   0.00000000     0.00490510  -0.01078944
    1    3
  0.00446224   0.00239606     0.00000000   0.00000000     0.05179302  -0.07628403
 -0.00000000  -0.00000000     0.00551078   0.00523647     0.00000000  -0.00000000
  0.04925250  -0.07145341     0.00000000  -0.00000000    -0.02553548   0.00088333
    1    4
 -0.02209309   0.00057694     0.00000000   0.00000000    -0.00643369   0.01701362
  0.00000000   0.00000000    -0.00658731  -0.00001190     0.00000000   0.00000000
 -0.00318661   0.01021678     0.00000000   0.00000000    -0.04042860   0.00096375
    1    5
  0.00640558   0.00410412     0.00000000   0.00000000    -0.01813211   0.02629445
  0.00000000   0.00000000     0.00086564   0.00043503    -0.00000000  -0.00000000
  0.00540807  -0.00700666     0.00000000  -0.00000000     0.01616670   0.01011298
    1    6
  0.00170436   0.00290416     0.00000000  -0.00000000    -0.00266801   0.00513904
  0.00000000  -0.00000000     0.00060705   0.00026968     0.00000000   0.00000000
 -0.00411032   0.00666009     0.00000000   0.00000000     0.00940619   0.00237549
    1    7
  0.00162998  -0.00269541     0.00000000  -0.00000000    -0.00509889  -0.00076558
  0.00000000   0.00000000    -0.00447902   0.01379716    -0.00000000  -0.00000000
  0.00383766  -0.00071464    -0.00000000   0.00000000    -0.00257126   0.01245366
    2    1
  0.00200387  -0.00536174     0.00000000   0.00000000    -0.02921086  -0.03950871
 -0.00000000   0.00000000     0.00398113  -0.00403545     0.00000000   0.00000000
 -0.02921086  -0.03950871    -0.00000000   0.00000000     0.00490510   0.01078944
    2    2
  0.15545447   0.00000000     0.00000000   0.00000000     0.00064598  -0.00468936
  0.00000000   0.00000000     0.06254541   0.00000000     0.00000000   0.00000000
  0.00064598   0.00468936     0.00000000   0.00000000     0.18247263   0.00000000
    2    3
  0.00446224  -0.00239606     0.00000000   0.00000000     0.05179302   0.07628403
 -0.00000000   0.00000000     0.00551078  -0.00523647     0.00000000   0.00000000
  0.04925250   0.07145341     0.00000000   0.00000000    -0.02553548  -0.00088333
    2    4
  0.00640558  -0.00410412     0.00000000  -0.00000000    -0.01813211  -0.02629445
  0.00000000  -0.00000000     0.00086564  -0.00043503    -0.00000000   0.00000000
  0.00540807   0.00700666     0.00000000   0.00000000     0.01616670  -0.01011298
    2    5
 -0.02209309  -0.00057694     0.00000000   0.00000000    -0.00643369  -0.01701362
  0.00000000   0.00000000    -0.00658731   0.00001190     0.00000000   0.00000000
 -0.00318661  -0.01021678     0.00000000  -0.00000000    -0.04042860  -0.00096375
    2    6
  0.00170436  -0.00290416     0.00000000   0.00000000    -0.00266801  -0.00513904
  0.00000000   0.00000000     0.00060705  -0.00026968     0.00000000  -0.00000000
 -0.00411032  -0.00666009     0.00000000  -0.00000000     0.00940619  -0.00237549
    2    7
 -0.00290300  -0.00122255    -0.00000000   0.00000000     0.00367509  -0.00361642
  0.00000000   0.00000000     0.01173337   0.00852944     0.00000000  -0.00000000
 -0.00352479   0.00167757     0.00000000   0.00000000     0.00940027   0.00856388
    3    1
  0.00446224  -0.00239606     0.00000000   0.00000000     0.04925250   0.07145341
 -0.00000000   0.00000000     0.00551078  -0.00523647     0.00000000  -0.00000000
  0.05179302   0.07628403     0.00000000  -0.00000000    -0.02553548  -0.00088333
    3    2
  0.00446224   0.00239606     0.00000000  -0.00000000     0.04925250  -0.07145341
 -0.00000000  -0.00000000     0.00551078   0.00523647     0.00000000   0.00000000
  0.05179302  -0.07628403     0.00000000   0.00000000    -0.02553548   0.00088333
    3    3
  0.73787027   0.00000000     0.00000000   0.00000000     0.00408457   0.00000000
  0.00000000   0.00000000     0.69853880   0.00000000     0.00000000   0.00000000
  0.00408457   0.00000000     0.00000000   0.00000000     0.46102407   0.00000000
    3    4
 -0.07116537  -0.00097975    -0.00000000   0.00000000    -0.00832063  -0.01233593
 -0.00000000   0.00000000    -0.06062630  -0.00015245     0.00000000  -0.00000000
 -0.00829597  -0.02075284     0.00000000  -0.00000000    -0.11822423   0.00452031
    3    5
 -0.07116537   0.00097975    -0.00000000   0.00000000    -0.00832063   0.01233593
 -0.00000000   0.00000000    -0.06062630   0.00015245     0.00000000   0.00000000
 -0.00829597   0.02075284     0.00000000   0.00000000    -0.11822423  -0.00452031
    3    6
 -0.06746807   0.00000000    -0.00000000   0.00000000    -0.00077368   0.00000000
 -0.00000000   0.00000000    -0.42059887   0.00000000    -0.00000000   0.00000000
 -0.00391540   0.00000000     0.00000000   0.00000000    -0.06919434   0.00000000
    3    7
 -0.06965652  -0.21438072     0.00000000   0.00000000    -0.00008888  -0.00027356
  0.00000000   0.00000000    -0.00587666  -0.01808651    -0.00000000  -0.00000000
  0.00040219   0.00123780     0.00000000  -0.00000000    -0.01412587  -0.04347495
    4    1
 -0.02209309  -0.00057694     0.00000000   0.00000000    -0.00318661  -0.01021678
 -0.00000000   0.00000000    -0.00658731   0.00001190    -0.00000000   0.00000000
 -0.00643369  -0.01701362    -0.00000000   0.00000000    -0.04042860  -0.00096375
    4    2
  0.00640558   0.00410412     0.00000000   0.00000000     0.00540807  -0.00700666
  0.00000000   0.00000000     0.00086564   0.00043503     0.00000000   0.00000000
 -0.01813211   0.02629445    -0.00000000   0.00000000     0.01616670   0.01011298
    4    3
 -0.07116537   0.00097975     0.00000000   0.00000000    -0.00829597   0.02075284
  0.00000000   0.00000000    -0.06062630   0.00015245    -0.00000000  -0.00000000
 -0.00832063   0.01233593     0.00000000   0.00000000    -0.11822423  -0.00452031
    4    4
  0.11665703   0.00000000     0.00000000   0.00000000     0.00241434  -0.00670210
  0.00000000   0.00000000     0.07720179   0.00000000     0.00000000   0.00000000
  0.00241434   0.00670210     0.00000000   0.00000000     0.28119846   0.00000000
    4    5
  0.01185298  -0.00029374     0.00000000  -0.00000000     0.01877995  -0.02768599
  0.00000000  -0.00000000     0.01330005   0.00117342    -0.00000000   0.00000000
  0.01877995  -0.02768599     0.00000000   0.00000000    -0.01729510   0.00697302
    4    6
  0.01482445  -0.00035869     0.00000000   0.00000000     0.00142908  -0.00543983
  0.00000000  -0.00000000    -0.00683100   0.00000460     0.00000000   0.00000000
  0.00714285  -0.00656130     0.00000000  -0.00000000    -0.01410261   0.00201625
    4    7
  0.00000218   0.00207717     0.00000000  -0.00000000     0.04617822  -0.01439742
  0.00000000  -0.00000000     0.00071476   0.00067345     0.00000000   0.00000000
 -0.00912517   0.00159437     0.00000000   0.00000000    -0.00273800   0.00275928
    5    1
  0.00640558  -0.00410412     0.00000000   0.00000000     0.00540807   0.00700666
  0.00000000  -0.00000000     0.00086564  -0.00043503     0.00000000  -0.00000000
 -0.01813211  -0.02629445    -0.00000000   0.00000000     0.01616670  -0.01011298
    5    2
 -0.02209309   0.00057694     0.00000000   0.00000000    -0.00318661   0.01021678
 -0.00000000  -0.00000000    -0.00658731  -0.00001190    -0.00000000   0.00000000
 -0.00643369   0.01701362    -0.00000000   0.00000000    -0.04042860   0.00096375
    5    3
 -0.07116537  -0.00097975     0.00000000   0.00000000    -0.00829597  -0.02075284
  0.00000000  -0.00000000    -0.06062630  -0.00015245    -0.00000000   0.00000000
 -0.00832063  -0.01233593     0.00000000   0.00000000    -0.11822423   0.00452031
    5    4
  0.01185298   0.00029374     0.00000000   0.00000000     0.01877995   0.02768599
  0.00000000   0.00000000     0.01330005  -0.00117342    -0.00000000  -0.00000000
  0.01877995   0.02768599     0.00000000  -0.00000000    -0.01729510  -0.00697302
    5    5
  0.11665703   0.00000000     0.00000000   0.00000000     0.00241434   0.00670210
  0.00000000   0.00000000     0.07720179   0.00000000     0.00000000   0.00000000
  0.00241434  -0.00670210     0.00000000   0.00000000     0.28119846   0.00000000
    5    6
  0.01482445   0.00035869     0.00000000   0.00000000     0.00142908   0.00543983
  0.00000000   0.00000000    -0.00683100  -0.00000460     0.00000000   0.00000000
  0.00714285   0.00656130     0.00000000   0.00000000    -0.01410261  -0.00201625
    5    7
  0.00121917   0.00168174     0.00000000  -0.00000000    -0.04582156   0.01549512
  0.00000000   0.00000000    -0.00018241   0.00096496     0.00000000  -0.00000000
  0.00831956  -0.00407377     0.00000000   0.00000000     0.00383695   0.00062294
    6    1
  0.00170436  -0.00290416     0.00000000   0.00000000    -0.00411032  -0.00666009
  0.00000000   0.00000000     0.00060705  -0.00026968     0.00000000  -0.00000000
 -0.00266801  -0.00513904     0.00000000  -0.00000000     0.00940619  -0.00237549
    6    2
  0.00170436   0.00290416     0.00000000  -0.00000000    -0.00411032   0.00666009
  0.00000000  -0.00000000     0.00060705   0.00026968     0.00000000   0.00000000
 -0.00266801   0.00513904     0.00000000   0.00000000     0.00940619   0.00237549
    6    3
 -0.06746807   0.00000000     0.00000000   0.00000000    -0.00391540   0.00000000
  0.00000000   0.00000000    -0.42059887   0.00000000    -0.00000000   0.00000000
 -0.00077368   0.00000000     0.00000000   0.00000000    -0.06919434   0.00000000
    6    4
  0.01482445   0.00035869     0.00000000   0.00000000     0.00714285   0.00656130
  0.00000000   0.00000000    -0.00683100  -0.00000460    -0.00000000   0.00000000
  0.00142908   0.00543983    -0.00000000  -0.00000000    -0.01410261  -0.00201625
    6    5
  0.01482445  -0.00035869     0.00000000  -0.00000000     0.00714285  -0.00656130
  0.00000000   0.00000000    -0.00683100   0.00000460    -0.00000000   0.00000000
  0.00142908  -0.00543983    -0.00000000   0.00000000    -0.01410261   0.00201625
    6    6
  0.12108087   0.00000000     0.00000000   0.00000000     0.00059087   0.00000000
  0.00000000   0.00000000     0.48526503   0.00000000     0.00000000   0.00000000
  0.00059087   0.00000000     0.00000000   0.00000000     0.10676335   0.00000000
    6    7
 -0.00385474  -0.01186368     0.00000000   0.00000000     0.00003792   0.00011671
 -0.00000000   0.00000000    -0.00569241  -0.01751945     0.00000000   0.00000000
 -0.00013378  -0.00041172     0.00000000  -0.00000000     0.00155372   0.00478185
    7    1
  0.00162998   0.00269541     0.00000000  -0.00000000     0.00383766   0.00071464
 -0.00000000  -0.00000000    -0.00447902  -0.01379716     0.00000000   0.00000000
 -0.00509889   0.00076558    -0.00000000   0.00000000    -0.00257126  -0.01245366
    7    2
 -0.00290300   0.00122255    -0.00000000   0.00000000    -0.00352479  -0.00167757
 -0.00000000   0.00000000     0.01173337  -0.00852944     0.00000000   0.00000000
  0.00367509   0.00361642     0.00000000   0.00000000     0.00940027  -0.00856388
    7    3
 -0.06965652   0.21438072     0.00000000   0.00000000     0.00040219  -0.00123780
  0.00000000   0.00000000    -0.00587666   0.01808651    -0.00000000  -0.00000000
 -0.00008888   0.00027356     0.00000000  -0.00000000    -0.01412587   0.04347495
    7    4
  0.00000218  -0.00207717     0.00000000   0.00000000    -0.00912517  -0.00159437
  0.00000000   0.00000000     0.00071476  -0.00067345     0.00000000   0.00000000
  0.04617822   0.01439742     0.00000000   0.00000000    -0.00273800  -0.00275928
    7    5
  0.00121917  -0.00168174    -0.00000000  -0.00000000     0.00831956   0.00407377
 -0.00000000   0.00000000    -0.00018241  -0.00096496     0.00000000   0.00000000
 -0.04582156  -0.01549512     0.00000000   0.00000000     0.00383695  -0.00062294
    7    6
 -0.00385474   0.01186368     0.00000000   0.00000000    -0.00013378   0.00041172
  0.00000000   0.00000000    -0.00569241   0.01751945    -0.00000000  -0.00000000
  0.00003792  -0.00011671     0.00000000   0.00000000     0.00155372  -0.00478185
    7    7
  0.70515215   0.00000000     0.00000000   0.00000000    -0.00018398   0.00000000
  0.00000000   0.00000000     0.08904265   0.00000000    -0.00000000   0.00000000
 -0.00018398   0.00000000    -0.00000000   0.00000000     0.10490068   0.00000000

     Dynamical  Matrix in cartesian axes

     q = (    0.000000000   0.600000000   0.060719899 ) 

    1    1
  0.06254541   0.00000000     0.00000000   0.00000000     0.00000000   0.00000000
  0.00000000   0.00000000     0.15545447   0.00000000     0.00064598   0.00468936
  0.00000000   0.00000000     0.00064598  -0.00468936     0.18247263   0.00000000
    1    2
  0.00398113   0.00403545     0.00000000   0.00000000     0.00000000   0.00000000
  0.00000000   0.00000000     0.00200387   0.00536174    -0.02921086   0.03950871
  0.00000000   0.00000000    -0.02921086   0.03950871     0.00490510  -0.01078944
    1    3
  0.00551078   0.00523647     0.00000000   0.00000000     0.00000000   0.00000000
  0.00000000  -0.00000000     0.00446224   0.00239606     0.05179302  -0.07628403
 -0.00000000   0.00000000     0.04925250  -0.07145341    -0.02553548   0.00088333
    1    4
 -0.00658731  -0.00001190     0.00000000   0.00000000     0.00000000   0.00000000
  0.00000000   0.00000000    -0.02209309   0.00057694    -0.00643369   0.01701362
  0.00000000   0.00000000    -0.00318661   0.01021678    -0.04042860   0.00096375
    1    5
  0.00086564   0.00043503     0.00000000   0.00000000    -0.00000000   0.00000000
  0.00000000   0.00000000     0.00640558   0.00410412    -0.01813211   0.02629445
  0.00000000   0.00000000     0.00540807  -0.00700666     0.01616670   0.01011298
    1    6
  0.01173337  -0.00852944     0.00000000   0.00000000     0.00000000   0.00000000
  0.00000000   0.00000000    -0.00290300   0.00122255     0.00367509   0.00361642
  0.00000000   0.00000000    -0.00352479  -0.00167757     0.00940027  -0.00856388
    1    7
  0.00060705   0.00026968     0.00000000   0.00000000     0.00000000   0.00000000
  0.00000000   0.00000000     0.00170436   0.00290416    -0.00266801   0.00513904
  0.00000000  -0.00000000    -0.00411032   0.00666009     0.00940619   0.00237549
    2    1
  0.00398113  -0.00403545     0.00000000   0.00000000     0.00000000   0.00000000
  0.00000000   0.00000000     0.00200387  -0.00536174    -0.02921086  -0.03950871
  0.00000000  -0.00000000    -0.02921086  -0.03950871     0.00490510   0.01078944
    2    2
  0.06254541   0.00000000     0.00000000   0.00000000     0.00000000   0.00000000
  0.00000000   0.00000000     0.15545447   0.00000000     0.00064598  -0.00468936
  0.00000000   0.00000000     0.00064598   0.00468936     0.18247263   0.00000000
    2    3
  0.00551078  -0.00523647     0.00000000  -0.00000000     0.00000000   0.00000000
  0.00000000   0.00000000     0.00446224  -0.00239606     0.05179302   0.07628403
 -0.00000000   0.00000000     0.04925250   0.07145341    -0.02553548  -0.00088333
    2    4
  0.00086564  -0.00043503     0.00000000   0.00000000    -0.00000000   0.00000000
  0.00000000   0.00000000     0.00640558  -0.00410412    -0.01813211  -0.02629445
  0.00000000  -0.00000000     0.00540807   0.00700666     0.01616670  -0.01011298
    2    5
 -0.00658731   0.00001190     0.00000000  -0.00000000     0.00000000   0.00000000
  0.00000000   0.00000000    -0.02209309  -0.00057694    -0.00643369  -0.01701362
  0.00000000   0.00000000    -0.00318661  -0.01021678    -0.04042860  -0.00096375
    2    6
 -0.00447902  -0.01379716    -0.00000000   0.00000000    -0.00000000  -0.00000000
  0.00000000  -0.00000000     0.00162998   0.00269541    -0.00509889   0.00076558
  0.00000000  -0.00000000     0.00383766   0.00071464    -0.00257126  -0.01245366
    2    7
  0.00060705  -0.00026968     0.00000000   0.00000000     0.00000000  -0.00000000
  0.00000000   0.00000000     0.00170436  -0.00290416    -0.00266801  -0.00513904
  0.00000000   0.00000000    -0.00411032  -0.00666009     0.00940619  -0.00237549
    3    1
  0.00551078  -0.00523647    -0.00000000  -0.00000000     0.00000000  -0.00000000
 -0.00000000  -0.00000000     0.00446224  -0.00239606     0.04925250   0.07145341
 -0.00000000  -0.00000000     0.05179302   0.07628403    -0.02553548  -0.00088333
    3    2
  0.00551078   0.00523647    -0.00000000   0.00000000     0.00000000   0.00000000
 -0.00000000   0.00000000     0.00446224   0.00239606     0.04925250  -0.07145341
 -0.00000000   0.00000000     0.05179302  -0.07628403    -0.02553548   0.00088333
    3    3
  0.69853880   0.00000000     0.00000000   0.00000000     0.00000000   0.00000000
  0.00000000   0.00000000     0.73787027   0.00000000     0.00408457   0.00000000
  0.00000000   0.00000000     0.00408457   0.00000000     0.46102407   0.00000000
    3    4
 -0.06062630  -0.00015245     0.00000000   0.00000000     0.00000000   0.00000000
  0.00000000   0.00000000    -0.07116537  -0.00097975    -0.00832063  -0.01233593
  0.00000000   0.00000000    -0.00829597  -0.02075284    -0.11822423   0.00452031
    3    5
 -0.06062630   0.00015245     0.00000000   0.00000000     0.00000000   0.00000000
  0.00000000   0.00000000    -0.07116537   0.00097975    -0.00832063   0.01233593
  0.00000000   0.00000000    -0.00829597   0.02075284    -0.11822423  -0.00452031
    3    6
 -0.00587666   0.01808651     0.00000000  -0.00000000     0.00000000  -0.00000000
  0.00000000  -0.00000000    -0.06965652   0.21438072    -0.00008888   0.00027356
  0.00000000  -0.00000000     0.00040219  -0.00123780    -0.01412587   0.04347495
    3    7
 -0.42059887   0.00000000    -0.00000000   0.00000000     0.00000000   0.00000000
 -0.00000000   0.00000000    -0.06746807   0.00000000    -0.00077368   0.00000000
  0.00000000   0.00000000    -0.00391540   0.00000000    -0.06919434   0.00000000
    4    1
 -0.00658731   0.00001190     0.00000000   0.00000000     0.00000000   0.00000000
 -0.00000000   0.00000000    -0.02209309  -0.00057694    -0.00318661  -0.01021678
  0.00000000   0.00000000    -0.00643369  -0.01701362    -0.04042860  -0.00096375
    4    2
  0.00086564   0.00043503     0.00000000   0.00000000     0.00000000   0.00000000
  0.00000000   0.00000000     0.00640558   0.00410412     0.00540807  -0.00700666
  0.00000000   0.00000000    -0.01813211   0.02629445     0.01616670   0.01011298
    4    3
 -0.06062630   0.00015245     0.00000000   0.00000000    -0.00000000   0.00000000
  0.00000000   0.00000000    -0.07116537   0.00097975    -0.00829597   0.02075284
  0.00000000   0.00000000    -0.00832063   0.01233593    -0.11822423  -0.00452031
    4    4
  0.07720179   0.00000000     0.00000000   0.00000000     0.00000000   0.00000000
  0.00000000   0.00000000     0.11665703   0.00000000     0.00241434  -0.00670210
  0.00000000   0.00000000     0.00241434   0.00670210     0.28119846   0.00000000
    4    5
  0.01330005   0.00117342     0.00000000   0.00000000     0.00000000   0.00000000
  0.00000000   0.00000000     0.01185298  -0.00029374     0.01877995  -0.02768599
  0.00000000   0.00000000     0.01877995  -0.02768599    -0.01729510   0.00697302
    4    6
 -0.00018241  -0.00096496     0.00000000   0.00000000     0.00000000   0.00000000
  0.00000000   0.00000000     0.00121917  -0.00168174    -0.04582156  -0.01549512
  0.00000000  -0.00000000     0.00831956   0.00407377     0.00383695  -0.00062294
    4    7
 -0.00683100   0.00000460     0.00000000   0.00000000     0.00000000   0.00000000
  0.00000000   0.00000000     0.01482445  -0.00035869     0.00142908  -0.00543983
  0.00000000   0.00000000     0.00714285  -0.00656130    -0.01410261   0.00201625
    5    1
  0.00086564  -0.00043503     0.00000000   0.00000000     0.00000000  -0.00000000
  0.00000000   0.00000000     0.00640558  -0.00410412     0.00540807   0.00700666
  0.00000000   0.00000000    -0.01813211  -0.02629445     0.01616670  -0.01011298
    5    2
 -0.00658731  -0.00001190     0.00000000   0.00000000     0.00000000   0.00000000
 -0.00000000   0.00000000    -0.02209309   0.00057694    -0.00318661   0.01021678
  0.00000000   0.00000000    -0.00643369   0.01701362    -0.04042860   0.00096375
    5    3
 -0.06062630  -0.00015245     0.00000000   0.00000000    -0.00000000  -0.00000000
  0.00000000   0.00000000    -0.07116537  -0.00097975    -0.00829597  -0.02075284
  0.00000000   0.00000000    -0.00832063  -0.01233593    -0.11822423   0.00452031
    5    4
  0.01330005  -0.00117342     0.00000000  -0.00000000     0.00000000   0.00000000
  0.00000000  -0.00000000     0.01185298   0.00029374     0.01877995   0.02768599
  0.00000000   0.00000000     0.01877995   0.02768599    -0.01729510  -0.00697302
    5    5
  0.07720179   0.00000000     0.00000000   0.00000000     0.00000000   0.00000000
  0.00000000   0.00000000     0.11665703   0.00000000     0.00241434   0.00670210
  0.00000000   0.00000000     0.00241434  -0.00670210     0.28119846   0.00000000
    5    6
  0.00071476  -0.00067345    -0.00000000   0.00000000    -0.00000000  -0.00000000
  0.00000000   0.00000000     0.00000218  -0.00207717     0.04617822   0.01439742
  0.00000000   0.00000000    -0.00912517  -0.00159437    -0.00273800  -0.00275928
    5    7
 -0.00683100  -0.00000460     0.00000000   0.00000000     0.00000000   0.00000000
  0.00000000   0.00000000     0.01482445   0.00035869     0.00142908   0.00543983
  0.00000000   0.00000000     0.00714285   0.00656130    -0.01410261  -0.00201625
    6    1
  0.01173337   0.00852944    -0.00000000   0.00000000    -0.00000000   0.00000000
 -0.00000000   0.00000000    -0.00290300  -0.00122255    -0.00352479   0.00167757
 -0.00000000   0.00000000     0.00367509  -0.00361642     0.00940027   0.00856388
    6    2
 -0.00447902   0.01379716     0.00000000  -0.00000000    -0.00000000   0.00000000
 -0.00000000  -0.00000000     0.00162998  -0.00269541     0.00383766  -0.00071464
 -0.00000000  -0.00000000    -0.00509889  -0.00076558    -0.00257126   0.01245366
    6    3
 -0.00587666  -0.01808651     0.00000000   0.00000000     0.00000000   0.00000000
  0.00000000   0.00000000    -0.06965652  -0.21438072     0.00040219   0.00123780
  0.00000000   0.00000000    -0.00008888  -0.00027356    -0.01412587  -0.04347495
    6    4
 -0.00018241   0.00096496     0.00000000   0.00000000     0.00000000   0.00000000
  0.00000000   0.00000000     0.00121917   0.00168174     0.00831956  -0.00407377
  0.00000000   0.00000000    -0.04582156   0.01549512     0.00383695   0.00062294
    6    5
  0.00071476   0.00067345     0.00000000  -0.00000000     0.00000000   0.00000000
  0.00000000  -0.00000000     0.00000218   0.00207717    -0.00912517   0.00159437
 -0.00000000  -0.00000000     0.04617822  -0.01439742    -0.00273800   0.00275928
    6    6
  0.08904265   0.00000000     0.00000000   0.00000000     0.00000000   0.00000000
  0.00000000   0.00000000     0.70515215   0.00000000    -0.00018398   0.00000000
  0.00000000   0.00000000    -0.00018398   0.00000000     0.10490068   0.00000000
    6    7
 -0.00569241  -0.01751945    -0.00000000   0.00000000    -0.00000000   0.00000000
  0.00000000   0.00000000    -0.00385474  -0.01186368    -0.00013378  -0.00041172
  0.00000000  -0.00000000     0.00003792   0.00011671     0.00155372   0.00478185
    7    1
  0.00060705  -0.00026968     0.00000000   0.00000000     0.00000000   0.00000000
  0.00000000   0.00000000     0.00170436  -0.00290416    -0.00411032  -0.00666009
  0.00000000  -0.00000000    -0.00266801  -0.00513904     0.00940619  -0.00237549
    7    2
  0.00060705   0.00026968     0.00000000  -0.00000000     0.00000000  -0.00000000
  0.00000000   0.00000000     0.00170436   0.00290416    -0.00411032   0.00666009
  0.00000000   0.00000000    -0.00266801   0.00513904     0.00940619   0.00237549
    7    3
 -0.42059887   0.00000000    -0.00000000   0.00000000     0.00000000   0.00000000
  0.00000000   0.00000000    -0.06746807   0.00000000    -0.00391540   0.00000000
  0.00000000   0.00000000    -0.00077368   0.00000000    -0.06919434   0.00000000
    7    4
 -0.00683100  -0.00000460     0.00000000   0.00000000     0.00000000  -0.00000000
  0.00000000   0.00000000     0.01482445   0.00035869     0.00714285   0.00656130
  0.00000000   0.00000000     0.00142908   0.00543983    -0.01410261  -0.00201625
    7    5
 -0.00683100   0.00000460     0.00000000  -0.00000000     0.00000000   0.00000000
  0.00000000   0.00000000     0.01482445  -0.00035869     0.00714285  -0.00656130
  0.00000000   0.00000000     0.00142908  -0.00543983    -0.01410261   0.00201625
    7    6
 -0.00569241   0.01751945    -0.00000000   0.00000000    -0.00000000  -0.00000000
 -0.00000000   0.00000000    -0.00385474   0.01186368     0.00003792  -0.00011671
 -0.00000000  -0.00000000    -0.00013378   0.00041172     0.00155372  -0.00478185
    7    7
  0.48526503   0.00000000    -0.00000000   0.00000000    -0.00000000   0.00000000
 -0.00000000   0.00000000     0.12108087   0.00000000     0.00059087   0.00000000
 -0.00000000   0.00000000     0.00059087   0.00000000     0.10676335   0.00000000

     Diagonalizing the dynamical matrix

     q = (    0.600000000   0.000000000  -0.060719899 ) 

 **************************************************************************
     freq (    1) =       2.712305 [THz] =      90.472761 [cm-1]
 (  0.000000 -0.000000  0.627819 -0.261209  0.000000  0.000000 ) 
 ( -0.000000  0.000000 -0.664002  0.146588 -0.000000  0.000000 ) 
 ( -0.000000 -0.000000 -0.026918 -0.085272 -0.000000 -0.000000 ) 
 (  0.000000 -0.000000  0.065454 -0.106849 -0.000000 -0.000000 ) 
 ( -0.000000  0.000000 -0.114937 -0.049904 -0.000000 -0.000000 ) 
 ( -0.000000 -0.000000 -0.026666 -0.084472 -0.000000 -0.000000 ) 
 ( -0.000000 -0.000000 -0.167272 -0.001402 -0.000000  0.000000 ) 
     freq (    2) =       2.895330 [THz] =      96.577805 [cm-1]
 ( -0.000000  0.000000  0.086172 -0.673967 -0.000000 -0.000000 ) 
 (  0.000000  0.000000  0.178960 -0.655462  0.000000 -0.000000 ) 
 ( -0.000000 -0.000000 -0.015087  0.075649  0.000000  0.000000 ) 
 ( -0.000000  0.000000 -0.002087  0.014385  0.000000  0.000000 ) 
 (  0.000000 -0.000000 -0.003591  0.014085  0.000000  0.000000 ) 
 ( -0.000000  0.000000 -0.015741  0.078926  0.000000  0.000000 ) 
 ( -0.000000 -0.000000  0.220379  0.123563  0.000000  0.000000 ) 
     freq (    3) =       2.960923 [THz] =      98.765767 [cm-1]
 ( -0.307390  0.264098  0.000000  0.000000 -0.125884 -0.059315 ) 
 (  0.403917  0.032981 -0.000000  0.000000  0.066978 -0.121979 ) 
 (  0.006668  0.020521 -0.000000 -0.000000  0.098204  0.302242 ) 
 ( -0.292461  0.147635 -0.000000 -0.000000  0.022248  0.123746 ) 
 (  0.323384 -0.052465  0.000000 -0.000000  0.054737  0.113189 ) 
 (  0.005264  0.016200 -0.000000 -0.000000  0.079659  0.245166 ) 
 (  0.006375  0.000000 -0.000000 -0.000000  0.467203  0.000000 ) 
     freq (    4) =       3.706402 [THz] =     123.632271 [cm-1]
 ( -0.181420 -0.389371  0.000000 -0.000000 -0.367901  0.328689 ) 
 ( -0.082095 -0.421644  0.000000  0.000000  0.490837  0.049668 ) 
 (  0.056783  0.174760  0.000000  0.000000  0.001850  0.005693 ) 
 ( -0.070138  0.107508  0.000000  0.000000 -0.074853  0.127126 ) 
 (  0.119934  0.045750  0.000000 -0.000000  0.135280  0.058849 ) 
 (  0.023104  0.071106  0.000000  0.000000  0.014705  0.045258 ) 
 (  0.060486 -0.000000  0.000000 -0.000000  0.149606  0.000000 ) 
     freq (    5) =       4.200153 [THz] =     140.102007 [cm-1]
 ( -0.166140 -0.005980  0.000000 -0.000000 -0.232300 -0.287286 ) 
 (  0.130895 -0.102493  0.000000  0.000000  0.019072 -0.368962 ) 
 ( -0.013612 -0.041895  0.000000 -0.000000 -0.075297 -0.231740 ) 
 (  0.314016 -0.173043  0.000000 -0.000000 -0.104502 -0.213837 ) 
 ( -0.355756  0.044580  0.000000 -0.000000 -0.041147 -0.234422 ) 
 ( -0.002862 -0.008809  0.000000 -0.000000 -0.072160 -0.222084 ) 
 ( -0.015656  0.000000  0.000000 -0.000000 -0.430307  0.000000 ) 
     freq (    6) =       4.345382 [THz] =     144.946337 [cm-1]
 ( -0.000000  0.000000 -0.036100  0.065628 -0.000000 -0.000000 ) 
 (  0.000000 -0.000000 -0.047506 -0.057909  0.000000 -0.000000 ) 
 ( -0.000000  0.000000 -0.477471  0.044083 -0.000000 -0.000000 ) 
 (  0.000000 -0.000000 -0.493787  0.042875 -0.000000 -0.000000 ) 
 ( -0.000000  0.000000 -0.493290  0.048258 -0.000000 -0.000000 ) 
 ( -0.000000 -0.000000 -0.460465  0.042513 -0.000000 -0.000000 ) 
 (  0.000000  0.000000 -0.051041  0.226028 -0.000000  0.000000 ) 
     freq (    7) =       4.985559 [THz] =     166.300361 [cm-1]
 (  0.207463  0.275850  0.000000 -0.000000 -0.231279  0.164560 ) 
 ( -0.005701  0.345111  0.000000  0.000000  0.283834 -0.002811 ) 
 (  0.044305  0.136356  0.000000 -0.000000  0.017717  0.054526 ) 
 (  0.415958  0.026546  0.000000 -0.000000 -0.063341  0.015983 ) 
 ( -0.320913  0.265970  0.000000 -0.000000  0.060638 -0.024301 ) 
 (  0.001704  0.005245  0.000000 -0.000000  0.006933  0.021336 ) 
 (  0.051084 -0.000000 -0.000000 -0.000000 -0.466498  0.000000 ) 
     freq (    8) =       5.450943 [THz] =     181.823877 [cm-1]
 ( -0.250147  0.043740 -0.000000  0.000000  0.193498  0.177373 ) 
 (  0.228083 -0.111646  0.000000 -0.000000 -0.052286  0.257233 ) 
 (  0.005797  0.017841 -0.000000  0.000000  0.001743  0.005365 ) 
 (  0.346874 -0.108427 -0.000000  0.000000 -0.028458 -0.077954 ) 
 ( -0.344359  0.116169 -0.000000  0.000000 -0.022798 -0.079793 ) 
 (  0.005857  0.018027 -0.000000  0.000000 -0.045764 -0.140847 ) 
 (  0.003343  0.000000  0.000000  0.000000 -0.657727  0.000000 ) 
     freq (    9) =       6.104625 [THz] =     203.628365 [cm-1]
 (  0.040693 -0.140371 -0.000000  0.000000 -0.009014 -0.108417 ) 
 ( -0.115429 -0.089644  0.000000  0.000000 -0.056433 -0.093009 ) 
 ( -0.025647 -0.078932  0.000000 -0.000000  0.109284  0.336342 ) 
 (  0.333739 -0.191966 -0.000000  0.000000  0.046073  0.181610 ) 
 ( -0.382835  0.040863  0.000000 -0.000000  0.069474  0.174006 ) 
 ( -0.002133 -0.006566  0.000000 -0.000000  0.168139  0.517477 ) 
 ( -0.030216  0.000000 -0.000000  0.000000 -0.371434  0.000000 ) 
     freq (   10) =       6.893256 [THz] =     229.934274 [cm-1]
 (  0.000000 -0.000000 -0.007078  0.015317 -0.000000 -0.000000 ) 
 ( -0.000000 -0.000000  0.012306 -0.011545 -0.000000 -0.000000 ) 
 (  0.000000 -0.000000  0.004523  0.003264  0.000000  0.000000 ) 
 (  0.000000 -0.000000  0.399121 -0.582533  0.000000  0.000000 ) 
 (  0.000000 -0.000000 -0.427056  0.562375 -0.000000  0.000000 ) 
 ( -0.000000  0.000000  0.005672  0.004093  0.000000  0.000000 ) 
 (  0.000000  0.000000  0.036682 -0.026833 -0.000000  0.000000 ) 
     freq (   11) =       7.582886 [THz] =     252.937859 [cm-1]
 (  0.006350  0.040188  0.000000 -0.000000 -0.086292  0.133285 ) 
 (  0.018484  0.036245  0.000000  0.000000  0.148155  0.057108 ) 
 ( -0.137057 -0.421817  0.000000  0.000000  0.000984  0.003028 ) 
 ( -0.164840 -0.456347 -0.000000  0.000000 -0.016064 -0.041433 ) 
 ( -0.134876 -0.466083 -0.000000 -0.000000 -0.011358 -0.042962 ) 
 ( -0.147739 -0.454695  0.000000  0.000000 -0.041060 -0.126368 ) 
 ( -0.163600  0.000000  0.000000 -0.000000  0.041823  0.000000 ) 
     freq (   12) =       8.128868 [THz] =     271.149841 [cm-1]
 ( -0.000000  0.000000 -0.005494 -0.034745 -0.000000 -0.000000 ) 
 ( -0.000000 -0.000000  0.029387 -0.019334 -0.000000  0.000000 ) 
 (  0.000000  0.000000 -0.000099  0.000225 -0.000000  0.000000 ) 
 (  0.000000 -0.000000 -0.072915  0.250695  0.000000 -0.000000 ) 
 (  0.000000 -0.000000 -0.136244  0.222715 -0.000000 -0.000000 ) 
 ( -0.000000  0.000000  0.013666 -0.030931  0.000000  0.000000 ) 
 (  0.000000 -0.000000 -0.690953 -0.618576 -0.000000  0.000000 ) 
     freq (   13) =       8.761198 [THz] =     292.242099 [cm-1]
 ( -0.011137 -0.013902 -0.000000 -0.000000  0.007524 -0.010212 ) 
 (  0.000839 -0.017793 -0.000000 -0.000000 -0.012089 -0.003839 ) 
 ( -0.008483 -0.026109  0.000000  0.000000 -0.006372 -0.019612 ) 
 (  0.123452  0.408392  0.000000 -0.000000 -0.014511  0.024208 ) 
 (  0.140172  0.402959  0.000000  0.000000  0.025969  0.011055 ) 
 ( -0.243469 -0.749322 -0.000000  0.000000  0.030361  0.093442 ) 
 ( -0.030544 -0.000000 -0.000000  0.000000 -0.029615  0.000000 ) 
     freq (   14) =       9.151248 [THz] =     305.252769 [cm-1]
 (  0.000000 -0.000000  0.003923 -0.000399 -0.000000 -0.000000 ) 
 (  0.000000 -0.000000 -0.003499 -0.001818 -0.000000 -0.000000 ) 
 ( -0.000000  0.000000  0.038476 -0.201368 -0.000000 -0.000000 ) 
 (  0.000000  0.000000 -0.107956  0.620427 -0.000000  0.000000 ) 
 (  0.000000  0.000000 -0.128393  0.616522  0.000000  0.000000 ) 
 ( -0.000000 -0.000000  0.035791 -0.187317  0.000000  0.000000 ) 
 ( -0.000000  0.000000  0.313956  0.172723 -0.000000  0.000000 ) 
     freq (   15) =       9.361098 [THz] =     312.252630 [cm-1]
 ( -0.015888  0.030117  0.000000  0.000000 -0.000147  0.026528 ) 
 (  0.030556  0.015027 -0.000000  0.000000  0.015712  0.021375 ) 
 ( -0.007825 -0.024082 -0.000000  0.000000 -0.053571 -0.164875 ) 
 ( -0.177455  0.002470  0.000000 -0.000000 -0.003205 -0.016969 ) 
 (  0.145016 -0.102307  0.000000 -0.000000 -0.007381 -0.015612 ) 
 (  0.029779  0.091651 -0.000000  0.000000  0.282787  0.870329 ) 
 ( -0.007671  0.000000  0.000000 -0.000000 -0.234951  0.000000 ) 
     freq (   16) =      11.192861 [THz] =     373.353645 [cm-1]
 ( -0.005487  0.004107  0.000000  0.000000  0.023433 -0.000802 ) 
 (  0.006853  0.000097  0.000000  0.000000 -0.019429  0.013124 ) 
 (  0.064410  0.198232  0.000000  0.000000 -0.000712 -0.002191 ) 
 (  0.089668 -0.448806 -0.000000 -0.000000  0.022498 -0.234686 ) 
 ( -0.336344 -0.310387  0.000000 -0.000000 -0.156146 -0.176641 ) 
 ( -0.150365 -0.462775 -0.000000  0.000000  0.064158  0.197457 ) 
 (  0.082296  0.000000  0.000000  0.000000  0.372299  0.000000 ) 
     freq (   17) =      11.305508 [THz] =     377.111162 [cm-1]
 (  0.014970 -0.007534  0.000000  0.000000 -0.014600 -0.030244 ) 
 ( -0.016539  0.002705 -0.000000  0.000000 -0.005966 -0.033050 ) 
 (  0.035320  0.108703  0.000000  0.000000  0.016011  0.049276 ) 
 ( -0.451080 -0.094952 -0.000000 -0.000000  0.161831  0.054116 ) 
 (  0.309120 -0.341956  0.000000 -0.000000 -0.099115  0.138903 ) 
 ( -0.085994 -0.264662  0.000000 -0.000000 -0.062479 -0.192290 ) 
 (  0.049352  0.000000  0.000000  0.000000 -0.614383  0.000000 ) 
     freq (   18) =      14.884020 [THz] =     496.477474 [cm-1]
 ( -0.014513  0.021501 -0.000000  0.000000  0.019258 -0.016232 ) 
 (  0.024379  0.008864  0.000000  0.000000 -0.025121 -0.001812 ) 
 (  0.014355  0.044179 -0.000000  0.000000 -0.029688 -0.091371 ) 
 (  0.041895 -0.174842 -0.000000 -0.000000 -0.203429  0.639350 ) 
 ( -0.136663 -0.116825  0.000000 -0.000000  0.540379  0.397672 ) 
 ( -0.037444 -0.115242  0.000000 -0.000000 -0.013173 -0.040541 ) 
 (  0.001255  0.000000 -0.000000 -0.000000  0.067390  0.000000 ) 
     freq (   19) =      15.203990 [THz] =     507.150519 [cm-1]
 ( -0.017832  0.011162 -0.000000  0.000000 -0.016653  0.008122 ) 
 (  0.020988 -0.001451  0.000000 -0.000000  0.018246 -0.003217 ) 
 ( -0.004932 -0.015178 -0.000000 -0.000000 -0.021437 -0.065976 ) 
 (  0.142406 -0.016257  0.000000 -0.000000  0.665597  0.164536 ) 
 ( -0.124764  0.070552 -0.000000  0.000000 -0.441768  0.524341 ) 
 (  0.006458  0.019875 -0.000000  0.000000 -0.001364 -0.004198 ) 
 (  0.015406 -0.000000 -0.000000  0.000000  0.106752  0.000000 ) 
     freq (   20) =      20.196981 [THz] =     673.698769 [cm-1]
 (  0.000000 -0.000000  0.000140  0.000320 -0.000000  0.000000 ) 
 ( -0.000000 -0.000000 -0.000342  0.000071  0.000000  0.000000 ) 
 (  0.000000 -0.000000 -0.068765  0.133135  0.000000  0.000000 ) 
 (  0.000000  0.000000  0.002297 -0.004470  0.000000 -0.000000 ) 
 ( -0.000000  0.000000  0.002316 -0.004460 -0.000000 -0.000000 ) 
 ( -0.000000 -0.000000  0.453455 -0.877931 -0.000000  0.000000 ) 
 ( -0.000000  0.000000  0.023442  0.023703  0.000000  0.000000 ) 
     freq (   21) =      23.102276 [THz] =     770.608970 [cm-1]
 ( -0.000793 -0.000368 -0.000000  0.000000  0.000398  0.000472 ) 
 (  0.000425 -0.000764 -0.000000 -0.000000 -0.000045  0.000616 ) 
 ( -0.018256 -0.056187 -0.000000 -0.000000 -0.000093 -0.000288 ) 
 (  0.003438  0.008718  0.000000 -0.000000 -0.018322  0.007398 ) 
 (  0.002343  0.009074 -0.000000 -0.000000  0.019171 -0.004785 ) 
 ( -0.004375 -0.013465  0.000000  0.000000  0.000148  0.000455 ) 
 (  0.997672  0.000000  0.000000  0.000000  0.000190  0.000000 ) 
 **************************************************************************
