Dynamical matrix file
Sr2RuO4                                                                    
  3    7   7   7.3000120   0.0000000   3.2938131   0.0000000   0.0000000   0.0000000
           1  'Sr     '    79860.7445811805     
           2  'Ru     '    92119.6696509919     
           3  'O      '    14582.1964454954     
    1    1      0.0000000000      0.0000000000      1.1602701746
    2    1      0.0000000000      0.0000000000     -1.1602701746
    3    2      0.0000000000      0.0000000000      0.0000000000
    4    3      0.0000000000      0.0000000000      0.5380857149
    5    3      0.0000000000      0.0000000000     -0.5380857149
    6    3      0.0000000000     -0.5000000000      0.0000000000
    7    3      0.5000000000      0.0000000000      0.0000000000

     Dynamical  Matrix in cartesian axes

     q = (    0.600000000   0.200000000   0.000000000 ) 

    1    1
  0.14249384   0.00000000    -0.00451025   0.00000000    -0.00000000   0.00346757
 -0.00451025   0.00000000     0.08604999   0.00000000     0.00000000  -0.00272929
  0.00000000  -0.00346757     0.00000000   0.00272929     0.17774489   0.00000000
    1    2
  0.00543263   0.00000000     0.01552539   0.00000000     0.00000000   0.03893493
  0.01552539   0.00000000     0.00540473   0.00000000     0.00000000  -0.01052379
  0.00000000   0.03893493     0.00000000  -0.01052379    -0.00768085   0.00000000
    1    3
  0.00464974   0.00000000     0.04920565  -0.00000000     0.00000000  -0.07380982
  0.04635358  -0.00000000     0.00469990   0.00000000     0.00000000   0.01875949
  0.00000000  -0.07032568     0.00000000   0.01744647    -0.02453748   0.00000000
    1    4
 -0.01826422  -0.00000000    -0.00038143   0.00000000    -0.00000000   0.01467356
 -0.00061095   0.00000000    -0.00900132  -0.00000000     0.00000000  -0.00668722
 -0.00000000   0.00850821     0.00000000  -0.00471303    -0.04169959   0.00000000
    1    5
  0.00496150   0.00000000    -0.01982449  -0.00000000    -0.00000000   0.02562724
 -0.01976622   0.00000000     0.00178044   0.00000000     0.00000000  -0.00664260
  0.00000000  -0.00687602     0.00000000   0.00171599     0.01703044   0.00000000
    1    6
  0.00245094   0.00178071     0.00398460   0.00289498    -0.00074679   0.00102787
 -0.00294928  -0.00214277     0.00056396   0.00040974     0.00128642  -0.00177061
 -0.00278598   0.00383457    -0.00066039   0.00090894     0.00675741   0.00490955
    1    7
 -0.00052309  -0.00160990    -0.00023523  -0.00072396    -0.00351750   0.00114291
  0.00081762   0.00251638     0.00377629   0.01162224    -0.00323120   0.00104988
  0.00345558  -0.00112279     0.00001317  -0.00000428     0.00330666   0.01017685
    2    1
  0.00543263   0.00000000     0.01552539   0.00000000     0.00000000  -0.03893493
  0.01552539   0.00000000     0.00540473   0.00000000     0.00000000   0.01052379
  0.00000000  -0.03893493     0.00000000   0.01052379    -0.00768085   0.00000000
    2    2
  0.14249384   0.00000000    -0.00451025   0.00000000    -0.00000000  -0.00346757
 -0.00451025   0.00000000     0.08604999   0.00000000     0.00000000   0.00272929
  0.00000000   0.00346757     0.00000000  -0.00272929     0.17774489   0.00000000
    2    3
  0.00464974  -0.00000000     0.04920565   0.00000000     0.00000000   0.07380982
  0.04635358   0.00000000     0.00469990   0.00000000     0.00000000  -0.01875949
  0.00000000   0.07032568     0.00000000  -0.01744647    -0.02453748   0.00000000
    2    4
  0.00496150   0.00000000    -0.01982449   0.00000000    -0.00000000  -0.02562724
 -0.01976622   0.00000000     0.00178044  -0.00000000     0.00000000   0.00664260
  0.00000000   0.00687602     0.00000000  -0.00171599     0.01703044   0.00000000
    2    5
 -0.01826422   0.00000000    -0.00038143  -0.00000000    -0.00000000  -0.01467356
 -0.00061095  -0.00000000    -0.00900132   0.00000000     0.00000000   0.00668722
 -0.00000000  -0.00850821     0.00000000   0.00471303    -0.04169959   0.00000000
    2    6
  0.00245094   0.00178071     0.00398460   0.00289498     0.00074679  -0.00102787
 -0.00294928  -0.00214277     0.00056396   0.00040974    -0.00128642   0.00177061
  0.00278598  -0.00383457     0.00066039  -0.00090894     0.00675741   0.00490955
    2    7
 -0.00052309  -0.00160990    -0.00023523  -0.00072396     0.00351750  -0.00114291
  0.00081762   0.00251638     0.00377629   0.01162224     0.00323120  -0.00104988
 -0.00345558   0.00112279    -0.00001317   0.00000428     0.00330666   0.01017685
    3    1
  0.00464974  -0.00000000     0.04635358   0.00000000     0.00000000   0.07032568
  0.04920565   0.00000000     0.00469990   0.00000000     0.00000000  -0.01744647
  0.00000000   0.07380982    -0.00000000  -0.01875949    -0.02453748   0.00000000
    3    2
  0.00464974   0.00000000     0.04635358  -0.00000000     0.00000000  -0.07032568
  0.04920565  -0.00000000     0.00469990   0.00000000     0.00000000   0.01744647
  0.00000000  -0.07380982    -0.00000000   0.01875949    -0.02453748   0.00000000
    3    3
  0.73363085   0.00000000    -0.01592403   0.00000000     0.00000000   0.00000000
 -0.01592403   0.00000000     0.77757734   0.00000000    -0.00000000   0.00000000
  0.00000000   0.00000000     0.00000000   0.00000000     0.48920670   0.00000000
    3    4
 -0.06629218   0.00000000     0.00326616   0.00000000     0.00000000  -0.01395139
  0.00307963   0.00000000    -0.06446754   0.00000000     0.00000000   0.00265683
  0.00000000  -0.01750032    -0.00000000   0.00255021    -0.11660098   0.00000000
    3    5
 -0.06629218   0.00000000     0.00326616  -0.00000000     0.00000000   0.01395139
  0.00307963  -0.00000000    -0.06446754   0.00000000     0.00000000  -0.00265683
  0.00000000   0.01750032    -0.00000000  -0.00255021    -0.11660098   0.00000000
    3    6
 -0.04389465  -0.03189133    -0.02085850  -0.01515459     0.00000000   0.00000000
  0.00016417   0.00011927    -0.34023941  -0.24719840    -0.00000000   0.00000000
  0.00000000   0.00000000    -0.00000000   0.00000000    -0.05642507  -0.04099521
    3    7
 -0.06957419  -0.21412734    -0.00136766  -0.00420921    -0.00000000   0.00000000
 -0.00908058  -0.02794716    -0.00796481  -0.02451317     0.00000000  -0.00000000
 -0.00000000   0.00000000     0.00000000   0.00000000    -0.01376006  -0.04234912
    4    1
 -0.01826422   0.00000000    -0.00061095  -0.00000000    -0.00000000  -0.00850821
 -0.00038143   0.00000000    -0.00900132   0.00000000     0.00000000   0.00471303
 -0.00000000  -0.01467356     0.00000000   0.00668722    -0.04169959   0.00000000
    4    2
  0.00496150   0.00000000    -0.01976622   0.00000000     0.00000000  -0.00687602
 -0.01982449  -0.00000000     0.00178044   0.00000000     0.00000000   0.00171599
 -0.00000000   0.02562724     0.00000000  -0.00664260     0.01703044   0.00000000
    4    3
 -0.06629218   0.00000000     0.00307963  -0.00000000     0.00000000   0.01750032
  0.00326616  -0.00000000    -0.06446754   0.00000000     0.00000000  -0.00255021
  0.00000000   0.01395139     0.00000000  -0.00265683    -0.11660098   0.00000000
    4    4
  0.10611052  -0.00000000    -0.00643583   0.00000000     0.00000000  -0.00502095
 -0.00643583   0.00000000     0.08265299  -0.00000000     0.00000000   0.00200343
  0.00000000   0.00502095    -0.00000000  -0.00200343     0.27746556   0.00000000
    4    5
  0.01176537   0.00000000     0.00806447  -0.00000000     0.00000000  -0.02736559
  0.00806447   0.00000000     0.01333760   0.00000000    -0.00000000   0.00680681
  0.00000000  -0.02736559     0.00000000   0.00680681    -0.01730814   0.00000000
    4    6
  0.00926543   0.00673173     0.00074912   0.00054427     0.00203398  -0.00279953
 -0.00131883  -0.00095818    -0.00335199  -0.00243536    -0.01357887   0.01868971
  0.00484802  -0.00667273    -0.00310545   0.00427428    -0.00899935  -0.00653841
    4    7
  0.00077137   0.00237402    -0.00138447  -0.00426096     0.04296675  -0.01396074
  0.00020588   0.00063363     0.00055792   0.00171709    -0.00051242   0.00016650
 -0.00677721   0.00220205    -0.00417278   0.00135582     0.00034945   0.00107550
    5    1
  0.00496150  -0.00000000    -0.01976622   0.00000000     0.00000000   0.00687602
 -0.01982449   0.00000000     0.00178044  -0.00000000     0.00000000  -0.00171599
 -0.00000000  -0.02562724     0.00000000   0.00664260     0.01703044   0.00000000
    5    2
 -0.01826422   0.00000000    -0.00061095   0.00000000    -0.00000000   0.00850821
 -0.00038143  -0.00000000    -0.00900132   0.00000000     0.00000000  -0.00471303
 -0.00000000   0.01467356     0.00000000  -0.00668722    -0.04169959   0.00000000
    5    3
 -0.06629218  -0.00000000     0.00307963   0.00000000     0.00000000  -0.01750032
  0.00326616   0.00000000    -0.06446754   0.00000000     0.00000000   0.00255021
  0.00000000  -0.01395139     0.00000000   0.00265683    -0.11660098   0.00000000
    5    4
  0.01176537   0.00000000     0.00806447   0.00000000     0.00000000   0.02736559
  0.00806447  -0.00000000     0.01333760   0.00000000    -0.00000000  -0.00680681
  0.00000000   0.02736559     0.00000000  -0.00680681    -0.01730814   0.00000000
    5    5
  0.10611052   0.00000000    -0.00643583   0.00000000     0.00000000   0.00502095
 -0.00643583  -0.00000000     0.08265299   0.00000000     0.00000000  -0.00200343
  0.00000000  -0.00502095    -0.00000000   0.00200343     0.27746556  -0.00000000
    5    6
  0.00926543   0.00673173     0.00074912   0.00054427    -0.00203398   0.00279953
 -0.00131883  -0.00095818    -0.00335199  -0.00243536     0.01357887  -0.01868971
 -0.00484802   0.00667273     0.00310545  -0.00427428    -0.00899935  -0.00653841
    5    7
  0.00077137   0.00237402    -0.00138447  -0.00426096    -0.04296675   0.01396074
  0.00020588   0.00063363     0.00055792   0.00171709     0.00051242  -0.00016650
  0.00677721  -0.00220205     0.00417278  -0.00135582     0.00034945   0.00107550
    6    1
  0.00245094  -0.00178071    -0.00294928   0.00214277    -0.00278598  -0.00383457
  0.00398460  -0.00289498     0.00056396  -0.00040974    -0.00066039  -0.00090894
 -0.00074679  -0.00102787     0.00128642   0.00177061     0.00675741  -0.00490955
    6    2
  0.00245094  -0.00178071    -0.00294928   0.00214277     0.00278598   0.00383457
  0.00398460  -0.00289498     0.00056396  -0.00040974     0.00066039   0.00090894
  0.00074679   0.00102787    -0.00128642  -0.00177061     0.00675741  -0.00490955
    6    3
 -0.04389465   0.03189133     0.00016417  -0.00011927     0.00000000   0.00000000
 -0.02085850   0.01515459    -0.34023941   0.24719840     0.00000000   0.00000000
  0.00000000   0.00000000    -0.00000000   0.00000000    -0.05642507   0.04099521
    6    4
  0.00926543  -0.00673173    -0.00131883   0.00095818     0.00484802   0.00667273
  0.00074912  -0.00054427    -0.00335199   0.00243536    -0.00310545  -0.00427428
  0.00203398   0.00279953    -0.01357887  -0.01868971    -0.00899935   0.00653841
    6    5
  0.00926543  -0.00673173    -0.00131883   0.00095818    -0.00484802  -0.00667273
  0.00074912  -0.00054427    -0.00335199   0.00243536     0.00310545   0.00427428
 -0.00203398  -0.00279953     0.01357887   0.01868971    -0.00899935   0.00653841
    6    6
  0.11155543   0.00000000     0.00508351   0.00000000     0.00000000   0.00000000
  0.00508351   0.00000000     0.58877208   0.00000000    -0.00000000   0.00000000
  0.00000000   0.00000000    -0.00000000   0.00000000     0.10410300   0.00000000
    6    7
 -0.00839273  -0.00609768    -0.03927289  -0.02853342     0.00000000  -0.00000000
 -0.01120450  -0.00814055    -0.00988707  -0.00718337     0.00000000   0.00000000
  0.00000000   0.00000000     0.00000000   0.00000000     0.00291037   0.00211451
    7    1
 -0.00052309   0.00160990     0.00081762  -0.00251638     0.00345558   0.00112279
 -0.00023523   0.00072396     0.00377629  -0.01162224     0.00001317   0.00000428
 -0.00351750  -0.00114291    -0.00323120  -0.00104988     0.00330666  -0.01017685
    7    2
 -0.00052309   0.00160990     0.00081762  -0.00251638    -0.00345558  -0.00112279
 -0.00023523   0.00072396     0.00377629  -0.01162224    -0.00001317  -0.00000428
  0.00351750   0.00114291     0.00323120   0.00104988     0.00330666  -0.01017685
    7    3
 -0.06957419   0.21412734    -0.00908058   0.02794716     0.00000000  -0.00000000
 -0.00136766   0.00420921    -0.00796481   0.02451317     0.00000000   0.00000000
  0.00000000   0.00000000     0.00000000  -0.00000000    -0.01376006   0.04234912
    7    4
  0.00077137  -0.00237402     0.00020588  -0.00063363    -0.00677721  -0.00220205
 -0.00138447   0.00426096     0.00055792  -0.00171709    -0.00417278  -0.00135582
  0.04296675   0.01396074    -0.00051242  -0.00016650     0.00034945  -0.00107550
    7    5
  0.00077137  -0.00237402     0.00020588  -0.00063363     0.00677721   0.00220205
 -0.00138447   0.00426096     0.00055792  -0.00171709     0.00417278   0.00135582
 -0.04296675  -0.01396074     0.00051242   0.00016650     0.00034945  -0.00107550
    7    6
 -0.00839273   0.00609768    -0.01120450   0.00814055     0.00000000  -0.00000000
 -0.03927289   0.02853342    -0.00988707   0.00718337     0.00000000   0.00000000
 -0.00000000   0.00000000     0.00000000   0.00000000     0.00291037  -0.00211451
    7    7
  0.69961923   0.00000000     0.00324045   0.00000000     0.00000000   0.00000000
  0.00324045   0.00000000     0.09636845   0.00000000    -0.00000000   0.00000000
  0.00000000   0.00000000    -0.00000000   0.00000000     0.10419359   0.00000000

     Dynamical  Matrix in cartesian axes

     q = (   -0.200000000  -0.600000000   0.000000000 ) 

    1    1
  0.08604999   0.00000000    -0.00451025   0.00000000    -0.00000000   0.00272929
 -0.00451025   0.00000000     0.14249384   0.00000000     0.00000000  -0.00346757
  0.00000000  -0.00272929     0.00000000   0.00346757     0.17774489   0.00000000
    1    2
  0.00540473   0.00000000     0.01552539   0.00000000     0.00000000   0.01052379
  0.01552539   0.00000000     0.00543263   0.00000000     0.00000000  -0.03893493
  0.00000000   0.01052379     0.00000000  -0.03893493    -0.00768085   0.00000000
    1    3
  0.00469990   0.00000000     0.04635358  -0.00000000     0.00000000  -0.01875949
  0.04920565  -0.00000000     0.00464974   0.00000000     0.00000000   0.07380982
  0.00000000  -0.01744647     0.00000000   0.07032568    -0.02453748   0.00000000
    1    4
 -0.00900132  -0.00000000    -0.00061095   0.00000000    -0.00000000   0.00668722
 -0.00038143   0.00000000    -0.01826422  -0.00000000     0.00000000  -0.01467356
 -0.00000000   0.00471303     0.00000000  -0.00850821    -0.04169959   0.00000000
    1    5
  0.00178044   0.00000000    -0.01976622   0.00000000    -0.00000000   0.00664260
 -0.01982449  -0.00000000     0.00496150   0.00000000     0.00000000  -0.02562724
  0.00000000  -0.00171599     0.00000000   0.00687602     0.01703044   0.00000000
    1    6
  0.00377629   0.01162224     0.00081762   0.00251638     0.00323120  -0.00104988
 -0.00023523  -0.00072396    -0.00052309  -0.00160990     0.00351750  -0.00114291
 -0.00001317   0.00000428    -0.00345558   0.00112279     0.00330666   0.01017685
    1    7
  0.00056396   0.00040974    -0.00294928  -0.00214277    -0.00128642   0.00177061
  0.00398460   0.00289498     0.00245094   0.00178071     0.00074679  -0.00102787
  0.00066039  -0.00090894     0.00278598  -0.00383457     0.00675741   0.00490955
    2    1
  0.00540473   0.00000000     0.01552539   0.00000000     0.00000000  -0.01052379
  0.01552539   0.00000000     0.00543263   0.00000000     0.00000000   0.03893493
  0.00000000  -0.01052379     0.00000000   0.03893493    -0.00768085   0.00000000
    2    2
  0.08604999   0.00000000    -0.00451025   0.00000000    -0.00000000  -0.00272929
 -0.00451025   0.00000000     0.14249384   0.00000000     0.00000000   0.00346757
  0.00000000   0.00272929     0.00000000  -0.00346757     0.17774489   0.00000000
    2    3
  0.00469990   0.00000000     0.04635358   0.00000000     0.00000000   0.01875949
  0.04920565   0.00000000     0.00464974  -0.00000000     0.00000000  -0.07380982
  0.00000000   0.01744647     0.00000000  -0.07032568    -0.02453748   0.00000000
    2    4
  0.00178044  -0.00000000    -0.01976622   0.00000000    -0.00000000  -0.00664260
 -0.01982449   0.00000000     0.00496150   0.00000000     0.00000000   0.02562724
  0.00000000   0.00171599     0.00000000  -0.00687602     0.01703044   0.00000000
    2    5
 -0.00900132   0.00000000    -0.00061095  -0.00000000    -0.00000000  -0.00668722
 -0.00038143  -0.00000000    -0.01826422   0.00000000     0.00000000   0.01467356
 -0.00000000  -0.00471303     0.00000000   0.00850821    -0.04169959   0.00000000
    2    6
  0.00377629   0.01162224     0.00081762   0.00251638    -0.00323120   0.00104988
 -0.00023523  -0.00072396    -0.00052309  -0.00160990    -0.00351750   0.00114291
  0.00001317  -0.00000428     0.00345558  -0.00112279     0.00330666   0.01017685
    2    7
  0.00056396   0.00040974    -0.00294928  -0.00214277     0.00128642  -0.00177061
  0.00398460   0.00289498     0.00245094   0.00178071    -0.00074679   0.00102787
 -0.00066039   0.00090894    -0.00278598   0.00383457     0.00675741   0.00490955
    3    1
  0.00469990   0.00000000     0.04920565   0.00000000     0.00000000   0.01744647
  0.04635358   0.00000000     0.00464974  -0.00000000     0.00000000  -0.07032568
  0.00000000   0.01875949    -0.00000000  -0.07380982    -0.02453748   0.00000000
    3    2
  0.00469990   0.00000000     0.04920565  -0.00000000     0.00000000  -0.01744647
  0.04635358  -0.00000000     0.00464974   0.00000000     0.00000000   0.07032568
  0.00000000  -0.01875949    -0.00000000   0.07380982    -0.02453748   0.00000000
    3    3
  0.77757734   0.00000000    -0.01592403   0.00000000     0.00000000   0.00000000
 -0.01592403   0.00000000     0.73363085   0.00000000    -0.00000000   0.00000000
  0.00000000   0.00000000     0.00000000   0.00000000     0.48920670   0.00000000
    3    4
 -0.06446754   0.00000000     0.00307963   0.00000000     0.00000000  -0.00265683
  0.00326616   0.00000000    -0.06629218   0.00000000     0.00000000   0.01395139
  0.00000000  -0.00255021    -0.00000000   0.01750032    -0.11660098   0.00000000
    3    5
 -0.06446754   0.00000000     0.00307963  -0.00000000     0.00000000   0.00265683
  0.00326616  -0.00000000    -0.06629218   0.00000000     0.00000000  -0.01395139
  0.00000000   0.00255021    -0.00000000  -0.01750032    -0.11660098   0.00000000
    3    6
 -0.00796481  -0.02451317    -0.00908058  -0.02794716    -0.00000000   0.00000000
 -0.00136766  -0.00420921    -0.06957419  -0.21412734     0.00000000  -0.00000000
  0.00000000   0.00000000     0.00000000   0.00000000    -0.01376006  -0.04234912
    3    7
 -0.34023941  -0.24719840     0.00016417   0.00011927     0.00000000   0.00000000
 -0.02085850  -0.01515459    -0.04389465  -0.03189133    -0.00000000   0.00000000
  0.00000000   0.00000000    -0.00000000   0.00000000    -0.05642507  -0.04099521
    4    1
 -0.00900132   0.00000000    -0.00038143   0.00000000    -0.00000000  -0.00471303
 -0.00061095  -0.00000000    -0.01826422   0.00000000     0.00000000   0.00850821
 -0.00000000  -0.00668722     0.00000000   0.01467356    -0.04169959   0.00000000
    4    2
  0.00178044   0.00000000    -0.01982449  -0.00000000     0.00000000  -0.00171599
 -0.01976622   0.00000000     0.00496150   0.00000000     0.00000000   0.00687602
 -0.00000000   0.00664260     0.00000000  -0.02562724     0.01703044   0.00000000
    4    3
 -0.06446754   0.00000000     0.00326616  -0.00000000     0.00000000   0.00255021
  0.00307963  -0.00000000    -0.06629218   0.00000000     0.00000000  -0.01750032
  0.00000000   0.00265683     0.00000000  -0.01395139    -0.11660098   0.00000000
    4    4
  0.08265299  -0.00000000    -0.00643583   0.00000000     0.00000000  -0.00200343
 -0.00643583   0.00000000     0.10611052  -0.00000000     0.00000000   0.00502095
  0.00000000   0.00200343    -0.00000000  -0.00502095     0.27746556  -0.00000000
    4    5
  0.01333760   0.00000000     0.00806447   0.00000000     0.00000000  -0.00680681
  0.00806447  -0.00000000     0.01176537   0.00000000    -0.00000000   0.02736559
  0.00000000  -0.00680681     0.00000000   0.02736559    -0.01730814   0.00000000
    4    6
  0.00055792   0.00171709     0.00020588   0.00063363     0.00051242  -0.00016650
 -0.00138447  -0.00426096     0.00077137   0.00237402    -0.04296675   0.01396074
  0.00417278  -0.00135582     0.00677721  -0.00220205     0.00034945   0.00107550
    4    7
 -0.00335199  -0.00243536    -0.00131883  -0.00095818     0.01357887  -0.01868971
  0.00074912   0.00054427     0.00926543   0.00673173    -0.00203398   0.00279953
  0.00310545  -0.00427428    -0.00484802   0.00667273    -0.00899935  -0.00653841
    5    1
  0.00178044  -0.00000000    -0.01982449   0.00000000     0.00000000   0.00171599
 -0.01976622   0.00000000     0.00496150  -0.00000000     0.00000000  -0.00687602
 -0.00000000  -0.00664260     0.00000000   0.02562724     0.01703044   0.00000000
    5    2
 -0.00900132   0.00000000    -0.00038143  -0.00000000    -0.00000000   0.00471303
 -0.00061095   0.00000000    -0.01826422   0.00000000     0.00000000  -0.00850821
 -0.00000000   0.00668722     0.00000000  -0.01467356    -0.04169959   0.00000000
    5    3
 -0.06446754   0.00000000     0.00326616   0.00000000     0.00000000  -0.00255021
  0.00307963   0.00000000    -0.06629218  -0.00000000     0.00000000   0.01750032
  0.00000000  -0.00265683     0.00000000   0.01395139    -0.11660098   0.00000000
    5    4
  0.01333760   0.00000000     0.00806447  -0.00000000     0.00000000   0.00680681
  0.00806447   0.00000000     0.01176537   0.00000000    -0.00000000  -0.02736559
  0.00000000   0.00680681     0.00000000  -0.02736559    -0.01730814   0.00000000
    5    5
  0.08265299   0.00000000    -0.00643583  -0.00000000     0.00000000   0.00200343
 -0.00643583   0.00000000     0.10611052   0.00000000     0.00000000  -0.00502095
  0.00000000  -0.00200343    -0.00000000   0.00502095     0.27746556   0.00000000
    5    6
  0.00055792   0.00171709     0.00020588   0.00063363    -0.00051242   0.00016650
 -0.00138447  -0.00426096     0.00077137   0.00237402     0.04296675  -0.01396074
 -0.00417278   0.00135582    -0.00677721   0.00220205     0.00034945   0.00107550
    5    7
 -0.00335199  -0.00243536    -0.00131883  -0.00095818    -0.01357887   0.01868971
  0.00074912   0.00054427     0.00926543   0.00673173     0.00203398  -0.00279953
 -0.00310545   0.00427428     0.00484802  -0.00667273    -0.00899935  -0.00653841
    6    1
  0.00377629  -0.01162224    -0.00023523   0.00072396    -0.00001317  -0.00000428
  0.00081762  -0.00251638    -0.00052309   0.00160990    -0.00345558  -0.00112279
  0.00323120   0.00104988     0.00351750   0.00114291     0.00330666  -0.01017685
    6    2
  0.00377629  -0.01162224    -0.00023523   0.00072396     0.00001317   0.00000428
  0.00081762  -0.00251638    -0.00052309   0.00160990     0.00345558   0.00112279
 -0.00323120  -0.00104988    -0.00351750  -0.00114291     0.00330666  -0.01017685
    6    3
 -0.00796481   0.02451317    -0.00136766   0.00420921     0.00000000  -0.00000000
 -0.00908058   0.02794716    -0.06957419   0.21412734     0.00000000   0.00000000
  0.00000000   0.00000000     0.00000000  -0.00000000    -0.01376006   0.04234912
    6    4
  0.00055792  -0.00171709    -0.00138447   0.00426096     0.00417278   0.00135582
  0.00020588  -0.00063363     0.00077137  -0.00237402     0.00677721   0.00220205
  0.00051242   0.00016650    -0.04296675  -0.01396074     0.00034945  -0.00107550
    6    5
  0.00055792  -0.00171709    -0.00138447   0.00426096    -0.00417278  -0.00135582
  0.00020588  -0.00063363     0.00077137  -0.00237402    -0.00677721  -0.00220205
 -0.00051242  -0.00016650     0.04296675   0.01396074     0.00034945  -0.00107550
    6    6
  0.09636845   0.00000000     0.00324045   0.00000000     0.00000000   0.00000000
  0.00324045   0.00000000     0.69961923   0.00000000    -0.00000000   0.00000000
  0.00000000   0.00000000    -0.00000000   0.00000000     0.10419359   0.00000000
    6    7
 -0.00988707   0.00718337    -0.03927289   0.02853342     0.00000000  -0.00000000
 -0.01120450   0.00814055    -0.00839273   0.00609768     0.00000000   0.00000000
 -0.00000000   0.00000000     0.00000000  -0.00000000     0.00291037  -0.00211451
    7    1
  0.00056396  -0.00040974     0.00398460  -0.00289498     0.00066039   0.00090894
 -0.00294928   0.00214277     0.00245094  -0.00178071     0.00278598   0.00383457
 -0.00128642  -0.00177061     0.00074679   0.00102787     0.00675741  -0.00490955
    7    2
  0.00056396  -0.00040974     0.00398460  -0.00289498    -0.00066039  -0.00090894
 -0.00294928   0.00214277     0.00245094  -0.00178071    -0.00278598  -0.00383457
  0.00128642   0.00177061    -0.00074679  -0.00102787     0.00675741  -0.00490955
    7    3
 -0.34023941   0.24719840    -0.02085850   0.01515459     0.00000000   0.00000000
  0.00016417  -0.00011927    -0.04389465   0.03189133     0.00000000   0.00000000
  0.00000000   0.00000000    -0.00000000   0.00000000    -0.05642507   0.04099521
    7    4
 -0.00335199   0.00243536     0.00074912  -0.00054427     0.00310545   0.00427428
 -0.00131883   0.00095818     0.00926543  -0.00673173    -0.00484802  -0.00667273
  0.01357887   0.01868971    -0.00203398  -0.00279953    -0.00899935   0.00653841
    7    5
 -0.00335199   0.00243536     0.00074912  -0.00054427    -0.00310545  -0.00427428
 -0.00131883   0.00095818     0.00926543  -0.00673173     0.00484802   0.00667273
 -0.01357887  -0.01868971     0.00203398   0.00279953    -0.00899935   0.00653841
    7    6
 -0.00988707  -0.00718337    -0.01120450  -0.00814055     0.00000000  -0.00000000
 -0.03927289  -0.02853342    -0.00839273  -0.00609768     0.00000000   0.00000000
  0.00000000   0.00000000    -0.00000000   0.00000000     0.00291037   0.00211451
    7    7
  0.58877208   0.00000000     0.00508351   0.00000000     0.00000000   0.00000000
  0.00508351   0.00000000     0.11155543   0.00000000    -0.00000000   0.00000000
  0.00000000   0.00000000    -0.00000000   0.00000000     0.10410300   0.00000000

     Dynamical  Matrix in cartesian axes

     q = (    0.600000000  -0.200000000   0.000000000 ) 

    1    1
  0.14249384   0.00000000     0.00451025   0.00000000     0.00000000   0.00346757
  0.00451025   0.00000000     0.08604999  -0.00000000     0.00000000   0.00272929
  0.00000000  -0.00346757     0.00000000  -0.00272929     0.17774489   0.00000000
    1    2
  0.00543263   0.00000000    -0.01552539   0.00000000     0.00000000   0.03893493
 -0.01552539   0.00000000     0.00540473   0.00000000     0.00000000   0.01052379
  0.00000000   0.03893493     0.00000000   0.01052379    -0.00768085   0.00000000
    1    3
  0.00464974   0.00000000    -0.04920565   0.00000000     0.00000000  -0.07380982
 -0.04635358   0.00000000     0.00469990   0.00000000    -0.00000000  -0.01875949
  0.00000000  -0.07032568    -0.00000000  -0.01744647    -0.02453748   0.00000000
    1    4
 -0.01826422   0.00000000     0.00038143  -0.00000000    -0.00000000   0.01467356
  0.00061095   0.00000000    -0.00900132  -0.00000000     0.00000000   0.00668722
 -0.00000000   0.00850821     0.00000000   0.00471303    -0.04169959   0.00000000
    1    5
  0.00496150   0.00000000     0.01982449   0.00000000    -0.00000000   0.02562724
  0.01976622   0.00000000     0.00178044   0.00000000     0.00000000   0.00664260
  0.00000000  -0.00687602     0.00000000  -0.00171599     0.01703044   0.00000000
    1    6
  0.00245094  -0.00178071    -0.00398460   0.00289498     0.00074679   0.00102787
  0.00294928  -0.00214277     0.00056396  -0.00040974     0.00128642   0.00177061
  0.00278598   0.00383457    -0.00066039  -0.00090894     0.00675741  -0.00490955
    1    7
 -0.00052309  -0.00160990     0.00023523   0.00072396    -0.00351750   0.00114291
 -0.00081762  -0.00251638     0.00377629   0.01162224     0.00323120  -0.00104988
  0.00345558  -0.00112279    -0.00001317   0.00000428     0.00330666   0.01017685
    2    1
  0.00543263   0.00000000    -0.01552539  -0.00000000     0.00000000  -0.03893493
 -0.01552539  -0.00000000     0.00540473   0.00000000     0.00000000  -0.01052379
  0.00000000  -0.03893493     0.00000000  -0.01052379    -0.00768085   0.00000000
    2    2
  0.14249384  -0.00000000     0.00451025   0.00000000     0.00000000  -0.00346757
  0.00451025   0.00000000     0.08604999   0.00000000     0.00000000  -0.00272929
  0.00000000   0.00346757     0.00000000   0.00272929     0.17774489  -0.00000000
    2    3
  0.00464974   0.00000000    -0.04920565  -0.00000000     0.00000000   0.07380982
 -0.04635358  -0.00000000     0.00469990   0.00000000    -0.00000000   0.01875949
  0.00000000   0.07032568    -0.00000000   0.01744647    -0.02453748   0.00000000
    2    4
  0.00496150   0.00000000     0.01982449   0.00000000    -0.00000000  -0.02562724
  0.01976622   0.00000000     0.00178044  -0.00000000     0.00000000  -0.00664260
  0.00000000   0.00687602     0.00000000   0.00171599     0.01703044   0.00000000
    2    5
 -0.01826422  -0.00000000     0.00038143   0.00000000    -0.00000000  -0.01467356
  0.00061095  -0.00000000    -0.00900132   0.00000000     0.00000000  -0.00668722
 -0.00000000  -0.00850821     0.00000000  -0.00471303    -0.04169959   0.00000000
    2    6
  0.00245094  -0.00178071    -0.00398460   0.00289498    -0.00074679  -0.00102787
  0.00294928  -0.00214277     0.00056396  -0.00040974    -0.00128642  -0.00177061
 -0.00278598  -0.00383457     0.00066039   0.00090894     0.00675741  -0.00490955
    2    7
 -0.00052309  -0.00160990     0.00023523   0.00072396     0.00351750  -0.00114291
 -0.00081762  -0.00251638     0.00377629   0.01162224    -0.00323120   0.00104988
 -0.00345558   0.00112279     0.00001317  -0.00000428     0.00330666   0.01017685
    3    1
  0.00464974   0.00000000    -0.04635358  -0.00000000     0.00000000   0.07032568
 -0.04920565  -0.00000000     0.00469990   0.00000000    -0.00000000   0.01744647
 -0.00000000   0.07380982     0.00000000   0.01875949    -0.02453748   0.00000000
    3    2
  0.00464974   0.00000000    -0.04635358   0.00000000     0.00000000  -0.07032568
 -0.04920565   0.00000000     0.00469990   0.00000000    -0.00000000  -0.01744647
 -0.00000000  -0.07380982     0.00000000  -0.01875949    -0.02453748   0.00000000
    3    3
  0.73363085   0.00000000     0.01592403   0.00000000     0.00000000   0.00000000
  0.01592403   0.00000000     0.77757734   0.00000000    -0.00000000   0.00000000
  0.00000000   0.00000000     0.00000000   0.00000000     0.48920670   0.00000000
    3    4
 -0.06629218   0.00000000    -0.00326616  -0.00000000     0.00000000  -0.01395139
 -0.00307963  -0.00000000    -0.06446754   0.00000000     0.00000000  -0.00265683
  0.00000000  -0.01750032     0.00000000  -0.00255021    -0.11660098   0.00000000
    3    5
 -0.06629218  -0.00000000    -0.00326616   0.00000000     0.00000000   0.01395139
 -0.00307963   0.00000000    -0.06446754   0.00000000     0.00000000   0.00265683
  0.00000000   0.01750032     0.00000000   0.00255021    -0.11660098   0.00000000
    3    6
 -0.04389465   0.03189133     0.02085850  -0.01515459     0.00000000   0.00000000
 -0.00016417   0.00011927    -0.34023941   0.24719840    -0.00000000   0.00000000
  0.00000000  -0.00000000    -0.00000000   0.00000000    -0.05642507   0.04099521
    3    7
 -0.06957419  -0.21412734     0.00136766   0.00420921     0.00000000   0.00000000
  0.00908058   0.02794716    -0.00796481  -0.02451317    -0.00000000  -0.00000000
  0.00000000   0.00000000     0.00000000   0.00000000    -0.01376006  -0.04234912
    4    1
 -0.01826422   0.00000000     0.00061095   0.00000000     0.00000000  -0.00850821
  0.00038143   0.00000000    -0.00900132   0.00000000     0.00000000  -0.00471303
  0.00000000  -0.01467356     0.00000000  -0.00668722    -0.04169959   0.00000000
    4    2
  0.00496150   0.00000000     0.01976622   0.00000000    -0.00000000  -0.00687602
  0.01982449   0.00000000     0.00178044   0.00000000     0.00000000  -0.00171599
 -0.00000000   0.02562724     0.00000000   0.00664260     0.01703044   0.00000000
    4    3
 -0.06629218  -0.00000000    -0.00307963   0.00000000     0.00000000   0.01750032
 -0.00326616   0.00000000    -0.06446754   0.00000000     0.00000000   0.00255021
  0.00000000   0.01395139    -0.00000000   0.00265683    -0.11660098   0.00000000
    4    4
  0.10611052   0.00000000     0.00643583  -0.00000000     0.00000000  -0.00502095
  0.00643583   0.00000000     0.08265299   0.00000000    -0.00000000  -0.00200343
  0.00000000   0.00502095    -0.00000000   0.00200343     0.27746556  -0.00000000
    4    5
  0.01176537   0.00000000    -0.00806447   0.00000000     0.00000000  -0.02736559
 -0.00806447  -0.00000000     0.01333760   0.00000000    -0.00000000  -0.00680681
  0.00000000  -0.02736559    -0.00000000  -0.00680681    -0.01730814   0.00000000
    4    6
  0.00926543  -0.00673173    -0.00074912   0.00054427    -0.00203398  -0.00279953
  0.00131883  -0.00095818    -0.00335199   0.00243536    -0.01357887  -0.01868971
 -0.00484802  -0.00667273    -0.00310545  -0.00427428    -0.00899935   0.00653841
    4    7
  0.00077137   0.00237402     0.00138447   0.00426096     0.04296675  -0.01396074
 -0.00020588  -0.00063363     0.00055792   0.00171709     0.00051242  -0.00016650
 -0.00677721   0.00220205     0.00417278  -0.00135582     0.00034945   0.00107550
    5    1
  0.00496150  -0.00000000     0.01976622   0.00000000    -0.00000000   0.00687602
  0.01982449   0.00000000     0.00178044  -0.00000000     0.00000000   0.00171599
 -0.00000000  -0.02562724     0.00000000  -0.00664260     0.01703044   0.00000000
    5    2
 -0.01826422   0.00000000     0.00061095  -0.00000000     0.00000000   0.00850821
  0.00038143   0.00000000    -0.00900132   0.00000000     0.00000000   0.00471303
  0.00000000   0.01467356     0.00000000   0.00668722    -0.04169959   0.00000000
    5    3
 -0.06629218   0.00000000    -0.00307963  -0.00000000     0.00000000  -0.01750032
 -0.00326616  -0.00000000    -0.06446754   0.00000000     0.00000000  -0.00255021
  0.00000000  -0.01395139    -0.00000000  -0.00265683    -0.11660098   0.00000000
    5    4
  0.01176537   0.00000000    -0.00806447  -0.00000000     0.00000000   0.02736559
 -0.00806447   0.00000000     0.01333760   0.00000000    -0.00000000   0.00680681
  0.00000000   0.02736559    -0.00000000   0.00680681    -0.01730814   0.00000000
    5    5
  0.10611052  -0.00000000     0.00643583   0.00000000     0.00000000   0.00502095
  0.00643583   0.00000000     0.08265299   0.00000000    -0.00000000   0.00200343
  0.00000000  -0.00502095    -0.00000000  -0.00200343     0.27746556   0.00000000
    5    6
  0.00926543  -0.00673173    -0.00074912   0.00054427     0.00203398   0.00279953
  0.00131883  -0.00095818    -0.00335199   0.00243536     0.01357887   0.01868971
  0.00484802   0.00667273     0.00310545   0.00427428    -0.00899935   0.00653841
    5    7
  0.00077137   0.00237402     0.00138447   0.00426096    -0.04296675   0.01396074
 -0.00020588  -0.00063363     0.00055792   0.00171709    -0.00051242   0.00016650
  0.00677721  -0.00220205    -0.00417278   0.00135582     0.00034945   0.00107550
    6    1
  0.00245094   0.00178071     0.00294928   0.00214277     0.00278598  -0.00383457
 -0.00398460  -0.00289498     0.00056396   0.00040974    -0.00066039   0.00090894
  0.00074679  -0.00102787     0.00128642  -0.00177061     0.00675741   0.00490955
    6    2
  0.00245094   0.00178071     0.00294928   0.00214277    -0.00278598   0.00383457
 -0.00398460  -0.00289498     0.00056396   0.00040974     0.00066039  -0.00090894
 -0.00074679   0.00102787    -0.00128642   0.00177061     0.00675741   0.00490955
    6    3
 -0.04389465  -0.03189133    -0.00016417  -0.00011927     0.00000000   0.00000000
  0.02085850   0.01515459    -0.34023941  -0.24719840    -0.00000000   0.00000000
  0.00000000   0.00000000    -0.00000000   0.00000000    -0.05642507  -0.04099521
    6    4
  0.00926543   0.00673173     0.00131883   0.00095818    -0.00484802   0.00667273
 -0.00074912  -0.00054427    -0.00335199  -0.00243536    -0.00310545   0.00427428
 -0.00203398   0.00279953    -0.01357887   0.01868971    -0.00899935  -0.00653841
    6    5
  0.00926543   0.00673173     0.00131883   0.00095818     0.00484802  -0.00667273
 -0.00074912  -0.00054427    -0.00335199  -0.00243536     0.00310545  -0.00427428
  0.00203398  -0.00279953     0.01357887  -0.01868971    -0.00899935  -0.00653841
    6    6
  0.11155543   0.00000000    -0.00508351   0.00000000     0.00000000   0.00000000
 -0.00508351   0.00000000     0.58877208   0.00000000     0.00000000   0.00000000
  0.00000000   0.00000000     0.00000000   0.00000000     0.10410300   0.00000000
    6    7
  0.00320574  -0.00986625    -0.01500091   0.04616805     0.00000000   0.00000000
 -0.00427974   0.01317168     0.00377652  -0.01162294    -0.00000000  -0.00000000
  0.00000000   0.00000000     0.00000000  -0.00000000    -0.00111166   0.00342135
    7    1
 -0.00052309   0.00160990    -0.00081762   0.00251638     0.00345558   0.00112279
  0.00023523  -0.00072396     0.00377629  -0.01162224    -0.00001317  -0.00000428
 -0.00351750  -0.00114291     0.00323120   0.00104988     0.00330666  -0.01017685
    7    2
 -0.00052309   0.00160990    -0.00081762   0.00251638    -0.00345558  -0.00112279
  0.00023523  -0.00072396     0.00377629  -0.01162224     0.00001317   0.00000428
  0.00351750   0.00114291    -0.00323120  -0.00104988     0.00330666  -0.01017685
    7    3
 -0.06957419   0.21412734     0.00908058  -0.02794716     0.00000000  -0.00000000
  0.00136766  -0.00420921    -0.00796481   0.02451317     0.00000000   0.00000000
  0.00000000  -0.00000000     0.00000000   0.00000000    -0.01376006   0.04234912
    7    4
  0.00077137  -0.00237402    -0.00020588   0.00063363    -0.00677721  -0.00220205
  0.00138447  -0.00426096     0.00055792  -0.00171709     0.00417278   0.00135582
  0.04296675   0.01396074     0.00051242   0.00016650     0.00034945  -0.00107550
    7    5
  0.00077137  -0.00237402    -0.00020588   0.00063363     0.00677721   0.00220205
  0.00138447  -0.00426096     0.00055792  -0.00171709    -0.00417278  -0.00135582
 -0.04296675  -0.01396074    -0.00051242  -0.00016650     0.00034945  -0.00107550
    7    6
  0.00320574   0.00986625    -0.00427974  -0.01317168     0.00000000  -0.00000000
 -0.01500091  -0.04616805     0.00377652   0.01162294    -0.00000000   0.00000000
 -0.00000000  -0.00000000     0.00000000   0.00000000    -0.00111166  -0.00342135
    7    7
  0.69961923   0.00000000    -0.00324045   0.00000000     0.00000000   0.00000000
 -0.00324045   0.00000000     0.09636845   0.00000000     0.00000000   0.00000000
  0.00000000   0.00000000     0.00000000   0.00000000     0.10419359   0.00000000

     Dynamical  Matrix in cartesian axes

     q = (    0.200000000  -0.600000000   0.000000000 ) 

    1    1
  0.08604999  -0.00000000     0.00451025   0.00000000     0.00000000  -0.00272929
  0.00451025   0.00000000     0.14249384   0.00000000     0.00000000  -0.00346757
  0.00000000   0.00272929     0.00000000   0.00346757     0.17774489  -0.00000000
    1    2
  0.00540473   0.00000000    -0.01552539   0.00000000     0.00000000  -0.01052379
 -0.01552539   0.00000000     0.00543263   0.00000000     0.00000000  -0.03893493
  0.00000000  -0.01052379     0.00000000  -0.03893493    -0.00768085   0.00000000
    1    3
  0.00469990   0.00000000    -0.04635358   0.00000000     0.00000000   0.01875949
 -0.04920565   0.00000000     0.00464974   0.00000000    -0.00000000   0.07380982
  0.00000000   0.01744647    -0.00000000   0.07032568    -0.02453748   0.00000000
    1    4
 -0.00900132  -0.00000000     0.00061095   0.00000000    -0.00000000  -0.00668722
  0.00038143  -0.00000000    -0.01826422   0.00000000     0.00000000  -0.01467356
 -0.00000000  -0.00471303     0.00000000  -0.00850821    -0.04169959   0.00000000
    1    5
  0.00178044   0.00000000     0.01976622   0.00000000    -0.00000000  -0.00664260
  0.01982449   0.00000000     0.00496150   0.00000000     0.00000000  -0.02562724
  0.00000000   0.00171599     0.00000000   0.00687602     0.01703044   0.00000000
    1    6
  0.00377629   0.01162224    -0.00081762  -0.00251638    -0.00323120   0.00104988
  0.00023523   0.00072396    -0.00052309  -0.00160990     0.00351750  -0.00114291
  0.00001317  -0.00000428    -0.00345558   0.00112279     0.00330666   0.01017685
    1    7
  0.00056396  -0.00040974     0.00294928  -0.00214277    -0.00128642  -0.00177061
 -0.00398460   0.00289498     0.00245094  -0.00178071    -0.00074679  -0.00102787
  0.00066039   0.00090894    -0.00278598  -0.00383457     0.00675741  -0.00490955
    2    1
  0.00540473   0.00000000    -0.01552539  -0.00000000     0.00000000   0.01052379
 -0.01552539  -0.00000000     0.00543263   0.00000000     0.00000000   0.03893493
  0.00000000   0.01052379     0.00000000   0.03893493    -0.00768085   0.00000000
    2    2
  0.08604999   0.00000000     0.00451025   0.00000000     0.00000000   0.00272929
  0.00451025   0.00000000     0.14249384  -0.00000000     0.00000000   0.00346757
  0.00000000  -0.00272929     0.00000000  -0.00346757     0.17774489   0.00000000
    2    3
  0.00469990   0.00000000    -0.04635358  -0.00000000     0.00000000  -0.01875949
 -0.04920565  -0.00000000     0.00464974   0.00000000    -0.00000000  -0.07380982
  0.00000000  -0.01744647    -0.00000000  -0.07032568    -0.02453748   0.00000000
    2    4
  0.00178044  -0.00000000     0.01976622   0.00000000    -0.00000000   0.00664260
  0.01982449   0.00000000     0.00496150   0.00000000     0.00000000   0.02562724
  0.00000000  -0.00171599     0.00000000  -0.00687602     0.01703044   0.00000000
    2    5
 -0.00900132   0.00000000     0.00061095  -0.00000000    -0.00000000   0.00668722
  0.00038143   0.00000000    -0.01826422  -0.00000000     0.00000000   0.01467356
 -0.00000000   0.00471303     0.00000000   0.00850821    -0.04169959   0.00000000
    2    6
  0.00377629   0.01162224    -0.00081762  -0.00251638     0.00323120  -0.00104988
  0.00023523   0.00072396    -0.00052309  -0.00160990    -0.00351750   0.00114291
 -0.00001317   0.00000428     0.00345558  -0.00112279     0.00330666   0.01017685
    2    7
  0.00056396  -0.00040974     0.00294928  -0.00214277     0.00128642   0.00177061
 -0.00398460   0.00289498     0.00245094  -0.00178071     0.00074679   0.00102787
 -0.00066039  -0.00090894     0.00278598   0.00383457     0.00675741  -0.00490955
    3    1
  0.00469990   0.00000000    -0.04920565  -0.00000000     0.00000000  -0.01744647
 -0.04635358  -0.00000000     0.00464974   0.00000000    -0.00000000  -0.07032568
 -0.00000000  -0.01875949     0.00000000  -0.07380982    -0.02453748   0.00000000
    3    2
  0.00469990   0.00000000    -0.04920565   0.00000000     0.00000000   0.01744647
 -0.04635358   0.00000000     0.00464974   0.00000000    -0.00000000   0.07032568
 -0.00000000   0.01875949     0.00000000   0.07380982    -0.02453748   0.00000000
    3    3
  0.77757734   0.00000000     0.01592403   0.00000000     0.00000000   0.00000000
  0.01592403   0.00000000     0.73363085   0.00000000    -0.00000000   0.00000000
  0.00000000   0.00000000     0.00000000   0.00000000     0.48920670   0.00000000
    3    4
 -0.06446754   0.00000000    -0.00307963  -0.00000000     0.00000000   0.00265683
 -0.00326616  -0.00000000    -0.06629218   0.00000000     0.00000000   0.01395139
  0.00000000   0.00255021     0.00000000   0.01750032    -0.11660098   0.00000000
    3    5
 -0.06446754   0.00000000    -0.00307963   0.00000000     0.00000000  -0.00265683
 -0.00326616   0.00000000    -0.06629218  -0.00000000     0.00000000  -0.01395139
  0.00000000  -0.00255021     0.00000000  -0.01750032    -0.11660098   0.00000000
    3    6
 -0.00796481  -0.02451317     0.00908058   0.02794716     0.00000000   0.00000000
  0.00136766   0.00420921    -0.06957419  -0.21412734    -0.00000000  -0.00000000
  0.00000000   0.00000000    -0.00000000   0.00000000    -0.01376006  -0.04234912
    3    7
 -0.34023941   0.24719840    -0.00016417   0.00011927     0.00000000   0.00000000
  0.02085850  -0.01515459    -0.04389465   0.03189133    -0.00000000   0.00000000
  0.00000000   0.00000000    -0.00000000   0.00000000    -0.05642507   0.04099521
    4    1
 -0.00900132   0.00000000     0.00038143   0.00000000     0.00000000   0.00471303
  0.00061095   0.00000000    -0.01826422   0.00000000     0.00000000   0.00850821
  0.00000000   0.00668722     0.00000000   0.01467356    -0.04169959   0.00000000
    4    2
  0.00178044   0.00000000     0.01982449   0.00000000    -0.00000000   0.00171599
  0.01976622   0.00000000     0.00496150   0.00000000     0.00000000   0.00687602
 -0.00000000  -0.00664260     0.00000000  -0.02562724     0.01703044   0.00000000
    4    3
 -0.06446754   0.00000000    -0.00326616   0.00000000     0.00000000  -0.00255021
 -0.00307963   0.00000000    -0.06629218  -0.00000000     0.00000000  -0.01750032
  0.00000000  -0.00265683    -0.00000000  -0.01395139    -0.11660098   0.00000000
    4    4
  0.08265299   0.00000000     0.00643583   0.00000000     0.00000000   0.00200343
  0.00643583  -0.00000000     0.10611052   0.00000000    -0.00000000   0.00502095
  0.00000000  -0.00200343    -0.00000000  -0.00502095     0.27746556   0.00000000
    4    5
  0.01333760   0.00000000    -0.00806447  -0.00000000     0.00000000   0.00680681
 -0.00806447   0.00000000     0.01176537   0.00000000    -0.00000000   0.02736559
  0.00000000   0.00680681    -0.00000000   0.02736559    -0.01730814   0.00000000
    4    6
  0.00055792   0.00171709    -0.00020588  -0.00063363    -0.00051242   0.00016650
  0.00138447   0.00426096     0.00077137   0.00237402    -0.04296675   0.01396074
 -0.00417278   0.00135582     0.00677721  -0.00220205     0.00034945   0.00107550
    4    7
 -0.00335199   0.00243536     0.00131883  -0.00095818     0.01357887   0.01868971
 -0.00074912   0.00054427     0.00926543  -0.00673173     0.00203398   0.00279953
  0.00310545   0.00427428     0.00484802   0.00667273    -0.00899935   0.00653841
    5    1
  0.00178044  -0.00000000     0.01982449   0.00000000    -0.00000000  -0.00171599
  0.01976622   0.00000000     0.00496150  -0.00000000     0.00000000  -0.00687602
 -0.00000000   0.00664260     0.00000000   0.02562724     0.01703044   0.00000000
    5    2
 -0.00900132   0.00000000     0.00038143   0.00000000     0.00000000  -0.00471303
  0.00061095  -0.00000000    -0.01826422   0.00000000     0.00000000  -0.00850821
  0.00000000  -0.00668722     0.00000000  -0.01467356    -0.04169959   0.00000000
    5    3
 -0.06446754   0.00000000    -0.00326616  -0.00000000     0.00000000   0.00255021
 -0.00307963  -0.00000000    -0.06629218   0.00000000     0.00000000   0.01750032
  0.00000000   0.00265683    -0.00000000   0.01395139    -0.11660098   0.00000000
    5    4
  0.01333760   0.00000000    -0.00806447   0.00000000     0.00000000  -0.00680681
 -0.00806447  -0.00000000     0.01176537   0.00000000    -0.00000000  -0.02736559
  0.00000000  -0.00680681    -0.00000000  -0.02736559    -0.01730814   0.00000000
    5    5
  0.08265299   0.00000000     0.00643583   0.00000000     0.00000000  -0.00200343
  0.00643583   0.00000000     0.10611052  -0.00000000    -0.00000000  -0.00502095
  0.00000000   0.00200343    -0.00000000   0.00502095     0.27746556  -0.00000000
    5    6
  0.00055792   0.00171709    -0.00020588  -0.00063363     0.00051242  -0.00016650
  0.00138447   0.00426096     0.00077137   0.00237402     0.04296675  -0.01396074
  0.00417278  -0.00135582    -0.00677721   0.00220205     0.00034945   0.00107550
    5    7
 -0.00335199   0.00243536     0.00131883  -0.00095818    -0.01357887  -0.01868971
 -0.00074912   0.00054427     0.00926543  -0.00673173    -0.00203398  -0.00279953
 -0.00310545  -0.00427428    -0.00484802  -0.00667273    -0.00899935   0.00653841
    6    1
  0.00377629  -0.01162224     0.00023523  -0.00072396     0.00001317   0.00000428
 -0.00081762   0.00251638    -0.00052309   0.00160990    -0.00345558  -0.00112279
 -0.00323120  -0.00104988     0.00351750   0.00114291     0.00330666  -0.01017685
    6    2
  0.00377629  -0.01162224     0.00023523  -0.00072396    -0.00001317  -0.00000428
 -0.00081762   0.00251638    -0.00052309   0.00160990     0.00345558   0.00112279
  0.00323120   0.00104988    -0.00351750  -0.00114291     0.00330666  -0.01017685
    6    3
 -0.00796481   0.02451317     0.00136766  -0.00420921     0.00000000  -0.00000000
  0.00908058  -0.02794716    -0.06957419   0.21412734     0.00000000   0.00000000
  0.00000000  -0.00000000     0.00000000   0.00000000    -0.01376006   0.04234912
    6    4
  0.00055792  -0.00171709     0.00138447  -0.00426096    -0.00417278  -0.00135582
 -0.00020588   0.00063363     0.00077137  -0.00237402     0.00677721   0.00220205
 -0.00051242  -0.00016650    -0.04296675  -0.01396074     0.00034945  -0.00107550
    6    5
  0.00055792  -0.00171709     0.00138447  -0.00426096     0.00417278   0.00135582
 -0.00020588   0.00063363     0.00077137  -0.00237402    -0.00677721  -0.00220205
  0.00051242   0.00016650     0.04296675   0.01396074     0.00034945  -0.00107550
    6    6
  0.09636845   0.00000000    -0.00324045   0.00000000     0.00000000   0.00000000
 -0.00324045   0.00000000     0.69961923   0.00000000     0.00000000   0.00000000
 -0.00000000   0.00000000     0.00000000   0.00000000     0.10419359   0.00000000
    6    7
  0.00377652   0.01162294    -0.01500091  -0.04616805     0.00000000  -0.00000000
 -0.00427974  -0.01317168     0.00320574   0.00986625    -0.00000000   0.00000000
 -0.00000000  -0.00000000     0.00000000   0.00000000    -0.00111166  -0.00342135
    7    1
  0.00056396   0.00040974    -0.00398460  -0.00289498     0.00066039  -0.00090894
  0.00294928   0.00214277     0.00245094   0.00178071    -0.00278598   0.00383457
 -0.00128642   0.00177061    -0.00074679   0.00102787     0.00675741   0.00490955
    7    2
  0.00056396   0.00040974    -0.00398460  -0.00289498    -0.00066039   0.00090894
  0.00294928   0.00214277     0.00245094   0.00178071     0.00278598  -0.00383457
  0.00128642  -0.00177061     0.00074679  -0.00102787     0.00675741   0.00490955
    7    3
 -0.34023941  -0.24719840     0.02085850   0.01515459     0.00000000   0.00000000
 -0.00016417  -0.00011927    -0.04389465  -0.03189133    -0.00000000   0.00000000
  0.00000000   0.00000000    -0.00000000   0.00000000    -0.05642507  -0.04099521
    7    4
 -0.00335199  -0.00243536    -0.00074912  -0.00054427     0.00310545  -0.00427428
  0.00131883   0.00095818     0.00926543   0.00673173     0.00484802  -0.00667273
  0.01357887  -0.01868971     0.00203398  -0.00279953    -0.00899935  -0.00653841
    7    5
 -0.00335199  -0.00243536    -0.00074912  -0.00054427    -0.00310545   0.00427428
  0.00131883   0.00095818     0.00926543   0.00673173    -0.00484802   0.00667273
 -0.01357887   0.01868971    -0.00203398   0.00279953    -0.00899935  -0.00653841
    7    6
  0.00377652  -0.01162294    -0.00427974   0.01317168     0.00000000   0.00000000
 -0.01500091   0.04616805     0.00320574  -0.00986625    -0.00000000  -0.00000000
 -0.00000000   0.00000000     0.00000000  -0.00000000    -0.00111166   0.00342135
    7    7
  0.58877208   0.00000000    -0.00508351   0.00000000     0.00000000   0.00000000
 -0.00508351   0.00000000     0.11155543   0.00000000     0.00000000   0.00000000
  0.00000000   0.00000000     0.00000000   0.00000000     0.10410300   0.00000000

     Dynamical  Matrix in cartesian axes

     q = (    0.200000000   0.600000000   0.000000000 ) 

    1    1
  0.08604999   0.00000000    -0.00451025   0.00000000    -0.00000000  -0.00272929
 -0.00451025   0.00000000     0.14249384   0.00000000     0.00000000   0.00346757
  0.00000000   0.00272929     0.00000000  -0.00346757     0.17774489   0.00000000
    1    2
  0.00540473   0.00000000     0.01552539   0.00000000     0.00000000  -0.01052379
  0.01552539   0.00000000     0.00543263   0.00000000     0.00000000   0.03893493
  0.00000000  -0.01052379     0.00000000   0.03893493    -0.00768085   0.00000000
    1    3
  0.00469990   0.00000000     0.04635358   0.00000000     0.00000000   0.01875949
  0.04920565   0.00000000     0.00464974  -0.00000000     0.00000000  -0.07380982
  0.00000000   0.01744647     0.00000000  -0.07032568    -0.02453748   0.00000000
    1    4
 -0.00900132   0.00000000    -0.00061095  -0.00000000    -0.00000000  -0.00668722
 -0.00038143  -0.00000000    -0.01826422   0.00000000     0.00000000   0.01467356
 -0.00000000  -0.00471303     0.00000000   0.00850821    -0.04169959   0.00000000
    1    5
  0.00178044  -0.00000000    -0.01976622   0.00000000    -0.00000000  -0.00664260
 -0.01982449   0.00000000     0.00496150   0.00000000     0.00000000   0.02562724
  0.00000000   0.00171599     0.00000000  -0.00687602     0.01703044   0.00000000
    1    6
  0.00377629  -0.01162224     0.00081762  -0.00251638     0.00323120   0.00104988
 -0.00023523   0.00072396    -0.00052309   0.00160990     0.00351750   0.00114291
 -0.00001317  -0.00000428    -0.00345558  -0.00112279     0.00330666  -0.01017685
    1    7
  0.00056396  -0.00040974    -0.00294928   0.00214277    -0.00128642  -0.00177061
  0.00398460  -0.00289498     0.00245094  -0.00178071     0.00074679   0.00102787
  0.00066039   0.00090894     0.00278598   0.00383457     0.00675741  -0.00490955
    2    1
  0.00540473   0.00000000     0.01552539   0.00000000     0.00000000   0.01052379
  0.01552539   0.00000000     0.00543263   0.00000000     0.00000000  -0.03893493
  0.00000000   0.01052379     0.00000000  -0.03893493    -0.00768085   0.00000000
    2    2
  0.08604999   0.00000000    -0.00451025   0.00000000    -0.00000000   0.00272929
 -0.00451025   0.00000000     0.14249384   0.00000000     0.00000000  -0.00346757
  0.00000000  -0.00272929     0.00000000   0.00346757     0.17774489   0.00000000
    2    3
  0.00469990   0.00000000     0.04635358  -0.00000000     0.00000000  -0.01875949
  0.04920565  -0.00000000     0.00464974   0.00000000     0.00000000   0.07380982
  0.00000000  -0.01744647     0.00000000   0.07032568    -0.02453748   0.00000000
    2    4
  0.00178044   0.00000000    -0.01976622   0.00000000    -0.00000000   0.00664260
 -0.01982449  -0.00000000     0.00496150   0.00000000     0.00000000  -0.02562724
  0.00000000  -0.00171599     0.00000000   0.00687602     0.01703044   0.00000000
    2    5
 -0.00900132  -0.00000000    -0.00061095   0.00000000    -0.00000000   0.00668722
 -0.00038143   0.00000000    -0.01826422  -0.00000000     0.00000000  -0.01467356
 -0.00000000   0.00471303     0.00000000  -0.00850821    -0.04169959   0.00000000
    2    6
  0.00377629  -0.01162224     0.00081762  -0.00251638    -0.00323120  -0.00104988
 -0.00023523   0.00072396    -0.00052309   0.00160990    -0.00351750  -0.00114291
  0.00001317   0.00000428     0.00345558   0.00112279     0.00330666  -0.01017685
    2    7
  0.00056396  -0.00040974    -0.00294928   0.00214277     0.00128642   0.00177061
  0.00398460  -0.00289498     0.00245094  -0.00178071    -0.00074679  -0.00102787
 -0.00066039  -0.00090894    -0.00278598  -0.00383457     0.00675741  -0.00490955
    3    1
  0.00469990   0.00000000     0.04920565  -0.00000000     0.00000000  -0.01744647
  0.04635358  -0.00000000     0.00464974   0.00000000     0.00000000   0.07032568
  0.00000000  -0.01875949    -0.00000000   0.07380982    -0.02453748   0.00000000
    3    2
  0.00469990   0.00000000     0.04920565   0.00000000     0.00000000   0.01744647
  0.04635358   0.00000000     0.00464974  -0.00000000     0.00000000  -0.07032568
  0.00000000   0.01875949    -0.00000000  -0.07380982    -0.02453748   0.00000000
    3    3
  0.77757734   0.00000000    -0.01592403   0.00000000     0.00000000   0.00000000
 -0.01592403   0.00000000     0.73363085   0.00000000    -0.00000000   0.00000000
  0.00000000   0.00000000     0.00000000   0.00000000     0.48920670   0.00000000
    3    4
 -0.06446754   0.00000000     0.00307963  -0.00000000     0.00000000   0.00265683
  0.00326616  -0.00000000    -0.06629218   0.00000000     0.00000000  -0.01395139
  0.00000000   0.00255021    -0.00000000  -0.01750032    -0.11660098   0.00000000
    3    5
 -0.06446754   0.00000000     0.00307963   0.00000000     0.00000000  -0.00265683
  0.00326616   0.00000000    -0.06629218   0.00000000     0.00000000   0.01395139
  0.00000000  -0.00255021    -0.00000000   0.01750032    -0.11660098   0.00000000
    3    6
 -0.00796481   0.02451317    -0.00908058   0.02794716     0.00000000   0.00000000
 -0.00136766   0.00420921    -0.06957419   0.21412734    -0.00000000  -0.00000000
  0.00000000   0.00000000    -0.00000000  -0.00000000    -0.01376006   0.04234912
    3    7
 -0.34023941   0.24719840     0.00016417  -0.00011927    -0.00000000   0.00000000
 -0.02085850   0.01515459    -0.04389465   0.03189133     0.00000000   0.00000000
  0.00000000   0.00000000    -0.00000000  -0.00000000    -0.05642507   0.04099521
    4    1
 -0.00900132   0.00000000    -0.00038143  -0.00000000    -0.00000000   0.00471303
 -0.00061095   0.00000000    -0.01826422   0.00000000     0.00000000  -0.00850821
 -0.00000000   0.00668722     0.00000000  -0.01467356    -0.04169959   0.00000000
    4    2
  0.00178044  -0.00000000    -0.01982449   0.00000000     0.00000000   0.00171599
 -0.01976622   0.00000000     0.00496150  -0.00000000     0.00000000  -0.00687602
 -0.00000000  -0.00664260     0.00000000   0.02562724     0.01703044   0.00000000
    4    3
 -0.06446754   0.00000000     0.00326616   0.00000000     0.00000000  -0.00255021
  0.00307963   0.00000000    -0.06629218  -0.00000000     0.00000000   0.01750032
  0.00000000  -0.00265683     0.00000000   0.01395139    -0.11660098   0.00000000
    4    4
  0.08265299   0.00000000    -0.00643583  -0.00000000     0.00000000   0.00200343
 -0.00643583   0.00000000     0.10611052   0.00000000     0.00000000  -0.00502095
  0.00000000  -0.00200343    -0.00000000   0.00502095     0.27746556   0.00000000
    4    5
  0.01333760   0.00000000     0.00806447  -0.00000000     0.00000000   0.00680681
  0.00806447   0.00000000     0.01176537   0.00000000    -0.00000000  -0.02736559
  0.00000000   0.00680681     0.00000000  -0.02736559    -0.01730814   0.00000000
    4    6
  0.00055792  -0.00171709     0.00020588  -0.00063363     0.00051242   0.00016650
 -0.00138447   0.00426096     0.00077137  -0.00237402    -0.04296675  -0.01396074
  0.00417278   0.00135582     0.00677721   0.00220205     0.00034945  -0.00107550
    4    7
 -0.00335199   0.00243536    -0.00131883   0.00095818     0.01357887   0.01868971
  0.00074912  -0.00054427     0.00926543  -0.00673173    -0.00203398  -0.00279953
  0.00310545   0.00427428    -0.00484802  -0.00667273    -0.00899935   0.00653841
    5    1
  0.00178044   0.00000000    -0.01982449  -0.00000000     0.00000000  -0.00171599
 -0.01976622   0.00000000     0.00496150   0.00000000     0.00000000   0.00687602
 -0.00000000   0.00664260     0.00000000  -0.02562724     0.01703044   0.00000000
    5    2
 -0.00900132   0.00000000    -0.00038143   0.00000000    -0.00000000  -0.00471303
 -0.00061095  -0.00000000    -0.01826422   0.00000000     0.00000000   0.00850821
 -0.00000000  -0.00668722     0.00000000   0.01467356    -0.04169959   0.00000000
    5    3
 -0.06446754   0.00000000     0.00326616  -0.00000000     0.00000000   0.00255021
  0.00307963  -0.00000000    -0.06629218   0.00000000     0.00000000  -0.01750032
  0.00000000   0.00265683     0.00000000  -0.01395139    -0.11660098   0.00000000
    5    4
  0.01333760   0.00000000     0.00806447   0.00000000     0.00000000  -0.00680681
  0.00806447  -0.00000000     0.01176537   0.00000000    -0.00000000   0.02736559
  0.00000000  -0.00680681     0.00000000   0.02736559    -0.01730814   0.00000000
    5    5
  0.08265299  -0.00000000    -0.00643583   0.00000000     0.00000000  -0.00200343
 -0.00643583   0.00000000     0.10611052  -0.00000000     0.00000000   0.00502095
  0.00000000   0.00200343    -0.00000000  -0.00502095     0.27746556  -0.00000000
    5    6
  0.00055792  -0.00171709     0.00020588  -0.00063363    -0.00051242  -0.00016650
 -0.00138447   0.00426096     0.00077137  -0.00237402     0.04296675   0.01396074
 -0.00417278  -0.00135582    -0.00677721  -0.00220205     0.00034945  -0.00107550
    5    7
 -0.00335199   0.00243536    -0.00131883   0.00095818    -0.01357887  -0.01868971
  0.00074912  -0.00054427     0.00926543  -0.00673173     0.00203398   0.00279953
 -0.00310545  -0.00427428     0.00484802   0.00667273    -0.00899935   0.00653841
    6    1
  0.00377629   0.01162224    -0.00023523  -0.00072396    -0.00001317   0.00000428
  0.00081762   0.00251638    -0.00052309  -0.00160990    -0.00345558   0.00112279
  0.00323120  -0.00104988     0.00351750  -0.00114291     0.00330666   0.01017685
    6    2
  0.00377629   0.01162224    -0.00023523  -0.00072396     0.00001317  -0.00000428
  0.00081762   0.00251638    -0.00052309  -0.00160990     0.00345558  -0.00112279
 -0.00323120   0.00104988    -0.00351750   0.00114291     0.00330666   0.01017685
    6    3
 -0.00796481  -0.02451317    -0.00136766  -0.00420921     0.00000000   0.00000000
 -0.00908058  -0.02794716    -0.06957419  -0.21412734    -0.00000000   0.00000000
  0.00000000  -0.00000000     0.00000000   0.00000000    -0.01376006  -0.04234912
    6    4
  0.00055792   0.00171709    -0.00138447  -0.00426096     0.00417278  -0.00135582
  0.00020588   0.00063363     0.00077137   0.00237402     0.00677721  -0.00220205
  0.00051242  -0.00016650    -0.04296675   0.01396074     0.00034945   0.00107550
    6    5
  0.00055792   0.00171709    -0.00138447  -0.00426096    -0.00417278   0.00135582
  0.00020588   0.00063363     0.00077137   0.00237402    -0.00677721   0.00220205
 -0.00051242   0.00016650     0.04296675  -0.01396074     0.00034945   0.00107550
    6    6
  0.09636845   0.00000000     0.00324045   0.00000000     0.00000000   0.00000000
  0.00324045   0.00000000     0.69961923   0.00000000    -0.00000000   0.00000000
  0.00000000   0.00000000    -0.00000000   0.00000000     0.10419359   0.00000000
    6    7
 -0.00988707  -0.00718337    -0.03927289  -0.02853342     0.00000000   0.00000000
 -0.01120450  -0.00814055    -0.00839273  -0.00609768    -0.00000000  -0.00000000
  0.00000000   0.00000000    -0.00000000  -0.00000000     0.00291037   0.00211451
    7    1
  0.00056396   0.00040974     0.00398460   0.00289498     0.00066039  -0.00090894
 -0.00294928  -0.00214277     0.00245094   0.00178071     0.00278598  -0.00383457
 -0.00128642   0.00177061     0.00074679  -0.00102787     0.00675741   0.00490955
    7    2
  0.00056396   0.00040974     0.00398460   0.00289498    -0.00066039   0.00090894
 -0.00294928  -0.00214277     0.00245094   0.00178071    -0.00278598   0.00383457
  0.00128642  -0.00177061    -0.00074679   0.00102787     0.00675741   0.00490955
    7    3
 -0.34023941  -0.24719840    -0.02085850  -0.01515459     0.00000000   0.00000000
  0.00016417   0.00011927    -0.04389465  -0.03189133    -0.00000000  -0.00000000
  0.00000000   0.00000000    -0.00000000  -0.00000000    -0.05642507  -0.04099521
    7    4
 -0.00335199  -0.00243536     0.00074912   0.00054427     0.00310545  -0.00427428
 -0.00131883  -0.00095818     0.00926543   0.00673173    -0.00484802   0.00667273
  0.01357887  -0.01868971    -0.00203398   0.00279953    -0.00899935  -0.00653841
    7    5
 -0.00335199  -0.00243536     0.00074912   0.00054427    -0.00310545   0.00427428
 -0.00131883  -0.00095818     0.00926543   0.00673173     0.00484802  -0.00667273
 -0.01357887   0.01868971     0.00203398  -0.00279953    -0.00899935  -0.00653841
    7    6
 -0.00988707   0.00718337    -0.01120450   0.00814055    -0.00000000  -0.00000000
 -0.03927289   0.02853342    -0.00839273   0.00609768     0.00000000   0.00000000
 -0.00000000  -0.00000000     0.00000000   0.00000000     0.00291037  -0.00211451
    7    7
  0.58877208   0.00000000     0.00508351   0.00000000     0.00000000   0.00000000
  0.00508351   0.00000000     0.11155543   0.00000000    -0.00000000   0.00000000
  0.00000000   0.00000000    -0.00000000   0.00000000     0.10410300   0.00000000

     Dynamical  Matrix in cartesian axes

     q = (   -0.200000000   0.600000000   0.000000000 ) 

    1    1
  0.08604999   0.00000000     0.00451025   0.00000000     0.00000000   0.00272929
  0.00451025   0.00000000     0.14249384  -0.00000000     0.00000000   0.00346757
  0.00000000  -0.00272929     0.00000000  -0.00346757     0.17774489   0.00000000
    1    2
  0.00540473   0.00000000    -0.01552539  -0.00000000     0.00000000   0.01052379
 -0.01552539  -0.00000000     0.00543263   0.00000000     0.00000000   0.03893493
  0.00000000   0.01052379     0.00000000   0.03893493    -0.00768085   0.00000000
    1    3
  0.00469990   0.00000000    -0.04635358  -0.00000000     0.00000000  -0.01875949
 -0.04920565  -0.00000000     0.00464974   0.00000000    -0.00000000  -0.07380982
  0.00000000  -0.01744647    -0.00000000  -0.07032568    -0.02453748   0.00000000
    1    4
 -0.00900132   0.00000000     0.00061095  -0.00000000    -0.00000000   0.00668722
  0.00038143   0.00000000    -0.01826422  -0.00000000     0.00000000   0.01467356
 -0.00000000   0.00471303     0.00000000   0.00850821    -0.04169959   0.00000000
    1    5
  0.00178044  -0.00000000     0.01976622   0.00000000    -0.00000000   0.00664260
  0.01982449   0.00000000     0.00496150   0.00000000     0.00000000   0.02562724
  0.00000000  -0.00171599     0.00000000  -0.00687602     0.01703044   0.00000000
    1    6
  0.00377629  -0.01162224    -0.00081762   0.00251638    -0.00323120  -0.00104988
  0.00023523  -0.00072396    -0.00052309   0.00160990     0.00351750   0.00114291
  0.00001317   0.00000428    -0.00345558  -0.00112279     0.00330666  -0.01017685
    1    7
  0.00056396   0.00040974     0.00294928   0.00214277    -0.00128642   0.00177061
 -0.00398460  -0.00289498     0.00245094   0.00178071    -0.00074679   0.00102787
  0.00066039  -0.00090894    -0.00278598   0.00383457     0.00675741   0.00490955
    2    1
  0.00540473   0.00000000    -0.01552539   0.00000000     0.00000000  -0.01052379
 -0.01552539   0.00000000     0.00543263   0.00000000     0.00000000  -0.03893493
  0.00000000  -0.01052379     0.00000000  -0.03893493    -0.00768085   0.00000000
    2    2
  0.08604999  -0.00000000     0.00451025   0.00000000     0.00000000  -0.00272929
  0.00451025   0.00000000     0.14249384   0.00000000     0.00000000  -0.00346757
  0.00000000   0.00272929     0.00000000   0.00346757     0.17774489  -0.00000000
    2    3
  0.00469990   0.00000000    -0.04635358   0.00000000     0.00000000   0.01875949
 -0.04920565   0.00000000     0.00464974   0.00000000    -0.00000000   0.07380982
  0.00000000   0.01744647    -0.00000000   0.07032568    -0.02453748   0.00000000
    2    4
  0.00178044   0.00000000     0.01976622   0.00000000    -0.00000000  -0.00664260
  0.01982449   0.00000000     0.00496150   0.00000000     0.00000000  -0.02562724
  0.00000000   0.00171599     0.00000000   0.00687602     0.01703044   0.00000000
    2    5
 -0.00900132  -0.00000000     0.00061095   0.00000000    -0.00000000  -0.00668722
  0.00038143  -0.00000000    -0.01826422   0.00000000     0.00000000  -0.01467356
 -0.00000000  -0.00471303     0.00000000  -0.00850821    -0.04169959   0.00000000
    2    6
  0.00377629  -0.01162224    -0.00081762   0.00251638     0.00323120   0.00104988
  0.00023523  -0.00072396    -0.00052309   0.00160990    -0.00351750  -0.00114291
 -0.00001317  -0.00000428     0.00345558   0.00112279     0.00330666  -0.01017685
    2    7
  0.00056396   0.00040974     0.00294928   0.00214277     0.00128642  -0.00177061
 -0.00398460  -0.00289498     0.00245094   0.00178071     0.00074679  -0.00102787
 -0.00066039   0.00090894     0.00278598  -0.00383457     0.00675741   0.00490955
    3    1
  0.00469990   0.00000000    -0.04920565   0.00000000     0.00000000   0.01744647
 -0.04635358   0.00000000     0.00464974   0.00000000    -0.00000000   0.07032568
 -0.00000000   0.01875949     0.00000000   0.07380982    -0.02453748   0.00000000
    3    2
  0.00469990   0.00000000    -0.04920565  -0.00000000     0.00000000  -0.01744647
 -0.04635358  -0.00000000     0.00464974   0.00000000    -0.00000000  -0.07032568
 -0.00000000  -0.01875949     0.00000000  -0.07380982    -0.02453748   0.00000000
    3    3
  0.77757734   0.00000000     0.01592403   0.00000000     0.00000000   0.00000000
  0.01592403   0.00000000     0.73363085   0.00000000    -0.00000000   0.00000000
  0.00000000   0.00000000     0.00000000   0.00000000     0.48920670   0.00000000
    3    4
 -0.06446754   0.00000000    -0.00307963   0.00000000     0.00000000  -0.00265683
 -0.00326616   0.00000000    -0.06629218  -0.00000000     0.00000000  -0.01395139
  0.00000000  -0.00255021     0.00000000  -0.01750032    -0.11660098   0.00000000
    3    5
 -0.06446754   0.00000000    -0.00307963  -0.00000000     0.00000000   0.00265683
 -0.00326616  -0.00000000    -0.06629218   0.00000000     0.00000000   0.01395139
  0.00000000   0.00255021     0.00000000   0.01750032    -0.11660098   0.00000000
    3    6
 -0.00796481   0.02451317     0.00908058  -0.02794716     0.00000000  -0.00000000
  0.00136766  -0.00420921    -0.06957419   0.21412734    -0.00000000   0.00000000
  0.00000000   0.00000000    -0.00000000   0.00000000    -0.01376006   0.04234912
    3    7
 -0.34023941  -0.24719840    -0.00016417  -0.00011927     0.00000000   0.00000000
  0.02085850   0.01515459    -0.04389465  -0.03189133    -0.00000000   0.00000000
  0.00000000   0.00000000    -0.00000000  -0.00000000    -0.05642507  -0.04099521
    4    1
 -0.00900132   0.00000000     0.00038143   0.00000000     0.00000000  -0.00471303
  0.00061095  -0.00000000    -0.01826422   0.00000000     0.00000000  -0.00850821
  0.00000000  -0.00668722     0.00000000  -0.01467356    -0.04169959   0.00000000
    4    2
  0.00178044  -0.00000000     0.01982449   0.00000000    -0.00000000  -0.00171599
  0.01976622   0.00000000     0.00496150  -0.00000000     0.00000000  -0.00687602
 -0.00000000   0.00664260     0.00000000   0.02562724     0.01703044   0.00000000
    4    3
 -0.06446754   0.00000000    -0.00326616  -0.00000000     0.00000000   0.00255021
 -0.00307963  -0.00000000    -0.06629218   0.00000000     0.00000000   0.01750032
  0.00000000   0.00265683    -0.00000000   0.01395139    -0.11660098   0.00000000
    4    4
  0.08265299   0.00000000     0.00643583   0.00000000     0.00000000  -0.00200343
  0.00643583   0.00000000     0.10611052  -0.00000000    -0.00000000  -0.00502095
  0.00000000   0.00200343    -0.00000000   0.00502095     0.27746556  -0.00000000
    4    5
  0.01333760   0.00000000    -0.00806447   0.00000000     0.00000000  -0.00680681
 -0.00806447  -0.00000000     0.01176537   0.00000000    -0.00000000  -0.02736559
  0.00000000  -0.00680681    -0.00000000  -0.02736559    -0.01730814   0.00000000
    4    6
  0.00055792  -0.00171709    -0.00020588   0.00063363    -0.00051242  -0.00016650
  0.00138447  -0.00426096     0.00077137  -0.00237402    -0.04296675  -0.01396074
 -0.00417278  -0.00135582     0.00677721   0.00220205     0.00034945  -0.00107550
    4    7
 -0.00335199  -0.00243536     0.00131883   0.00095818     0.01357887  -0.01868971
 -0.00074912  -0.00054427     0.00926543   0.00673173     0.00203398  -0.00279953
  0.00310545  -0.00427428     0.00484802  -0.00667273    -0.00899935  -0.00653841
    5    1
  0.00178044   0.00000000     0.01982449   0.00000000    -0.00000000   0.00171599
  0.01976622   0.00000000     0.00496150   0.00000000     0.00000000   0.00687602
 -0.00000000  -0.00664260     0.00000000  -0.02562724     0.01703044   0.00000000
    5    2
 -0.00900132   0.00000000     0.00038143   0.00000000     0.00000000   0.00471303
  0.00061095   0.00000000    -0.01826422   0.00000000     0.00000000   0.00850821
  0.00000000   0.00668722     0.00000000   0.01467356    -0.04169959   0.00000000
    5    3
 -0.06446754   0.00000000    -0.00326616   0.00000000     0.00000000  -0.00255021
 -0.00307963   0.00000000    -0.06629218  -0.00000000     0.00000000  -0.01750032
  0.00000000  -0.00265683    -0.00000000  -0.01395139    -0.11660098   0.00000000
    5    4
  0.01333760   0.00000000    -0.00806447  -0.00000000     0.00000000   0.00680681
 -0.00806447   0.00000000     0.01176537   0.00000000    -0.00000000   0.02736559
  0.00000000   0.00680681    -0.00000000   0.02736559    -0.01730814   0.00000000
    5    5
  0.08265299   0.00000000     0.00643583   0.00000000     0.00000000   0.00200343
  0.00643583  -0.00000000     0.10611052   0.00000000    -0.00000000   0.00502095
  0.00000000  -0.00200343    -0.00000000  -0.00502095     0.27746556   0.00000000
    5    6
  0.00055792  -0.00171709    -0.00020588   0.00063363     0.00051242   0.00016650
  0.00138447  -0.00426096     0.00077137  -0.00237402     0.04296675   0.01396074
  0.00417278   0.00135582    -0.00677721  -0.00220205     0.00034945  -0.00107550
    5    7
 -0.00335199  -0.00243536     0.00131883   0.00095818    -0.01357887   0.01868971
 -0.00074912  -0.00054427     0.00926543   0.00673173    -0.00203398   0.00279953
 -0.00310545   0.00427428    -0.00484802   0.00667273    -0.00899935  -0.00653841
    6    1
  0.00377629   0.01162224     0.00023523   0.00072396     0.00001317  -0.00000428
 -0.00081762  -0.00251638    -0.00052309  -0.00160990    -0.00345558   0.00112279
 -0.00323120   0.00104988     0.00351750  -0.00114291     0.00330666   0.01017685
    6    2
  0.00377629   0.01162224     0.00023523   0.00072396    -0.00001317   0.00000428
 -0.00081762  -0.00251638    -0.00052309  -0.00160990     0.00345558  -0.00112279
  0.00323120  -0.00104988    -0.00351750   0.00114291     0.00330666   0.01017685
    6    3
 -0.00796481  -0.02451317     0.00136766   0.00420921     0.00000000   0.00000000
  0.00908058   0.02794716    -0.06957419  -0.21412734    -0.00000000  -0.00000000
  0.00000000   0.00000000    -0.00000000  -0.00000000    -0.01376006  -0.04234912
    6    4
  0.00055792   0.00171709     0.00138447   0.00426096    -0.00417278   0.00135582
 -0.00020588  -0.00063363     0.00077137   0.00237402     0.00677721  -0.00220205
 -0.00051242   0.00016650    -0.04296675   0.01396074     0.00034945   0.00107550
    6    5
  0.00055792   0.00171709     0.00138447   0.00426096     0.00417278  -0.00135582
 -0.00020588  -0.00063363     0.00077137   0.00237402    -0.00677721   0.00220205
  0.00051242  -0.00016650     0.04296675  -0.01396074     0.00034945   0.00107550
    6    6
  0.09636845   0.00000000    -0.00324045   0.00000000     0.00000000   0.00000000
 -0.00324045   0.00000000     0.69961923   0.00000000     0.00000000   0.00000000
 -0.00000000   0.00000000     0.00000000   0.00000000     0.10419359   0.00000000
    6    7
  0.00377652  -0.01162294    -0.01500091   0.04616805     0.00000000   0.00000000
 -0.00427974   0.01317168     0.00320574  -0.00986625    -0.00000000  -0.00000000
  0.00000000   0.00000000    -0.00000000  -0.00000000    -0.00111166   0.00342135
    7    1
  0.00056396  -0.00040974    -0.00398460   0.00289498     0.00066039   0.00090894
  0.00294928  -0.00214277     0.00245094  -0.00178071    -0.00278598  -0.00383457
 -0.00128642  -0.00177061    -0.00074679  -0.00102787     0.00675741  -0.00490955
    7    2
  0.00056396  -0.00040974    -0.00398460   0.00289498    -0.00066039  -0.00090894
  0.00294928  -0.00214277     0.00245094  -0.00178071     0.00278598   0.00383457
  0.00128642   0.00177061     0.00074679   0.00102787     0.00675741  -0.00490955
    7    3
 -0.34023941   0.24719840     0.02085850  -0.01515459    -0.00000000  -0.00000000
 -0.00016417   0.00011927    -0.04389465   0.03189133     0.00000000   0.00000000
 -0.00000000  -0.00000000     0.00000000   0.00000000    -0.05642507   0.04099521
    7    4
 -0.00335199   0.00243536    -0.00074912   0.00054427     0.00310545   0.00427428
  0.00131883  -0.00095818     0.00926543  -0.00673173     0.00484802   0.00667273
  0.01357887   0.01868971     0.00203398   0.00279953    -0.00899935   0.00653841
    7    5
 -0.00335199   0.00243536    -0.00074912   0.00054427    -0.00310545  -0.00427428
  0.00131883  -0.00095818     0.00926543  -0.00673173    -0.00484802  -0.00667273
 -0.01357887  -0.01868971    -0.00203398  -0.00279953    -0.00899935   0.00653841
    7    6
  0.00377652   0.01162294    -0.00427974  -0.01317168    -0.00000000   0.00000000
 -0.01500091  -0.04616805     0.00320574   0.00986625     0.00000000  -0.00000000
 -0.00000000   0.00000000     0.00000000  -0.00000000    -0.00111166  -0.00342135
    7    7
  0.58877208   0.00000000    -0.00508351   0.00000000     0.00000000   0.00000000
 -0.00508351   0.00000000     0.11155543   0.00000000     0.00000000   0.00000000
  0.00000000   0.00000000     0.00000000   0.00000000     0.10410300   0.00000000

     Dynamical  Matrix in cartesian axes

     q = (   -0.600000000  -0.200000000   0.000000000 ) 

    1    1
  0.14249384   0.00000000    -0.00451025   0.00000000    -0.00000000  -0.00346757
 -0.00451025   0.00000000     0.08604999   0.00000000     0.00000000   0.00272929
  0.00000000   0.00346757     0.00000000  -0.00272929     0.17774489   0.00000000
    1    2
  0.00543263   0.00000000     0.01552539   0.00000000     0.00000000  -0.03893493
  0.01552539   0.00000000     0.00540473   0.00000000     0.00000000   0.01052379
  0.00000000  -0.03893493     0.00000000   0.01052379    -0.00768085   0.00000000
    1    3
  0.00464974  -0.00000000     0.04920565   0.00000000     0.00000000   0.07380982
  0.04635358   0.00000000     0.00469990   0.00000000     0.00000000  -0.01875949
  0.00000000   0.07032568     0.00000000  -0.01744647    -0.02453748   0.00000000
    1    4
 -0.01826422   0.00000000    -0.00038143  -0.00000000    -0.00000000  -0.01467356
 -0.00061095  -0.00000000    -0.00900132   0.00000000     0.00000000   0.00668722
 -0.00000000  -0.00850821     0.00000000   0.00471303    -0.04169959   0.00000000
    1    5
  0.00496150   0.00000000    -0.01982449   0.00000000    -0.00000000  -0.02562724
 -0.01976622   0.00000000     0.00178044  -0.00000000     0.00000000   0.00664260
  0.00000000   0.00687602     0.00000000  -0.00171599     0.01703044   0.00000000
    1    6
  0.00245094  -0.00178071     0.00398460  -0.00289498    -0.00074679  -0.00102787
 -0.00294928   0.00214277     0.00056396  -0.00040974     0.00128642   0.00177061
 -0.00278598  -0.00383457    -0.00066039  -0.00090894     0.00675741  -0.00490955
    1    7
 -0.00052309   0.00160990    -0.00023523   0.00072396    -0.00351750  -0.00114291
  0.00081762  -0.00251638     0.00377629  -0.01162224    -0.00323120  -0.00104988
  0.00345558   0.00112279     0.00001317   0.00000428     0.00330666  -0.01017685
    2    1
  0.00543263   0.00000000     0.01552539   0.00000000     0.00000000   0.03893493
  0.01552539   0.00000000     0.00540473   0.00000000     0.00000000  -0.01052379
  0.00000000   0.03893493     0.00000000  -0.01052379    -0.00768085   0.00000000
    2    2
  0.14249384   0.00000000    -0.00451025   0.00000000    -0.00000000   0.00346757
 -0.00451025   0.00000000     0.08604999   0.00000000     0.00000000  -0.00272929
  0.00000000  -0.00346757     0.00000000   0.00272929     0.17774489   0.00000000
    2    3
  0.00464974   0.00000000     0.04920565  -0.00000000     0.00000000  -0.07380982
  0.04635358  -0.00000000     0.00469990   0.00000000     0.00000000   0.01875949
  0.00000000  -0.07032568     0.00000000   0.01744647    -0.02453748   0.00000000
    2    4
  0.00496150   0.00000000    -0.01982449  -0.00000000    -0.00000000   0.02562724
 -0.01976622   0.00000000     0.00178044   0.00000000     0.00000000  -0.00664260
  0.00000000  -0.00687602     0.00000000   0.00171599     0.01703044   0.00000000
    2    5
 -0.01826422  -0.00000000    -0.00038143   0.00000000    -0.00000000   0.01467356
 -0.00061095   0.00000000    -0.00900132  -0.00000000     0.00000000  -0.00668722
 -0.00000000   0.00850821     0.00000000  -0.00471303    -0.04169959   0.00000000
    2    6
  0.00245094  -0.00178071     0.00398460  -0.00289498     0.00074679   0.00102787
 -0.00294928   0.00214277     0.00056396  -0.00040974    -0.00128642  -0.00177061
  0.00278598   0.00383457     0.00066039   0.00090894     0.00675741  -0.00490955
    2    7
 -0.00052309   0.00160990    -0.00023523   0.00072396     0.00351750   0.00114291
  0.00081762  -0.00251638     0.00377629  -0.01162224     0.00323120   0.00104988
 -0.00345558  -0.00112279    -0.00001317  -0.00000428     0.00330666  -0.01017685
    3    1
  0.00464974   0.00000000     0.04635358  -0.00000000     0.00000000  -0.07032568
  0.04920565  -0.00000000     0.00469990   0.00000000     0.00000000   0.01744647
  0.00000000  -0.07380982    -0.00000000   0.01875949    -0.02453748   0.00000000
    3    2
  0.00464974  -0.00000000     0.04635358   0.00000000     0.00000000   0.07032568
  0.04920565   0.00000000     0.00469990   0.00000000     0.00000000  -0.01744647
  0.00000000   0.07380982    -0.00000000  -0.01875949    -0.02453748   0.00000000
    3    3
  0.73363085   0.00000000    -0.01592403   0.00000000     0.00000000   0.00000000
 -0.01592403   0.00000000     0.77757734   0.00000000    -0.00000000   0.00000000
  0.00000000   0.00000000     0.00000000   0.00000000     0.48920670   0.00000000
    3    4
 -0.06629218   0.00000000     0.00326616  -0.00000000     0.00000000   0.01395139
  0.00307963  -0.00000000    -0.06446754   0.00000000     0.00000000  -0.00265683
  0.00000000   0.01750032    -0.00000000  -0.00255021    -0.11660098   0.00000000
    3    5
 -0.06629218   0.00000000     0.00326616   0.00000000     0.00000000  -0.01395139
  0.00307963   0.00000000    -0.06446754   0.00000000     0.00000000   0.00265683
  0.00000000  -0.01750032    -0.00000000   0.00255021    -0.11660098   0.00000000
    3    6
 -0.04389465   0.03189133    -0.02085850   0.01515459    -0.00000000   0.00000000
  0.00016417  -0.00011927    -0.34023941   0.24719840     0.00000000   0.00000000
  0.00000000   0.00000000    -0.00000000   0.00000000    -0.05642507   0.04099521
    3    7
 -0.06957419   0.21412734    -0.00136766   0.00420921     0.00000000   0.00000000
 -0.00908058   0.02794716    -0.00796481   0.02451317    -0.00000000  -0.00000000
  0.00000000   0.00000000    -0.00000000  -0.00000000    -0.01376006   0.04234912
    4    1
 -0.01826422   0.00000000    -0.00061095   0.00000000    -0.00000000   0.00850821
 -0.00038143  -0.00000000    -0.00900132   0.00000000     0.00000000  -0.00471303
 -0.00000000   0.01467356     0.00000000  -0.00668722    -0.04169959   0.00000000
    4    2
  0.00496150  -0.00000000    -0.01976622   0.00000000     0.00000000   0.00687602
 -0.01982449   0.00000000     0.00178044  -0.00000000     0.00000000  -0.00171599
 -0.00000000  -0.02562724     0.00000000   0.00664260     0.01703044   0.00000000
    4    3
 -0.06629218  -0.00000000     0.00307963   0.00000000     0.00000000  -0.01750032
  0.00326616   0.00000000    -0.06446754   0.00000000     0.00000000   0.00255021
  0.00000000  -0.01395139     0.00000000   0.00265683    -0.11660098   0.00000000
    4    4
  0.10611052   0.00000000    -0.00643583   0.00000000     0.00000000   0.00502095
 -0.00643583  -0.00000000     0.08265299   0.00000000     0.00000000  -0.00200343
  0.00000000  -0.00502095    -0.00000000   0.00200343     0.27746556  -0.00000000
    4    5
  0.01176537   0.00000000     0.00806447   0.00000000     0.00000000   0.02736559
  0.00806447  -0.00000000     0.01333760   0.00000000    -0.00000000  -0.00680681
  0.00000000   0.02736559     0.00000000  -0.00680681    -0.01730814   0.00000000
    4    6
  0.00926543  -0.00673173     0.00074912  -0.00054427     0.00203398   0.00279953
 -0.00131883   0.00095818    -0.00335199   0.00243536    -0.01357887  -0.01868971
  0.00484802   0.00667273    -0.00310545  -0.00427428    -0.00899935   0.00653841
    4    7
  0.00077137  -0.00237402    -0.00138447   0.00426096     0.04296675   0.01396074
  0.00020588  -0.00063363     0.00055792  -0.00171709    -0.00051242  -0.00016650
 -0.00677721  -0.00220205    -0.00417278  -0.00135582     0.00034945  -0.00107550
    5    1
  0.00496150   0.00000000    -0.01976622   0.00000000     0.00000000  -0.00687602
 -0.01982449  -0.00000000     0.00178044   0.00000000     0.00000000   0.00171599
 -0.00000000   0.02562724     0.00000000  -0.00664260     0.01703044   0.00000000
    5    2
 -0.01826422   0.00000000    -0.00061095  -0.00000000    -0.00000000  -0.00850821
 -0.00038143   0.00000000    -0.00900132   0.00000000     0.00000000   0.00471303
 -0.00000000  -0.01467356     0.00000000   0.00668722    -0.04169959   0.00000000
    5    3
 -0.06629218   0.00000000     0.00307963  -0.00000000     0.00000000   0.01750032
  0.00326616  -0.00000000    -0.06446754   0.00000000     0.00000000  -0.00255021
  0.00000000   0.01395139     0.00000000  -0.00265683    -0.11660098   0.00000000
    5    4
  0.01176537   0.00000000     0.00806447  -0.00000000     0.00000000  -0.02736559
  0.00806447   0.00000000     0.01333760   0.00000000    -0.00000000   0.00680681
  0.00000000  -0.02736559     0.00000000   0.00680681    -0.01730814   0.00000000
    5    5
  0.10611052  -0.00000000    -0.00643583   0.00000000     0.00000000  -0.00502095
 -0.00643583   0.00000000     0.08265299  -0.00000000     0.00000000   0.00200343
  0.00000000   0.00502095    -0.00000000  -0.00200343     0.27746556   0.00000000
    5    6
  0.00926543  -0.00673173     0.00074912  -0.00054427    -0.00203398  -0.00279953
 -0.00131883   0.00095818    -0.00335199   0.00243536     0.01357887   0.01868971
 -0.00484802  -0.00667273     0.00310545   0.00427428    -0.00899935   0.00653841
    5    7
  0.00077137  -0.00237402    -0.00138447   0.00426096    -0.04296675  -0.01396074
  0.00020588  -0.00063363     0.00055792  -0.00171709     0.00051242   0.00016650
  0.00677721   0.00220205     0.00417278   0.00135582     0.00034945  -0.00107550
    6    1
  0.00245094   0.00178071    -0.00294928  -0.00214277    -0.00278598   0.00383457
  0.00398460   0.00289498     0.00056396   0.00040974    -0.00066039   0.00090894
 -0.00074679   0.00102787     0.00128642  -0.00177061     0.00675741   0.00490955
    6    2
  0.00245094   0.00178071    -0.00294928  -0.00214277     0.00278598  -0.00383457
  0.00398460   0.00289498     0.00056396   0.00040974     0.00066039  -0.00090894
  0.00074679  -0.00102787    -0.00128642   0.00177061     0.00675741   0.00490955
    6    3
 -0.04389465  -0.03189133     0.00016417   0.00011927     0.00000000   0.00000000
 -0.02085850  -0.01515459    -0.34023941  -0.24719840    -0.00000000  -0.00000000
  0.00000000   0.00000000    -0.00000000  -0.00000000    -0.05642507  -0.04099521
    6    4
  0.00926543   0.00673173    -0.00131883  -0.00095818     0.00484802  -0.00667273
  0.00074912   0.00054427    -0.00335199  -0.00243536    -0.00310545   0.00427428
  0.00203398  -0.00279953    -0.01357887   0.01868971    -0.00899935  -0.00653841
    6    5
  0.00926543   0.00673173    -0.00131883  -0.00095818    -0.00484802   0.00667273
  0.00074912   0.00054427    -0.00335199  -0.00243536     0.00310545  -0.00427428
 -0.00203398   0.00279953     0.01357887  -0.01868971    -0.00899935  -0.00653841
    6    6
  0.11155543   0.00000000     0.00508351   0.00000000     0.00000000   0.00000000
  0.00508351   0.00000000     0.58877208   0.00000000    -0.00000000   0.00000000
  0.00000000   0.00000000    -0.00000000   0.00000000     0.10410300   0.00000000
    6    7
 -0.00839273   0.00609768    -0.03927289   0.02853342    -0.00000000  -0.00000000
 -0.01120450   0.00814055    -0.00988707   0.00718337     0.00000000   0.00000000
 -0.00000000  -0.00000000     0.00000000   0.00000000     0.00291037  -0.00211451
    7    1
 -0.00052309  -0.00160990     0.00081762   0.00251638     0.00345558  -0.00112279
 -0.00023523  -0.00072396     0.00377629   0.01162224     0.00001317  -0.00000428
 -0.00351750   0.00114291    -0.00323120   0.00104988     0.00330666   0.01017685
    7    2
 -0.00052309  -0.00160990     0.00081762   0.00251638    -0.00345558   0.00112279
 -0.00023523  -0.00072396     0.00377629   0.01162224    -0.00001317   0.00000428
  0.00351750  -0.00114291     0.00323120  -0.00104988     0.00330666   0.01017685
    7    3
 -0.06957419  -0.21412734    -0.00908058  -0.02794716     0.00000000   0.00000000
 -0.00136766  -0.00420921    -0.00796481  -0.02451317    -0.00000000   0.00000000
  0.00000000  -0.00000000     0.00000000   0.00000000    -0.01376006  -0.04234912
    7    4
  0.00077137   0.00237402     0.00020588   0.00063363    -0.00677721   0.00220205
 -0.00138447  -0.00426096     0.00055792   0.00171709    -0.00417278   0.00135582
  0.04296675  -0.01396074    -0.00051242   0.00016650     0.00034945   0.00107550
    7    5
  0.00077137   0.00237402     0.00020588   0.00063363     0.00677721  -0.00220205
 -0.00138447  -0.00426096     0.00055792   0.00171709     0.00417278  -0.00135582
 -0.04296675   0.01396074     0.00051242  -0.00016650     0.00034945   0.00107550
    7    6
 -0.00839273  -0.00609768    -0.01120450  -0.00814055     0.00000000   0.00000000
 -0.03927289  -0.02853342    -0.00988707  -0.00718337    -0.00000000  -0.00000000
  0.00000000   0.00000000    -0.00000000  -0.00000000     0.00291037   0.00211451
    7    7
  0.69961923   0.00000000     0.00324045   0.00000000     0.00000000   0.00000000
  0.00324045   0.00000000     0.09636845   0.00000000    -0.00000000   0.00000000
  0.00000000   0.00000000    -0.00000000   0.00000000     0.10419359   0.00000000

     Dynamical  Matrix in cartesian axes

     q = (   -0.600000000   0.200000000   0.000000000 ) 

    1    1
  0.14249384  -0.00000000     0.00451025   0.00000000     0.00000000  -0.00346757
  0.00451025   0.00000000     0.08604999   0.00000000     0.00000000  -0.00272929
  0.00000000   0.00346757     0.00000000   0.00272929     0.17774489  -0.00000000
    1    2
  0.00543263   0.00000000    -0.01552539  -0.00000000     0.00000000  -0.03893493
 -0.01552539  -0.00000000     0.00540473   0.00000000     0.00000000  -0.01052379
  0.00000000  -0.03893493     0.00000000  -0.01052379    -0.00768085   0.00000000
    1    3
  0.00464974   0.00000000    -0.04920565  -0.00000000     0.00000000   0.07380982
 -0.04635358  -0.00000000     0.00469990   0.00000000    -0.00000000   0.01875949
  0.00000000   0.07032568    -0.00000000   0.01744647    -0.02453748   0.00000000
    1    4
 -0.01826422  -0.00000000     0.00038143   0.00000000    -0.00000000  -0.01467356
  0.00061095  -0.00000000    -0.00900132   0.00000000     0.00000000  -0.00668722
 -0.00000000  -0.00850821     0.00000000  -0.00471303    -0.04169959   0.00000000
    1    5
  0.00496150   0.00000000     0.01982449   0.00000000    -0.00000000  -0.02562724
  0.01976622   0.00000000     0.00178044  -0.00000000     0.00000000  -0.00664260
  0.00000000   0.00687602     0.00000000   0.00171599     0.01703044   0.00000000
    1    6
  0.00245094   0.00178071    -0.00398460  -0.00289498     0.00074679  -0.00102787
  0.00294928   0.00214277     0.00056396   0.00040974     0.00128642  -0.00177061
  0.00278598  -0.00383457    -0.00066039   0.00090894     0.00675741   0.00490955
    1    7
 -0.00052309   0.00160990     0.00023523  -0.00072396    -0.00351750  -0.00114291
 -0.00081762   0.00251638     0.00377629  -0.01162224     0.00323120   0.00104988
  0.00345558   0.00112279    -0.00001317  -0.00000428     0.00330666  -0.01017685
    2    1
  0.00543263   0.00000000    -0.01552539   0.00000000     0.00000000   0.03893493
 -0.01552539   0.00000000     0.00540473   0.00000000     0.00000000   0.01052379
  0.00000000   0.03893493     0.00000000   0.01052379    -0.00768085   0.00000000
    2    2
  0.14249384   0.00000000     0.00451025   0.00000000     0.00000000   0.00346757
  0.00451025   0.00000000     0.08604999  -0.00000000     0.00000000   0.00272929
  0.00000000  -0.00346757     0.00000000  -0.00272929     0.17774489   0.00000000
    2    3
  0.00464974   0.00000000    -0.04920565   0.00000000     0.00000000  -0.07380982
 -0.04635358   0.00000000     0.00469990   0.00000000    -0.00000000  -0.01875949
  0.00000000  -0.07032568    -0.00000000  -0.01744647    -0.02453748   0.00000000
    2    4
  0.00496150   0.00000000     0.01982449   0.00000000    -0.00000000   0.02562724
  0.01976622   0.00000000     0.00178044   0.00000000     0.00000000   0.00664260
  0.00000000  -0.00687602     0.00000000  -0.00171599     0.01703044   0.00000000
    2    5
 -0.01826422   0.00000000     0.00038143  -0.00000000    -0.00000000   0.01467356
  0.00061095   0.00000000    -0.00900132  -0.00000000     0.00000000   0.00668722
 -0.00000000   0.00850821     0.00000000   0.00471303    -0.04169959   0.00000000
    2    6
  0.00245094   0.00178071    -0.00398460  -0.00289498    -0.00074679   0.00102787
  0.00294928   0.00214277     0.00056396   0.00040974    -0.00128642   0.00177061
 -0.00278598   0.00383457     0.00066039  -0.00090894     0.00675741   0.00490955
    2    7
 -0.00052309   0.00160990     0.00023523  -0.00072396     0.00351750   0.00114291
 -0.00081762   0.00251638     0.00377629  -0.01162224    -0.00323120  -0.00104988
 -0.00345558  -0.00112279     0.00001317   0.00000428     0.00330666  -0.01017685
    3    1
  0.00464974   0.00000000    -0.04635358   0.00000000     0.00000000  -0.07032568
 -0.04920565   0.00000000     0.00469990   0.00000000    -0.00000000  -0.01744647
 -0.00000000  -0.07380982     0.00000000  -0.01875949    -0.02453748   0.00000000
    3    2
  0.00464974   0.00000000    -0.04635358  -0.00000000     0.00000000   0.07032568
 -0.04920565  -0.00000000     0.00469990   0.00000000    -0.00000000   0.01744647
 -0.00000000   0.07380982     0.00000000   0.01875949    -0.02453748   0.00000000
    3    3
  0.73363085   0.00000000     0.01592403   0.00000000     0.00000000   0.00000000
  0.01592403   0.00000000     0.77757734   0.00000000    -0.00000000   0.00000000
  0.00000000   0.00000000     0.00000000   0.00000000     0.48920670   0.00000000
    3    4
 -0.06629218  -0.00000000    -0.00326616   0.00000000     0.00000000   0.01395139
 -0.00307963   0.00000000    -0.06446754   0.00000000     0.00000000   0.00265683
  0.00000000   0.01750032     0.00000000   0.00255021    -0.11660098   0.00000000
    3    5
 -0.06629218   0.00000000    -0.00326616  -0.00000000     0.00000000  -0.01395139
 -0.00307963  -0.00000000    -0.06446754   0.00000000     0.00000000  -0.00265683
  0.00000000  -0.01750032     0.00000000  -0.00255021    -0.11660098   0.00000000
    3    6
 -0.04389465  -0.03189133     0.02085850   0.01515459     0.00000000   0.00000000
 -0.00016417  -0.00011927    -0.34023941  -0.24719840    -0.00000000   0.00000000
  0.00000000   0.00000000    -0.00000000  -0.00000000    -0.05642507  -0.04099521
    3    7
 -0.06957419   0.21412734     0.00136766  -0.00420921     0.00000000  -0.00000000
  0.00908058  -0.02794716    -0.00796481   0.02451317    -0.00000000   0.00000000
  0.00000000   0.00000000    -0.00000000   0.00000000    -0.01376006   0.04234912
    4    1
 -0.01826422   0.00000000     0.00061095  -0.00000000     0.00000000   0.00850821
  0.00038143   0.00000000    -0.00900132   0.00000000     0.00000000   0.00471303
  0.00000000   0.01467356     0.00000000   0.00668722    -0.04169959   0.00000000
    4    2
  0.00496150  -0.00000000     0.01976622   0.00000000    -0.00000000   0.00687602
  0.01982449   0.00000000     0.00178044  -0.00000000     0.00000000   0.00171599
 -0.00000000  -0.02562724     0.00000000  -0.00664260     0.01703044   0.00000000
    4    3
 -0.06629218   0.00000000    -0.00307963  -0.00000000     0.00000000  -0.01750032
 -0.00326616  -0.00000000    -0.06446754   0.00000000     0.00000000  -0.00255021
  0.00000000  -0.01395139    -0.00000000  -0.00265683    -0.11660098   0.00000000
    4    4
  0.10611052  -0.00000000     0.00643583   0.00000000     0.00000000   0.00502095
  0.00643583   0.00000000     0.08265299   0.00000000    -0.00000000   0.00200343
  0.00000000  -0.00502095    -0.00000000  -0.00200343     0.27746556   0.00000000
    4    5
  0.01176537   0.00000000    -0.00806447  -0.00000000     0.00000000   0.02736559
 -0.00806447   0.00000000     0.01333760   0.00000000    -0.00000000   0.00680681
  0.00000000   0.02736559    -0.00000000   0.00680681    -0.01730814   0.00000000
    4    6
  0.00926543   0.00673173    -0.00074912  -0.00054427    -0.00203398   0.00279953
  0.00131883   0.00095818    -0.00335199  -0.00243536    -0.01357887   0.01868971
 -0.00484802   0.00667273    -0.00310545   0.00427428    -0.00899935  -0.00653841
    4    7
  0.00077137  -0.00237402     0.00138447  -0.00426096     0.04296675   0.01396074
 -0.00020588   0.00063363     0.00055792  -0.00171709     0.00051242   0.00016650
 -0.00677721  -0.00220205     0.00417278   0.00135582     0.00034945  -0.00107550
    5    1
  0.00496150   0.00000000     0.01976622   0.00000000    -0.00000000  -0.00687602
  0.01982449   0.00000000     0.00178044   0.00000000     0.00000000  -0.00171599
 -0.00000000   0.02562724     0.00000000   0.00664260     0.01703044   0.00000000
    5    2
 -0.01826422   0.00000000     0.00061095   0.00000000     0.00000000  -0.00850821
  0.00038143   0.00000000    -0.00900132   0.00000000     0.00000000  -0.00471303
  0.00000000  -0.01467356     0.00000000  -0.00668722    -0.04169959   0.00000000
    5    3
 -0.06629218  -0.00000000    -0.00307963   0.00000000     0.00000000   0.01750032
 -0.00326616   0.00000000    -0.06446754   0.00000000     0.00000000   0.00255021
  0.00000000   0.01395139    -0.00000000   0.00265683    -0.11660098   0.00000000
    5    4
  0.01176537   0.00000000    -0.00806447   0.00000000     0.00000000  -0.02736559
 -0.00806447  -0.00000000     0.01333760   0.00000000    -0.00000000  -0.00680681
  0.00000000  -0.02736559    -0.00000000  -0.00680681    -0.01730814   0.00000000
    5    5
  0.10611052   0.00000000     0.00643583  -0.00000000     0.00000000  -0.00502095
  0.00643583   0.00000000     0.08265299   0.00000000    -0.00000000  -0.00200343
  0.00000000   0.00502095    -0.00000000   0.00200343     0.27746556  -0.00000000
    5    6
  0.00926543   0.00673173    -0.00074912  -0.00054427     0.00203398  -0.00279953
  0.00131883   0.00095818    -0.00335199  -0.00243536     0.01357887  -0.01868971
  0.00484802  -0.00667273     0.00310545  -0.00427428    -0.00899935  -0.00653841
    5    7
  0.00077137  -0.00237402     0.00138447  -0.00426096    -0.04296675  -0.01396074
 -0.00020588   0.00063363     0.00055792  -0.00171709    -0.00051242  -0.00016650
  0.00677721   0.00220205    -0.00417278  -0.00135582     0.00034945  -0.00107550
    6    1
  0.00245094  -0.00178071     0.00294928  -0.00214277     0.00278598   0.00383457
 -0.00398460   0.00289498     0.00056396  -0.00040974    -0.00066039  -0.00090894
  0.00074679   0.00102787     0.00128642   0.00177061     0.00675741  -0.00490955
    6    2
  0.00245094  -0.00178071     0.00294928  -0.00214277    -0.00278598  -0.00383457
 -0.00398460   0.00289498     0.00056396  -0.00040974     0.00066039   0.00090894
 -0.00074679  -0.00102787    -0.00128642  -0.00177061     0.00675741  -0.00490955
    6    3
 -0.04389465   0.03189133    -0.00016417   0.00011927    -0.00000000  -0.00000000
  0.02085850  -0.01515459    -0.34023941   0.24719840     0.00000000   0.00000000
 -0.00000000  -0.00000000     0.00000000   0.00000000    -0.05642507   0.04099521
    6    4
  0.00926543  -0.00673173     0.00131883  -0.00095818    -0.00484802  -0.00667273
 -0.00074912   0.00054427    -0.00335199   0.00243536    -0.00310545  -0.00427428
 -0.00203398  -0.00279953    -0.01357887  -0.01868971    -0.00899935   0.00653841
    6    5
  0.00926543  -0.00673173     0.00131883  -0.00095818     0.00484802   0.00667273
 -0.00074912   0.00054427    -0.00335199   0.00243536     0.00310545   0.00427428
  0.00203398   0.00279953     0.01357887   0.01868971    -0.00899935   0.00653841
    6    6
  0.11155543   0.00000000    -0.00508351   0.00000000     0.00000000   0.00000000
 -0.00508351   0.00000000     0.58877208   0.00000000     0.00000000   0.00000000
  0.00000000   0.00000000     0.00000000   0.00000000     0.10410300   0.00000000
    6    7
  0.00320574   0.00986625    -0.01500091  -0.04616805    -0.00000000   0.00000000
 -0.00427974  -0.01317168     0.00377652   0.01162294     0.00000000  -0.00000000
 -0.00000000   0.00000000     0.00000000  -0.00000000    -0.00111166  -0.00342135
    7    1
 -0.00052309  -0.00160990    -0.00081762  -0.00251638     0.00345558  -0.00112279
  0.00023523   0.00072396     0.00377629   0.01162224    -0.00001317   0.00000428
 -0.00351750   0.00114291     0.00323120  -0.00104988     0.00330666   0.01017685
    7    2
 -0.00052309  -0.00160990    -0.00081762  -0.00251638    -0.00345558   0.00112279
  0.00023523   0.00072396     0.00377629   0.01162224     0.00001317  -0.00000428
  0.00351750  -0.00114291    -0.00323120   0.00104988     0.00330666   0.01017685
    7    3
 -0.06957419  -0.21412734     0.00908058   0.02794716     0.00000000   0.00000000
  0.00136766   0.00420921    -0.00796481  -0.02451317    -0.00000000  -0.00000000
  0.00000000   0.00000000    -0.00000000  -0.00000000    -0.01376006  -0.04234912
    7    4
  0.00077137   0.00237402    -0.00020588  -0.00063363    -0.00677721   0.00220205
  0.00138447   0.00426096     0.00055792   0.00171709     0.00417278  -0.00135582
  0.04296675  -0.01396074     0.00051242  -0.00016650     0.00034945   0.00107550
    7    5
  0.00077137   0.00237402    -0.00020588  -0.00063363     0.00677721  -0.00220205
  0.00138447   0.00426096     0.00055792   0.00171709    -0.00417278   0.00135582
 -0.04296675   0.01396074    -0.00051242   0.00016650     0.00034945   0.00107550
    7    6
  0.00320574  -0.00986625    -0.00427974   0.01317168     0.00000000   0.00000000
 -0.01500091   0.04616805     0.00377652  -0.01162294    -0.00000000  -0.00000000
  0.00000000   0.00000000    -0.00000000  -0.00000000    -0.00111166   0.00342135
    7    7
  0.69961923   0.00000000    -0.00324045   0.00000000     0.00000000   0.00000000
 -0.00324045   0.00000000     0.09636845   0.00000000     0.00000000   0.00000000
  0.00000000   0.00000000     0.00000000   0.00000000     0.10419359   0.00000000

     Diagonalizing the dynamical matrix

     q = (    0.600000000   0.200000000   0.000000000 ) 

 **************************************************************************
     freq (    1) =       2.793198 [THz] =      93.171047 [cm-1]
 (  0.175208 -0.056928 -0.368180  0.119629  0.016350  0.050319 ) 
 ( -0.175208  0.056928  0.368180 -0.119629  0.016350  0.050319 ) 
 (  0.000000 -0.000000  0.000000  0.000000 -0.063208 -0.194535 ) 
 (  0.340060 -0.110492 -0.136384  0.044314 -0.030922 -0.095167 ) 
 ( -0.340060  0.110492  0.136384 -0.044314 -0.030922 -0.095167 ) 
 (  0.000000 -0.000000  0.000000 -0.000000 -0.195942 -0.142360 ) 
 (  0.000000 -0.000000 -0.000000 -0.000000 -0.457643  0.000000 ) 
     freq (    2) =       3.177520 [THz] =     105.990655 [cm-1]
 (  0.455298 -0.147935  0.344714 -0.112004  0.032952  0.101417 ) 
 ( -0.455298  0.147935 -0.344714  0.112004  0.032952  0.101417 ) 
 (  0.000000  0.000000  0.000000  0.000000 -0.069342 -0.213411 ) 
 (  0.035843 -0.011646 -0.196704  0.063913 -0.019468 -0.059915 ) 
 ( -0.035843  0.011646  0.196704 -0.063913 -0.019468 -0.059915 ) 
 (  0.000000 -0.000000  0.000000 -0.000000 -0.256368 -0.186262 ) 
 (  0.000000 -0.000000  0.000000 -0.000000 -0.095107  0.000000 ) 
     freq (    3) =       3.179697 [THz] =     106.063278 [cm-1]
 (  0.041800  0.010970 -0.622946 -0.163492  0.001547 -0.005894 ) 
 (  0.041800  0.010970 -0.622946 -0.163492 -0.001547  0.005894 ) 
 (  0.112840  0.029615  0.043356  0.011379  0.000000  0.000000 ) 
 ( -0.056647 -0.014867 -0.014592 -0.003830  0.003608 -0.013748 ) 
 ( -0.056647 -0.014867 -0.014592 -0.003830 -0.003608  0.013748 ) 
 (  0.174846 -0.068150  0.042327 -0.016498  0.000000  0.000000 ) 
 (  0.026103 -0.040651  0.173961 -0.270914  0.000000  0.000000 ) 
     freq (    4) =       3.746869 [THz] =     124.982094 [cm-1]
 (  0.302578 -0.436462  0.002518 -0.003633 -0.310603 -0.215327 ) 
 (  0.302578 -0.436462  0.002518 -0.003633  0.310603  0.215327 ) 
 ( -0.081629  0.117748 -0.089825  0.129570  0.000000 -0.000000 ) 
 ( -0.010381  0.014974 -0.000482  0.000696 -0.078841 -0.054657 ) 
 ( -0.010381  0.014974 -0.000482  0.000696  0.078841  0.054657 ) 
 (  0.004064  0.183557  0.002928  0.132239 -0.000000  0.000000 ) 
 (  0.035199  0.046259  0.106852  0.140424 -0.000000  0.000000 ) 
     freq (    5) =       4.219001 [THz] =     140.730733 [cm-1]
 (  0.081936 -0.026623 -0.096916  0.031490  0.130775  0.402485 ) 
 ( -0.081936  0.026623  0.096916 -0.031490  0.130775  0.402485 ) 
 ( -0.000000  0.000000  0.000000 -0.000000  0.076025  0.233980 ) 
 ( -0.313890  0.101989  0.053736 -0.017460  0.075171  0.231353 ) 
 (  0.313890 -0.101989 -0.053736  0.017460  0.075171  0.231353 ) 
 (  0.000000  0.000000 -0.000000 -0.000000  0.198944  0.144541 ) 
 ( -0.000000  0.000000  0.000000  0.000000  0.377631  0.000000 ) 
     freq (    6) =       4.705188 [THz] =     156.948183 [cm-1]
 (  0.282519  0.093154  0.001626  0.000536 -0.147436  0.447146 ) 
 (  0.282519  0.093154  0.001626  0.000536  0.147436 -0.447146 ) 
 (  0.131859  0.043478 -0.269454 -0.088847 -0.000000  0.000000 ) 
 (  0.179308  0.059123 -0.185100 -0.061033 -0.032683  0.099121 ) 
 (  0.179308  0.059123 -0.185100 -0.061033  0.032683 -0.099121 ) 
 ( -0.123272  0.039463 -0.211715  0.067775  0.000000  0.000000 ) 
 (  0.018916 -0.025799 -0.123504  0.168445 -0.000000  0.000000 ) 
     freq (    7) =       4.933451 [THz] =     164.562214 [cm-1]
 (  0.018102 -0.005882 -0.063737  0.020709 -0.023397 -0.072007 ) 
 ( -0.018102  0.005882  0.063737 -0.020709 -0.023397 -0.072007 ) 
 (  0.000000  0.000000 -0.000000  0.000000 -0.020861 -0.064204 ) 
 ( -0.401426  0.130431 -0.353036  0.114708 -0.001740 -0.005354 ) 
 (  0.401426 -0.130431  0.353036 -0.114708 -0.001740 -0.005354 ) 
 ( -0.000000  0.000000 -0.000000  0.000000 -0.219212 -0.159266 ) 
 (  0.000000 -0.000000  0.000000  0.000000  0.518549  0.000000 ) 
     freq (    8) =       5.456137 [THz] =     181.997152 [cm-1]
 ( -0.109731 -0.093569 -0.050884 -0.043390  0.036087 -0.042320 ) 
 ( -0.109731 -0.093569 -0.050884 -0.043390 -0.036087  0.042320 ) 
 ( -0.094166 -0.080296 -0.225057 -0.191909 -0.000000 -0.000000 ) 
 ( -0.069048 -0.058878 -0.310336 -0.264628  0.000501 -0.000587 ) 
 ( -0.069048 -0.058878 -0.310336 -0.264628 -0.000501  0.000587 ) 
 ( -0.407429 -0.031741 -0.243831 -0.018996 -0.000000 -0.000000 ) 
 ( -0.054347  0.033363 -0.434931  0.267000 -0.000000  0.000000 ) 
     freq (    9) =       5.685378 [THz] =     189.643787 [cm-1]
 ( -0.231780  0.075310  0.079018 -0.025674  0.071242  0.219262 ) 
 (  0.231780 -0.075310 -0.079018  0.025674  0.071242  0.219262 ) 
 (  0.000000  0.000000  0.000000  0.000000 -0.066578 -0.204905 ) 
 (  0.039062 -0.012692 -0.286599  0.093122 -0.058308 -0.179454 ) 
 ( -0.039062  0.012692  0.286599 -0.093122 -0.058308 -0.179454 ) 
 (  0.000000 -0.000000  0.000000  0.000000 -0.497658 -0.361569 ) 
 (  0.000000 -0.000000  0.000000 -0.000000 -0.282999  0.000000 ) 
     freq (   10) =       6.453054 [THz] =     215.250705 [cm-1]
 (  0.017306 -0.010524 -0.038384  0.023342  0.028718  0.047225 ) 
 (  0.017306 -0.010524 -0.038384  0.023342 -0.028718 -0.047225 ) 
 ( -0.074290  0.045177  0.146702 -0.089212  0.000000 -0.000000 ) 
 ( -0.047036  0.028604  0.264639 -0.160931 -0.001925 -0.003165 ) 
 ( -0.047036  0.028604  0.264639 -0.160931  0.001925  0.003165 ) 
 ( -0.235126  0.562210  0.049085 -0.117367  0.000000 -0.000000 ) 
 (  0.005903  0.024964  0.139190  0.588608 -0.000000  0.000000 ) 
     freq (   11) =       7.225519 [THz] =     241.017385 [cm-1]
 (  0.009682 -0.003146  0.021568 -0.007008 -0.008987 -0.027660 ) 
 ( -0.009682  0.003146 -0.021568  0.007008 -0.008987 -0.027660 ) 
 (  0.000000  0.000000 -0.000000 -0.000000  0.091732  0.282321 ) 
 (  0.237775 -0.077258 -0.553364  0.179799  0.032041  0.098611 ) 
 ( -0.237775  0.077258  0.553364 -0.179799  0.032041  0.098611 ) 
 (  0.000000  0.000000 -0.000000 -0.000000 -0.101635 -0.073842 ) 
 (  0.000000 -0.000000  0.000000  0.000000 -0.263778  0.000000 ) 
     freq (   12) =       7.665336 [THz] =     255.688091 [cm-1]
 (  0.016004  0.021419 -0.002985 -0.003994 -0.078202  0.058430 ) 
 (  0.016004  0.021419 -0.002985 -0.003994  0.078202 -0.058430 ) 
 ( -0.193315 -0.258731 -0.012998 -0.017396 -0.000000  0.000000 ) 
 ( -0.353719 -0.473414  0.045938  0.061483  0.007157 -0.005347 ) 
 ( -0.353719 -0.473414  0.045938  0.061483 -0.007157  0.005347 ) 
 (  0.243581  0.075560 -0.028756 -0.008920 -0.000000  0.000000 ) 
 ( -0.104192  0.035401  0.277998 -0.094453 -0.000000  0.000000 ) 
     freq (   13) =       9.468644 [THz] =     315.839970 [cm-1]
 ( -0.018685  0.035057 -0.002536  0.004759 -0.022215 -0.011841 ) 
 ( -0.018685  0.035057 -0.002536  0.004759  0.022215  0.011841 ) 
 (  0.051073 -0.095822 -0.098275  0.184381  0.000000  0.000000 ) 
 ( -0.056219  0.105477  0.266596 -0.500181 -0.017198 -0.009167 ) 
 ( -0.056219  0.105477  0.266596 -0.500181  0.017198  0.009167 ) 
 ( -0.050707 -0.363451  0.025016  0.179304 -0.000000 -0.000000 ) 
 ( -0.024529 -0.025451  0.218936  0.227171  0.000000  0.000000 ) 
     freq (   14) =       9.738275 [THz] =     324.833900 [cm-1]
 (  0.016425 -0.005337 -0.007587  0.002465 -0.003439 -0.010585 ) 
 ( -0.016425  0.005337  0.007587 -0.002465 -0.003439 -0.010585 ) 
 ( -0.000000 -0.000000 -0.000000 -0.000000  0.035835  0.110289 ) 
 (  0.175962 -0.057173  0.266230 -0.086503  0.002841  0.008743 ) 
 ( -0.175962  0.057173 -0.266230  0.086503  0.002841  0.008743 ) 
 ( -0.000000  0.000000 -0.000000 -0.000000 -0.648676 -0.471291 ) 
 ( -0.000000  0.000000  0.000000 -0.000000  0.342537  0.000000 ) 
     freq (   15) =       9.854622 [THz] =     328.714819 [cm-1]
 (  0.019946  0.027464  0.012476  0.017178  0.008366 -0.006076 ) 
 (  0.019946  0.027464  0.012476  0.017178 -0.008366  0.006076 ) 
 (  0.107007  0.147337  0.067141  0.092446  0.000000  0.000000 ) 
 ( -0.255813 -0.352227 -0.174014 -0.239599  0.038200 -0.027744 ) 
 ( -0.255813 -0.352227 -0.174014 -0.239599 -0.038200  0.027744 ) 
 (  0.313150  0.101810  0.092643  0.030120 -0.000000 -0.000000 ) 
 (  0.090225 -0.029298 -0.489252  0.158872  0.000000  0.000000 ) 
     freq (   16) =      11.082049 [THz] =     369.657351 [cm-1]
 (  0.015873 -0.005157 -0.008044  0.002614 -0.009945 -0.030608 ) 
 ( -0.015873  0.005157  0.008044 -0.002614 -0.009945 -0.030608 ) 
 (  0.000000 -0.000000  0.000000  0.000000  0.015748  0.048469 ) 
 ( -0.390815  0.126984  0.127268 -0.041352  0.057436  0.176771 ) 
 (  0.390815 -0.126984 -0.127268  0.041352  0.057436  0.176771 ) 
 (  0.000000  0.000000 -0.000000 -0.000000 -0.260282 -0.189106 ) 
 ( -0.000000 -0.000000 -0.000000 -0.000000 -0.669696  0.000000 ) 
     freq (   17) =      11.306489 [THz] =     377.143883 [cm-1]
 (  0.000220  0.004288 -0.001405 -0.027363 -0.012487  0.000641 ) 
 (  0.000220  0.004288 -0.001405 -0.027363  0.012487 -0.000641 ) 
 ( -0.009607 -0.187068  0.003211  0.062533 -0.000000 -0.000000 ) 
 (  0.017873  0.348020 -0.003561 -0.069343 -0.158359  0.008133 ) 
 (  0.017873  0.348020 -0.003561 -0.069343  0.158359 -0.008133 ) 
 (  0.411958  0.509819  0.012914  0.015982  0.000000 -0.000000 ) 
 ( -0.064781 -0.017431 -0.454769 -0.122367  0.000000  0.000000 ) 
     freq (   18) =      14.730101 [THz] =     491.343292 [cm-1]
 ( -0.026856  0.008726  0.009294 -0.003020 -0.001856 -0.005712 ) 
 (  0.026856 -0.008726 -0.009294  0.003020 -0.001856 -0.005712 ) 
 (  0.000000  0.000000  0.000000 -0.000000 -0.039104 -0.120350 ) 
 (  0.146507 -0.047603 -0.037712  0.012253  0.209439  0.644588 ) 
 ( -0.146507  0.047603  0.037712 -0.012253  0.209439  0.644588 ) 
 ( -0.000000  0.000000  0.000000  0.000000 -0.012623 -0.009171 ) 
 ( -0.000000 -0.000000  0.000000 -0.000000  0.112081  0.000000 ) 
     freq (   19) =      14.997354 [THz] =     500.257888 [cm-1]
 ( -0.003290  0.003547 -0.002238  0.002413  0.021856  0.020270 ) 
 ( -0.003290  0.003547 -0.002238  0.002413 -0.021856 -0.020270 ) 
 ( -0.025976  0.028009  0.000762 -0.000822 -0.000000 -0.000000 ) 
 (  0.072001 -0.077633 -0.012025  0.012965 -0.507944 -0.471090 ) 
 (  0.072001 -0.077633 -0.012025  0.012965  0.507944  0.471090 ) 
 (  0.011904 -0.099179  0.002217 -0.018467 -0.000000 -0.000000 ) 
 ( -0.003073 -0.005509  0.028479  0.051050  0.000000  0.000000 ) 
     freq (   20) =      21.834846 [THz] =     728.332056 [cm-1]
 (  0.000273  0.000411  0.000104  0.000157 -0.000372  0.000247 ) 
 (  0.000273  0.000411  0.000104  0.000157  0.000372 -0.000247 ) 
 (  0.008145  0.012291  0.070384  0.106207 -0.000000  0.000000 ) 
 ( -0.001683 -0.002539 -0.004263 -0.006433  0.014339 -0.009503 ) 
 ( -0.001683 -0.002539 -0.004263 -0.006433 -0.014339  0.009503 ) 
 ( -0.009063 -0.003383 -0.922607 -0.344349 -0.000000 -0.000000 ) 
 ( -0.108550  0.030170  0.015251 -0.004239 -0.000000  0.000000 ) 
     freq (   21) =      23.032098 [THz] =     768.268099 [cm-1]
 ( -0.000186 -0.000586 -0.000015 -0.000047  0.000100 -0.000032 ) 
 ( -0.000186 -0.000586 -0.000015 -0.000047 -0.000100  0.000032 ) 
 ( -0.017652 -0.055576  0.001592  0.005014 -0.000000 -0.000000 ) 
 (  0.002927  0.009215  0.000361  0.001136 -0.012636  0.004014 ) 
 (  0.002927  0.009215  0.000361  0.001136  0.012636 -0.004014 ) 
 ( -0.010857 -0.007998 -0.092502 -0.068146 -0.000000 -0.000000 ) 
 (  0.991225  0.006562  0.008776  0.000058  0.000000  0.000000 ) 
 **************************************************************************
