Dynamical matrix file
Sr2RuO4                                                                    
  3    7   7   7.3000120   0.0000000   3.2938131   0.0000000   0.0000000   0.0000000
           1  'Sr     '    79860.7445811805     
           2  'Ru     '    92119.6696509919     
           3  'O      '    14582.1964454954     
    1    1      0.0000000000      0.0000000000      1.1602701746
    2    1      0.0000000000      0.0000000000     -1.1602701746
    3    2      0.0000000000      0.0000000000      0.0000000000
    4    3      0.0000000000      0.0000000000      0.5380857149
    5    3      0.0000000000      0.0000000000     -0.5380857149
    6    3      0.0000000000     -0.5000000000      0.0000000000
    7    3      0.5000000000      0.0000000000      0.0000000000

     Dynamical  Matrix in cartesian axes

     q = (   -0.200000000   0.200000000   0.242879598 ) 

    1    1
  0.09621329   0.00000000    -0.00857725   0.00000000    -0.00053567   0.00654700
 -0.00857725   0.00000000     0.09621329   0.00000000     0.00053567  -0.00654700
 -0.00053567  -0.00654700     0.00053567   0.00654700     0.18660191   0.00000000
    1    2
  0.00585053  -0.00631177     0.00936937  -0.00614218     0.01651885   0.02150624
  0.00936937  -0.00614218     0.00585053  -0.00631177    -0.01651885  -0.02150624
  0.01651885   0.02150624    -0.01651885  -0.02150624     0.01786812   0.00054517
    1    3
  0.01336315  -0.01033540     0.02496487  -0.01890002    -0.02694559  -0.04415142
  0.02496487  -0.01890002     0.01336315  -0.01033540     0.02694559   0.04415142
 -0.02403065  -0.03660231     0.02403065   0.03660231    -0.02613925  -0.00280187
    1    4
 -0.01173316  -0.00034104     0.00219435   0.00090713     0.00369767   0.01573888
  0.00219435   0.00090713    -0.01173316  -0.00034104    -0.00369767  -0.01573888
  0.00151404   0.01008232    -0.00151404  -0.01008232    -0.03679068  -0.00188154
    1    5
  0.00539727  -0.00360416    -0.01265313   0.00907688     0.00935363   0.01513552
 -0.01265313   0.00907688     0.00539727  -0.00360416    -0.00935363  -0.01513552
 -0.00378782  -0.00478855     0.00378782   0.00478855     0.03131783  -0.02020970
    1    6
  0.01104106  -0.00048992     0.00366925  -0.00006666    -0.00113682   0.00331243
 -0.00252675   0.00053363     0.00047878   0.00035730     0.00112903  -0.00691995
 -0.00100199   0.00314963    -0.00061704   0.00304986     0.01573332   0.00393128
    1    7
  0.00047878   0.00035730    -0.00252675   0.00053363    -0.00112903   0.00691995
  0.00366925  -0.00006666     0.01104106  -0.00048992     0.00113682  -0.00331243
  0.00061704  -0.00304986     0.00100199  -0.00314963     0.01573332   0.00393128
    2    1
  0.00585053   0.00631177     0.00936937   0.00614218     0.01651885  -0.02150624
  0.00936937   0.00614218     0.00585053   0.00631177    -0.01651885   0.02150624
  0.01651885  -0.02150624    -0.01651885   0.02150624     0.01786812  -0.00054517
    2    2
  0.09621329   0.00000000    -0.00857725   0.00000000    -0.00053567  -0.00654700
 -0.00857725   0.00000000     0.09621329   0.00000000     0.00053567   0.00654700
 -0.00053567   0.00654700     0.00053567  -0.00654700     0.18660191   0.00000000
    2    3
  0.01336315   0.01033540     0.02496487   0.01890002    -0.02694559   0.04415142
  0.02496487   0.01890002     0.01336315   0.01033540     0.02694559  -0.04415142
 -0.02403065   0.03660231     0.02403065  -0.03660231    -0.02613925   0.00280187
    2    4
  0.00539727   0.00360416    -0.01265313  -0.00907688     0.00935363  -0.01513552
 -0.01265313  -0.00907688     0.00539727   0.00360416    -0.00935363   0.01513552
 -0.00378782   0.00478855     0.00378782  -0.00478855     0.03131783   0.02020970
    2    5
 -0.01173316   0.00034104     0.00219435  -0.00090713     0.00369767  -0.01573888
  0.00219435  -0.00090713    -0.01173316   0.00034104    -0.00369767   0.01573888
  0.00151404  -0.01008232    -0.00151404   0.01008232    -0.03679068   0.00188154
    2    6
  0.00294593   0.01065207     0.00107046   0.00351026     0.00279901  -0.00210477
 -0.00027330  -0.00256799     0.00048776   0.00034493    -0.00623237   0.00321216
  0.00268585  -0.00192624     0.00270991  -0.00152930     0.00860073   0.01374845
    2    7
  0.00048776   0.00034493    -0.00027330  -0.00256799     0.00623237  -0.00321216
  0.00107046   0.00351026     0.00294593   0.01065207    -0.00279901   0.00210477
 -0.00270991   0.00152930    -0.00268585   0.00192624     0.00860073   0.01374845
    3    1
  0.01336315   0.01033540     0.02496487   0.01890002    -0.02403065   0.03660231
  0.02496487   0.01890002     0.01336315   0.01033540     0.02403065  -0.03660231
 -0.02694559   0.04415142     0.02694559  -0.04415142    -0.02613925   0.00280187
    3    2
  0.01336315  -0.01033540     0.02496487  -0.01890002    -0.02403065  -0.03660231
  0.02496487  -0.01890002     0.01336315  -0.01033540     0.02403065   0.03660231
 -0.02694559  -0.04415142     0.02694559   0.04415142    -0.02613925  -0.00280187
    3    3
  0.74669438   0.00000000    -0.02374454   0.00000000    -0.00266616   0.00000000
 -0.02374454   0.00000000     0.74669438   0.00000000     0.00266616   0.00000000
 -0.00266616   0.00000000     0.00266616   0.00000000     0.51289021   0.00000000
    3    4
 -0.06698194   0.00083706     0.00356703   0.00000623     0.00444137  -0.00477616
  0.00356703   0.00000623    -0.06698194   0.00083706    -0.00444137   0.00477616
  0.00508927  -0.01560435    -0.00508927   0.01560435    -0.13814699  -0.00994016
    3    5
 -0.06698194  -0.00083706     0.00356703  -0.00000623     0.00444137   0.00477616
  0.00356703  -0.00000623    -0.06698194  -0.00083706    -0.00444137  -0.00477616
  0.00508927   0.01560435    -0.00508927  -0.01560435    -0.13814699   0.00994016
    3    6
 -0.03354560  -0.02437230    -0.01990060  -0.01445863     0.00057794   0.00041990
  0.00091917   0.00066782    -0.34418171  -0.25006265    -0.00043019  -0.00031255
  0.00210453   0.00152903     0.00062281   0.00045250    -0.06444266  -0.04682033
    3    7
 -0.34418171  -0.25006265     0.00091917   0.00066782     0.00043019   0.00031255
 -0.01990060  -0.01445863    -0.03354560  -0.02437230    -0.00057794  -0.00041990
 -0.00062281  -0.00045250    -0.00210453  -0.00152903    -0.06444266  -0.04682033
    4    1
 -0.01173316   0.00034104     0.00219435  -0.00090713     0.00151404  -0.01008232
  0.00219435  -0.00090713    -0.01173316   0.00034104    -0.00151404   0.01008232
  0.00369767  -0.01573888    -0.00369767   0.01573888    -0.03679068   0.00188154
    4    2
  0.00539727  -0.00360416    -0.01265313   0.00907688    -0.00378782  -0.00478855
 -0.01265313   0.00907688     0.00539727  -0.00360416     0.00378782   0.00478855
  0.00935363   0.01513552    -0.00935363  -0.01513552     0.03131783  -0.02020970
    4    3
 -0.06698194  -0.00083706     0.00356703  -0.00000623     0.00508927   0.01560435
  0.00356703  -0.00000623    -0.06698194  -0.00083706    -0.00508927  -0.01560435
  0.00444137   0.00477616    -0.00444137  -0.00477616    -0.13814699   0.00994016
    4    4
  0.08631662   0.00000000    -0.01106354   0.00000000    -0.00154094  -0.00728888
 -0.01106354   0.00000000     0.08631662   0.00000000     0.00154094   0.00728888
 -0.00154094   0.00728888     0.00154094  -0.00728888     0.29414449   0.00000000
    4    5
  0.01431648  -0.00148994     0.00501527  -0.00397162    -0.01057629  -0.01648615
  0.00501527  -0.00397162     0.01431648  -0.00148994     0.01057629   0.01648615
 -0.01057629  -0.01648615     0.01057629   0.01648615    -0.00620044  -0.01450060
    4    6
  0.00479243   0.00421098     0.00000931   0.00036896     0.00253780  -0.00489194
 -0.00216624  -0.00183964    -0.00367675  -0.00280757    -0.01613070   0.02380153
 -0.00116379  -0.00581176    -0.00133149   0.00062164     0.00034657  -0.00537580
    4    7
 -0.00367675  -0.00280757    -0.00216624  -0.00183964     0.01613070  -0.02380153
  0.00000931   0.00036896     0.00479243   0.00421098    -0.00253780   0.00489194
  0.00133149  -0.00062164     0.00116379   0.00581176     0.00034657  -0.00537580
    5    1
  0.00539727   0.00360416    -0.01265313  -0.00907688    -0.00378782   0.00478855
 -0.01265313  -0.00907688     0.00539727   0.00360416     0.00378782  -0.00478855
  0.00935363  -0.01513552    -0.00935363   0.01513552     0.03131783   0.02020970
    5    2
 -0.01173316  -0.00034104     0.00219435   0.00090713     0.00151404   0.01008232
  0.00219435   0.00090713    -0.01173316  -0.00034104    -0.00151404  -0.01008232
  0.00369767   0.01573888    -0.00369767  -0.01573888    -0.03679068  -0.00188154
    5    3
 -0.06698194   0.00083706     0.00356703   0.00000623     0.00508927  -0.01560435
  0.00356703   0.00000623    -0.06698194   0.00083706    -0.00508927   0.01560435
  0.00444137  -0.00477616    -0.00444137   0.00477616    -0.13814699  -0.00994016
    5    4
  0.01431648   0.00148994     0.00501527   0.00397162    -0.01057629   0.01648615
  0.00501527   0.00397162     0.01431648   0.00148994     0.01057629  -0.01648615
 -0.01057629   0.01648615     0.01057629  -0.01648615    -0.00620044   0.01450060
    5    5
  0.08631662   0.00000000    -0.01106354   0.00000000    -0.00154094   0.00728888
 -0.01106354   0.00000000     0.08631662   0.00000000     0.00154094  -0.00728888
 -0.00154094  -0.00728888     0.00154094   0.00728888     0.29414449   0.00000000
    5    6
  0.00548582   0.00325661     0.00035378  -0.00010516    -0.00386829   0.00392529
 -0.00241901  -0.00149174    -0.00380634  -0.00262921     0.01765194  -0.02269629
 -0.00588694   0.00068911     0.00017976  -0.00145842    -0.00500559   0.00199082
    5    7
 -0.00380634  -0.00262921    -0.00241901  -0.00149174    -0.01765194   0.02269629
  0.00035378  -0.00010516     0.00548582   0.00325661     0.00386829  -0.00392529
 -0.00017976   0.00145842     0.00588694  -0.00068911    -0.00500559   0.00199082
    6    1
  0.01104106   0.00048992    -0.00252675  -0.00053363    -0.00100199  -0.00314963
  0.00366925   0.00006666     0.00047878  -0.00035730    -0.00061704  -0.00304986
 -0.00113682  -0.00331243     0.00112903   0.00691995     0.01573332  -0.00393128
    6    2
  0.00294593  -0.01065207    -0.00027330   0.00256799     0.00268585   0.00192624
  0.00107046  -0.00351026     0.00048776  -0.00034493     0.00270991   0.00152930
  0.00279901   0.00210477    -0.00623237  -0.00321216     0.00860073  -0.01374845
    6    3
 -0.03354560   0.02437230     0.00091917  -0.00066782     0.00210453  -0.00152903
 -0.01990060   0.01445863    -0.34418171   0.25006265     0.00062281  -0.00045250
  0.00057794  -0.00041990    -0.00043019   0.00031255    -0.06444266   0.04682033
    6    4
  0.00479243  -0.00421098    -0.00216624   0.00183964    -0.00116379   0.00581176
  0.00000931  -0.00036896    -0.00367675   0.00280757    -0.00133149  -0.00062164
  0.00253780   0.00489194    -0.01613070  -0.02380153     0.00034657   0.00537580
    6    5
  0.00548582  -0.00325661    -0.00241901   0.00149174    -0.00588694  -0.00068911
  0.00035378   0.00010516    -0.00380634   0.00262921     0.00017976   0.00145842
 -0.00386829  -0.00392529     0.01765194   0.02269629    -0.00500559  -0.00199082
    6    6
  0.10181157   0.00000000     0.00760672   0.00000000    -0.00040868   0.00000000
  0.00760672   0.00000000     0.58966546   0.00000000    -0.00011671   0.00000000
 -0.00040868   0.00000000    -0.00011671   0.00000000     0.10962429   0.00000000
    6    7
 -0.03254726   0.00000000    -0.03033877   0.00000000    -0.00031368   0.00000000
 -0.01342374   0.00000000    -0.03254726   0.00000000    -0.00028224   0.00000000
  0.00028224   0.00000000     0.00031368   0.00000000     0.01165168   0.00000000
    7    1
  0.00047878  -0.00035730     0.00366925   0.00006666     0.00061704   0.00304986
 -0.00252675  -0.00053363     0.01104106   0.00048992     0.00100199   0.00314963
 -0.00112903  -0.00691995     0.00113682   0.00331243     0.01573332  -0.00393128
    7    2
  0.00048776  -0.00034493     0.00107046  -0.00351026    -0.00270991  -0.00152930
 -0.00027330   0.00256799     0.00294593  -0.01065207    -0.00268585  -0.00192624
  0.00623237   0.00321216    -0.00279901  -0.00210477     0.00860073  -0.01374845
    7    3
 -0.34418171   0.25006265    -0.01990060   0.01445863    -0.00062281   0.00045250
  0.00091917  -0.00066782    -0.03354560   0.02437230    -0.00210453   0.00152903
  0.00043019  -0.00031255    -0.00057794   0.00041990    -0.06444266   0.04682033
    7    4
 -0.00367675   0.00280757     0.00000931  -0.00036896     0.00133149   0.00062164
 -0.00216624   0.00183964     0.00479243  -0.00421098     0.00116379  -0.00581176
  0.01613070   0.02380153    -0.00253780  -0.00489194     0.00034657   0.00537580
    7    5
 -0.00380634   0.00262921     0.00035378   0.00010516    -0.00017976  -0.00145842
 -0.00241901   0.00149174     0.00548582  -0.00325661     0.00588694   0.00068911
 -0.01765194  -0.02269629     0.00386829   0.00392529    -0.00500559  -0.00199082
    7    6
 -0.03254726   0.00000000    -0.01342374   0.00000000     0.00028224   0.00000000
 -0.03033877   0.00000000    -0.03254726   0.00000000     0.00031368   0.00000000
 -0.00031368   0.00000000    -0.00028224   0.00000000     0.01165168   0.00000000
    7    7
  0.58966546   0.00000000     0.00760672   0.00000000     0.00011671   0.00000000
  0.00760672   0.00000000     0.10181157   0.00000000     0.00040868   0.00000000
  0.00011671   0.00000000     0.00040868   0.00000000     0.10962429   0.00000000

     Dynamical  Matrix in cartesian axes

     q = (   -0.200000000   0.200000000  -0.242879598 ) 

    1    1
  0.09621329   0.00000000    -0.00857725   0.00000000     0.00053567   0.00654700
 -0.00857725   0.00000000     0.09621329   0.00000000    -0.00053567  -0.00654700
  0.00053567  -0.00654700    -0.00053567   0.00654700     0.18660191   0.00000000
    1    2
  0.00585053   0.00631177     0.00936937   0.00614218    -0.01651885   0.02150624
  0.00936937   0.00614218     0.00585053   0.00631177     0.01651885  -0.02150624
 -0.01651885   0.02150624     0.01651885  -0.02150624     0.01786812  -0.00054517
    1    3
  0.01336315   0.01033540     0.02496487   0.01890002     0.02694559  -0.04415142
  0.02496487   0.01890002     0.01336315   0.01033540    -0.02694559   0.04415142
  0.02403065  -0.03660231    -0.02403065   0.03660231    -0.02613925   0.00280187
    1    4
 -0.01173316   0.00034104     0.00219435  -0.00090713    -0.00369767   0.01573888
  0.00219435  -0.00090713    -0.01173316   0.00034104     0.00369767  -0.01573888
 -0.00151404   0.01008232     0.00151404  -0.01008232    -0.03679068   0.00188154
    1    5
  0.00539727   0.00360416    -0.01265313  -0.00907688    -0.00935363   0.01513552
 -0.01265313  -0.00907688     0.00539727   0.00360416     0.00935363  -0.01513552
  0.00378782  -0.00478855    -0.00378782   0.00478855     0.03131783   0.02020970
    1    6
  0.00294593   0.01065207     0.00107046   0.00351026    -0.00279901   0.00210477
 -0.00027330  -0.00256799     0.00048776   0.00034493     0.00623237  -0.00321216
 -0.00268585   0.00192624    -0.00270991   0.00152930     0.00860073   0.01374845
    1    7
  0.00048776   0.00034493    -0.00027330  -0.00256799    -0.00623237   0.00321216
  0.00107046   0.00351026     0.00294593   0.01065207     0.00279901  -0.00210477
  0.00270991  -0.00152930     0.00268585  -0.00192624     0.00860073   0.01374845
    2    1
  0.00585053  -0.00631177     0.00936937  -0.00614218    -0.01651885  -0.02150624
  0.00936937  -0.00614218     0.00585053  -0.00631177     0.01651885   0.02150624
 -0.01651885  -0.02150624     0.01651885   0.02150624     0.01786812   0.00054517
    2    2
  0.09621329   0.00000000    -0.00857725   0.00000000     0.00053567  -0.00654700
 -0.00857725   0.00000000     0.09621329   0.00000000    -0.00053567   0.00654700
  0.00053567   0.00654700    -0.00053567  -0.00654700     0.18660191   0.00000000
    2    3
  0.01336315  -0.01033540     0.02496487  -0.01890002     0.02694559   0.04415142
  0.02496487  -0.01890002     0.01336315  -0.01033540    -0.02694559  -0.04415142
  0.02403065   0.03660231    -0.02403065  -0.03660231    -0.02613925  -0.00280187
    2    4
  0.00539727  -0.00360416    -0.01265313   0.00907688    -0.00935363  -0.01513552
 -0.01265313   0.00907688     0.00539727  -0.00360416     0.00935363   0.01513552
  0.00378782   0.00478855    -0.00378782  -0.00478855     0.03131783  -0.02020970
    2    5
 -0.01173316  -0.00034104     0.00219435   0.00090713    -0.00369767  -0.01573888
  0.00219435   0.00090713    -0.01173316  -0.00034104     0.00369767   0.01573888
 -0.00151404  -0.01008232     0.00151404   0.01008232    -0.03679068  -0.00188154
    2    6
  0.01104106  -0.00048992     0.00366925  -0.00006666     0.00113682  -0.00331243
 -0.00252675   0.00053363     0.00047878   0.00035730    -0.00112903   0.00691995
  0.00100199  -0.00314963     0.00061704  -0.00304986     0.01573332   0.00393128
    2    7
  0.00047878   0.00035730    -0.00252675   0.00053363     0.00112903  -0.00691995
  0.00366925  -0.00006666     0.01104106  -0.00048992    -0.00113682   0.00331243
 -0.00061704   0.00304986    -0.00100199   0.00314963     0.01573332   0.00393128
    3    1
  0.01336315  -0.01033540     0.02496487  -0.01890002     0.02403065   0.03660231
  0.02496487  -0.01890002     0.01336315  -0.01033540    -0.02403065  -0.03660231
  0.02694559   0.04415142    -0.02694559  -0.04415142    -0.02613925  -0.00280187
    3    2
  0.01336315   0.01033540     0.02496487   0.01890002     0.02403065  -0.03660231
  0.02496487   0.01890002     0.01336315   0.01033540    -0.02403065   0.03660231
  0.02694559  -0.04415142    -0.02694559   0.04415142    -0.02613925   0.00280187
    3    3
  0.74669438   0.00000000    -0.02374454   0.00000000     0.00266616   0.00000000
 -0.02374454   0.00000000     0.74669438   0.00000000    -0.00266616   0.00000000
  0.00266616   0.00000000    -0.00266616   0.00000000     0.51289021   0.00000000
    3    4
 -0.06698194  -0.00083706     0.00356703  -0.00000623    -0.00444137  -0.00477616
  0.00356703  -0.00000623    -0.06698194  -0.00083706     0.00444137   0.00477616
 -0.00508927  -0.01560435     0.00508927   0.01560435    -0.13814699   0.00994016
    3    5
 -0.06698194   0.00083706     0.00356703   0.00000623    -0.00444137   0.00477616
  0.00356703   0.00000623    -0.06698194   0.00083706     0.00444137  -0.00477616
 -0.00508927   0.01560435     0.00508927  -0.01560435    -0.13814699  -0.00994016
    3    6
 -0.03354560  -0.02437230    -0.01990060  -0.01445863    -0.00057794  -0.00041990
  0.00091917   0.00066782    -0.34418171  -0.25006265     0.00043019   0.00031255
 -0.00210453  -0.00152903    -0.00062281  -0.00045250    -0.06444266  -0.04682033
    3    7
 -0.34418171  -0.25006265     0.00091917   0.00066782    -0.00043019  -0.00031255
 -0.01990060  -0.01445863    -0.03354560  -0.02437230     0.00057794   0.00041990
  0.00062281   0.00045250     0.00210453   0.00152903    -0.06444266  -0.04682033
    4    1
 -0.01173316  -0.00034104     0.00219435   0.00090713    -0.00151404  -0.01008232
  0.00219435   0.00090713    -0.01173316  -0.00034104     0.00151404   0.01008232
 -0.00369767  -0.01573888     0.00369767   0.01573888    -0.03679068  -0.00188154
    4    2
  0.00539727   0.00360416    -0.01265313  -0.00907688     0.00378782  -0.00478855
 -0.01265313  -0.00907688     0.00539727   0.00360416    -0.00378782   0.00478855
 -0.00935363   0.01513552     0.00935363  -0.01513552     0.03131783   0.02020970
    4    3
 -0.06698194   0.00083706     0.00356703   0.00000623    -0.00508927   0.01560435
  0.00356703   0.00000623    -0.06698194   0.00083706     0.00508927  -0.01560435
 -0.00444137   0.00477616     0.00444137  -0.00477616    -0.13814699  -0.00994016
    4    4
  0.08631662   0.00000000    -0.01106354   0.00000000     0.00154094  -0.00728888
 -0.01106354   0.00000000     0.08631662   0.00000000    -0.00154094   0.00728888
  0.00154094   0.00728888    -0.00154094  -0.00728888     0.29414449   0.00000000
    4    5
  0.01431648   0.00148994     0.00501527   0.00397162     0.01057629  -0.01648615
  0.00501527   0.00397162     0.01431648   0.00148994    -0.01057629   0.01648615
  0.01057629  -0.01648615    -0.01057629   0.01648615    -0.00620044   0.01450060
    4    6
  0.00548582   0.00325661     0.00035378  -0.00010516     0.00386829  -0.00392529
 -0.00241901  -0.00149174    -0.00380634  -0.00262921    -0.01765194   0.02269629
  0.00588694  -0.00068911    -0.00017976   0.00145842    -0.00500559   0.00199082
    4    7
 -0.00380634  -0.00262921    -0.00241901  -0.00149174     0.01765194  -0.02269629
  0.00035378  -0.00010516     0.00548582   0.00325661    -0.00386829   0.00392529
  0.00017976  -0.00145842    -0.00588694   0.00068911    -0.00500559   0.00199082
    5    1
  0.00539727  -0.00360416    -0.01265313   0.00907688     0.00378782   0.00478855
 -0.01265313   0.00907688     0.00539727  -0.00360416    -0.00378782  -0.00478855
 -0.00935363  -0.01513552     0.00935363   0.01513552     0.03131783  -0.02020970
    5    2
 -0.01173316   0.00034104     0.00219435  -0.00090713    -0.00151404   0.01008232
  0.00219435  -0.00090713    -0.01173316   0.00034104     0.00151404  -0.01008232
 -0.00369767   0.01573888     0.00369767  -0.01573888    -0.03679068   0.00188154
    5    3
 -0.06698194  -0.00083706     0.00356703  -0.00000623    -0.00508927  -0.01560435
  0.00356703  -0.00000623    -0.06698194  -0.00083706     0.00508927   0.01560435
 -0.00444137  -0.00477616     0.00444137   0.00477616    -0.13814699   0.00994016
    5    4
  0.01431648  -0.00148994     0.00501527  -0.00397162     0.01057629   0.01648615
  0.00501527  -0.00397162     0.01431648  -0.00148994    -0.01057629  -0.01648615
  0.01057629   0.01648615    -0.01057629  -0.01648615    -0.00620044  -0.01450060
    5    5
  0.08631662   0.00000000    -0.01106354   0.00000000     0.00154094   0.00728888
 -0.01106354   0.00000000     0.08631662   0.00000000    -0.00154094  -0.00728888
  0.00154094  -0.00728888    -0.00154094   0.00728888     0.29414449   0.00000000
    5    6
  0.00479243   0.00421098     0.00000931   0.00036896    -0.00253780   0.00489194
 -0.00216624  -0.00183964    -0.00367675  -0.00280757     0.01613070  -0.02380153
  0.00116379   0.00581176     0.00133149  -0.00062164     0.00034657  -0.00537580
    5    7
 -0.00367675  -0.00280757    -0.00216624  -0.00183964    -0.01613070   0.02380153
  0.00000931   0.00036896     0.00479243   0.00421098     0.00253780  -0.00489194
 -0.00133149   0.00062164    -0.00116379  -0.00581176     0.00034657  -0.00537580
    6    1
  0.00294593  -0.01065207    -0.00027330   0.00256799    -0.00268585  -0.00192624
  0.00107046  -0.00351026     0.00048776  -0.00034493    -0.00270991  -0.00152930
 -0.00279901  -0.00210477     0.00623237   0.00321216     0.00860073  -0.01374845
    6    2
  0.01104106   0.00048992    -0.00252675  -0.00053363     0.00100199   0.00314963
  0.00366925   0.00006666     0.00047878  -0.00035730     0.00061704   0.00304986
  0.00113682   0.00331243    -0.00112903  -0.00691995     0.01573332  -0.00393128
    6    3
 -0.03354560   0.02437230     0.00091917  -0.00066782    -0.00210453   0.00152903
 -0.01990060   0.01445863    -0.34418171   0.25006265    -0.00062281   0.00045250
 -0.00057794   0.00041990     0.00043019  -0.00031255    -0.06444266   0.04682033
    6    4
  0.00548582  -0.00325661    -0.00241901   0.00149174     0.00588694   0.00068911
  0.00035378   0.00010516    -0.00380634   0.00262921    -0.00017976  -0.00145842
  0.00386829   0.00392529    -0.01765194  -0.02269629    -0.00500559  -0.00199082
    6    5
  0.00479243  -0.00421098    -0.00216624   0.00183964     0.00116379  -0.00581176
  0.00000931  -0.00036896    -0.00367675   0.00280757     0.00133149   0.00062164
 -0.00253780  -0.00489194     0.01613070   0.02380153     0.00034657   0.00537580
    6    6
  0.10181157   0.00000000     0.00760672   0.00000000     0.00040868   0.00000000
  0.00760672   0.00000000     0.58966546   0.00000000     0.00011671   0.00000000
  0.00040868   0.00000000     0.00011671   0.00000000     0.10962429   0.00000000
    6    7
 -0.03254726   0.00000000    -0.03033877   0.00000000     0.00031368   0.00000000
 -0.01342374   0.00000000    -0.03254726   0.00000000     0.00028224   0.00000000
 -0.00028224   0.00000000    -0.00031368   0.00000000     0.01165168   0.00000000
    7    1
  0.00048776  -0.00034493     0.00107046  -0.00351026     0.00270991   0.00152930
 -0.00027330   0.00256799     0.00294593  -0.01065207     0.00268585   0.00192624
 -0.00623237  -0.00321216     0.00279901   0.00210477     0.00860073  -0.01374845
    7    2
  0.00047878  -0.00035730     0.00366925   0.00006666    -0.00061704  -0.00304986
 -0.00252675  -0.00053363     0.01104106   0.00048992    -0.00100199  -0.00314963
  0.00112903   0.00691995    -0.00113682  -0.00331243     0.01573332  -0.00393128
    7    3
 -0.34418171   0.25006265    -0.01990060   0.01445863     0.00062281  -0.00045250
  0.00091917  -0.00066782    -0.03354560   0.02437230     0.00210453  -0.00152903
 -0.00043019   0.00031255     0.00057794  -0.00041990    -0.06444266   0.04682033
    7    4
 -0.00380634   0.00262921     0.00035378   0.00010516     0.00017976   0.00145842
 -0.00241901   0.00149174     0.00548582  -0.00325661    -0.00588694  -0.00068911
  0.01765194   0.02269629    -0.00386829  -0.00392529    -0.00500559  -0.00199082
    7    5
 -0.00367675   0.00280757     0.00000931  -0.00036896    -0.00133149  -0.00062164
 -0.00216624   0.00183964     0.00479243  -0.00421098    -0.00116379   0.00581176
 -0.01613070  -0.02380153     0.00253780   0.00489194     0.00034657   0.00537580
    7    6
 -0.03254726   0.00000000    -0.01342374   0.00000000    -0.00028224   0.00000000
 -0.03033877   0.00000000    -0.03254726   0.00000000    -0.00031368   0.00000000
  0.00031368   0.00000000     0.00028224   0.00000000     0.01165168   0.00000000
    7    7
  0.58966546   0.00000000     0.00760672   0.00000000    -0.00011671   0.00000000
  0.00760672   0.00000000     0.10181157   0.00000000    -0.00040868   0.00000000
 -0.00011671   0.00000000    -0.00040868   0.00000000     0.10962429   0.00000000

     Dynamical  Matrix in cartesian axes

     q = (   -0.200000000  -0.200000000  -0.242879598 ) 

    1    1
  0.09621329   0.00000000     0.00857725   0.00000000     0.00053567   0.00654700
  0.00857725   0.00000000     0.09621329   0.00000000     0.00053567   0.00654700
  0.00053567  -0.00654700     0.00053567  -0.00654700     0.18660191   0.00000000
    1    2
  0.00585053   0.00631177    -0.00936937  -0.00614218    -0.01651885   0.02150624
 -0.00936937  -0.00614218     0.00585053   0.00631177    -0.01651885   0.02150624
 -0.01651885   0.02150624    -0.01651885   0.02150624     0.01786812  -0.00054517
    1    3
  0.01336315   0.01033540    -0.02496487  -0.01890002     0.02694559  -0.04415142
 -0.02496487  -0.01890002     0.01336315   0.01033540     0.02694559  -0.04415142
  0.02403065  -0.03660231     0.02403065  -0.03660231    -0.02613925   0.00280187
    1    4
 -0.01173316   0.00034104    -0.00219435   0.00090713    -0.00369767   0.01573888
 -0.00219435   0.00090713    -0.01173316   0.00034104    -0.00369767   0.01573888
 -0.00151404   0.01008232    -0.00151404   0.01008232    -0.03679068   0.00188154
    1    5
  0.00539727   0.00360416     0.01265313   0.00907688    -0.00935363   0.01513552
  0.01265313   0.00907688     0.00539727   0.00360416    -0.00935363   0.01513552
  0.00378782  -0.00478855     0.00378782  -0.00478855     0.03131783   0.02020970
    1    6
  0.01104106   0.00048992    -0.00366925  -0.00006666     0.00113682   0.00331243
  0.00252675   0.00053363     0.00047878  -0.00035730     0.00112903   0.00691995
  0.00100199   0.00314963    -0.00061704  -0.00304986     0.01573332  -0.00393128
    1    7
  0.00048776   0.00034493     0.00027330   0.00256799    -0.00623237   0.00321216
 -0.00107046  -0.00351026     0.00294593   0.01065207    -0.00279901   0.00210477
  0.00270991  -0.00152930    -0.00268585   0.00192624     0.00860073   0.01374845
    2    1
  0.00585053  -0.00631177    -0.00936937   0.00614218    -0.01651885  -0.02150624
 -0.00936937   0.00614218     0.00585053  -0.00631177    -0.01651885  -0.02150624
 -0.01651885  -0.02150624    -0.01651885  -0.02150624     0.01786812   0.00054517
    2    2
  0.09621329   0.00000000     0.00857725   0.00000000     0.00053567  -0.00654700
  0.00857725   0.00000000     0.09621329   0.00000000     0.00053567  -0.00654700
  0.00053567   0.00654700     0.00053567   0.00654700     0.18660191   0.00000000
    2    3
  0.01336315  -0.01033540    -0.02496487   0.01890002     0.02694559   0.04415142
 -0.02496487   0.01890002     0.01336315  -0.01033540     0.02694559   0.04415142
  0.02403065   0.03660231     0.02403065   0.03660231    -0.02613925  -0.00280187
    2    4
  0.00539727  -0.00360416     0.01265313  -0.00907688    -0.00935363  -0.01513552
  0.01265313  -0.00907688     0.00539727  -0.00360416    -0.00935363  -0.01513552
  0.00378782   0.00478855     0.00378782   0.00478855     0.03131783  -0.02020970
    2    5
 -0.01173316  -0.00034104    -0.00219435  -0.00090713    -0.00369767  -0.01573888
 -0.00219435  -0.00090713    -0.01173316  -0.00034104    -0.00369767  -0.01573888
 -0.00151404  -0.01008232    -0.00151404  -0.01008232    -0.03679068  -0.00188154
    2    6
  0.00294593  -0.01065207    -0.00107046   0.00351026    -0.00279901  -0.00210477
  0.00027330  -0.00256799     0.00048776  -0.00034493    -0.00623237  -0.00321216
 -0.00268585  -0.00192624     0.00270991   0.00152930     0.00860073  -0.01374845
    2    7
  0.00047878   0.00035730     0.00252675  -0.00053363     0.00112903  -0.00691995
 -0.00366925   0.00006666     0.01104106  -0.00048992     0.00113682  -0.00331243
 -0.00061704   0.00304986     0.00100199  -0.00314963     0.01573332   0.00393128
    3    1
  0.01336315  -0.01033540    -0.02496487   0.01890002     0.02403065   0.03660231
 -0.02496487   0.01890002     0.01336315  -0.01033540     0.02403065   0.03660231
  0.02694559   0.04415142     0.02694559   0.04415142    -0.02613925  -0.00280187
    3    2
  0.01336315   0.01033540    -0.02496487  -0.01890002     0.02403065  -0.03660231
 -0.02496487  -0.01890002     0.01336315   0.01033540     0.02403065  -0.03660231
  0.02694559  -0.04415142     0.02694559  -0.04415142    -0.02613925   0.00280187
    3    3
  0.74669438   0.00000000     0.02374454   0.00000000     0.00266616   0.00000000
  0.02374454   0.00000000     0.74669438   0.00000000     0.00266616   0.00000000
  0.00266616   0.00000000     0.00266616   0.00000000     0.51289021   0.00000000
    3    4
 -0.06698194  -0.00083706    -0.00356703   0.00000623    -0.00444137  -0.00477616
 -0.00356703   0.00000623    -0.06698194  -0.00083706    -0.00444137  -0.00477616
 -0.00508927  -0.01560435    -0.00508927  -0.01560435    -0.13814699   0.00994016
    3    5
 -0.06698194   0.00083706    -0.00356703  -0.00000623    -0.00444137   0.00477616
 -0.00356703  -0.00000623    -0.06698194   0.00083706    -0.00444137   0.00477616
 -0.00508927   0.01560435    -0.00508927   0.01560435    -0.13814699  -0.00994016
    3    6
 -0.03354560   0.02437230     0.01990060  -0.01445863    -0.00057794   0.00041990
 -0.00091917   0.00066782    -0.34418171   0.25006265    -0.00043019   0.00031255
 -0.00210453   0.00152903     0.00062281  -0.00045250    -0.06444266   0.04682033
    3    7
 -0.34418171  -0.25006265    -0.00091917  -0.00066782    -0.00043019  -0.00031255
  0.01990060   0.01445863    -0.03354560  -0.02437230    -0.00057794  -0.00041990
  0.00062281   0.00045250    -0.00210453  -0.00152903    -0.06444266  -0.04682033
    4    1
 -0.01173316  -0.00034104    -0.00219435  -0.00090713    -0.00151404  -0.01008232
 -0.00219435  -0.00090713    -0.01173316  -0.00034104    -0.00151404  -0.01008232
 -0.00369767  -0.01573888    -0.00369767  -0.01573888    -0.03679068  -0.00188154
    4    2
  0.00539727   0.00360416     0.01265313   0.00907688     0.00378782  -0.00478855
  0.01265313   0.00907688     0.00539727   0.00360416     0.00378782  -0.00478855
 -0.00935363   0.01513552    -0.00935363   0.01513552     0.03131783   0.02020970
    4    3
 -0.06698194   0.00083706    -0.00356703  -0.00000623    -0.00508927   0.01560435
 -0.00356703  -0.00000623    -0.06698194   0.00083706    -0.00508927   0.01560435
 -0.00444137   0.00477616    -0.00444137   0.00477616    -0.13814699  -0.00994016
    4    4
  0.08631662   0.00000000     0.01106354   0.00000000     0.00154094  -0.00728888
  0.01106354   0.00000000     0.08631662   0.00000000     0.00154094  -0.00728888
  0.00154094   0.00728888     0.00154094   0.00728888     0.29414449   0.00000000
    4    5
  0.01431648   0.00148994    -0.00501527  -0.00397162     0.01057629  -0.01648615
 -0.00501527  -0.00397162     0.01431648   0.00148994     0.01057629  -0.01648615
  0.01057629  -0.01648615     0.01057629  -0.01648615    -0.00620044   0.01450060
    4    6
  0.00479243  -0.00421098    -0.00000931   0.00036896    -0.00253780  -0.00489194
  0.00216624  -0.00183964    -0.00367675   0.00280757    -0.01613070  -0.02380153
  0.00116379  -0.00581176    -0.00133149  -0.00062164     0.00034657   0.00537580
    4    7
 -0.00380634  -0.00262921     0.00241901   0.00149174     0.01765194  -0.02269629
 -0.00035378   0.00010516     0.00548582   0.00325661     0.00386829  -0.00392529
  0.00017976  -0.00145842     0.00588694  -0.00068911    -0.00500559   0.00199082
    5    1
  0.00539727  -0.00360416     0.01265313  -0.00907688     0.00378782   0.00478855
  0.01265313  -0.00907688     0.00539727  -0.00360416     0.00378782   0.00478855
 -0.00935363  -0.01513552    -0.00935363  -0.01513552     0.03131783  -0.02020970
    5    2
 -0.01173316   0.00034104    -0.00219435   0.00090713    -0.00151404   0.01008232
 -0.00219435   0.00090713    -0.01173316   0.00034104    -0.00151404   0.01008232
 -0.00369767   0.01573888    -0.00369767   0.01573888    -0.03679068   0.00188154
    5    3
 -0.06698194  -0.00083706    -0.00356703   0.00000623    -0.00508927  -0.01560435
 -0.00356703   0.00000623    -0.06698194  -0.00083706    -0.00508927  -0.01560435
 -0.00444137  -0.00477616    -0.00444137  -0.00477616    -0.13814699   0.00994016
    5    4
  0.01431648  -0.00148994    -0.00501527   0.00397162     0.01057629   0.01648615
 -0.00501527   0.00397162     0.01431648  -0.00148994     0.01057629   0.01648615
  0.01057629   0.01648615     0.01057629   0.01648615    -0.00620044  -0.01450060
    5    5
  0.08631662   0.00000000     0.01106354   0.00000000     0.00154094   0.00728888
  0.01106354   0.00000000     0.08631662   0.00000000     0.00154094   0.00728888
  0.00154094  -0.00728888     0.00154094  -0.00728888     0.29414449   0.00000000
    5    6
  0.00548582  -0.00325661    -0.00035378  -0.00010516     0.00386829   0.00392529
  0.00241901  -0.00149174    -0.00380634   0.00262921     0.01765194   0.02269629
  0.00588694   0.00068911     0.00017976   0.00145842    -0.00500559  -0.00199082
    5    7
 -0.00367675  -0.00280757     0.00216624   0.00183964    -0.01613070   0.02380153
 -0.00000931  -0.00036896     0.00479243   0.00421098    -0.00253780   0.00489194
 -0.00133149   0.00062164     0.00116379   0.00581176     0.00034657  -0.00537580
    6    1
  0.01104106  -0.00048992     0.00252675  -0.00053363     0.00100199  -0.00314963
 -0.00366925   0.00006666     0.00047878   0.00035730    -0.00061704   0.00304986
  0.00113682  -0.00331243     0.00112903  -0.00691995     0.01573332   0.00393128
    6    2
  0.00294593   0.01065207     0.00027330   0.00256799    -0.00268585   0.00192624
 -0.00107046  -0.00351026     0.00048776   0.00034493     0.00270991  -0.00152930
 -0.00279901   0.00210477    -0.00623237   0.00321216     0.00860073   0.01374845
    6    3
 -0.03354560  -0.02437230    -0.00091917  -0.00066782    -0.00210453  -0.00152903
  0.01990060   0.01445863    -0.34418171  -0.25006265     0.00062281   0.00045250
 -0.00057794  -0.00041990    -0.00043019  -0.00031255    -0.06444266  -0.04682033
    6    4
  0.00479243   0.00421098     0.00216624   0.00183964     0.00116379   0.00581176
 -0.00000931  -0.00036896    -0.00367675  -0.00280757    -0.00133149   0.00062164
 -0.00253780   0.00489194    -0.01613070   0.02380153     0.00034657  -0.00537580
    6    5
  0.00548582   0.00325661     0.00241901   0.00149174     0.00588694  -0.00068911
 -0.00035378   0.00010516    -0.00380634  -0.00262921     0.00017976  -0.00145842
  0.00386829  -0.00392529     0.01765194  -0.02269629    -0.00500559   0.00199082
    6    6
  0.10181157   0.00000000    -0.00760672   0.00000000     0.00040868   0.00000000
 -0.00760672   0.00000000     0.58966546   0.00000000    -0.00011671   0.00000000
  0.00040868   0.00000000    -0.00011671   0.00000000     0.10962429   0.00000000
    6    7
 -0.01005766  -0.03095428     0.00937520   0.02885389     0.00009693   0.00029833
  0.00414816   0.01276674    -0.01005766  -0.03095428    -0.00008722  -0.00026842
 -0.00008722  -0.00026842     0.00009693   0.00029833     0.00360057   0.01108140
    7    1
  0.00048776  -0.00034493    -0.00107046   0.00351026     0.00270991   0.00152930
  0.00027330  -0.00256799     0.00294593  -0.01065207    -0.00268585  -0.00192624
 -0.00623237  -0.00321216    -0.00279901  -0.00210477     0.00860073  -0.01374845
    7    2
  0.00047878  -0.00035730    -0.00366925  -0.00006666    -0.00061704  -0.00304986
  0.00252675   0.00053363     0.01104106   0.00048992     0.00100199   0.00314963
  0.00112903   0.00691995     0.00113682   0.00331243     0.01573332  -0.00393128
    7    3
 -0.34418171   0.25006265     0.01990060  -0.01445863     0.00062281  -0.00045250
 -0.00091917   0.00066782    -0.03354560   0.02437230    -0.00210453   0.00152903
 -0.00043019   0.00031255    -0.00057794   0.00041990    -0.06444266   0.04682033
    7    4
 -0.00380634   0.00262921    -0.00035378  -0.00010516     0.00017976   0.00145842
  0.00241901  -0.00149174     0.00548582  -0.00325661     0.00588694   0.00068911
  0.01765194   0.02269629     0.00386829   0.00392529    -0.00500559  -0.00199082
    7    5
 -0.00367675   0.00280757    -0.00000931   0.00036896    -0.00133149  -0.00062164
  0.00216624  -0.00183964     0.00479243  -0.00421098     0.00116379  -0.00581176
 -0.01613070  -0.02380153    -0.00253780  -0.00489194     0.00034657   0.00537580
    7    6
 -0.01005766   0.03095428     0.00414816  -0.01276674    -0.00008722   0.00026842
  0.00937520  -0.02885389    -0.01005766   0.03095428     0.00009693  -0.00029833
  0.00009693  -0.00029833    -0.00008722   0.00026842     0.00360057  -0.01108140
    7    7
  0.58966546   0.00000000    -0.00760672   0.00000000    -0.00011671   0.00000000
 -0.00760672   0.00000000     0.10181157   0.00000000     0.00040868   0.00000000
 -0.00011671   0.00000000     0.00040868   0.00000000     0.10962429   0.00000000

     Dynamical  Matrix in cartesian axes

     q = (    0.200000000   0.200000000   0.242879598 ) 

    1    1
  0.09621329   0.00000000     0.00857725   0.00000000     0.00053567  -0.00654700
  0.00857725   0.00000000     0.09621329   0.00000000     0.00053567  -0.00654700
  0.00053567   0.00654700     0.00053567   0.00654700     0.18660191   0.00000000
    1    2
  0.00585053  -0.00631177    -0.00936937   0.00614218    -0.01651885  -0.02150624
 -0.00936937   0.00614218     0.00585053  -0.00631177    -0.01651885  -0.02150624
 -0.01651885  -0.02150624    -0.01651885  -0.02150624     0.01786812   0.00054517
    1    3
  0.01336315  -0.01033540    -0.02496487   0.01890002     0.02694559   0.04415142
 -0.02496487   0.01890002     0.01336315  -0.01033540     0.02694559   0.04415142
  0.02403065   0.03660231     0.02403065   0.03660231    -0.02613925  -0.00280187
    1    4
 -0.01173316  -0.00034104    -0.00219435  -0.00090713    -0.00369767  -0.01573888
 -0.00219435  -0.00090713    -0.01173316  -0.00034104    -0.00369767  -0.01573888
 -0.00151404  -0.01008232    -0.00151404  -0.01008232    -0.03679068  -0.00188154
    1    5
  0.00539727  -0.00360416     0.01265313  -0.00907688    -0.00935363  -0.01513552
  0.01265313  -0.00907688     0.00539727  -0.00360416    -0.00935363  -0.01513552
  0.00378782   0.00478855     0.00378782   0.00478855     0.03131783  -0.02020970
    1    6
  0.01104106  -0.00048992    -0.00366925   0.00006666     0.00113682  -0.00331243
  0.00252675  -0.00053363     0.00047878   0.00035730     0.00112903  -0.00691995
  0.00100199  -0.00314963    -0.00061704   0.00304986     0.01573332   0.00393128
    1    7
  0.00048776  -0.00034493     0.00027330  -0.00256799    -0.00623237  -0.00321216
 -0.00107046   0.00351026     0.00294593  -0.01065207    -0.00279901  -0.00210477
  0.00270991   0.00152930    -0.00268585  -0.00192624     0.00860073  -0.01374845
    2    1
  0.00585053   0.00631177    -0.00936937  -0.00614218    -0.01651885   0.02150624
 -0.00936937  -0.00614218     0.00585053   0.00631177    -0.01651885   0.02150624
 -0.01651885   0.02150624    -0.01651885   0.02150624     0.01786812  -0.00054517
    2    2
  0.09621329   0.00000000     0.00857725   0.00000000     0.00053567   0.00654700
  0.00857725   0.00000000     0.09621329   0.00000000     0.00053567   0.00654700
  0.00053567  -0.00654700     0.00053567  -0.00654700     0.18660191   0.00000000
    2    3
  0.01336315   0.01033540    -0.02496487  -0.01890002     0.02694559  -0.04415142
 -0.02496487  -0.01890002     0.01336315   0.01033540     0.02694559  -0.04415142
  0.02403065  -0.03660231     0.02403065  -0.03660231    -0.02613925   0.00280187
    2    4
  0.00539727   0.00360416     0.01265313   0.00907688    -0.00935363   0.01513552
  0.01265313   0.00907688     0.00539727   0.00360416    -0.00935363   0.01513552
  0.00378782  -0.00478855     0.00378782  -0.00478855     0.03131783   0.02020970
    2    5
 -0.01173316   0.00034104    -0.00219435   0.00090713    -0.00369767   0.01573888
 -0.00219435   0.00090713    -0.01173316   0.00034104    -0.00369767   0.01573888
 -0.00151404   0.01008232    -0.00151404   0.01008232    -0.03679068   0.00188154
    2    6
  0.00294593   0.01065207    -0.00107046  -0.00351026    -0.00279901   0.00210477
  0.00027330   0.00256799     0.00048776   0.00034493    -0.00623237   0.00321216
 -0.00268585   0.00192624     0.00270991  -0.00152930     0.00860073   0.01374845
    2    7
  0.00047878  -0.00035730     0.00252675   0.00053363     0.00112903   0.00691995
 -0.00366925  -0.00006666     0.01104106   0.00048992     0.00113682   0.00331243
 -0.00061704  -0.00304986     0.00100199   0.00314963     0.01573332  -0.00393128
    3    1
  0.01336315   0.01033540    -0.02496487  -0.01890002     0.02403065  -0.03660231
 -0.02496487  -0.01890002     0.01336315   0.01033540     0.02403065  -0.03660231
  0.02694559  -0.04415142     0.02694559  -0.04415142    -0.02613925   0.00280187
    3    2
  0.01336315  -0.01033540    -0.02496487   0.01890002     0.02403065   0.03660231
 -0.02496487   0.01890002     0.01336315  -0.01033540     0.02403065   0.03660231
  0.02694559   0.04415142     0.02694559   0.04415142    -0.02613925  -0.00280187
    3    3
  0.74669438   0.00000000     0.02374454   0.00000000     0.00266616   0.00000000
  0.02374454   0.00000000     0.74669438   0.00000000     0.00266616   0.00000000
  0.00266616   0.00000000     0.00266616   0.00000000     0.51289021   0.00000000
    3    4
 -0.06698194   0.00083706    -0.00356703  -0.00000623    -0.00444137   0.00477616
 -0.00356703  -0.00000623    -0.06698194   0.00083706    -0.00444137   0.00477616
 -0.00508927   0.01560435    -0.00508927   0.01560435    -0.13814699  -0.00994016
    3    5
 -0.06698194  -0.00083706    -0.00356703   0.00000623    -0.00444137  -0.00477616
 -0.00356703   0.00000623    -0.06698194  -0.00083706    -0.00444137  -0.00477616
 -0.00508927  -0.01560435    -0.00508927  -0.01560435    -0.13814699   0.00994016
    3    6
 -0.03354560  -0.02437230     0.01990060   0.01445863    -0.00057794  -0.00041990
 -0.00091917  -0.00066782    -0.34418171  -0.25006265    -0.00043019  -0.00031255
 -0.00210453  -0.00152903     0.00062281   0.00045250    -0.06444266  -0.04682033
    3    7
 -0.34418171   0.25006265    -0.00091917   0.00066782    -0.00043019   0.00031255
  0.01990060  -0.01445863    -0.03354560   0.02437230    -0.00057794   0.00041990
  0.00062281  -0.00045250    -0.00210453   0.00152903    -0.06444266   0.04682033
    4    1
 -0.01173316   0.00034104    -0.00219435   0.00090713    -0.00151404   0.01008232
 -0.00219435   0.00090713    -0.01173316   0.00034104    -0.00151404   0.01008232
 -0.00369767   0.01573888    -0.00369767   0.01573888    -0.03679068   0.00188154
    4    2
  0.00539727  -0.00360416     0.01265313  -0.00907688     0.00378782   0.00478855
  0.01265313  -0.00907688     0.00539727  -0.00360416     0.00378782   0.00478855
 -0.00935363  -0.01513552    -0.00935363  -0.01513552     0.03131783  -0.02020970
    4    3
 -0.06698194  -0.00083706    -0.00356703   0.00000623    -0.00508927  -0.01560435
 -0.00356703   0.00000623    -0.06698194  -0.00083706    -0.00508927  -0.01560435
 -0.00444137  -0.00477616    -0.00444137  -0.00477616    -0.13814699   0.00994016
    4    4
  0.08631662   0.00000000     0.01106354   0.00000000     0.00154094   0.00728888
  0.01106354   0.00000000     0.08631662   0.00000000     0.00154094   0.00728888
  0.00154094  -0.00728888     0.00154094  -0.00728888     0.29414449   0.00000000
    4    5
  0.01431648  -0.00148994    -0.00501527   0.00397162     0.01057629   0.01648615
 -0.00501527   0.00397162     0.01431648  -0.00148994     0.01057629   0.01648615
  0.01057629   0.01648615     0.01057629   0.01648615    -0.00620044  -0.01450060
    4    6
  0.00479243   0.00421098    -0.00000931  -0.00036896    -0.00253780   0.00489194
  0.00216624   0.00183964    -0.00367675  -0.00280757    -0.01613070   0.02380153
  0.00116379   0.00581176    -0.00133149   0.00062164     0.00034657  -0.00537580
    4    7
 -0.00380634   0.00262921     0.00241901  -0.00149174     0.01765194   0.02269629
 -0.00035378  -0.00010516     0.00548582  -0.00325661     0.00386829   0.00392529
  0.00017976   0.00145842     0.00588694   0.00068911    -0.00500559  -0.00199082
    5    1
  0.00539727   0.00360416     0.01265313   0.00907688     0.00378782  -0.00478855
  0.01265313   0.00907688     0.00539727   0.00360416     0.00378782  -0.00478855
 -0.00935363   0.01513552    -0.00935363   0.01513552     0.03131783   0.02020970
    5    2
 -0.01173316  -0.00034104    -0.00219435  -0.00090713    -0.00151404  -0.01008232
 -0.00219435  -0.00090713    -0.01173316  -0.00034104    -0.00151404  -0.01008232
 -0.00369767  -0.01573888    -0.00369767  -0.01573888    -0.03679068  -0.00188154
    5    3
 -0.06698194   0.00083706    -0.00356703  -0.00000623    -0.00508927   0.01560435
 -0.00356703  -0.00000623    -0.06698194   0.00083706    -0.00508927   0.01560435
 -0.00444137   0.00477616    -0.00444137   0.00477616    -0.13814699  -0.00994016
    5    4
  0.01431648   0.00148994    -0.00501527  -0.00397162     0.01057629  -0.01648615
 -0.00501527  -0.00397162     0.01431648   0.00148994     0.01057629  -0.01648615
  0.01057629  -0.01648615     0.01057629  -0.01648615    -0.00620044   0.01450060
    5    5
  0.08631662   0.00000000     0.01106354   0.00000000     0.00154094  -0.00728888
  0.01106354   0.00000000     0.08631662   0.00000000     0.00154094  -0.00728888
  0.00154094   0.00728888     0.00154094   0.00728888     0.29414449   0.00000000
    5    6
  0.00548582   0.00325661    -0.00035378   0.00010516     0.00386829  -0.00392529
  0.00241901   0.00149174    -0.00380634  -0.00262921     0.01765194  -0.02269629
  0.00588694  -0.00068911     0.00017976  -0.00145842    -0.00500559   0.00199082
    5    7
 -0.00367675   0.00280757     0.00216624  -0.00183964    -0.01613070  -0.02380153
 -0.00000931   0.00036896     0.00479243  -0.00421098    -0.00253780  -0.00489194
 -0.00133149  -0.00062164     0.00116379  -0.00581176     0.00034657   0.00537580
    6    1
  0.01104106   0.00048992     0.00252675   0.00053363     0.00100199   0.00314963
 -0.00366925  -0.00006666     0.00047878  -0.00035730    -0.00061704  -0.00304986
  0.00113682   0.00331243     0.00112903   0.00691995     0.01573332  -0.00393128
    6    2
  0.00294593  -0.01065207     0.00027330  -0.00256799    -0.00268585  -0.00192624
 -0.00107046   0.00351026     0.00048776  -0.00034493     0.00270991   0.00152930
 -0.00279901  -0.00210477    -0.00623237  -0.00321216     0.00860073  -0.01374845
    6    3
 -0.03354560   0.02437230    -0.00091917   0.00066782    -0.00210453   0.00152903
  0.01990060  -0.01445863    -0.34418171   0.25006265     0.00062281  -0.00045250
 -0.00057794   0.00041990    -0.00043019   0.00031255    -0.06444266   0.04682033
    6    4
  0.00479243  -0.00421098     0.00216624  -0.00183964     0.00116379  -0.00581176
 -0.00000931   0.00036896    -0.00367675   0.00280757    -0.00133149  -0.00062164
 -0.00253780  -0.00489194    -0.01613070  -0.02380153     0.00034657   0.00537580
    6    5
  0.00548582  -0.00325661     0.00241901  -0.00149174     0.00588694   0.00068911
 -0.00035378  -0.00010516    -0.00380634   0.00262921     0.00017976   0.00145842
  0.00386829   0.00392529     0.01765194   0.02269629    -0.00500559  -0.00199082
    6    6
  0.10181157   0.00000000    -0.00760672   0.00000000     0.00040868   0.00000000
 -0.00760672   0.00000000     0.58966546   0.00000000    -0.00011671   0.00000000
  0.00040868   0.00000000    -0.00011671   0.00000000     0.10962429   0.00000000
    6    7
 -0.01005766   0.03095428     0.00937520  -0.02885389     0.00009693  -0.00029833
  0.00414816  -0.01276674    -0.01005766   0.03095428    -0.00008722   0.00026842
 -0.00008722   0.00026842     0.00009693  -0.00029833     0.00360057  -0.01108140
    7    1
  0.00048776   0.00034493    -0.00107046  -0.00351026     0.00270991  -0.00152930
  0.00027330   0.00256799     0.00294593   0.01065207    -0.00268585   0.00192624
 -0.00623237   0.00321216    -0.00279901   0.00210477     0.00860073   0.01374845
    7    2
  0.00047878   0.00035730    -0.00366925   0.00006666    -0.00061704   0.00304986
  0.00252675  -0.00053363     0.01104106  -0.00048992     0.00100199  -0.00314963
  0.00112903  -0.00691995     0.00113682  -0.00331243     0.01573332   0.00393128
    7    3
 -0.34418171  -0.25006265     0.01990060   0.01445863     0.00062281   0.00045250
 -0.00091917  -0.00066782    -0.03354560  -0.02437230    -0.00210453  -0.00152903
 -0.00043019  -0.00031255    -0.00057794  -0.00041990    -0.06444266  -0.04682033
    7    4
 -0.00380634  -0.00262921    -0.00035378   0.00010516     0.00017976  -0.00145842
  0.00241901   0.00149174     0.00548582   0.00325661     0.00588694  -0.00068911
  0.01765194  -0.02269629     0.00386829  -0.00392529    -0.00500559   0.00199082
    7    5
 -0.00367675  -0.00280757    -0.00000931  -0.00036896    -0.00133149   0.00062164
  0.00216624   0.00183964     0.00479243   0.00421098     0.00116379   0.00581176
 -0.01613070   0.02380153    -0.00253780   0.00489194     0.00034657  -0.00537580
    7    6
 -0.01005766  -0.03095428     0.00414816   0.01276674    -0.00008722  -0.00026842
  0.00937520   0.02885389    -0.01005766  -0.03095428     0.00009693   0.00029833
  0.00009693   0.00029833    -0.00008722  -0.00026842     0.00360057   0.01108140
    7    7
  0.58966546   0.00000000    -0.00760672   0.00000000    -0.00011671   0.00000000
 -0.00760672   0.00000000     0.10181157   0.00000000     0.00040868   0.00000000
 -0.00011671   0.00000000     0.00040868   0.00000000     0.10962429   0.00000000

     Dynamical  Matrix in cartesian axes

     q = (   -0.200000000  -0.200000000   0.242879598 ) 

    1    1
  0.09621329   0.00000000     0.00857725   0.00000000    -0.00053567   0.00654700
  0.00857725   0.00000000     0.09621329   0.00000000    -0.00053567   0.00654700
 -0.00053567  -0.00654700    -0.00053567  -0.00654700     0.18660191   0.00000000
    1    2
  0.00585053  -0.00631177    -0.00936937   0.00614218     0.01651885   0.02150624
 -0.00936937   0.00614218     0.00585053  -0.00631177     0.01651885   0.02150624
  0.01651885   0.02150624     0.01651885   0.02150624     0.01786812   0.00054517
    1    3
  0.01336315  -0.01033540    -0.02496487   0.01890002    -0.02694559  -0.04415142
 -0.02496487   0.01890002     0.01336315  -0.01033540    -0.02694559  -0.04415142
 -0.02403065  -0.03660231    -0.02403065  -0.03660231    -0.02613925  -0.00280187
    1    4
 -0.01173316  -0.00034104    -0.00219435  -0.00090713     0.00369767   0.01573888
 -0.00219435  -0.00090713    -0.01173316  -0.00034104     0.00369767   0.01573888
  0.00151404   0.01008232     0.00151404   0.01008232    -0.03679068  -0.00188154
    1    5
  0.00539727  -0.00360416     0.01265313  -0.00907688     0.00935363   0.01513552
  0.01265313  -0.00907688     0.00539727  -0.00360416     0.00935363   0.01513552
 -0.00378782  -0.00478855    -0.00378782  -0.00478855     0.03131783  -0.02020970
    1    6
  0.00294593  -0.01065207    -0.00107046   0.00351026     0.00279901   0.00210477
  0.00027330  -0.00256799     0.00048776  -0.00034493     0.00623237   0.00321216
  0.00268585   0.00192624    -0.00270991  -0.00152930     0.00860073  -0.01374845
    1    7
  0.00047878   0.00035730     0.00252675  -0.00053363    -0.00112903   0.00691995
 -0.00366925   0.00006666     0.01104106  -0.00048992    -0.00113682   0.00331243
  0.00061704  -0.00304986    -0.00100199   0.00314963     0.01573332   0.00393128
    2    1
  0.00585053   0.00631177    -0.00936937  -0.00614218     0.01651885  -0.02150624
 -0.00936937  -0.00614218     0.00585053   0.00631177     0.01651885  -0.02150624
  0.01651885  -0.02150624     0.01651885  -0.02150624     0.01786812  -0.00054517
    2    2
  0.09621329   0.00000000     0.00857725   0.00000000    -0.00053567  -0.00654700
  0.00857725   0.00000000     0.09621329   0.00000000    -0.00053567  -0.00654700
 -0.00053567   0.00654700    -0.00053567   0.00654700     0.18660191   0.00000000
    2    3
  0.01336315   0.01033540    -0.02496487  -0.01890002    -0.02694559   0.04415142
 -0.02496487  -0.01890002     0.01336315   0.01033540    -0.02694559   0.04415142
 -0.02403065   0.03660231    -0.02403065   0.03660231    -0.02613925   0.00280187
    2    4
  0.00539727   0.00360416     0.01265313   0.00907688     0.00935363  -0.01513552
  0.01265313   0.00907688     0.00539727   0.00360416     0.00935363  -0.01513552
 -0.00378782   0.00478855    -0.00378782   0.00478855     0.03131783   0.02020970
    2    5
 -0.01173316   0.00034104    -0.00219435   0.00090713     0.00369767  -0.01573888
 -0.00219435   0.00090713    -0.01173316   0.00034104     0.00369767  -0.01573888
  0.00151404  -0.01008232     0.00151404  -0.01008232    -0.03679068   0.00188154
    2    6
  0.01104106   0.00048992    -0.00366925  -0.00006666    -0.00113682  -0.00331243
  0.00252675   0.00053363     0.00047878  -0.00035730    -0.00112903  -0.00691995
 -0.00100199  -0.00314963     0.00061704   0.00304986     0.01573332  -0.00393128
    2    7
  0.00048776   0.00034493     0.00027330   0.00256799     0.00623237  -0.00321216
 -0.00107046  -0.00351026     0.00294593   0.01065207     0.00279901  -0.00210477
 -0.00270991   0.00152930     0.00268585  -0.00192624     0.00860073   0.01374845
    3    1
  0.01336315   0.01033540    -0.02496487  -0.01890002    -0.02403065   0.03660231
 -0.02496487  -0.01890002     0.01336315   0.01033540    -0.02403065   0.03660231
 -0.02694559   0.04415142    -0.02694559   0.04415142    -0.02613925   0.00280187
    3    2
  0.01336315  -0.01033540    -0.02496487   0.01890002    -0.02403065  -0.03660231
 -0.02496487   0.01890002     0.01336315  -0.01033540    -0.02403065  -0.03660231
 -0.02694559  -0.04415142    -0.02694559  -0.04415142    -0.02613925  -0.00280187
    3    3
  0.74669438   0.00000000     0.02374454   0.00000000    -0.00266616   0.00000000
  0.02374454   0.00000000     0.74669438   0.00000000    -0.00266616   0.00000000
 -0.00266616   0.00000000    -0.00266616   0.00000000     0.51289021   0.00000000
    3    4
 -0.06698194   0.00083706    -0.00356703  -0.00000623     0.00444137  -0.00477616
 -0.00356703  -0.00000623    -0.06698194   0.00083706     0.00444137  -0.00477616
  0.00508927  -0.01560435     0.00508927  -0.01560435    -0.13814699  -0.00994016
    3    5
 -0.06698194  -0.00083706    -0.00356703   0.00000623     0.00444137   0.00477616
 -0.00356703   0.00000623    -0.06698194  -0.00083706     0.00444137   0.00477616
  0.00508927   0.01560435     0.00508927   0.01560435    -0.13814699   0.00994016
    3    6
 -0.03354560   0.02437230     0.01990060  -0.01445863     0.00057794  -0.00041990
 -0.00091917   0.00066782    -0.34418171   0.25006265     0.00043019  -0.00031255
  0.00210453  -0.00152903    -0.00062281   0.00045250    -0.06444266   0.04682033
    3    7
 -0.34418171  -0.25006265    -0.00091917  -0.00066782     0.00043019   0.00031255
  0.01990060   0.01445863    -0.03354560  -0.02437230     0.00057794   0.00041990
 -0.00062281  -0.00045250     0.00210453   0.00152903    -0.06444266  -0.04682033
    4    1
 -0.01173316   0.00034104    -0.00219435   0.00090713     0.00151404  -0.01008232
 -0.00219435   0.00090713    -0.01173316   0.00034104     0.00151404  -0.01008232
  0.00369767  -0.01573888     0.00369767  -0.01573888    -0.03679068   0.00188154
    4    2
  0.00539727  -0.00360416     0.01265313  -0.00907688    -0.00378782  -0.00478855
  0.01265313  -0.00907688     0.00539727  -0.00360416    -0.00378782  -0.00478855
  0.00935363   0.01513552     0.00935363   0.01513552     0.03131783  -0.02020970
    4    3
 -0.06698194  -0.00083706    -0.00356703   0.00000623     0.00508927   0.01560435
 -0.00356703   0.00000623    -0.06698194  -0.00083706     0.00508927   0.01560435
  0.00444137   0.00477616     0.00444137   0.00477616    -0.13814699   0.00994016
    4    4
  0.08631662   0.00000000     0.01106354   0.00000000    -0.00154094  -0.00728888
  0.01106354   0.00000000     0.08631662   0.00000000    -0.00154094  -0.00728888
 -0.00154094   0.00728888    -0.00154094   0.00728888     0.29414449   0.00000000
    4    5
  0.01431648  -0.00148994    -0.00501527   0.00397162    -0.01057629  -0.01648615
 -0.00501527   0.00397162     0.01431648  -0.00148994    -0.01057629  -0.01648615
 -0.01057629  -0.01648615    -0.01057629  -0.01648615    -0.00620044  -0.01450060
    4    6
  0.00548582  -0.00325661    -0.00035378  -0.00010516    -0.00386829  -0.00392529
  0.00241901  -0.00149174    -0.00380634   0.00262921    -0.01765194  -0.02269629
 -0.00588694  -0.00068911    -0.00017976  -0.00145842    -0.00500559  -0.00199082
    4    7
 -0.00367675  -0.00280757     0.00216624   0.00183964     0.01613070  -0.02380153
 -0.00000931  -0.00036896     0.00479243   0.00421098     0.00253780  -0.00489194
  0.00133149  -0.00062164    -0.00116379  -0.00581176     0.00034657  -0.00537580
    5    1
  0.00539727   0.00360416     0.01265313   0.00907688    -0.00378782   0.00478855
  0.01265313   0.00907688     0.00539727   0.00360416    -0.00378782   0.00478855
  0.00935363  -0.01513552     0.00935363  -0.01513552     0.03131783   0.02020970
    5    2
 -0.01173316  -0.00034104    -0.00219435  -0.00090713     0.00151404   0.01008232
 -0.00219435  -0.00090713    -0.01173316  -0.00034104     0.00151404   0.01008232
  0.00369767   0.01573888     0.00369767   0.01573888    -0.03679068  -0.00188154
    5    3
 -0.06698194   0.00083706    -0.00356703  -0.00000623     0.00508927  -0.01560435
 -0.00356703  -0.00000623    -0.06698194   0.00083706     0.00508927  -0.01560435
  0.00444137  -0.00477616     0.00444137  -0.00477616    -0.13814699  -0.00994016
    5    4
  0.01431648   0.00148994    -0.00501527  -0.00397162    -0.01057629   0.01648615
 -0.00501527  -0.00397162     0.01431648   0.00148994    -0.01057629   0.01648615
 -0.01057629   0.01648615    -0.01057629   0.01648615    -0.00620044   0.01450060
    5    5
  0.08631662   0.00000000     0.01106354   0.00000000    -0.00154094   0.00728888
  0.01106354   0.00000000     0.08631662   0.00000000    -0.00154094   0.00728888
 -0.00154094  -0.00728888    -0.00154094  -0.00728888     0.29414449   0.00000000
    5    6
  0.00479243  -0.00421098    -0.00000931   0.00036896     0.00253780   0.00489194
  0.00216624  -0.00183964    -0.00367675   0.00280757     0.01613070   0.02380153
 -0.00116379   0.00581176     0.00133149   0.00062164     0.00034657   0.00537580
    5    7
 -0.00380634  -0.00262921     0.00241901   0.00149174    -0.01765194   0.02269629
 -0.00035378   0.00010516     0.00548582   0.00325661    -0.00386829   0.00392529
 -0.00017976   0.00145842    -0.00588694   0.00068911    -0.00500559   0.00199082
    6    1
  0.00294593   0.01065207     0.00027330   0.00256799     0.00268585  -0.00192624
 -0.00107046  -0.00351026     0.00048776   0.00034493    -0.00270991   0.00152930
  0.00279901  -0.00210477     0.00623237  -0.00321216     0.00860073   0.01374845
    6    2
  0.01104106  -0.00048992     0.00252675  -0.00053363    -0.00100199   0.00314963
 -0.00366925   0.00006666     0.00047878   0.00035730     0.00061704  -0.00304986
 -0.00113682   0.00331243    -0.00112903   0.00691995     0.01573332   0.00393128
    6    3
 -0.03354560  -0.02437230    -0.00091917  -0.00066782     0.00210453   0.00152903
  0.01990060   0.01445863    -0.34418171  -0.25006265    -0.00062281  -0.00045250
  0.00057794   0.00041990     0.00043019   0.00031255    -0.06444266  -0.04682033
    6    4
  0.00548582   0.00325661     0.00241901   0.00149174    -0.00588694   0.00068911
 -0.00035378   0.00010516    -0.00380634  -0.00262921    -0.00017976   0.00145842
 -0.00386829   0.00392529    -0.01765194   0.02269629    -0.00500559   0.00199082
    6    5
  0.00479243   0.00421098     0.00216624   0.00183964    -0.00116379  -0.00581176
 -0.00000931  -0.00036896    -0.00367675  -0.00280757     0.00133149  -0.00062164
  0.00253780  -0.00489194     0.01613070  -0.02380153     0.00034657  -0.00537580
    6    6
  0.10181157   0.00000000    -0.00760672   0.00000000    -0.00040868   0.00000000
 -0.00760672   0.00000000     0.58966546   0.00000000     0.00011671   0.00000000
 -0.00040868   0.00000000     0.00011671   0.00000000     0.10962429   0.00000000
    6    7
 -0.01005766  -0.03095428     0.00937520   0.02885389    -0.00009693  -0.00029833
  0.00414816   0.01276674    -0.01005766  -0.03095428     0.00008722   0.00026842
  0.00008722   0.00026842    -0.00009693  -0.00029833     0.00360057   0.01108140
    7    1
  0.00047878  -0.00035730    -0.00366925  -0.00006666     0.00061704   0.00304986
  0.00252675   0.00053363     0.01104106   0.00048992    -0.00100199  -0.00314963
 -0.00112903  -0.00691995    -0.00113682  -0.00331243     0.01573332  -0.00393128
    7    2
  0.00048776  -0.00034493    -0.00107046   0.00351026    -0.00270991  -0.00152930
  0.00027330  -0.00256799     0.00294593  -0.01065207     0.00268585   0.00192624
  0.00623237   0.00321216     0.00279901   0.00210477     0.00860073  -0.01374845
    7    3
 -0.34418171   0.25006265     0.01990060  -0.01445863    -0.00062281   0.00045250
 -0.00091917   0.00066782    -0.03354560   0.02437230     0.00210453  -0.00152903
  0.00043019  -0.00031255     0.00057794  -0.00041990    -0.06444266   0.04682033
    7    4
 -0.00367675   0.00280757    -0.00000931   0.00036896     0.00133149   0.00062164
  0.00216624  -0.00183964     0.00479243  -0.00421098    -0.00116379   0.00581176
  0.01613070   0.02380153     0.00253780   0.00489194     0.00034657   0.00537580
    7    5
 -0.00380634   0.00262921    -0.00035378  -0.00010516    -0.00017976  -0.00145842
  0.00241901  -0.00149174     0.00548582  -0.00325661    -0.00588694  -0.00068911
 -0.01765194  -0.02269629    -0.00386829  -0.00392529    -0.00500559  -0.00199082
    7    6
 -0.01005766   0.03095428     0.00414816  -0.01276674     0.00008722  -0.00026842
  0.00937520  -0.02885389    -0.01005766   0.03095428    -0.00009693   0.00029833
 -0.00009693   0.00029833     0.00008722  -0.00026842     0.00360057  -0.01108140
    7    7
  0.58966546   0.00000000    -0.00760672   0.00000000     0.00011671   0.00000000
 -0.00760672   0.00000000     0.10181157   0.00000000    -0.00040868   0.00000000
  0.00011671   0.00000000    -0.00040868   0.00000000     0.10962429   0.00000000

     Dynamical  Matrix in cartesian axes

     q = (    0.200000000  -0.200000000   0.242879598 ) 

    1    1
  0.09621329   0.00000000    -0.00857725   0.00000000     0.00053567  -0.00654700
 -0.00857725   0.00000000     0.09621329   0.00000000    -0.00053567   0.00654700
  0.00053567   0.00654700    -0.00053567  -0.00654700     0.18660191   0.00000000
    1    2
  0.00585053  -0.00631177     0.00936937  -0.00614218    -0.01651885  -0.02150624
  0.00936937  -0.00614218     0.00585053  -0.00631177     0.01651885   0.02150624
 -0.01651885  -0.02150624     0.01651885   0.02150624     0.01786812   0.00054517
    1    3
  0.01336315  -0.01033540     0.02496487  -0.01890002     0.02694559   0.04415142
  0.02496487  -0.01890002     0.01336315  -0.01033540    -0.02694559  -0.04415142
  0.02403065   0.03660231    -0.02403065  -0.03660231    -0.02613925  -0.00280187
    1    4
 -0.01173316  -0.00034104     0.00219435   0.00090713    -0.00369767  -0.01573888
  0.00219435   0.00090713    -0.01173316  -0.00034104     0.00369767   0.01573888
 -0.00151404  -0.01008232     0.00151404   0.01008232    -0.03679068  -0.00188154
    1    5
  0.00539727  -0.00360416    -0.01265313   0.00907688    -0.00935363  -0.01513552
 -0.01265313   0.00907688     0.00539727  -0.00360416     0.00935363   0.01513552
  0.00378782   0.00478855    -0.00378782  -0.00478855     0.03131783  -0.02020970
    1    6
  0.00294593  -0.01065207     0.00107046  -0.00351026    -0.00279901  -0.00210477
 -0.00027330   0.00256799     0.00048776  -0.00034493     0.00623237   0.00321216
 -0.00268585  -0.00192624    -0.00270991  -0.00152930     0.00860073  -0.01374845
    1    7
  0.00048776  -0.00034493    -0.00027330   0.00256799    -0.00623237  -0.00321216
  0.00107046  -0.00351026     0.00294593  -0.01065207     0.00279901   0.00210477
  0.00270991   0.00152930     0.00268585   0.00192624     0.00860073  -0.01374845
    2    1
  0.00585053   0.00631177     0.00936937   0.00614218    -0.01651885   0.02150624
  0.00936937   0.00614218     0.00585053   0.00631177     0.01651885  -0.02150624
 -0.01651885   0.02150624     0.01651885  -0.02150624     0.01786812  -0.00054517
    2    2
  0.09621329   0.00000000    -0.00857725   0.00000000     0.00053567   0.00654700
 -0.00857725   0.00000000     0.09621329   0.00000000    -0.00053567  -0.00654700
  0.00053567  -0.00654700    -0.00053567   0.00654700     0.18660191   0.00000000
    2    3
  0.01336315   0.01033540     0.02496487   0.01890002     0.02694559  -0.04415142
  0.02496487   0.01890002     0.01336315   0.01033540    -0.02694559   0.04415142
  0.02403065  -0.03660231    -0.02403065   0.03660231    -0.02613925   0.00280187
    2    4
  0.00539727   0.00360416    -0.01265313  -0.00907688    -0.00935363   0.01513552
 -0.01265313  -0.00907688     0.00539727   0.00360416     0.00935363  -0.01513552
  0.00378782  -0.00478855    -0.00378782   0.00478855     0.03131783   0.02020970
    2    5
 -0.01173316   0.00034104     0.00219435  -0.00090713    -0.00369767   0.01573888
  0.00219435  -0.00090713    -0.01173316   0.00034104     0.00369767  -0.01573888
 -0.00151404   0.01008232     0.00151404  -0.01008232    -0.03679068   0.00188154
    2    6
  0.01104106   0.00048992     0.00366925   0.00006666     0.00113682   0.00331243
 -0.00252675  -0.00053363     0.00047878  -0.00035730    -0.00112903  -0.00691995
  0.00100199   0.00314963     0.00061704   0.00304986     0.01573332  -0.00393128
    2    7
  0.00047878  -0.00035730    -0.00252675  -0.00053363     0.00112903   0.00691995
  0.00366925   0.00006666     0.01104106   0.00048992    -0.00113682  -0.00331243
 -0.00061704  -0.00304986    -0.00100199  -0.00314963     0.01573332  -0.00393128
    3    1
  0.01336315   0.01033540     0.02496487   0.01890002     0.02403065  -0.03660231
  0.02496487   0.01890002     0.01336315   0.01033540    -0.02403065   0.03660231
  0.02694559  -0.04415142    -0.02694559   0.04415142    -0.02613925   0.00280187
    3    2
  0.01336315  -0.01033540     0.02496487  -0.01890002     0.02403065   0.03660231
  0.02496487  -0.01890002     0.01336315  -0.01033540    -0.02403065  -0.03660231
  0.02694559   0.04415142    -0.02694559  -0.04415142    -0.02613925  -0.00280187
    3    3
  0.74669438   0.00000000    -0.02374454   0.00000000     0.00266616   0.00000000
 -0.02374454   0.00000000     0.74669438   0.00000000    -0.00266616   0.00000000
  0.00266616   0.00000000    -0.00266616   0.00000000     0.51289021   0.00000000
    3    4
 -0.06698194   0.00083706     0.00356703   0.00000623    -0.00444137   0.00477616
  0.00356703   0.00000623    -0.06698194   0.00083706     0.00444137  -0.00477616
 -0.00508927   0.01560435     0.00508927  -0.01560435    -0.13814699  -0.00994016
    3    5
 -0.06698194  -0.00083706     0.00356703  -0.00000623    -0.00444137  -0.00477616
  0.00356703  -0.00000623    -0.06698194  -0.00083706     0.00444137   0.00477616
 -0.00508927  -0.01560435     0.00508927   0.01560435    -0.13814699   0.00994016
    3    6
 -0.03354560   0.02437230    -0.01990060   0.01445863    -0.00057794   0.00041990
  0.00091917  -0.00066782    -0.34418171   0.25006265     0.00043019  -0.00031255
 -0.00210453   0.00152903    -0.00062281   0.00045250    -0.06444266   0.04682033
    3    7
 -0.34418171   0.25006265     0.00091917  -0.00066782    -0.00043019   0.00031255
 -0.01990060   0.01445863    -0.03354560   0.02437230     0.00057794  -0.00041990
  0.00062281  -0.00045250     0.00210453  -0.00152903    -0.06444266   0.04682033
    4    1
 -0.01173316   0.00034104     0.00219435  -0.00090713    -0.00151404   0.01008232
  0.00219435  -0.00090713    -0.01173316   0.00034104     0.00151404  -0.01008232
 -0.00369767   0.01573888     0.00369767  -0.01573888    -0.03679068   0.00188154
    4    2
  0.00539727  -0.00360416    -0.01265313   0.00907688     0.00378782   0.00478855
 -0.01265313   0.00907688     0.00539727  -0.00360416    -0.00378782  -0.00478855
 -0.00935363  -0.01513552     0.00935363   0.01513552     0.03131783  -0.02020970
    4    3
 -0.06698194  -0.00083706     0.00356703  -0.00000623    -0.00508927  -0.01560435
  0.00356703  -0.00000623    -0.06698194  -0.00083706     0.00508927   0.01560435
 -0.00444137  -0.00477616     0.00444137   0.00477616    -0.13814699   0.00994016
    4    4
  0.08631662   0.00000000    -0.01106354   0.00000000     0.00154094   0.00728888
 -0.01106354   0.00000000     0.08631662   0.00000000    -0.00154094  -0.00728888
  0.00154094  -0.00728888    -0.00154094   0.00728888     0.29414449   0.00000000
    4    5
  0.01431648  -0.00148994     0.00501527  -0.00397162     0.01057629   0.01648615
  0.00501527  -0.00397162     0.01431648  -0.00148994    -0.01057629  -0.01648615
  0.01057629   0.01648615    -0.01057629  -0.01648615    -0.00620044  -0.01450060
    4    6
  0.00548582  -0.00325661     0.00035378   0.00010516     0.00386829   0.00392529
 -0.00241901   0.00149174    -0.00380634   0.00262921    -0.01765194  -0.02269629
  0.00588694   0.00068911    -0.00017976  -0.00145842    -0.00500559  -0.00199082
    4    7
 -0.00380634   0.00262921    -0.00241901   0.00149174     0.01765194   0.02269629
  0.00035378   0.00010516     0.00548582  -0.00325661    -0.00386829  -0.00392529
  0.00017976   0.00145842    -0.00588694  -0.00068911    -0.00500559  -0.00199082
    5    1
  0.00539727   0.00360416    -0.01265313  -0.00907688     0.00378782  -0.00478855
 -0.01265313  -0.00907688     0.00539727   0.00360416    -0.00378782   0.00478855
 -0.00935363   0.01513552     0.00935363  -0.01513552     0.03131783   0.02020970
    5    2
 -0.01173316  -0.00034104     0.00219435   0.00090713    -0.00151404  -0.01008232
  0.00219435   0.00090713    -0.01173316  -0.00034104     0.00151404   0.01008232
 -0.00369767  -0.01573888     0.00369767   0.01573888    -0.03679068  -0.00188154
    5    3
 -0.06698194   0.00083706     0.00356703   0.00000623    -0.00508927   0.01560435
  0.00356703   0.00000623    -0.06698194   0.00083706     0.00508927  -0.01560435
 -0.00444137   0.00477616     0.00444137  -0.00477616    -0.13814699  -0.00994016
    5    4
  0.01431648   0.00148994     0.00501527   0.00397162     0.01057629  -0.01648615
  0.00501527   0.00397162     0.01431648   0.00148994    -0.01057629   0.01648615
  0.01057629  -0.01648615    -0.01057629   0.01648615    -0.00620044   0.01450060
    5    5
  0.08631662   0.00000000    -0.01106354   0.00000000     0.00154094  -0.00728888
 -0.01106354   0.00000000     0.08631662   0.00000000    -0.00154094   0.00728888
  0.00154094   0.00728888    -0.00154094  -0.00728888     0.29414449   0.00000000
    5    6
  0.00479243  -0.00421098     0.00000931  -0.00036896    -0.00253780  -0.00489194
 -0.00216624   0.00183964    -0.00367675   0.00280757     0.01613070   0.02380153
  0.00116379  -0.00581176     0.00133149   0.00062164     0.00034657   0.00537580
    5    7
 -0.00367675   0.00280757    -0.00216624   0.00183964    -0.01613070  -0.02380153
  0.00000931  -0.00036896     0.00479243  -0.00421098     0.00253780   0.00489194
 -0.00133149  -0.00062164    -0.00116379   0.00581176     0.00034657   0.00537580
    6    1
  0.00294593   0.01065207    -0.00027330  -0.00256799    -0.00268585   0.00192624
  0.00107046   0.00351026     0.00048776   0.00034493    -0.00270991   0.00152930
 -0.00279901   0.00210477     0.00623237  -0.00321216     0.00860073   0.01374845
    6    2
  0.01104106  -0.00048992    -0.00252675   0.00053363     0.00100199  -0.00314963
  0.00366925  -0.00006666     0.00047878   0.00035730     0.00061704  -0.00304986
  0.00113682  -0.00331243    -0.00112903   0.00691995     0.01573332   0.00393128
    6    3
 -0.03354560  -0.02437230     0.00091917   0.00066782    -0.00210453  -0.00152903
 -0.01990060  -0.01445863    -0.34418171  -0.25006265    -0.00062281  -0.00045250
 -0.00057794  -0.00041990     0.00043019   0.00031255    -0.06444266  -0.04682033
    6    4
  0.00548582   0.00325661    -0.00241901  -0.00149174     0.00588694  -0.00068911
  0.00035378  -0.00010516    -0.00380634  -0.00262921    -0.00017976   0.00145842
  0.00386829  -0.00392529    -0.01765194   0.02269629    -0.00500559   0.00199082
    6    5
  0.00479243   0.00421098    -0.00216624  -0.00183964     0.00116379   0.00581176
  0.00000931   0.00036896    -0.00367675  -0.00280757     0.00133149  -0.00062164
 -0.00253780   0.00489194     0.01613070  -0.02380153     0.00034657  -0.00537580
    6    6
  0.10181157   0.00000000     0.00760672   0.00000000     0.00040868   0.00000000
  0.00760672   0.00000000     0.58966546   0.00000000     0.00011671   0.00000000
  0.00040868   0.00000000     0.00011671   0.00000000     0.10962429   0.00000000
    6    7
 -0.03254726   0.00000000    -0.03033877   0.00000000     0.00031368   0.00000000
 -0.01342374   0.00000000    -0.03254726   0.00000000     0.00028224   0.00000000
 -0.00028224   0.00000000    -0.00031368   0.00000000     0.01165168   0.00000000
    7    1
  0.00048776   0.00034493     0.00107046   0.00351026     0.00270991  -0.00152930
 -0.00027330  -0.00256799     0.00294593   0.01065207     0.00268585  -0.00192624
 -0.00623237   0.00321216     0.00279901  -0.00210477     0.00860073   0.01374845
    7    2
  0.00047878   0.00035730     0.00366925  -0.00006666    -0.00061704   0.00304986
 -0.00252675   0.00053363     0.01104106  -0.00048992    -0.00100199   0.00314963
  0.00112903  -0.00691995    -0.00113682   0.00331243     0.01573332   0.00393128
    7    3
 -0.34418171  -0.25006265    -0.01990060  -0.01445863     0.00062281   0.00045250
  0.00091917   0.00066782    -0.03354560  -0.02437230     0.00210453   0.00152903
 -0.00043019  -0.00031255     0.00057794   0.00041990    -0.06444266  -0.04682033
    7    4
 -0.00380634  -0.00262921     0.00035378  -0.00010516     0.00017976  -0.00145842
 -0.00241901  -0.00149174     0.00548582   0.00325661    -0.00588694   0.00068911
  0.01765194  -0.02269629    -0.00386829   0.00392529    -0.00500559   0.00199082
    7    5
 -0.00367675  -0.00280757     0.00000931   0.00036896    -0.00133149   0.00062164
 -0.00216624  -0.00183964     0.00479243   0.00421098    -0.00116379  -0.00581176
 -0.01613070   0.02380153     0.00253780  -0.00489194     0.00034657  -0.00537580
    7    6
 -0.03254726   0.00000000    -0.01342374   0.00000000    -0.00028224   0.00000000
 -0.03033877   0.00000000    -0.03254726   0.00000000    -0.00031368   0.00000000
  0.00031368   0.00000000     0.00028224   0.00000000     0.01165168   0.00000000
    7    7
  0.58966546   0.00000000     0.00760672   0.00000000    -0.00011671   0.00000000
  0.00760672   0.00000000     0.10181157   0.00000000    -0.00040868   0.00000000
 -0.00011671   0.00000000    -0.00040868   0.00000000     0.10962429   0.00000000

     Dynamical  Matrix in cartesian axes

     q = (    0.200000000  -0.200000000  -0.242879598 ) 

    1    1
  0.09621329   0.00000000    -0.00857725   0.00000000    -0.00053567  -0.00654700
 -0.00857725   0.00000000     0.09621329   0.00000000     0.00053567   0.00654700
 -0.00053567   0.00654700     0.00053567  -0.00654700     0.18660191   0.00000000
    1    2
  0.00585053   0.00631177     0.00936937   0.00614218     0.01651885  -0.02150624
  0.00936937   0.00614218     0.00585053   0.00631177    -0.01651885   0.02150624
  0.01651885  -0.02150624    -0.01651885   0.02150624     0.01786812  -0.00054517
    1    3
  0.01336315   0.01033540     0.02496487   0.01890002    -0.02694559   0.04415142
  0.02496487   0.01890002     0.01336315   0.01033540     0.02694559  -0.04415142
 -0.02403065   0.03660231     0.02403065  -0.03660231    -0.02613925   0.00280187
    1    4
 -0.01173316   0.00034104     0.00219435  -0.00090713     0.00369767  -0.01573888
  0.00219435  -0.00090713    -0.01173316   0.00034104    -0.00369767   0.01573888
  0.00151404  -0.01008232    -0.00151404   0.01008232    -0.03679068   0.00188154
    1    5
  0.00539727   0.00360416    -0.01265313  -0.00907688     0.00935363  -0.01513552
 -0.01265313  -0.00907688     0.00539727   0.00360416    -0.00935363   0.01513552
 -0.00378782   0.00478855     0.00378782  -0.00478855     0.03131783   0.02020970
    1    6
  0.01104106   0.00048992     0.00366925   0.00006666    -0.00113682  -0.00331243
 -0.00252675  -0.00053363     0.00047878  -0.00035730     0.00112903   0.00691995
 -0.00100199  -0.00314963    -0.00061704  -0.00304986     0.01573332  -0.00393128
    1    7
  0.00047878  -0.00035730    -0.00252675  -0.00053363    -0.00112903  -0.00691995
  0.00366925   0.00006666     0.01104106   0.00048992     0.00113682   0.00331243
  0.00061704   0.00304986     0.00100199   0.00314963     0.01573332  -0.00393128
    2    1
  0.00585053  -0.00631177     0.00936937  -0.00614218     0.01651885   0.02150624
  0.00936937  -0.00614218     0.00585053  -0.00631177    -0.01651885  -0.02150624
  0.01651885   0.02150624    -0.01651885  -0.02150624     0.01786812   0.00054517
    2    2
  0.09621329   0.00000000    -0.00857725   0.00000000    -0.00053567   0.00654700
 -0.00857725   0.00000000     0.09621329   0.00000000     0.00053567  -0.00654700
 -0.00053567  -0.00654700     0.00053567   0.00654700     0.18660191   0.00000000
    2    3
  0.01336315  -0.01033540     0.02496487  -0.01890002    -0.02694559  -0.04415142
  0.02496487  -0.01890002     0.01336315  -0.01033540     0.02694559   0.04415142
 -0.02403065  -0.03660231     0.02403065   0.03660231    -0.02613925  -0.00280187
    2    4
  0.00539727  -0.00360416    -0.01265313   0.00907688     0.00935363   0.01513552
 -0.01265313   0.00907688     0.00539727  -0.00360416    -0.00935363  -0.01513552
 -0.00378782  -0.00478855     0.00378782   0.00478855     0.03131783  -0.02020970
    2    5
 -0.01173316  -0.00034104     0.00219435   0.00090713     0.00369767   0.01573888
  0.00219435   0.00090713    -0.01173316  -0.00034104    -0.00369767  -0.01573888
  0.00151404   0.01008232    -0.00151404  -0.01008232    -0.03679068  -0.00188154
    2    6
  0.00294593  -0.01065207     0.00107046  -0.00351026     0.00279901   0.00210477
 -0.00027330   0.00256799     0.00048776  -0.00034493    -0.00623237  -0.00321216
  0.00268585   0.00192624     0.00270991   0.00152930     0.00860073  -0.01374845
    2    7
  0.00048776  -0.00034493    -0.00027330   0.00256799     0.00623237   0.00321216
  0.00107046  -0.00351026     0.00294593  -0.01065207    -0.00279901  -0.00210477
 -0.00270991  -0.00152930    -0.00268585  -0.00192624     0.00860073  -0.01374845
    3    1
  0.01336315  -0.01033540     0.02496487  -0.01890002    -0.02403065  -0.03660231
  0.02496487  -0.01890002     0.01336315  -0.01033540     0.02403065   0.03660231
 -0.02694559  -0.04415142     0.02694559   0.04415142    -0.02613925  -0.00280187
    3    2
  0.01336315   0.01033540     0.02496487   0.01890002    -0.02403065   0.03660231
  0.02496487   0.01890002     0.01336315   0.01033540     0.02403065  -0.03660231
 -0.02694559   0.04415142     0.02694559  -0.04415142    -0.02613925   0.00280187
    3    3
  0.74669438   0.00000000    -0.02374454   0.00000000    -0.00266616   0.00000000
 -0.02374454   0.00000000     0.74669438   0.00000000     0.00266616   0.00000000
 -0.00266616   0.00000000     0.00266616   0.00000000     0.51289021   0.00000000
    3    4
 -0.06698194  -0.00083706     0.00356703  -0.00000623     0.00444137   0.00477616
  0.00356703  -0.00000623    -0.06698194  -0.00083706    -0.00444137  -0.00477616
  0.00508927   0.01560435    -0.00508927  -0.01560435    -0.13814699   0.00994016
    3    5
 -0.06698194   0.00083706     0.00356703   0.00000623     0.00444137  -0.00477616
  0.00356703   0.00000623    -0.06698194   0.00083706    -0.00444137   0.00477616
  0.00508927  -0.01560435    -0.00508927   0.01560435    -0.13814699  -0.00994016
    3    6
 -0.03354560   0.02437230    -0.01990060   0.01445863     0.00057794  -0.00041990
  0.00091917  -0.00066782    -0.34418171   0.25006265    -0.00043019   0.00031255
  0.00210453  -0.00152903     0.00062281  -0.00045250    -0.06444266   0.04682033
    3    7
 -0.34418171   0.25006265     0.00091917  -0.00066782     0.00043019  -0.00031255
 -0.01990060   0.01445863    -0.03354560   0.02437230    -0.00057794   0.00041990
 -0.00062281   0.00045250    -0.00210453   0.00152903    -0.06444266   0.04682033
    4    1
 -0.01173316  -0.00034104     0.00219435   0.00090713     0.00151404   0.01008232
  0.00219435   0.00090713    -0.01173316  -0.00034104    -0.00151404  -0.01008232
  0.00369767   0.01573888    -0.00369767  -0.01573888    -0.03679068  -0.00188154
    4    2
  0.00539727   0.00360416    -0.01265313  -0.00907688    -0.00378782   0.00478855
 -0.01265313  -0.00907688     0.00539727   0.00360416     0.00378782  -0.00478855
  0.00935363  -0.01513552    -0.00935363   0.01513552     0.03131783   0.02020970
    4    3
 -0.06698194   0.00083706     0.00356703   0.00000623     0.00508927  -0.01560435
  0.00356703   0.00000623    -0.06698194   0.00083706    -0.00508927   0.01560435
  0.00444137  -0.00477616    -0.00444137   0.00477616    -0.13814699  -0.00994016
    4    4
  0.08631662   0.00000000    -0.01106354   0.00000000    -0.00154094   0.00728888
 -0.01106354   0.00000000     0.08631662   0.00000000     0.00154094  -0.00728888
 -0.00154094  -0.00728888     0.00154094   0.00728888     0.29414449   0.00000000
    4    5
  0.01431648   0.00148994     0.00501527   0.00397162    -0.01057629   0.01648615
  0.00501527   0.00397162     0.01431648   0.00148994     0.01057629  -0.01648615
 -0.01057629   0.01648615     0.01057629  -0.01648615    -0.00620044   0.01450060
    4    6
  0.00479243  -0.00421098     0.00000931  -0.00036896     0.00253780   0.00489194
 -0.00216624   0.00183964    -0.00367675   0.00280757    -0.01613070  -0.02380153
 -0.00116379   0.00581176    -0.00133149  -0.00062164     0.00034657   0.00537580
    4    7
 -0.00367675   0.00280757    -0.00216624   0.00183964     0.01613070   0.02380153
  0.00000931  -0.00036896     0.00479243  -0.00421098    -0.00253780  -0.00489194
  0.00133149   0.00062164     0.00116379  -0.00581176     0.00034657   0.00537580
    5    1
  0.00539727  -0.00360416    -0.01265313   0.00907688    -0.00378782  -0.00478855
 -0.01265313   0.00907688     0.00539727  -0.00360416     0.00378782   0.00478855
  0.00935363   0.01513552    -0.00935363  -0.01513552     0.03131783  -0.02020970
    5    2
 -0.01173316   0.00034104     0.00219435  -0.00090713     0.00151404  -0.01008232
  0.00219435  -0.00090713    -0.01173316   0.00034104    -0.00151404   0.01008232
  0.00369767  -0.01573888    -0.00369767   0.01573888    -0.03679068   0.00188154
    5    3
 -0.06698194  -0.00083706     0.00356703  -0.00000623     0.00508927   0.01560435
  0.00356703  -0.00000623    -0.06698194  -0.00083706    -0.00508927  -0.01560435
  0.00444137   0.00477616    -0.00444137  -0.00477616    -0.13814699   0.00994016
    5    4
  0.01431648  -0.00148994     0.00501527  -0.00397162    -0.01057629  -0.01648615
  0.00501527  -0.00397162     0.01431648  -0.00148994     0.01057629   0.01648615
 -0.01057629  -0.01648615     0.01057629   0.01648615    -0.00620044  -0.01450060
    5    5
  0.08631662   0.00000000    -0.01106354   0.00000000    -0.00154094  -0.00728888
 -0.01106354   0.00000000     0.08631662   0.00000000     0.00154094   0.00728888
 -0.00154094   0.00728888     0.00154094  -0.00728888     0.29414449   0.00000000
    5    6
  0.00548582  -0.00325661     0.00035378   0.00010516    -0.00386829  -0.00392529
 -0.00241901   0.00149174    -0.00380634   0.00262921     0.01765194   0.02269629
 -0.00588694  -0.00068911     0.00017976   0.00145842    -0.00500559  -0.00199082
    5    7
 -0.00380634   0.00262921    -0.00241901   0.00149174    -0.01765194  -0.02269629
  0.00035378   0.00010516     0.00548582  -0.00325661     0.00386829   0.00392529
 -0.00017976  -0.00145842     0.00588694   0.00068911    -0.00500559  -0.00199082
    6    1
  0.01104106  -0.00048992    -0.00252675   0.00053363    -0.00100199   0.00314963
  0.00366925  -0.00006666     0.00047878   0.00035730    -0.00061704   0.00304986
 -0.00113682   0.00331243     0.00112903  -0.00691995     0.01573332   0.00393128
    6    2
  0.00294593   0.01065207    -0.00027330  -0.00256799     0.00268585  -0.00192624
  0.00107046   0.00351026     0.00048776   0.00034493     0.00270991  -0.00152930
  0.00279901  -0.00210477    -0.00623237   0.00321216     0.00860073   0.01374845
    6    3
 -0.03354560  -0.02437230     0.00091917   0.00066782     0.00210453   0.00152903
 -0.01990060  -0.01445863    -0.34418171  -0.25006265     0.00062281   0.00045250
  0.00057794   0.00041990    -0.00043019  -0.00031255    -0.06444266  -0.04682033
    6    4
  0.00479243   0.00421098    -0.00216624  -0.00183964    -0.00116379  -0.00581176
  0.00000931   0.00036896    -0.00367675  -0.00280757    -0.00133149   0.00062164
  0.00253780  -0.00489194    -0.01613070   0.02380153     0.00034657  -0.00537580
    6    5
  0.00548582   0.00325661    -0.00241901  -0.00149174    -0.00588694   0.00068911
  0.00035378  -0.00010516    -0.00380634  -0.00262921     0.00017976  -0.00145842
 -0.00386829   0.00392529     0.01765194  -0.02269629    -0.00500559   0.00199082
    6    6
  0.10181157   0.00000000     0.00760672   0.00000000    -0.00040868   0.00000000
  0.00760672   0.00000000     0.58966546   0.00000000    -0.00011671   0.00000000
 -0.00040868   0.00000000    -0.00011671   0.00000000     0.10962429   0.00000000
    6    7
 -0.03254726   0.00000000    -0.03033877   0.00000000    -0.00031368   0.00000000
 -0.01342374   0.00000000    -0.03254726   0.00000000    -0.00028224   0.00000000
  0.00028224   0.00000000     0.00031368   0.00000000     0.01165168   0.00000000
    7    1
  0.00047878   0.00035730     0.00366925  -0.00006666     0.00061704  -0.00304986
 -0.00252675   0.00053363     0.01104106  -0.00048992     0.00100199  -0.00314963
 -0.00112903   0.00691995     0.00113682  -0.00331243     0.01573332   0.00393128
    7    2
  0.00048776   0.00034493     0.00107046   0.00351026    -0.00270991   0.00152930
 -0.00027330  -0.00256799     0.00294593   0.01065207    -0.00268585   0.00192624
  0.00623237  -0.00321216    -0.00279901   0.00210477     0.00860073   0.01374845
    7    3
 -0.34418171  -0.25006265    -0.01990060  -0.01445863    -0.00062281  -0.00045250
  0.00091917   0.00066782    -0.03354560  -0.02437230    -0.00210453  -0.00152903
  0.00043019   0.00031255    -0.00057794  -0.00041990    -0.06444266  -0.04682033
    7    4
 -0.00367675  -0.00280757     0.00000931   0.00036896     0.00133149  -0.00062164
 -0.00216624  -0.00183964     0.00479243   0.00421098     0.00116379   0.00581176
  0.01613070  -0.02380153    -0.00253780   0.00489194     0.00034657  -0.00537580
    7    5
 -0.00380634  -0.00262921     0.00035378  -0.00010516    -0.00017976   0.00145842
 -0.00241901  -0.00149174     0.00548582   0.00325661     0.00588694  -0.00068911
 -0.01765194   0.02269629     0.00386829  -0.00392529    -0.00500559   0.00199082
    7    6
 -0.03254726   0.00000000    -0.01342374   0.00000000     0.00028224   0.00000000
 -0.03033877   0.00000000    -0.03254726   0.00000000     0.00031368   0.00000000
 -0.00031368   0.00000000    -0.00028224   0.00000000     0.01165168   0.00000000
    7    7
  0.58966546   0.00000000     0.00760672   0.00000000     0.00011671   0.00000000
  0.00760672   0.00000000     0.10181157   0.00000000     0.00040868   0.00000000
  0.00011671   0.00000000     0.00040868   0.00000000     0.10962429   0.00000000

     Dynamical  Matrix in cartesian axes

     q = (    0.200000000   0.200000000  -0.242879598 ) 

    1    1
  0.09621329   0.00000000     0.00857725   0.00000000    -0.00053567  -0.00654700
  0.00857725   0.00000000     0.09621329   0.00000000    -0.00053567  -0.00654700
 -0.00053567   0.00654700    -0.00053567   0.00654700     0.18660191   0.00000000
    1    2
  0.00585053   0.00631177    -0.00936937  -0.00614218     0.01651885  -0.02150624
 -0.00936937  -0.00614218     0.00585053   0.00631177     0.01651885  -0.02150624
  0.01651885  -0.02150624     0.01651885  -0.02150624     0.01786812  -0.00054517
    1    3
  0.01336315   0.01033540    -0.02496487  -0.01890002    -0.02694559   0.04415142
 -0.02496487  -0.01890002     0.01336315   0.01033540    -0.02694559   0.04415142
 -0.02403065   0.03660231    -0.02403065   0.03660231    -0.02613925   0.00280187
    1    4
 -0.01173316   0.00034104    -0.00219435   0.00090713     0.00369767  -0.01573888
 -0.00219435   0.00090713    -0.01173316   0.00034104     0.00369767  -0.01573888
  0.00151404  -0.01008232     0.00151404  -0.01008232    -0.03679068   0.00188154
    1    5
  0.00539727   0.00360416     0.01265313   0.00907688     0.00935363  -0.01513552
  0.01265313   0.00907688     0.00539727   0.00360416     0.00935363  -0.01513552
 -0.00378782   0.00478855    -0.00378782   0.00478855     0.03131783   0.02020970
    1    6
  0.00294593   0.01065207    -0.00107046  -0.00351026     0.00279901  -0.00210477
  0.00027330   0.00256799     0.00048776   0.00034493     0.00623237  -0.00321216
  0.00268585  -0.00192624    -0.00270991   0.00152930     0.00860073   0.01374845
    1    7
  0.00047878  -0.00035730     0.00252675   0.00053363    -0.00112903  -0.00691995
 -0.00366925  -0.00006666     0.01104106   0.00048992    -0.00113682  -0.00331243
  0.00061704   0.00304986    -0.00100199  -0.00314963     0.01573332  -0.00393128
    2    1
  0.00585053  -0.00631177    -0.00936937   0.00614218     0.01651885   0.02150624
 -0.00936937   0.00614218     0.00585053  -0.00631177     0.01651885   0.02150624
  0.01651885   0.02150624     0.01651885   0.02150624     0.01786812   0.00054517
    2    2
  0.09621329   0.00000000     0.00857725   0.00000000    -0.00053567   0.00654700
  0.00857725   0.00000000     0.09621329   0.00000000    -0.00053567   0.00654700
 -0.00053567  -0.00654700    -0.00053567  -0.00654700     0.18660191   0.00000000
    2    3
  0.01336315  -0.01033540    -0.02496487   0.01890002    -0.02694559  -0.04415142
 -0.02496487   0.01890002     0.01336315  -0.01033540    -0.02694559  -0.04415142
 -0.02403065  -0.03660231    -0.02403065  -0.03660231    -0.02613925  -0.00280187
    2    4
  0.00539727  -0.00360416     0.01265313  -0.00907688     0.00935363   0.01513552
  0.01265313  -0.00907688     0.00539727  -0.00360416     0.00935363   0.01513552
 -0.00378782  -0.00478855    -0.00378782  -0.00478855     0.03131783  -0.02020970
    2    5
 -0.01173316  -0.00034104    -0.00219435  -0.00090713     0.00369767   0.01573888
 -0.00219435  -0.00090713    -0.01173316  -0.00034104     0.00369767   0.01573888
  0.00151404   0.01008232     0.00151404   0.01008232    -0.03679068  -0.00188154
    2    6
  0.01104106  -0.00048992    -0.00366925   0.00006666    -0.00113682   0.00331243
  0.00252675  -0.00053363     0.00047878   0.00035730    -0.00112903   0.00691995
 -0.00100199   0.00314963     0.00061704  -0.00304986     0.01573332   0.00393128
    2    7
  0.00048776  -0.00034493     0.00027330  -0.00256799     0.00623237   0.00321216
 -0.00107046   0.00351026     0.00294593  -0.01065207     0.00279901   0.00210477
 -0.00270991  -0.00152930     0.00268585   0.00192624     0.00860073  -0.01374845
    3    1
  0.01336315  -0.01033540    -0.02496487   0.01890002    -0.02403065  -0.03660231
 -0.02496487   0.01890002     0.01336315  -0.01033540    -0.02403065  -0.03660231
 -0.02694559  -0.04415142    -0.02694559  -0.04415142    -0.02613925  -0.00280187
    3    2
  0.01336315   0.01033540    -0.02496487  -0.01890002    -0.02403065   0.03660231
 -0.02496487  -0.01890002     0.01336315   0.01033540    -0.02403065   0.03660231
 -0.02694559   0.04415142    -0.02694559   0.04415142    -0.02613925   0.00280187
    3    3
  0.74669438   0.00000000     0.02374454   0.00000000    -0.00266616   0.00000000
  0.02374454   0.00000000     0.74669438   0.00000000    -0.00266616   0.00000000
 -0.00266616   0.00000000    -0.00266616   0.00000000     0.51289021   0.00000000
    3    4
 -0.06698194  -0.00083706    -0.00356703   0.00000623     0.00444137   0.00477616
 -0.00356703   0.00000623    -0.06698194  -0.00083706     0.00444137   0.00477616
  0.00508927   0.01560435     0.00508927   0.01560435    -0.13814699   0.00994016
    3    5
 -0.06698194   0.00083706    -0.00356703  -0.00000623     0.00444137  -0.00477616
 -0.00356703  -0.00000623    -0.06698194   0.00083706     0.00444137  -0.00477616
  0.00508927  -0.01560435     0.00508927  -0.01560435    -0.13814699  -0.00994016
    3    6
 -0.03354560  -0.02437230     0.01990060   0.01445863     0.00057794   0.00041990
 -0.00091917  -0.00066782    -0.34418171  -0.25006265     0.00043019   0.00031255
  0.00210453   0.00152903    -0.00062281  -0.00045250    -0.06444266  -0.04682033
    3    7
 -0.34418171   0.25006265    -0.00091917   0.00066782     0.00043019  -0.00031255
  0.01990060  -0.01445863    -0.03354560   0.02437230     0.00057794  -0.00041990
 -0.00062281   0.00045250     0.00210453  -0.00152903    -0.06444266   0.04682033
    4    1
 -0.01173316  -0.00034104    -0.00219435  -0.00090713     0.00151404   0.01008232
 -0.00219435  -0.00090713    -0.01173316  -0.00034104     0.00151404   0.01008232
  0.00369767   0.01573888     0.00369767   0.01573888    -0.03679068  -0.00188154
    4    2
  0.00539727   0.00360416     0.01265313   0.00907688    -0.00378782   0.00478855
  0.01265313   0.00907688     0.00539727   0.00360416    -0.00378782   0.00478855
  0.00935363  -0.01513552     0.00935363  -0.01513552     0.03131783   0.02020970
    4    3
 -0.06698194   0.00083706    -0.00356703  -0.00000623     0.00508927  -0.01560435
 -0.00356703  -0.00000623    -0.06698194   0.00083706     0.00508927  -0.01560435
  0.00444137  -0.00477616     0.00444137  -0.00477616    -0.13814699  -0.00994016
    4    4
  0.08631662   0.00000000     0.01106354   0.00000000    -0.00154094   0.00728888
  0.01106354   0.00000000     0.08631662   0.00000000    -0.00154094   0.00728888
 -0.00154094  -0.00728888    -0.00154094  -0.00728888     0.29414449   0.00000000
    4    5
  0.01431648   0.00148994    -0.00501527  -0.00397162    -0.01057629   0.01648615
 -0.00501527  -0.00397162     0.01431648   0.00148994    -0.01057629   0.01648615
 -0.01057629   0.01648615    -0.01057629   0.01648615    -0.00620044   0.01450060
    4    6
  0.00548582   0.00325661    -0.00035378   0.00010516    -0.00386829   0.00392529
  0.00241901   0.00149174    -0.00380634  -0.00262921    -0.01765194   0.02269629
 -0.00588694   0.00068911    -0.00017976   0.00145842    -0.00500559   0.00199082
    4    7
 -0.00367675   0.00280757     0.00216624  -0.00183964     0.01613070   0.02380153
 -0.00000931   0.00036896     0.00479243  -0.00421098     0.00253780   0.00489194
  0.00133149   0.00062164    -0.00116379   0.00581176     0.00034657   0.00537580
    5    1
  0.00539727  -0.00360416     0.01265313  -0.00907688    -0.00378782  -0.00478855
  0.01265313  -0.00907688     0.00539727  -0.00360416    -0.00378782  -0.00478855
  0.00935363   0.01513552     0.00935363   0.01513552     0.03131783  -0.02020970
    5    2
 -0.01173316   0.00034104    -0.00219435   0.00090713     0.00151404  -0.01008232
 -0.00219435   0.00090713    -0.01173316   0.00034104     0.00151404  -0.01008232
  0.00369767  -0.01573888     0.00369767  -0.01573888    -0.03679068   0.00188154
    5    3
 -0.06698194  -0.00083706    -0.00356703   0.00000623     0.00508927   0.01560435
 -0.00356703   0.00000623    -0.06698194  -0.00083706     0.00508927   0.01560435
  0.00444137   0.00477616     0.00444137   0.00477616    -0.13814699   0.00994016
    5    4
  0.01431648  -0.00148994    -0.00501527   0.00397162    -0.01057629  -0.01648615
 -0.00501527   0.00397162     0.01431648  -0.00148994    -0.01057629  -0.01648615
 -0.01057629  -0.01648615    -0.01057629  -0.01648615    -0.00620044  -0.01450060
    5    5
  0.08631662   0.00000000     0.01106354   0.00000000    -0.00154094  -0.00728888
  0.01106354   0.00000000     0.08631662   0.00000000    -0.00154094  -0.00728888
 -0.00154094   0.00728888    -0.00154094   0.00728888     0.29414449   0.00000000
    5    6
  0.00479243   0.00421098    -0.00000931  -0.00036896     0.00253780  -0.00489194
  0.00216624   0.00183964    -0.00367675  -0.00280757     0.01613070  -0.02380153
 -0.00116379  -0.00581176     0.00133149  -0.00062164     0.00034657  -0.00537580
    5    7
 -0.00380634   0.00262921     0.00241901  -0.00149174    -0.01765194  -0.02269629
 -0.00035378  -0.00010516     0.00548582  -0.00325661    -0.00386829  -0.00392529
 -0.00017976  -0.00145842    -0.00588694  -0.00068911    -0.00500559  -0.00199082
    6    1
  0.00294593  -0.01065207     0.00027330  -0.00256799     0.00268585   0.00192624
 -0.00107046   0.00351026     0.00048776  -0.00034493    -0.00270991  -0.00152930
  0.00279901   0.00210477     0.00623237   0.00321216     0.00860073  -0.01374845
    6    2
  0.01104106   0.00048992     0.00252675   0.00053363    -0.00100199  -0.00314963
 -0.00366925  -0.00006666     0.00047878  -0.00035730     0.00061704   0.00304986
 -0.00113682  -0.00331243    -0.00112903  -0.00691995     0.01573332  -0.00393128
    6    3
 -0.03354560   0.02437230    -0.00091917   0.00066782     0.00210453  -0.00152903
  0.01990060  -0.01445863    -0.34418171   0.25006265    -0.00062281   0.00045250
  0.00057794  -0.00041990     0.00043019  -0.00031255    -0.06444266   0.04682033
    6    4
  0.00548582  -0.00325661     0.00241901  -0.00149174    -0.00588694  -0.00068911
 -0.00035378  -0.00010516    -0.00380634   0.00262921    -0.00017976  -0.00145842
 -0.00386829  -0.00392529    -0.01765194  -0.02269629    -0.00500559  -0.00199082
    6    5
  0.00479243  -0.00421098     0.00216624  -0.00183964    -0.00116379   0.00581176
 -0.00000931   0.00036896    -0.00367675   0.00280757     0.00133149   0.00062164
  0.00253780   0.00489194     0.01613070   0.02380153     0.00034657   0.00537580
    6    6
  0.10181157   0.00000000    -0.00760672   0.00000000    -0.00040868   0.00000000
 -0.00760672   0.00000000     0.58966546   0.00000000     0.00011671   0.00000000
 -0.00040868   0.00000000     0.00011671   0.00000000     0.10962429   0.00000000
    6    7
 -0.01005766   0.03095428     0.00937520  -0.02885389    -0.00009693   0.00029833
  0.00414816  -0.01276674    -0.01005766   0.03095428     0.00008722  -0.00026842
  0.00008722  -0.00026842    -0.00009693   0.00029833     0.00360057  -0.01108140
    7    1
  0.00047878   0.00035730    -0.00366925   0.00006666     0.00061704  -0.00304986
  0.00252675  -0.00053363     0.01104106  -0.00048992    -0.00100199   0.00314963
 -0.00112903   0.00691995    -0.00113682   0.00331243     0.01573332   0.00393128
    7    2
  0.00048776   0.00034493    -0.00107046  -0.00351026    -0.00270991   0.00152930
  0.00027330   0.00256799     0.00294593   0.01065207     0.00268585  -0.00192624
  0.00623237  -0.00321216     0.00279901  -0.00210477     0.00860073   0.01374845
    7    3
 -0.34418171  -0.25006265     0.01990060   0.01445863    -0.00062281  -0.00045250
 -0.00091917  -0.00066782    -0.03354560  -0.02437230     0.00210453   0.00152903
  0.00043019   0.00031255     0.00057794   0.00041990    -0.06444266  -0.04682033
    7    4
 -0.00367675  -0.00280757    -0.00000931  -0.00036896     0.00133149  -0.00062164
  0.00216624   0.00183964     0.00479243   0.00421098    -0.00116379  -0.00581176
  0.01613070  -0.02380153     0.00253780  -0.00489194     0.00034657  -0.00537580
    7    5
 -0.00380634  -0.00262921    -0.00035378   0.00010516    -0.00017976   0.00145842
  0.00241901   0.00149174     0.00548582   0.00325661    -0.00588694   0.00068911
 -0.01765194   0.02269629    -0.00386829   0.00392529    -0.00500559   0.00199082
    7    6
 -0.01005766  -0.03095428     0.00414816   0.01276674     0.00008722   0.00026842
  0.00937520   0.02885389    -0.01005766  -0.03095428    -0.00009693  -0.00029833
 -0.00009693  -0.00029833     0.00008722   0.00026842     0.00360057   0.01108140
    7    7
  0.58966546   0.00000000    -0.00760672   0.00000000     0.00011671   0.00000000
 -0.00760672   0.00000000     0.10181157   0.00000000    -0.00040868   0.00000000
  0.00011671   0.00000000    -0.00040868   0.00000000     0.10962429   0.00000000

     Diagonalizing the dynamical matrix

     q = (   -0.200000000   0.200000000   0.242879598 ) 

 **************************************************************************
     freq (    1) =       2.497301 [THz] =      83.300989 [cm-1]
 ( -0.072140  0.309958  0.072140 -0.309958 -0.138970  0.046973 ) 
 (  0.272495 -0.164392 -0.272495  0.164392  0.001730 -0.146684 ) 
 (  0.019206  0.013954 -0.019206 -0.013954  0.232832  0.169162 ) 
 ( -0.096448  0.212344  0.096448 -0.212344  0.083418  0.097742 ) 
 (  0.172147 -0.157345 -0.172147  0.157345  0.118736  0.049131 ) 
 (  0.027159 -0.000000 -0.018445 -0.000000  0.327983  0.000000 ) 
 (  0.018445 -0.000000 -0.027159 -0.000000  0.327983  0.000000 ) 
     freq (    2) =       2.753835 [THz] =      91.858054 [cm-1]
 (  0.298780 -0.254860  0.298780 -0.254860  0.000000 -0.000000 ) 
 ( -0.150058  0.362913 -0.150058  0.362913  0.000000  0.000000 ) 
 ( -0.171613 -0.124684 -0.171613 -0.124684 -0.000000 -0.000000 ) 
 ( -0.065988 -0.104235 -0.065988 -0.104235 -0.000000 -0.000000 ) 
 ( -0.119525 -0.030548 -0.119525 -0.030548 -0.000000 -0.000000 ) 
 ( -0.284787 -0.000000 -0.187076 -0.000000  0.004064 -0.000000 ) 
 ( -0.187076 -0.000000 -0.284787 -0.000000 -0.004064  0.000000 ) 
     freq (    3) =       3.238111 [THz] =     108.011749 [cm-1]
 ( -0.215733 -0.371352 -0.215733 -0.371352  0.000000 -0.000000 ) 
 ( -0.419842 -0.090420 -0.419842 -0.090420 -0.000000  0.000000 ) 
 (  0.129918  0.094391  0.129918  0.094391  0.000000 -0.000000 ) 
 ( -0.004028  0.110512 -0.004028  0.110512  0.000000 -0.000000 ) 
 (  0.103858 -0.037981  0.103858 -0.037981 -0.000000 -0.000000 ) 
 (  0.230982  0.000000  0.143314  0.000000 -0.083520 -0.000000 ) 
 (  0.143314  0.000000  0.230982  0.000000  0.083520  0.000000 ) 
     freq (    4) =       3.309402 [THz] =     110.389771 [cm-1]
 ( -0.362097 -0.150954  0.362097  0.150954 -0.107881  0.333512 ) 
 ( -0.255460 -0.297727  0.255460  0.297727  0.283852 -0.205662 ) 
 (  0.083460  0.060637 -0.083460 -0.060637  0.004005  0.002910 ) 
 (  0.084368  0.061577 -0.084368 -0.061577 -0.007766  0.118127 ) 
 (  0.084634  0.061210 -0.084634 -0.061210  0.109946 -0.043889 ) 
 (  0.121642  0.000000 -0.080548 -0.000000  0.039442  0.000000 ) 
 (  0.080548  0.000000 -0.121642 -0.000000  0.039442  0.000000 ) 
     freq (    5) =       4.065993 [THz] =     135.626917 [cm-1]
 ( -0.241634  0.084374  0.241634 -0.084374 -0.028572 -0.359027 ) 
 (  0.005575 -0.255881 -0.005575  0.255881 -0.350285  0.083772 ) 
 ( -0.132309 -0.096128  0.132309  0.096128 -0.182935 -0.132910 ) 
 ( -0.034719 -0.151263  0.034719  0.151263 -0.123676 -0.193257 ) 
 ( -0.154589  0.013723  0.154589 -0.013723 -0.222016 -0.057903 ) 
 ( -0.025510 -0.000000  0.123175 -0.000000 -0.265181  0.000000 ) 
 ( -0.123175 -0.000000  0.025510 -0.000000 -0.265181  0.000000 ) 
     freq (    6) =       4.739423 [THz] =     158.090122 [cm-1]
 ( -0.066162 -0.098491  0.066162  0.098491  0.254970 -0.126412 ) 
 ( -0.114116 -0.032489  0.114116  0.032489 -0.041435  0.281555 ) 
 ( -0.065626 -0.047680  0.065626  0.047680  0.227426  0.165235 ) 
 ( -0.194634  0.182614  0.194634 -0.182614  0.201941  0.069834 ) 
 (  0.113531 -0.241539 -0.113531  0.241539  0.128819  0.170477 ) 
 ( -0.016643  0.000000  0.061577  0.000000  0.390609 -0.000000 ) 
 ( -0.061577  0.000000  0.016643  0.000000  0.390609  0.000000 ) 
     freq (    7) =       4.774059 [THz] =     159.245480 [cm-1]
 ( -0.176068 -0.004255 -0.176068 -0.004255 -0.000000 -0.000000 ) 
 ( -0.058455 -0.166136 -0.058455 -0.166136  0.000000  0.000000 ) 
 ( -0.216008 -0.156939 -0.216008 -0.156939  0.000000 -0.000000 ) 
 ( -0.200385 -0.272942 -0.200385 -0.272942  0.000000 -0.000000 ) 
 ( -0.321506 -0.106234 -0.321506 -0.106234  0.000000 -0.000000 ) 
 ( -0.276856  0.000000 -0.235391  0.000000  0.072888 -0.000000 ) 
 ( -0.235391  0.000000 -0.276856  0.000000 -0.072888  0.000000 ) 
     freq (    8) =       5.135328 [THz] =     171.296105 [cm-1]
 (  0.044797 -0.145652 -0.044797  0.145652 -0.430010 -0.103585 ) 
 ( -0.124681  0.087613  0.124681 -0.087613 -0.231395 -0.376955 ) 
 ( -0.120360 -0.087447  0.120360  0.087447  0.116367  0.084545 ) 
 ( -0.152530 -0.087346  0.152530  0.087346  0.093640  0.081152 ) 
 ( -0.130205 -0.118073  0.130205  0.118073  0.106117  0.063980 ) 
 ( -0.087062  0.000000  0.113963  0.000000  0.357393 -0.000000 ) 
 ( -0.113963  0.000000  0.087062  0.000000  0.357393  0.000000 ) 
     freq (    9) =       5.306081 [THz] =     176.991794 [cm-1]
 (  0.004413 -0.012112  0.004413 -0.012112 -0.000000 -0.000000 ) 
 ( -0.010155  0.007940 -0.010155  0.007940 -0.000000 -0.000000 ) 
 (  0.033967  0.024678  0.033967  0.024678  0.000000  0.000000 ) 
 (  0.256911 -0.349602  0.256911 -0.349602  0.000000  0.000000 ) 
 ( -0.253101  0.352370 -0.253101  0.352370  0.000000  0.000000 ) 
 (  0.087678 -0.000000  0.039337 -0.000000  0.334994 -0.000000 ) 
 (  0.039337 -0.000000  0.087678 -0.000000 -0.334994  0.000000 ) 
     freq (   10) =       6.162903 [THz] =     205.572313 [cm-1]
 (  0.005164  0.043779 -0.005164 -0.043779  0.072978  0.240670 ) 
 (  0.043232 -0.008617 -0.043232  0.008617  0.251443 -0.004965 ) 
 ( -0.228279 -0.165854  0.228279  0.165854 -0.010024 -0.007283 ) 
 ( -0.269371 -0.225671  0.269371  0.225671 -0.047759  0.002014 ) 
 ( -0.297866 -0.186451  0.297866  0.186451 -0.012843 -0.046044 ) 
 ( -0.198195  0.000000  0.222747 -0.000000 -0.122522  0.000000 ) 
 ( -0.222747  0.000000  0.198195 -0.000000 -0.122522  0.000000 ) 
     freq (   11) =       7.191204 [THz] =     239.872734 [cm-1]
 (  0.013099 -0.004119 -0.013099  0.004119 -0.020872  0.021948 ) 
 (  0.000130  0.013731 -0.000130 -0.013731  0.014424 -0.026633 ) 
 (  0.000783  0.000569 -0.000783 -0.000569 -0.226416 -0.164501 ) 
 ( -0.282327  0.362859  0.282327 -0.362859 -0.048218 -0.053617 ) 
 (  0.257856 -0.380638 -0.257856  0.380638 -0.065893 -0.029289 ) 
 ( -0.013392 -0.000000 -0.000181 -0.000000  0.177236 -0.000000 ) 
 (  0.000181  0.000000  0.013392 -0.000000  0.177236  0.000000 ) 
     freq (   12) =       7.379752 [THz] =     246.162028 [cm-1]
 ( -0.023467 -0.004959 -0.023467 -0.004959 -0.000000  0.000000 ) 
 ( -0.011968 -0.020786 -0.011968 -0.020786  0.000000 -0.000000 ) 
 (  0.038791  0.028183  0.038791  0.028183 -0.000000 -0.000000 ) 
 (  0.197245  0.107746  0.197245  0.107746 -0.000000 -0.000000 ) 
 (  0.163425  0.154296  0.163425  0.154296 -0.000000 -0.000000 ) 
 ( -0.626863 -0.000000  0.016119  0.000000  0.047986  0.000000 ) 
 (  0.016119  0.000000 -0.626863 -0.000000 -0.047986  0.000000 ) 
     freq (   13) =       8.913243 [THz] =     297.313774 [cm-1]
 ( -0.002955 -0.002445  0.002955  0.002445 -0.003512  0.008839 ) 
 ( -0.003238 -0.002055  0.003238  0.002055  0.007321 -0.006072 ) 
 ( -0.054259 -0.039421  0.054259  0.039421 -0.008611 -0.006256 ) 
 (  0.286417  0.200354 -0.286417 -0.200354  0.004458  0.029774 ) 
 (  0.279055  0.210486 -0.279055 -0.210486  0.029694 -0.004961 ) 
 ( -0.492356  0.000000  0.087115 -0.000000  0.007955 -0.000000 ) 
 ( -0.087115  0.000000  0.492356 -0.000000  0.007955  0.000000 ) 
     freq (   14) =       9.259965 [THz] =     308.879173 [cm-1]
 ( -0.004285 -0.004398 -0.004285 -0.004398  0.000000  0.000000 ) 
 ( -0.005507 -0.002716 -0.005507 -0.002716  0.000000  0.000000 ) 
 ( -0.036018 -0.026169 -0.036018 -0.026169 -0.000000 -0.000000 ) 
 ( -0.048659  0.245276 -0.048659  0.245276 -0.000000 -0.000000 ) 
 (  0.218235 -0.122072  0.218235 -0.122072 -0.000000 -0.000000 ) 
 (  0.079613  0.000000 -0.037492 -0.000000  0.604270 -0.000000 ) 
 ( -0.037492 -0.000000  0.079613  0.000000 -0.604270  0.000000 ) 
     freq (   15) =       9.537493 [THz] =     318.136514 [cm-1]
 ( -0.023910 -0.002760 -0.023910 -0.002760 -0.000000 -0.000000 ) 
 ( -0.010014 -0.021887 -0.010014 -0.021887 -0.000000  0.000000 ) 
 ( -0.121078 -0.087968 -0.121078 -0.087968 -0.000000 -0.000000 ) 
 (  0.398334  0.168857  0.398334  0.168857 -0.000000  0.000000 ) 
 (  0.283685  0.326659  0.283685  0.326659  0.000000  0.000000 ) 
 (  0.229192  0.000000 -0.127093 -0.000000 -0.182746  0.000000 ) 
 ( -0.127093 -0.000000  0.229192  0.000000  0.182746  0.000000 ) 
     freq (   16) =      10.786939 [THz] =     359.813565 [cm-1]
 ( -0.016682 -0.002325  0.016682  0.002325 -0.001075 -0.018029 ) 
 ( -0.007366 -0.015147  0.007366  0.015147 -0.017479  0.004548 ) 
 (  0.119119  0.086545 -0.119119 -0.086545  0.027344  0.019867 ) 
 ( -0.236465 -0.148736  0.236465  0.148736 -0.001581 -0.120439 ) 
 ( -0.214528 -0.178930  0.214528  0.178930 -0.115033  0.035714 ) 
 ( -0.547038  0.000000 -0.076282  0.000000 -0.034663  0.000000 ) 
 (  0.076282 -0.000000  0.547038 -0.000000 -0.034663  0.000000 ) 
     freq (   17) =      11.127063 [THz] =     371.158862 [cm-1]
 ( -0.004331  0.017269  0.004331 -0.017269  0.039911  0.012761 ) 
 (  0.015086 -0.009455 -0.015086  0.009455  0.024469  0.034014 ) 
 (  0.005847  0.004248 -0.005847 -0.004248 -0.087819 -0.063804 ) 
 (  0.115715 -0.197938 -0.115715  0.197938 -0.189967 -0.072644 ) 
 ( -0.152492  0.171217  0.152492 -0.171217 -0.127792 -0.158221 ) 
 ( -0.023521  0.000000 -0.003741  0.000000  0.587023 -0.000000 ) 
 (  0.003741  0.000000  0.023521 -0.000000  0.587023  0.000000 ) 
     freq (   18) =      14.881694 [THz] =     496.399866 [cm-1]
 ( -0.002413  0.007451  0.002413 -0.007451  0.014182 -0.033192 ) 
 (  0.006340 -0.004598 -0.006340  0.004598 -0.027185  0.023745 ) 
 (  0.013075  0.009500 -0.013075 -0.009500 -0.046551 -0.033821 ) 
 ( -0.041231 -0.049220  0.041231  0.049220 -0.103321  0.688058 ) 
 ( -0.059552 -0.024003  0.059552  0.024003  0.622454 -0.310886 ) 
 ( -0.063911  0.000000 -0.013596  0.000000 -0.006664 -0.000000 ) 
 (  0.013596  0.000000  0.063911 -0.000000 -0.006664  0.000000 ) 
     freq (   19) =      15.760161 [THz] =     525.702369 [cm-1]
 ( -0.004365  0.018109  0.004365 -0.018109  0.003204  0.008531 ) 
 (  0.015874 -0.009748 -0.015874  0.009748  0.009103  0.000411 ) 
 (  0.004269  0.003101 -0.004269 -0.003101 -0.096892 -0.070397 ) 
 (  0.033662 -0.087825 -0.033662  0.087825  0.681627  0.060183 ) 
 ( -0.073125  0.059154  0.073125 -0.059154  0.267872  0.629669 ) 
 ( -0.017131 -0.000000  0.002759  0.000000  0.076102  0.000000 ) 
 ( -0.002759  0.000000  0.017131  0.000000  0.076102  0.000000 ) 
     freq (   20) =      21.763959 [THz] =     725.967534 [cm-1]
 (  0.000582 -0.000081  0.000582 -0.000081 -0.000000 -0.000000 ) 
 (  0.000103  0.000579  0.000103  0.000579  0.000000 -0.000000 ) 
 (  0.076993  0.055939  0.076993  0.055939 -0.000000 -0.000000 ) 
 ( -0.004108 -0.003351 -0.004108 -0.003351  0.000000  0.000000 ) 
 ( -0.004456 -0.002872 -0.004456 -0.002872 -0.000000 -0.000000 ) 
 (  0.023995 -0.000000 -0.700222  0.000000 -0.000213 -0.000000 ) 
 ( -0.700222  0.000000  0.023995 -0.000000  0.000213  0.000000 ) 
     freq (   21) =      22.021548 [THz] =     734.559782 [cm-1]
 ( -0.000478  0.000138  0.000478 -0.000138  0.000151  0.000927 ) 
 ( -0.000017 -0.000498  0.000017  0.000498  0.000929 -0.000143 ) 
 ( -0.067342 -0.048927  0.067342  0.048927 -0.000390 -0.000283 ) 
 (  0.003479  0.001656 -0.003479 -0.001656  0.005704 -0.004272 ) 
 (  0.002650  0.002797 -0.002650 -0.002797 -0.002301  0.006745 ) 
 ( -0.046982  0.000000 -0.700558  0.000000  0.000658  0.000000 ) 
 (  0.700558 -0.000000  0.046982 -0.000000  0.000658  0.000000 ) 
 **************************************************************************
