Dynamical matrix file
Sr2RuO4                                                                    
  3    7   7   7.3000120   0.0000000   3.2938131   0.0000000   0.0000000   0.0000000
           1  'Sr     '    79860.7445811805     
           2  'Ru     '    92119.6696509919     
           3  'O      '    14582.1964454954     
    1    1      0.0000000000      0.0000000000      1.1602701746
    2    1      0.0000000000      0.0000000000     -1.1602701746
    3    2      0.0000000000      0.0000000000      0.0000000000
    4    3      0.0000000000      0.0000000000      0.5380857149
    5    3      0.0000000000      0.0000000000     -0.5380857149
    6    3      0.0000000000     -0.5000000000      0.0000000000
    7    3      0.5000000000      0.0000000000      0.0000000000

     Dynamical  Matrix in cartesian axes

     q = (   -0.200000000   0.000000000   0.182159698 ) 

    1    1
  0.10414842   0.00000000     0.00000000   0.00000000    -0.00147261   0.00975929
  0.00000000   0.00000000     0.06541429   0.00000000    -0.00000000   0.00000000
 -0.00147261  -0.00975929    -0.00000000   0.00000000     0.19229972   0.00000000
    1    2
 -0.00089480  -0.00781864     0.00000000   0.00000000     0.03358304   0.00957775
  0.00000000   0.00000000     0.00237540  -0.01155781    -0.00000000   0.00000000
  0.03358304   0.00957775     0.00000000   0.00000000     0.02673436  -0.02493189
    1    3
  0.00626121  -0.01960851     0.00000000  -0.00000000    -0.05695970  -0.02921867
  0.00000000  -0.00000000     0.00590990  -0.02351968     0.00000000   0.00000000
 -0.04862807  -0.02078249     0.00000000   0.00000000    -0.03273502  -0.00519746
    1    4
 -0.01460692  -0.00096139     0.00000000   0.00000000     0.00819044   0.01788723
  0.00000000   0.00000000    -0.00653434  -0.00002972    -0.00000000   0.00000000
  0.00327985   0.01270353     0.00000000   0.00000000    -0.03414139  -0.00425172
    1    5
  0.00375633  -0.00972417     0.00000000   0.00000000     0.02089483   0.01032415
  0.00000000   0.00000000     0.00086789  -0.00186603     0.00000000  -0.00000000
 -0.00894989  -0.00211767     0.00000000  -0.00000000     0.01682520  -0.03886228
    1    6
  0.00235803  -0.01124742     0.00000000   0.00000000     0.00522586   0.00499665
 -0.00000000   0.00000000     0.00058993  -0.00100676     0.00000000  -0.00000000
  0.00312457   0.00352579     0.00000000  -0.00000000     0.01323194  -0.01133389
    1    7
  0.00025420   0.00081625     0.00000000  -0.00000000     0.00260346   0.00883600
  0.00000000   0.00000000     0.01058719  -0.00768300     0.00000000   0.00000000
 -0.00078760  -0.00343529     0.00000000   0.00000000     0.01762603  -0.00291554
    2    1
 -0.00089480   0.00781864     0.00000000  -0.00000000     0.03358304  -0.00957775
  0.00000000   0.00000000     0.00237540   0.01155781    -0.00000000  -0.00000000
  0.03358304  -0.00957775     0.00000000   0.00000000     0.02673436   0.02493189
    2    2
  0.10414842   0.00000000     0.00000000   0.00000000    -0.00147261  -0.00975929
  0.00000000   0.00000000     0.06541429   0.00000000    -0.00000000   0.00000000
 -0.00147261   0.00975929    -0.00000000   0.00000000     0.19229972   0.00000000
    2    3
  0.00626121   0.01960851     0.00000000   0.00000000    -0.05695970   0.02921867
  0.00000000   0.00000000     0.00590990   0.02351968     0.00000000  -0.00000000
 -0.04862807   0.02078249     0.00000000  -0.00000000    -0.03273502   0.00519746
    2    4
  0.00375633   0.00972417     0.00000000   0.00000000     0.02089483  -0.01032415
  0.00000000   0.00000000     0.00086789   0.00186603     0.00000000   0.00000000
 -0.00894989   0.00211767     0.00000000   0.00000000     0.01682520   0.03886228
    2    5
 -0.01460692   0.00096139     0.00000000   0.00000000     0.00819044  -0.01788723
  0.00000000   0.00000000    -0.00653434   0.00002972    -0.00000000  -0.00000000
  0.00327985  -0.01270353     0.00000000   0.00000000    -0.03414139   0.00425172
    2    6
  0.00235803   0.01124742     0.00000000  -0.00000000     0.00522586  -0.00499665
 -0.00000000  -0.00000000     0.00058993   0.00100676     0.00000000   0.00000000
  0.00312457  -0.00352579     0.00000000   0.00000000     0.01323194   0.01133389
    2    7
  0.00085485  -0.00001048     0.00000000   0.00000000     0.00920805  -0.00025443
  0.00000000   0.00000000    -0.00403535   0.01244319    -0.00000000  -0.00000000
 -0.00351053   0.00031251    -0.00000000   0.00000000     0.00267390   0.01766431
    3    1
  0.00626121   0.01960851     0.00000000  -0.00000000    -0.04862807   0.02078249
  0.00000000   0.00000000     0.00590990   0.02351968     0.00000000  -0.00000000
 -0.05695970   0.02921867     0.00000000  -0.00000000    -0.03273502   0.00519746
    3    2
  0.00626121  -0.01960851     0.00000000   0.00000000    -0.04862807  -0.02078249
  0.00000000  -0.00000000     0.00590990  -0.02351968     0.00000000   0.00000000
 -0.05695970  -0.02921867     0.00000000   0.00000000    -0.03273502  -0.00519746
    3    3
  0.72877580   0.00000000     0.00000000   0.00000000    -0.00654171   0.00000000
  0.00000000   0.00000000     0.66182322   0.00000000     0.00000000   0.00000000
 -0.00654171   0.00000000     0.00000000   0.00000000     0.48784569   0.00000000
    3    4
 -0.06996179   0.00208957     0.00000000   0.00000000     0.00995386  -0.00099019
  0.00000000  -0.00000000    -0.06046148   0.00066783     0.00000000  -0.00000000
  0.01201168  -0.01904195     0.00000000  -0.00000000    -0.13498658  -0.02140742
    3    5
 -0.06996179  -0.00208957     0.00000000   0.00000000     0.00995386   0.00099019
  0.00000000   0.00000000    -0.06046148  -0.00066783     0.00000000   0.00000000
  0.01201168   0.01904195     0.00000000   0.00000000    -0.13498658   0.02140742
    3    6
 -0.04691145   0.00000000     0.00000000   0.00000000     0.00168029   0.00000000
 -0.00000000   0.00000000    -0.41643955   0.00000000     0.00000000   0.00000000
  0.00539755   0.00000000     0.00000000   0.00000000    -0.08113273   0.00000000
    3    7
 -0.34471031  -0.25044670     0.00000000   0.00000000     0.00114252   0.00083009
  0.00000000   0.00000000    -0.02474812  -0.01798056     0.00000000   0.00000000
 -0.00175550  -0.00127545     0.00000000   0.00000000    -0.06701002  -0.04868563
    4    1
 -0.01460692   0.00096139     0.00000000   0.00000000     0.00327985  -0.01270353
  0.00000000   0.00000000    -0.00653434   0.00002972    -0.00000000   0.00000000
  0.00819044  -0.01788723     0.00000000   0.00000000    -0.03414139   0.00425172
    4    2
  0.00375633  -0.00972417    -0.00000000   0.00000000    -0.00894989  -0.00211767
 -0.00000000   0.00000000     0.00086789  -0.00186603     0.00000000   0.00000000
  0.02089483   0.01032415     0.00000000  -0.00000000     0.01682520  -0.03886228
    4    3
 -0.06996179  -0.00208957    -0.00000000   0.00000000     0.01201168   0.01904195
  0.00000000   0.00000000    -0.06046148  -0.00066783     0.00000000   0.00000000
  0.00995386   0.00099019     0.00000000  -0.00000000    -0.13498658   0.02140742
    4    4
  0.08982732   0.00000000     0.00000000   0.00000000    -0.00371938  -0.01009966
  0.00000000   0.00000000     0.07096078   0.00000000     0.00000000   0.00000000
 -0.00371938   0.01009966     0.00000000   0.00000000     0.29724619   0.00000000
    4    5
  0.01315996  -0.00159408     0.00000000  -0.00000000    -0.02311401  -0.01055778
  0.00000000   0.00000000     0.01330054  -0.00504675     0.00000000   0.00000000
 -0.02311401  -0.01055778     0.00000000   0.00000000    -0.01473407  -0.03064302
    4    6
  0.00893524   0.00124762     0.00000000   0.00000000    -0.00278688  -0.00779001
  0.00000000   0.00000000    -0.00694475  -0.00000948     0.00000000   0.00000000
 -0.00823868  -0.00081801     0.00000000  -0.00000000    -0.00807472  -0.00943314
    4    7
 -0.00402320  -0.00340260     0.00000000   0.00000000     0.01659415  -0.02706533
  0.00000000   0.00000000     0.00240003   0.00259275     0.00000000   0.00000000
  0.00232881   0.00024295    -0.00000000  -0.00000000     0.00232312  -0.01032064
    5    1
  0.00375633   0.00972417    -0.00000000  -0.00000000    -0.00894989   0.00211767
 -0.00000000   0.00000000     0.00086789   0.00186603     0.00000000  -0.00000000
  0.02089483  -0.01032415     0.00000000   0.00000000     0.01682520   0.03886228
    5    2
 -0.01460692  -0.00096139     0.00000000   0.00000000     0.00327985   0.01270353
  0.00000000   0.00000000    -0.00653434  -0.00002972    -0.00000000   0.00000000
  0.00819044   0.01788723     0.00000000   0.00000000    -0.03414139  -0.00425172
    5    3
 -0.06996179   0.00208957    -0.00000000  -0.00000000     0.01201168  -0.01904195
  0.00000000   0.00000000    -0.06046148   0.00066783     0.00000000  -0.00000000
  0.00995386  -0.00099019     0.00000000   0.00000000    -0.13498658  -0.02140742
    5    4
  0.01315996   0.00159408     0.00000000   0.00000000    -0.02311401   0.01055778
  0.00000000   0.00000000     0.01330054   0.00504675     0.00000000  -0.00000000
 -0.02311401   0.01055778     0.00000000  -0.00000000    -0.01473407   0.03064302
    5    5
  0.08982732   0.00000000     0.00000000   0.00000000    -0.00371938   0.01009966
  0.00000000   0.00000000     0.07096078   0.00000000     0.00000000   0.00000000
 -0.00371938  -0.01009966     0.00000000   0.00000000     0.29724619   0.00000000
    5    6
  0.00893524  -0.00124762     0.00000000  -0.00000000    -0.00278688   0.00779001
  0.00000000   0.00000000    -0.00694475   0.00000948     0.00000000   0.00000000
 -0.00823868   0.00081801     0.00000000   0.00000000    -0.00807472   0.00943314
    5    7
 -0.00447930  -0.00277483    -0.00000000   0.00000000    -0.02061278   0.02414562
  0.00000000   0.00000000     0.00320750   0.00148136    -0.00000000  -0.00000000
  0.00095070   0.00213976     0.00000000  -0.00000000    -0.00909763   0.00539867
    6    1
  0.00235803   0.01124742     0.00000000   0.00000000     0.00312457  -0.00352579
  0.00000000  -0.00000000     0.00058993   0.00100676    -0.00000000   0.00000000
  0.00522586  -0.00499665     0.00000000   0.00000000     0.01323194   0.01133389
    6    2
  0.00235803  -0.01124742     0.00000000   0.00000000     0.00312457   0.00352579
  0.00000000   0.00000000     0.00058993  -0.00100676    -0.00000000  -0.00000000
  0.00522586   0.00499665     0.00000000  -0.00000000     0.01323194  -0.01133389
    6    3
 -0.04691145   0.00000000     0.00000000   0.00000000     0.00539755   0.00000000
  0.00000000   0.00000000    -0.41643955   0.00000000     0.00000000   0.00000000
  0.00168029   0.00000000     0.00000000   0.00000000    -0.08113273   0.00000000
    6    4
  0.00893524  -0.00124762     0.00000000   0.00000000    -0.00823868   0.00081801
  0.00000000   0.00000000    -0.00694475   0.00000948     0.00000000   0.00000000
 -0.00278688   0.00779001    -0.00000000   0.00000000    -0.00807472   0.00943314
    6    5
  0.00893524   0.00124762     0.00000000   0.00000000    -0.00823868  -0.00081801
  0.00000000   0.00000000    -0.00694475  -0.00000948     0.00000000  -0.00000000
 -0.00278688  -0.00779001    -0.00000000   0.00000000    -0.00807472  -0.00943314
    6    6
  0.10910554   0.00000000    -0.00000000   0.00000000    -0.00109755   0.00000000
 -0.00000000   0.00000000     0.48684575   0.00000000     0.00000000   0.00000000
 -0.00109755   0.00000000     0.00000000   0.00000000     0.11463608   0.00000000
    6    7
 -0.03196484  -0.02322382     0.00000000   0.00000000    -0.00066286  -0.00048159
  0.00000000   0.00000000    -0.03834611  -0.02786008    -0.00000000   0.00000000
  0.00063219   0.00045931    -0.00000000   0.00000000     0.01217938   0.00884884
    7    1
  0.00025420  -0.00081625    -0.00000000   0.00000000    -0.00078760   0.00343529
 -0.00000000   0.00000000     0.01058719   0.00768300     0.00000000   0.00000000
  0.00260346  -0.00883600     0.00000000   0.00000000     0.01762603   0.00291554
    7    2
  0.00085485   0.00001048     0.00000000   0.00000000    -0.00351053  -0.00031251
  0.00000000   0.00000000    -0.00403535  -0.01244319    -0.00000000   0.00000000
  0.00920805   0.00025443    -0.00000000   0.00000000     0.00267390  -0.01766431
    7    3
 -0.34471031   0.25044670     0.00000000   0.00000000    -0.00175550   0.00127545
  0.00000000   0.00000000    -0.02474812   0.01798056    -0.00000000  -0.00000000
  0.00114252  -0.00083009    -0.00000000   0.00000000    -0.06701002   0.04868563
    7    4
 -0.00402320   0.00340260     0.00000000   0.00000000     0.00232881  -0.00024295
 -0.00000000   0.00000000     0.00240003  -0.00259275     0.00000000  -0.00000000
  0.01659415   0.02706533     0.00000000  -0.00000000     0.00232312   0.01032064
    7    5
 -0.00447930   0.00277483    -0.00000000  -0.00000000     0.00095070  -0.00213976
 -0.00000000  -0.00000000     0.00320750  -0.00148136     0.00000000   0.00000000
 -0.02061278  -0.02414562     0.00000000   0.00000000    -0.00909763  -0.00539867
    7    6
 -0.03196484   0.02322382     0.00000000   0.00000000     0.00063219  -0.00045931
  0.00000000   0.00000000    -0.03834611   0.02786008    -0.00000000  -0.00000000
 -0.00066286   0.00048159     0.00000000   0.00000000     0.01217938  -0.00884884
    7    7
  0.59053362   0.00000000     0.00000000   0.00000000     0.00037990   0.00000000
  0.00000000   0.00000000     0.09683055   0.00000000    -0.00000000   0.00000000
  0.00037990   0.00000000     0.00000000   0.00000000     0.11238921   0.00000000

     Dynamical  Matrix in cartesian axes

     q = (    0.200000000   0.000000000   0.182159698 ) 

    1    1
  0.10414842   0.00000000     0.00000000   0.00000000     0.00147261  -0.00975929
  0.00000000   0.00000000     0.06541429   0.00000000    -0.00000000   0.00000000
  0.00147261   0.00975929    -0.00000000   0.00000000     0.19229972   0.00000000
    1    2
 -0.00089480  -0.00781864     0.00000000   0.00000000    -0.03358304  -0.00957775
  0.00000000   0.00000000     0.00237540  -0.01155781     0.00000000   0.00000000
 -0.03358304  -0.00957775    -0.00000000   0.00000000     0.02673436  -0.02493189
    1    3
  0.00626121  -0.01960851     0.00000000   0.00000000     0.05695970   0.02921867
  0.00000000   0.00000000     0.00590990  -0.02351968     0.00000000   0.00000000
  0.04862807   0.02078249    -0.00000000   0.00000000    -0.03273502  -0.00519746
    1    4
 -0.01460692  -0.00096139     0.00000000  -0.00000000    -0.00819044  -0.01788723
  0.00000000  -0.00000000    -0.00653434  -0.00002972     0.00000000   0.00000000
 -0.00327985  -0.01270353     0.00000000   0.00000000    -0.03414139  -0.00425172
    1    5
  0.00375633  -0.00972417     0.00000000  -0.00000000    -0.02089483  -0.01032415
  0.00000000  -0.00000000     0.00086789  -0.00186603     0.00000000   0.00000000
  0.00894989   0.00211767     0.00000000   0.00000000     0.01682520  -0.03886228
    1    6
  0.00235803  -0.01124742    -0.00000000  -0.00000000    -0.00522586  -0.00499665
  0.00000000  -0.00000000     0.00058993  -0.00100676     0.00000000   0.00000000
 -0.00312457  -0.00352579     0.00000000   0.00000000     0.01323194  -0.01133389
    1    7
  0.00085485   0.00001048     0.00000000   0.00000000    -0.00920805  -0.00025443
  0.00000000   0.00000000    -0.00403535  -0.01244319    -0.00000000   0.00000000
  0.00351053   0.00031251    -0.00000000  -0.00000000     0.00267390  -0.01766431
    2    1
 -0.00089480   0.00781864     0.00000000   0.00000000    -0.03358304   0.00957775
  0.00000000  -0.00000000     0.00237540   0.01155781     0.00000000   0.00000000
 -0.03358304   0.00957775    -0.00000000  -0.00000000     0.02673436   0.02493189
    2    2
  0.10414842   0.00000000     0.00000000   0.00000000     0.00147261   0.00975929
  0.00000000   0.00000000     0.06541429   0.00000000    -0.00000000   0.00000000
  0.00147261  -0.00975929    -0.00000000   0.00000000     0.19229972   0.00000000
    2    3
  0.00626121   0.01960851     0.00000000  -0.00000000     0.05695970  -0.02921867
  0.00000000  -0.00000000     0.00590990   0.02351968     0.00000000   0.00000000
  0.04862807  -0.02078249    -0.00000000   0.00000000    -0.03273502   0.00519746
    2    4
  0.00375633   0.00972417     0.00000000   0.00000000    -0.02089483   0.01032415
  0.00000000   0.00000000     0.00086789   0.00186603     0.00000000  -0.00000000
  0.00894989  -0.00211767     0.00000000  -0.00000000     0.01682520   0.03886228
    2    5
 -0.01460692   0.00096139     0.00000000   0.00000000    -0.00819044   0.01788723
  0.00000000   0.00000000    -0.00653434   0.00002972     0.00000000  -0.00000000
 -0.00327985   0.01270353     0.00000000  -0.00000000    -0.03414139   0.00425172
    2    6
  0.00235803   0.01124742    -0.00000000   0.00000000    -0.00522586   0.00499665
  0.00000000   0.00000000     0.00058993   0.00100676     0.00000000   0.00000000
 -0.00312457   0.00352579     0.00000000   0.00000000     0.01323194   0.01133389
    2    7
  0.00025420  -0.00081625     0.00000000  -0.00000000    -0.00260346   0.00883600
  0.00000000  -0.00000000     0.01058719   0.00768300    -0.00000000   0.00000000
  0.00078760  -0.00343529    -0.00000000   0.00000000     0.01762603   0.00291554
    3    1
  0.00626121   0.01960851     0.00000000  -0.00000000     0.04862807  -0.02078249
  0.00000000  -0.00000000     0.00590990   0.02351968     0.00000000   0.00000000
  0.05695970  -0.02921867     0.00000000   0.00000000    -0.03273502   0.00519746
    3    2
  0.00626121  -0.01960851     0.00000000   0.00000000     0.04862807   0.02078249
  0.00000000   0.00000000     0.00590990  -0.02351968     0.00000000  -0.00000000
  0.05695970   0.02921867     0.00000000  -0.00000000    -0.03273502  -0.00519746
    3    3
  0.72877580   0.00000000     0.00000000   0.00000000     0.00654171   0.00000000
  0.00000000   0.00000000     0.66182322   0.00000000     0.00000000   0.00000000
  0.00654171   0.00000000     0.00000000   0.00000000     0.48784569   0.00000000
    3    4
 -0.06996179   0.00208957     0.00000000   0.00000000    -0.00995386   0.00099019
  0.00000000   0.00000000    -0.06046148   0.00066783    -0.00000000  -0.00000000
 -0.01201168   0.01904195    -0.00000000   0.00000000    -0.13498658  -0.02140742
    3    5
 -0.06996179  -0.00208957     0.00000000   0.00000000    -0.00995386  -0.00099019
  0.00000000   0.00000000    -0.06046148  -0.00066783    -0.00000000   0.00000000
 -0.01201168  -0.01904195    -0.00000000   0.00000000    -0.13498658   0.02140742
    3    6
 -0.04691145   0.00000000    -0.00000000   0.00000000    -0.00168029   0.00000000
 -0.00000000   0.00000000    -0.41643955   0.00000000    -0.00000000   0.00000000
 -0.00539755   0.00000000     0.00000000   0.00000000    -0.08113273   0.00000000
    3    7
 -0.34471031   0.25044670     0.00000000   0.00000000    -0.00114252   0.00083009
  0.00000000   0.00000000    -0.02474812   0.01798056    -0.00000000  -0.00000000
  0.00175550  -0.00127545    -0.00000000  -0.00000000    -0.06701002   0.04868563
    4    1
 -0.01460692   0.00096139     0.00000000   0.00000000    -0.00327985   0.01270353
  0.00000000   0.00000000    -0.00653434   0.00002972     0.00000000  -0.00000000
 -0.00819044   0.01788723     0.00000000  -0.00000000    -0.03414139   0.00425172
    4    2
  0.00375633  -0.00972417     0.00000000  -0.00000000     0.00894989   0.00211767
  0.00000000   0.00000000     0.00086789  -0.00186603     0.00000000  -0.00000000
 -0.02089483  -0.01032415    -0.00000000   0.00000000     0.01682520  -0.03886228
    4    3
 -0.06996179  -0.00208957     0.00000000  -0.00000000    -0.01201168  -0.01904195
 -0.00000000   0.00000000    -0.06046148  -0.00066783     0.00000000   0.00000000
 -0.00995386  -0.00099019     0.00000000   0.00000000    -0.13498658   0.02140742
    4    4
  0.08982732   0.00000000     0.00000000   0.00000000     0.00371938   0.01009966
  0.00000000   0.00000000     0.07096078   0.00000000    -0.00000000   0.00000000
  0.00371938  -0.01009966    -0.00000000   0.00000000     0.29724619   0.00000000
    4    5
  0.01315996  -0.00159408     0.00000000   0.00000000     0.02311401   0.01055778
  0.00000000   0.00000000     0.01330054  -0.00504675     0.00000000  -0.00000000
  0.02311401   0.01055778     0.00000000  -0.00000000    -0.01473407  -0.03064302
    4    6
  0.00893524   0.00124762     0.00000000   0.00000000     0.00278688   0.00779001
 -0.00000000   0.00000000    -0.00694475  -0.00000948     0.00000000   0.00000000
  0.00823868   0.00081801     0.00000000   0.00000000    -0.00807472  -0.00943314
    4    7
 -0.00447930   0.00277483     0.00000000  -0.00000000     0.02061278   0.02414562
 -0.00000000   0.00000000     0.00320750  -0.00148136     0.00000000  -0.00000000
 -0.00095070   0.00213976    -0.00000000   0.00000000    -0.00909763  -0.00539867
    5    1
  0.00375633   0.00972417     0.00000000   0.00000000     0.00894989  -0.00211767
  0.00000000   0.00000000     0.00086789   0.00186603     0.00000000   0.00000000
 -0.02089483   0.01032415    -0.00000000   0.00000000     0.01682520   0.03886228
    5    2
 -0.01460692  -0.00096139     0.00000000   0.00000000    -0.00327985  -0.01270353
  0.00000000  -0.00000000    -0.00653434  -0.00002972     0.00000000   0.00000000
 -0.00819044  -0.01788723     0.00000000   0.00000000    -0.03414139  -0.00425172
    5    3
 -0.06996179   0.00208957     0.00000000   0.00000000    -0.01201168   0.01904195
 -0.00000000   0.00000000    -0.06046148   0.00066783     0.00000000   0.00000000
 -0.00995386   0.00099019     0.00000000  -0.00000000    -0.13498658  -0.02140742
    5    4
  0.01315996   0.00159408     0.00000000  -0.00000000     0.02311401  -0.01055778
  0.00000000   0.00000000     0.01330054   0.00504675     0.00000000   0.00000000
  0.02311401  -0.01055778     0.00000000   0.00000000    -0.01473407   0.03064302
    5    5
  0.08982732   0.00000000     0.00000000   0.00000000     0.00371938  -0.01009966
  0.00000000   0.00000000     0.07096078   0.00000000    -0.00000000   0.00000000
  0.00371938   0.01009966    -0.00000000   0.00000000     0.29724619   0.00000000
    5    6
  0.00893524  -0.00124762     0.00000000   0.00000000     0.00278688  -0.00779001
 -0.00000000   0.00000000    -0.00694475   0.00000948     0.00000000   0.00000000
  0.00823868  -0.00081801     0.00000000   0.00000000    -0.00807472   0.00943314
    5    7
 -0.00402320   0.00340260    -0.00000000   0.00000000    -0.01659415  -0.02706533
  0.00000000   0.00000000     0.00240003  -0.00259275    -0.00000000  -0.00000000
 -0.00232881   0.00024295     0.00000000  -0.00000000     0.00232312   0.01032064
    6    1
  0.00235803   0.01124742     0.00000000  -0.00000000    -0.00312457   0.00352579
  0.00000000   0.00000000     0.00058993   0.00100676     0.00000000   0.00000000
 -0.00522586   0.00499665     0.00000000   0.00000000     0.01323194   0.01133389
    6    2
  0.00235803  -0.01124742     0.00000000   0.00000000    -0.00312457  -0.00352579
  0.00000000   0.00000000     0.00058993  -0.00100676     0.00000000   0.00000000
 -0.00522586  -0.00499665     0.00000000  -0.00000000     0.01323194  -0.01133389
    6    3
 -0.04691145   0.00000000     0.00000000   0.00000000    -0.00539755   0.00000000
  0.00000000   0.00000000    -0.41643955   0.00000000    -0.00000000   0.00000000
 -0.00168029   0.00000000    -0.00000000   0.00000000    -0.08113273   0.00000000
    6    4
  0.00893524  -0.00124762     0.00000000   0.00000000     0.00823868  -0.00081801
  0.00000000   0.00000000    -0.00694475   0.00000948     0.00000000   0.00000000
  0.00278688  -0.00779001     0.00000000   0.00000000    -0.00807472   0.00943314
    6    5
  0.00893524   0.00124762     0.00000000   0.00000000     0.00823868   0.00081801
  0.00000000   0.00000000    -0.00694475  -0.00000948     0.00000000   0.00000000
  0.00278688   0.00779001     0.00000000   0.00000000    -0.00807472  -0.00943314
    6    6
  0.10910554   0.00000000     0.00000000   0.00000000     0.00109755   0.00000000
  0.00000000   0.00000000     0.48684575   0.00000000     0.00000000   0.00000000
  0.00109755   0.00000000     0.00000000   0.00000000     0.11463608   0.00000000
    6    7
 -0.03196484   0.02322382     0.00000000   0.00000000     0.00066286  -0.00048159
  0.00000000   0.00000000    -0.03834611   0.02786008    -0.00000000   0.00000000
 -0.00063219   0.00045931    -0.00000000   0.00000000     0.01217938  -0.00884884
    7    1
  0.00085485  -0.00001048     0.00000000   0.00000000     0.00351053  -0.00031251
  0.00000000   0.00000000    -0.00403535   0.01244319    -0.00000000   0.00000000
 -0.00920805   0.00025443    -0.00000000  -0.00000000     0.00267390   0.01766431
    7    2
  0.00025420   0.00081625     0.00000000   0.00000000     0.00078760   0.00343529
  0.00000000   0.00000000     0.01058719  -0.00768300    -0.00000000  -0.00000000
 -0.00260346  -0.00883600     0.00000000  -0.00000000     0.01762603  -0.00291554
    7    3
 -0.34471031  -0.25044670     0.00000000  -0.00000000     0.00175550   0.00127545
  0.00000000  -0.00000000    -0.02474812  -0.01798056     0.00000000   0.00000000
 -0.00114252  -0.00083009     0.00000000   0.00000000    -0.06701002  -0.04868563
    7    4
 -0.00447930  -0.00277483     0.00000000   0.00000000    -0.00095070  -0.00213976
  0.00000000   0.00000000     0.00320750   0.00148136    -0.00000000  -0.00000000
  0.02061278  -0.02414562    -0.00000000  -0.00000000    -0.00909763   0.00539867
    7    5
 -0.00402320  -0.00340260     0.00000000   0.00000000    -0.00232881  -0.00024295
 -0.00000000  -0.00000000     0.00240003   0.00259275     0.00000000   0.00000000
 -0.01659415   0.02706533    -0.00000000  -0.00000000     0.00232312  -0.01032064
    7    6
 -0.03196484  -0.02322382     0.00000000  -0.00000000    -0.00063219  -0.00045931
  0.00000000  -0.00000000    -0.03834611  -0.02786008    -0.00000000   0.00000000
  0.00066286   0.00048159    -0.00000000   0.00000000     0.01217938   0.00884884
    7    7
  0.59053362   0.00000000     0.00000000   0.00000000    -0.00037990   0.00000000
  0.00000000   0.00000000     0.09683055   0.00000000     0.00000000   0.00000000
 -0.00037990   0.00000000     0.00000000   0.00000000     0.11238921   0.00000000

     Dynamical  Matrix in cartesian axes

     q = (    0.000000000   0.200000000   0.182159698 ) 

    1    1
  0.06541429   0.00000000     0.00000000   0.00000000     0.00000000   0.00000000
  0.00000000   0.00000000     0.10414842   0.00000000     0.00147261  -0.00975929
  0.00000000   0.00000000     0.00147261   0.00975929     0.19229972   0.00000000
    1    2
  0.00237540  -0.01155781     0.00000000   0.00000000     0.00000000  -0.00000000
  0.00000000   0.00000000    -0.00089480  -0.00781864    -0.03358304  -0.00957775
  0.00000000   0.00000000    -0.03358304  -0.00957775     0.02673436  -0.02493189
    1    3
  0.00590990  -0.02351968     0.00000000  -0.00000000    -0.00000000  -0.00000000
  0.00000000  -0.00000000     0.00626121  -0.01960851     0.05695970   0.02921867
 -0.00000000   0.00000000     0.04862807   0.02078249    -0.03273502  -0.00519746
    1    4
 -0.00653434  -0.00002972     0.00000000   0.00000000     0.00000000  -0.00000000
  0.00000000   0.00000000    -0.01460692  -0.00096139    -0.00819044  -0.01788723
  0.00000000   0.00000000    -0.00327985  -0.01270353    -0.03414139  -0.00425172
    1    5
  0.00086789  -0.00186603     0.00000000   0.00000000    -0.00000000   0.00000000
  0.00000000   0.00000000     0.00375633  -0.00972417    -0.02089483  -0.01032415
  0.00000000   0.00000000     0.00894989   0.00211767     0.01682520  -0.03886228
    1    6
  0.01058719  -0.00768300     0.00000000   0.00000000     0.00000000   0.00000000
  0.00000000  -0.00000000     0.00025420   0.00081625    -0.00260346  -0.00883600
  0.00000000  -0.00000000     0.00078760   0.00343529     0.01762603  -0.00291554
    1    7
  0.00058993  -0.00100676    -0.00000000   0.00000000    -0.00000000   0.00000000
  0.00000000   0.00000000     0.00235803  -0.01124742    -0.00522586  -0.00499665
  0.00000000   0.00000000    -0.00312457  -0.00352579     0.01323194  -0.01133389
    2    1
  0.00237540   0.01155781     0.00000000   0.00000000     0.00000000   0.00000000
  0.00000000  -0.00000000    -0.00089480   0.00781864    -0.03358304   0.00957775
  0.00000000   0.00000000    -0.03358304   0.00957775     0.02673436   0.02493189
    2    2
  0.06541429   0.00000000     0.00000000   0.00000000     0.00000000   0.00000000
  0.00000000   0.00000000     0.10414842   0.00000000     0.00147261   0.00975929
  0.00000000   0.00000000     0.00147261  -0.00975929     0.19229972   0.00000000
    2    3
  0.00590990   0.02351968     0.00000000   0.00000000    -0.00000000   0.00000000
  0.00000000   0.00000000     0.00626121   0.01960851     0.05695970  -0.02921867
 -0.00000000   0.00000000     0.04862807  -0.02078249    -0.03273502   0.00519746
    2    4
  0.00086789   0.00186603     0.00000000   0.00000000    -0.00000000  -0.00000000
  0.00000000   0.00000000     0.00375633   0.00972417    -0.02089483   0.01032415
  0.00000000  -0.00000000     0.00894989  -0.00211767     0.01682520   0.03886228
    2    5
 -0.00653434   0.00002972     0.00000000   0.00000000     0.00000000   0.00000000
  0.00000000   0.00000000    -0.01460692   0.00096139    -0.00819044   0.01788723
  0.00000000   0.00000000    -0.00327985   0.01270353    -0.03414139   0.00425172
    2    6
 -0.00403535   0.01244319     0.00000000   0.00000000     0.00000000   0.00000000
  0.00000000   0.00000000     0.00085485  -0.00001048    -0.00920805   0.00025443
  0.00000000  -0.00000000     0.00351053  -0.00031251     0.00267390   0.01766431
    2    7
  0.00058993   0.00100676    -0.00000000  -0.00000000    -0.00000000  -0.00000000
  0.00000000  -0.00000000     0.00235803   0.01124742    -0.00522586   0.00499665
  0.00000000  -0.00000000    -0.00312457   0.00352579     0.01323194   0.01133389
    3    1
  0.00590990   0.02351968     0.00000000   0.00000000     0.00000000   0.00000000
  0.00000000  -0.00000000     0.00626121   0.01960851     0.04862807  -0.02078249
  0.00000000   0.00000000     0.05695970  -0.02921867    -0.03273502   0.00519746
    3    2
  0.00590990  -0.02351968     0.00000000  -0.00000000     0.00000000   0.00000000
  0.00000000   0.00000000     0.00626121  -0.01960851     0.04862807   0.02078249
  0.00000000  -0.00000000     0.05695970   0.02921867    -0.03273502  -0.00519746
    3    3
  0.66182322   0.00000000     0.00000000   0.00000000    -0.00000000   0.00000000
  0.00000000   0.00000000     0.72877580   0.00000000     0.00654171   0.00000000
 -0.00000000   0.00000000     0.00654171   0.00000000     0.48784569   0.00000000
    3    4
 -0.06046148   0.00066783     0.00000000  -0.00000000    -0.00000000   0.00000000
  0.00000000   0.00000000    -0.06996179   0.00208957    -0.00995386   0.00099019
  0.00000000   0.00000000    -0.01201168   0.01904195    -0.13498658  -0.02140742
    3    5
 -0.06046148  -0.00066783     0.00000000   0.00000000    -0.00000000   0.00000000
  0.00000000   0.00000000    -0.06996179  -0.00208957    -0.00995386  -0.00099019
  0.00000000  -0.00000000    -0.01201168  -0.01904195    -0.13498658   0.02140742
    3    6
 -0.02474812  -0.01798056     0.00000000   0.00000000     0.00000000  -0.00000000
  0.00000000   0.00000000    -0.34471031  -0.25044670    -0.00114252  -0.00083009
  0.00000000   0.00000000     0.00175550   0.00127545    -0.06701002  -0.04868563
    3    7
 -0.41643955   0.00000000    -0.00000000   0.00000000    -0.00000000   0.00000000
  0.00000000   0.00000000    -0.04691145   0.00000000    -0.00168029   0.00000000
 -0.00000000   0.00000000    -0.00539755   0.00000000    -0.08113273   0.00000000
    4    1
 -0.00653434   0.00002972     0.00000000   0.00000000     0.00000000   0.00000000
  0.00000000   0.00000000    -0.01460692   0.00096139    -0.00327985   0.01270353
  0.00000000   0.00000000    -0.00819044   0.01788723    -0.03414139   0.00425172
    4    2
  0.00086789  -0.00186603    -0.00000000   0.00000000    -0.00000000  -0.00000000
 -0.00000000   0.00000000     0.00375633  -0.00972417     0.00894989   0.00211767
 -0.00000000   0.00000000    -0.02089483  -0.01032415     0.01682520  -0.03886228
    4    3
 -0.06046148  -0.00066783     0.00000000   0.00000000     0.00000000  -0.00000000
 -0.00000000   0.00000000    -0.06996179  -0.00208957    -0.01201168  -0.01904195
 -0.00000000   0.00000000    -0.00995386  -0.00099019    -0.13498658   0.02140742
    4    4
  0.07096078   0.00000000     0.00000000   0.00000000     0.00000000   0.00000000
  0.00000000   0.00000000     0.08982732   0.00000000     0.00371938   0.01009966
  0.00000000   0.00000000     0.00371938  -0.01009966     0.29724619   0.00000000
    4    5
  0.01330054  -0.00504675     0.00000000   0.00000000    -0.00000000  -0.00000000
  0.00000000  -0.00000000     0.01315996  -0.00159408     0.02311401   0.01055778
  0.00000000  -0.00000000     0.02311401   0.01055778    -0.01473407  -0.03064302
    4    6
  0.00240003   0.00259275     0.00000000   0.00000000    -0.00000000  -0.00000000
  0.00000000   0.00000000    -0.00402320  -0.00340260    -0.01659415   0.02706533
  0.00000000   0.00000000    -0.00232881  -0.00024295     0.00232312  -0.01032064
    4    7
 -0.00694475  -0.00000948     0.00000000   0.00000000     0.00000000   0.00000000
  0.00000000   0.00000000     0.00893524   0.00124762     0.00278688   0.00779001
  0.00000000   0.00000000     0.00823868   0.00081801    -0.00807472  -0.00943314
    5    1
  0.00086789   0.00186603    -0.00000000   0.00000000    -0.00000000   0.00000000
 -0.00000000  -0.00000000     0.00375633   0.00972417     0.00894989  -0.00211767
 -0.00000000  -0.00000000    -0.02089483   0.01032415     0.01682520   0.03886228
    5    2
 -0.00653434  -0.00002972     0.00000000   0.00000000     0.00000000   0.00000000
  0.00000000   0.00000000    -0.01460692  -0.00096139    -0.00327985  -0.01270353
  0.00000000   0.00000000    -0.00819044  -0.01788723    -0.03414139  -0.00425172
    5    3
 -0.06046148   0.00066783     0.00000000   0.00000000     0.00000000   0.00000000
 -0.00000000  -0.00000000    -0.06996179   0.00208957    -0.01201168   0.01904195
 -0.00000000   0.00000000    -0.00995386   0.00099019    -0.13498658  -0.02140742
    5    4
  0.01330054   0.00504675     0.00000000   0.00000000    -0.00000000   0.00000000
  0.00000000   0.00000000     0.01315996   0.00159408     0.02311401  -0.01055778
  0.00000000   0.00000000     0.02311401  -0.01055778    -0.01473407   0.03064302
    5    5
  0.07096078   0.00000000     0.00000000   0.00000000     0.00000000   0.00000000
  0.00000000   0.00000000     0.08982732   0.00000000     0.00371938  -0.01009966
  0.00000000   0.00000000     0.00371938   0.01009966     0.29724619   0.00000000
    5    6
  0.00320750   0.00148136     0.00000000   0.00000000     0.00000000   0.00000000
 -0.00000000   0.00000000    -0.00447930  -0.00277483     0.02061278  -0.02414562
  0.00000000   0.00000000    -0.00095070  -0.00213976    -0.00909763   0.00539867
    5    7
 -0.00694475   0.00000948     0.00000000   0.00000000     0.00000000   0.00000000
  0.00000000  -0.00000000     0.00893524  -0.00124762     0.00278688  -0.00779001
  0.00000000   0.00000000     0.00823868  -0.00081801    -0.00807472   0.00943314
    6    1
  0.01058719   0.00768300    -0.00000000   0.00000000    -0.00000000  -0.00000000
 -0.00000000   0.00000000     0.00025420  -0.00081625     0.00078760  -0.00343529
 -0.00000000   0.00000000    -0.00260346   0.00883600     0.01762603   0.00291554
    6    2
 -0.00403535  -0.01244319     0.00000000   0.00000000     0.00000000   0.00000000
  0.00000000   0.00000000     0.00085485   0.00001048     0.00351053   0.00031251
  0.00000000   0.00000000    -0.00920805  -0.00025443     0.00267390  -0.01766431
    6    3
 -0.02474812   0.01798056     0.00000000   0.00000000     0.00000000   0.00000000
  0.00000000   0.00000000    -0.34471031   0.25044670     0.00175550  -0.00127545
  0.00000000   0.00000000    -0.00114252   0.00083009    -0.06701002   0.04868563
    6    4
  0.00240003  -0.00259275    -0.00000000   0.00000000     0.00000000   0.00000000
  0.00000000   0.00000000    -0.00402320   0.00340260    -0.00232881   0.00024295
  0.00000000   0.00000000    -0.01659415  -0.02706533     0.00232312   0.01032064
    6    5
  0.00320750  -0.00148136    -0.00000000  -0.00000000     0.00000000   0.00000000
 -0.00000000  -0.00000000    -0.00447930   0.00277483    -0.00095070   0.00213976
  0.00000000  -0.00000000     0.02061278   0.02414562    -0.00909763  -0.00539867
    6    6
  0.09683055   0.00000000     0.00000000   0.00000000     0.00000000   0.00000000
  0.00000000   0.00000000     0.59053362   0.00000000    -0.00037990   0.00000000
  0.00000000   0.00000000    -0.00037990   0.00000000     0.11238921   0.00000000
    6    7
 -0.03834611   0.02786008     0.00000000   0.00000000     0.00000000   0.00000000
  0.00000000   0.00000000    -0.03196484   0.02322382    -0.00063219   0.00045931
  0.00000000   0.00000000     0.00066286  -0.00048159     0.01217938  -0.00884884
    7    1
  0.00058993   0.00100676     0.00000000  -0.00000000     0.00000000  -0.00000000
  0.00000000   0.00000000     0.00235803   0.01124742    -0.00312457   0.00352579
  0.00000000  -0.00000000    -0.00522586   0.00499665     0.01323194   0.01133389
    7    2
  0.00058993  -0.00100676     0.00000000   0.00000000     0.00000000   0.00000000
  0.00000000   0.00000000     0.00235803  -0.01124742    -0.00312457  -0.00352579
  0.00000000   0.00000000    -0.00522586  -0.00499665     0.01323194  -0.01133389
    7    3
 -0.41643955   0.00000000     0.00000000   0.00000000     0.00000000   0.00000000
  0.00000000   0.00000000    -0.04691145   0.00000000    -0.00539755   0.00000000
  0.00000000   0.00000000    -0.00168029   0.00000000    -0.08113273   0.00000000
    7    4
 -0.00694475   0.00000948     0.00000000   0.00000000    -0.00000000   0.00000000
  0.00000000   0.00000000     0.00893524  -0.00124762     0.00823868  -0.00081801
  0.00000000   0.00000000     0.00278688  -0.00779001    -0.00807472   0.00943314
    7    5
 -0.00694475  -0.00000948     0.00000000   0.00000000    -0.00000000   0.00000000
  0.00000000   0.00000000     0.00893524   0.00124762     0.00823868   0.00081801
  0.00000000   0.00000000     0.00278688   0.00779001    -0.00807472  -0.00943314
    7    6
 -0.03834611  -0.02786008     0.00000000   0.00000000     0.00000000   0.00000000
  0.00000000   0.00000000    -0.03196484  -0.02322382     0.00066286   0.00048159
  0.00000000  -0.00000000    -0.00063219  -0.00045931     0.01217938   0.00884884
    7    7
  0.48684575   0.00000000    -0.00000000   0.00000000    -0.00000000   0.00000000
 -0.00000000   0.00000000     0.10910554   0.00000000     0.00109755   0.00000000
  0.00000000   0.00000000     0.00109755   0.00000000     0.11463608   0.00000000

     Dynamical  Matrix in cartesian axes

     q = (    0.000000000  -0.200000000   0.182159698 ) 

    1    1
  0.06541429   0.00000000     0.00000000   0.00000000     0.00000000   0.00000000
  0.00000000   0.00000000     0.10414842   0.00000000    -0.00147261   0.00975929
  0.00000000   0.00000000    -0.00147261  -0.00975929     0.19229972   0.00000000
    1    2
  0.00237540  -0.01155781     0.00000000   0.00000000     0.00000000   0.00000000
  0.00000000   0.00000000    -0.00089480  -0.00781864     0.03358304   0.00957775
  0.00000000  -0.00000000     0.03358304   0.00957775     0.02673436  -0.02493189
    1    3
  0.00590990  -0.02351968     0.00000000   0.00000000     0.00000000   0.00000000
  0.00000000   0.00000000     0.00626121  -0.01960851    -0.05695970  -0.02921867
  0.00000000   0.00000000    -0.04862807  -0.02078249    -0.03273502  -0.00519746
    1    4
 -0.00653434  -0.00002972     0.00000000  -0.00000000     0.00000000  -0.00000000
  0.00000000  -0.00000000    -0.01460692  -0.00096139     0.00819044   0.01788723
  0.00000000  -0.00000000     0.00327985   0.01270353    -0.03414139  -0.00425172
    1    5
  0.00086789  -0.00186603     0.00000000  -0.00000000     0.00000000  -0.00000000
  0.00000000  -0.00000000     0.00375633  -0.00972417     0.02089483   0.01032415
  0.00000000   0.00000000    -0.00894989  -0.00211767     0.01682520  -0.03886228
    1    6
 -0.00403535  -0.01244319     0.00000000   0.00000000     0.00000000   0.00000000
  0.00000000   0.00000000     0.00085485   0.00001048     0.00920805   0.00025443
  0.00000000   0.00000000    -0.00351053  -0.00031251     0.00267390  -0.01766431
    1    7
  0.00058993  -0.00100676     0.00000000  -0.00000000     0.00000000   0.00000000
 -0.00000000  -0.00000000     0.00235803  -0.01124742     0.00522586   0.00499665
 -0.00000000   0.00000000     0.00312457   0.00352579     0.01323194  -0.01133389
    2    1
  0.00237540   0.01155781     0.00000000  -0.00000000     0.00000000   0.00000000
  0.00000000   0.00000000    -0.00089480   0.00781864     0.03358304  -0.00957775
  0.00000000   0.00000000     0.03358304  -0.00957775     0.02673436   0.02493189
    2    2
  0.06541429   0.00000000     0.00000000   0.00000000     0.00000000   0.00000000
  0.00000000   0.00000000     0.10414842   0.00000000    -0.00147261  -0.00975929
  0.00000000   0.00000000    -0.00147261   0.00975929     0.19229972   0.00000000
    2    3
  0.00590990   0.02351968     0.00000000  -0.00000000     0.00000000   0.00000000
  0.00000000  -0.00000000     0.00626121   0.01960851    -0.05695970   0.02921867
  0.00000000   0.00000000    -0.04862807   0.02078249    -0.03273502   0.00519746
    2    4
  0.00086789   0.00186603     0.00000000   0.00000000     0.00000000   0.00000000
  0.00000000   0.00000000     0.00375633   0.00972417     0.02089483  -0.01032415
  0.00000000   0.00000000    -0.00894989   0.00211767     0.01682520   0.03886228
    2    5
 -0.00653434   0.00002972     0.00000000   0.00000000     0.00000000   0.00000000
  0.00000000   0.00000000    -0.01460692   0.00096139     0.00819044  -0.01788723
  0.00000000   0.00000000     0.00327985  -0.01270353    -0.03414139   0.00425172
    2    6
  0.01058719   0.00768300     0.00000000  -0.00000000     0.00000000  -0.00000000
  0.00000000  -0.00000000     0.00025420  -0.00081625     0.00260346  -0.00883600
  0.00000000   0.00000000    -0.00078760   0.00343529     0.01762603   0.00291554
    2    7
  0.00058993   0.00100676     0.00000000   0.00000000     0.00000000   0.00000000
 -0.00000000   0.00000000     0.00235803   0.01124742     0.00522586  -0.00499665
 -0.00000000   0.00000000     0.00312457  -0.00352579     0.01323194   0.01133389
    3    1
  0.00590990   0.02351968     0.00000000  -0.00000000     0.00000000  -0.00000000
  0.00000000  -0.00000000     0.00626121   0.01960851    -0.04862807   0.02078249
  0.00000000  -0.00000000    -0.05695970   0.02921867    -0.03273502   0.00519746
    3    2
  0.00590990  -0.02351968     0.00000000   0.00000000     0.00000000   0.00000000
  0.00000000   0.00000000     0.00626121  -0.01960851    -0.04862807  -0.02078249
  0.00000000   0.00000000    -0.05695970  -0.02921867    -0.03273502  -0.00519746
    3    3
  0.66182322   0.00000000     0.00000000   0.00000000     0.00000000   0.00000000
  0.00000000   0.00000000     0.72877580   0.00000000    -0.00654171   0.00000000
  0.00000000   0.00000000    -0.00654171   0.00000000     0.48784569   0.00000000
    3    4
 -0.06046148   0.00066783     0.00000000   0.00000000     0.00000000   0.00000000
  0.00000000   0.00000000    -0.06996179   0.00208957     0.00995386  -0.00099019
  0.00000000   0.00000000     0.01201168  -0.01904195    -0.13498658  -0.02140742
    3    5
 -0.06046148  -0.00066783     0.00000000   0.00000000     0.00000000  -0.00000000
  0.00000000   0.00000000    -0.06996179  -0.00208957     0.00995386   0.00099019
  0.00000000   0.00000000     0.01201168   0.01904195    -0.13498658   0.02140742
    3    6
 -0.02474812   0.01798056     0.00000000   0.00000000     0.00000000   0.00000000
  0.00000000   0.00000000    -0.34471031   0.25044670     0.00114252  -0.00083009
  0.00000000   0.00000000    -0.00175550   0.00127545    -0.06701002   0.04868563
    3    7
 -0.41643955   0.00000000    -0.00000000   0.00000000     0.00000000   0.00000000
 -0.00000000   0.00000000    -0.04691145   0.00000000     0.00168029   0.00000000
 -0.00000000   0.00000000     0.00539755   0.00000000    -0.08113273   0.00000000
    4    1
 -0.00653434   0.00002972     0.00000000   0.00000000     0.00000000   0.00000000
  0.00000000   0.00000000    -0.01460692   0.00096139     0.00327985  -0.01270353
  0.00000000   0.00000000     0.00819044  -0.01788723    -0.03414139   0.00425172
    4    2
  0.00086789  -0.00186603     0.00000000   0.00000000    -0.00000000   0.00000000
  0.00000000  -0.00000000     0.00375633  -0.00972417    -0.00894989  -0.00211767
  0.00000000   0.00000000     0.02089483   0.01032415     0.01682520  -0.03886228
    4    3
 -0.06046148  -0.00066783    -0.00000000   0.00000000    -0.00000000   0.00000000
  0.00000000  -0.00000000    -0.06996179  -0.00208957     0.01201168   0.01904195
  0.00000000  -0.00000000     0.00995386   0.00099019    -0.13498658   0.02140742
    4    4
  0.07096078   0.00000000     0.00000000   0.00000000     0.00000000   0.00000000
  0.00000000   0.00000000     0.08982732   0.00000000    -0.00371938  -0.01009966
  0.00000000   0.00000000    -0.00371938   0.01009966     0.29724619   0.00000000
    4    5
  0.01330054  -0.00504675     0.00000000   0.00000000    -0.00000000   0.00000000
  0.00000000   0.00000000     0.01315996  -0.00159408    -0.02311401  -0.01055778
 -0.00000000   0.00000000    -0.02311401  -0.01055778    -0.01473407  -0.03064302
    4    6
  0.00320750  -0.00148136    -0.00000000   0.00000000    -0.00000000   0.00000000
  0.00000000  -0.00000000    -0.00447930   0.00277483    -0.02061278  -0.02414562
  0.00000000  -0.00000000     0.00095070  -0.00213976    -0.00909763  -0.00539867
    4    7
 -0.00694475  -0.00000948    -0.00000000   0.00000000    -0.00000000   0.00000000
  0.00000000   0.00000000     0.00893524   0.00124762    -0.00278688  -0.00779001
 -0.00000000  -0.00000000    -0.00823868  -0.00081801    -0.00807472  -0.00943314
    5    1
  0.00086789   0.00186603     0.00000000   0.00000000    -0.00000000  -0.00000000
  0.00000000   0.00000000     0.00375633   0.00972417    -0.00894989   0.00211767
  0.00000000   0.00000000     0.02089483  -0.01032415     0.01682520   0.03886228
    5    2
 -0.00653434  -0.00002972     0.00000000  -0.00000000     0.00000000  -0.00000000
  0.00000000   0.00000000    -0.01460692  -0.00096139     0.00327985   0.01270353
  0.00000000   0.00000000     0.00819044   0.01788723    -0.03414139  -0.00425172
    5    3
 -0.06046148   0.00066783    -0.00000000   0.00000000    -0.00000000   0.00000000
  0.00000000   0.00000000    -0.06996179   0.00208957     0.01201168  -0.01904195
  0.00000000   0.00000000     0.00995386  -0.00099019    -0.13498658  -0.02140742
    5    4
  0.01330054   0.00504675     0.00000000   0.00000000    -0.00000000  -0.00000000
  0.00000000  -0.00000000     0.01315996   0.00159408    -0.02311401   0.01055778
 -0.00000000  -0.00000000    -0.02311401   0.01055778    -0.01473407   0.03064302
    5    5
  0.07096078   0.00000000     0.00000000   0.00000000     0.00000000   0.00000000
  0.00000000   0.00000000     0.08982732   0.00000000    -0.00371938   0.01009966
  0.00000000   0.00000000    -0.00371938  -0.01009966     0.29724619   0.00000000
    5    6
  0.00240003  -0.00259275     0.00000000   0.00000000     0.00000000   0.00000000
 -0.00000000   0.00000000    -0.00402320   0.00340260     0.01659415   0.02706533
 -0.00000000   0.00000000     0.00232881  -0.00024295     0.00232312   0.01032064
    5    7
 -0.00694475   0.00000948    -0.00000000   0.00000000    -0.00000000   0.00000000
  0.00000000   0.00000000     0.00893524  -0.00124762    -0.00278688   0.00779001
 -0.00000000   0.00000000    -0.00823868   0.00081801    -0.00807472   0.00943314
    6    1
 -0.00403535   0.01244319     0.00000000   0.00000000     0.00000000   0.00000000
  0.00000000   0.00000000     0.00085485  -0.00001048    -0.00351053   0.00031251
  0.00000000   0.00000000     0.00920805  -0.00025443     0.00267390   0.01766431
    6    2
  0.01058719  -0.00768300     0.00000000   0.00000000     0.00000000   0.00000000
  0.00000000   0.00000000     0.00025420   0.00081625    -0.00078760  -0.00343529
  0.00000000   0.00000000     0.00260346   0.00883600     0.01762603  -0.00291554
    6    3
 -0.02474812  -0.01798056     0.00000000  -0.00000000    -0.00000000  -0.00000000
  0.00000000  -0.00000000    -0.34471031  -0.25044670    -0.00175550  -0.00127545
 -0.00000000  -0.00000000     0.00114252   0.00083009    -0.06701002  -0.04868563
    6    4
  0.00320750   0.00148136     0.00000000   0.00000000     0.00000000   0.00000000
  0.00000000   0.00000000    -0.00447930  -0.00277483     0.00095070   0.00213976
  0.00000000   0.00000000    -0.02061278   0.02414562    -0.00909763   0.00539867
    6    5
  0.00240003   0.00259275    -0.00000000  -0.00000000    -0.00000000  -0.00000000
  0.00000000   0.00000000    -0.00402320  -0.00340260     0.00232881   0.00024295
  0.00000000   0.00000000     0.01659415  -0.02706533     0.00232312  -0.01032064
    6    6
  0.09683055   0.00000000     0.00000000   0.00000000    -0.00000000   0.00000000
  0.00000000   0.00000000     0.59053362   0.00000000     0.00037990   0.00000000
  0.00000000   0.00000000     0.00037990   0.00000000     0.11238921   0.00000000
    6    7
 -0.03834611  -0.02786008     0.00000000  -0.00000000     0.00000000  -0.00000000
  0.00000000  -0.00000000    -0.03196484  -0.02322382     0.00063219   0.00045931
  0.00000000  -0.00000000    -0.00066286  -0.00048159     0.01217938   0.00884884
    7    1
  0.00058993   0.00100676     0.00000000   0.00000000    -0.00000000   0.00000000
  0.00000000  -0.00000000     0.00235803   0.01124742     0.00312457  -0.00352579
  0.00000000  -0.00000000     0.00522586  -0.00499665     0.01323194   0.01133389
    7    2
  0.00058993  -0.00100676     0.00000000   0.00000000    -0.00000000   0.00000000
  0.00000000   0.00000000     0.00235803  -0.01124742     0.00312457   0.00352579
  0.00000000   0.00000000     0.00522586   0.00499665     0.01323194  -0.01133389
    7    3
 -0.41643955   0.00000000     0.00000000   0.00000000     0.00000000   0.00000000
  0.00000000   0.00000000    -0.04691145   0.00000000     0.00539755   0.00000000
  0.00000000   0.00000000     0.00168029   0.00000000    -0.08113273   0.00000000
    7    4
 -0.00694475   0.00000948     0.00000000   0.00000000    -0.00000000   0.00000000
  0.00000000   0.00000000     0.00893524  -0.00124762    -0.00823868   0.00081801
 -0.00000000   0.00000000    -0.00278688   0.00779001    -0.00807472   0.00943314
    7    5
 -0.00694475  -0.00000948     0.00000000   0.00000000    -0.00000000  -0.00000000
  0.00000000   0.00000000     0.00893524   0.00124762    -0.00823868  -0.00081801
 -0.00000000   0.00000000    -0.00278688  -0.00779001    -0.00807472  -0.00943314
    7    6
 -0.03834611   0.02786008     0.00000000   0.00000000     0.00000000  -0.00000000
  0.00000000   0.00000000    -0.03196484   0.02322382    -0.00066286   0.00048159
  0.00000000  -0.00000000     0.00063219  -0.00045931     0.01217938  -0.00884884
    7    7
  0.48684575   0.00000000     0.00000000   0.00000000    -0.00000000   0.00000000
  0.00000000   0.00000000     0.10910554   0.00000000    -0.00109755   0.00000000
  0.00000000   0.00000000    -0.00109755   0.00000000     0.11463608   0.00000000

     Dynamical  Matrix in cartesian axes

     q = (    0.200000000   0.000000000  -0.182159698 ) 

    1    1
  0.10414842   0.00000000     0.00000000   0.00000000    -0.00147261  -0.00975929
  0.00000000   0.00000000     0.06541429   0.00000000    -0.00000000   0.00000000
 -0.00147261   0.00975929    -0.00000000   0.00000000     0.19229972   0.00000000
    1    2
 -0.00089480   0.00781864     0.00000000  -0.00000000     0.03358304  -0.00957775
  0.00000000   0.00000000     0.00237540   0.01155781    -0.00000000  -0.00000000
  0.03358304  -0.00957775     0.00000000   0.00000000     0.02673436   0.02493189
    1    3
  0.00626121   0.01960851     0.00000000   0.00000000    -0.05695970   0.02921867
  0.00000000   0.00000000     0.00590990   0.02351968     0.00000000  -0.00000000
 -0.04862807   0.02078249     0.00000000  -0.00000000    -0.03273502   0.00519746
    1    4
 -0.01460692   0.00096139     0.00000000   0.00000000     0.00819044  -0.01788723
  0.00000000   0.00000000    -0.00653434   0.00002972    -0.00000000  -0.00000000
  0.00327985  -0.01270353     0.00000000   0.00000000    -0.03414139   0.00425172
    1    5
  0.00375633   0.00972417     0.00000000   0.00000000     0.02089483  -0.01032415
  0.00000000   0.00000000     0.00086789   0.00186603     0.00000000   0.00000000
 -0.00894989   0.00211767     0.00000000   0.00000000     0.01682520   0.03886228
    1    6
  0.00235803   0.01124742     0.00000000  -0.00000000     0.00522586  -0.00499665
 -0.00000000  -0.00000000     0.00058993   0.00100676     0.00000000   0.00000000
  0.00312457  -0.00352579     0.00000000   0.00000000     0.01323194   0.01133389
    1    7
  0.00025420  -0.00081625     0.00000000  -0.00000000     0.00260346  -0.00883600
  0.00000000  -0.00000000     0.01058719   0.00768300     0.00000000   0.00000000
 -0.00078760   0.00343529     0.00000000   0.00000000     0.01762603   0.00291554
    2    1
 -0.00089480  -0.00781864     0.00000000   0.00000000     0.03358304   0.00957775
  0.00000000   0.00000000     0.00237540  -0.01155781    -0.00000000   0.00000000
  0.03358304   0.00957775     0.00000000   0.00000000     0.02673436  -0.02493189
    2    2
  0.10414842   0.00000000     0.00000000   0.00000000    -0.00147261   0.00975929
  0.00000000   0.00000000     0.06541429   0.00000000    -0.00000000   0.00000000
 -0.00147261  -0.00975929    -0.00000000   0.00000000     0.19229972   0.00000000
    2    3
  0.00626121  -0.01960851     0.00000000  -0.00000000    -0.05695970  -0.02921867
  0.00000000  -0.00000000     0.00590990  -0.02351968     0.00000000   0.00000000
 -0.04862807  -0.02078249     0.00000000   0.00000000    -0.03273502  -0.00519746
    2    4
  0.00375633  -0.00972417     0.00000000   0.00000000     0.02089483   0.01032415
  0.00000000   0.00000000     0.00086789  -0.00186603     0.00000000  -0.00000000
 -0.00894989  -0.00211767     0.00000000  -0.00000000     0.01682520  -0.03886228
    2    5
 -0.01460692  -0.00096139     0.00000000   0.00000000     0.00819044   0.01788723
  0.00000000   0.00000000    -0.00653434  -0.00002972    -0.00000000   0.00000000
  0.00327985   0.01270353     0.00000000   0.00000000    -0.03414139  -0.00425172
    2    6
  0.00235803  -0.01124742     0.00000000   0.00000000     0.00522586   0.00499665
 -0.00000000   0.00000000     0.00058993  -0.00100676     0.00000000  -0.00000000
  0.00312457   0.00352579     0.00000000  -0.00000000     0.01323194  -0.01133389
    2    7
  0.00085485   0.00001048     0.00000000   0.00000000     0.00920805   0.00025443
  0.00000000   0.00000000    -0.00403535  -0.01244319    -0.00000000   0.00000000
 -0.00351053  -0.00031251    -0.00000000  -0.00000000     0.00267390  -0.01766431
    3    1
  0.00626121  -0.01960851     0.00000000   0.00000000    -0.04862807  -0.02078249
  0.00000000  -0.00000000     0.00590990  -0.02351968     0.00000000   0.00000000
 -0.05695970  -0.02921867     0.00000000   0.00000000    -0.03273502  -0.00519746
    3    2
  0.00626121   0.01960851     0.00000000  -0.00000000    -0.04862807   0.02078249
  0.00000000   0.00000000     0.00590990   0.02351968     0.00000000  -0.00000000
 -0.05695970   0.02921867     0.00000000  -0.00000000    -0.03273502   0.00519746
    3    3
  0.72877580   0.00000000     0.00000000   0.00000000    -0.00654171   0.00000000
  0.00000000   0.00000000     0.66182322   0.00000000     0.00000000   0.00000000
 -0.00654171   0.00000000     0.00000000   0.00000000     0.48784569   0.00000000
    3    4
 -0.06996179  -0.00208957     0.00000000   0.00000000     0.00995386   0.00099019
  0.00000000   0.00000000    -0.06046148  -0.00066783     0.00000000   0.00000000
  0.01201168   0.01904195     0.00000000   0.00000000    -0.13498658   0.02140742
    3    5
 -0.06996179   0.00208957     0.00000000   0.00000000     0.00995386  -0.00099019
  0.00000000  -0.00000000    -0.06046148   0.00066783     0.00000000  -0.00000000
  0.01201168  -0.01904195     0.00000000  -0.00000000    -0.13498658  -0.02140742
    3    6
 -0.04691145   0.00000000     0.00000000   0.00000000     0.00168029   0.00000000
 -0.00000000   0.00000000    -0.41643955   0.00000000     0.00000000   0.00000000
  0.00539755   0.00000000     0.00000000   0.00000000    -0.08113273   0.00000000
    3    7
 -0.34471031   0.25044670     0.00000000   0.00000000     0.00114252  -0.00083009
  0.00000000   0.00000000    -0.02474812   0.01798056     0.00000000  -0.00000000
 -0.00175550   0.00127545     0.00000000  -0.00000000    -0.06701002   0.04868563
    4    1
 -0.01460692  -0.00096139     0.00000000   0.00000000     0.00327985   0.01270353
  0.00000000   0.00000000    -0.00653434  -0.00002972    -0.00000000   0.00000000
  0.00819044   0.01788723     0.00000000   0.00000000    -0.03414139  -0.00425172
    4    2
  0.00375633   0.00972417    -0.00000000  -0.00000000    -0.00894989   0.00211767
 -0.00000000   0.00000000     0.00086789   0.00186603     0.00000000  -0.00000000
  0.02089483  -0.01032415     0.00000000   0.00000000     0.01682520   0.03886228
    4    3
 -0.06996179   0.00208957    -0.00000000  -0.00000000     0.01201168  -0.01904195
  0.00000000   0.00000000    -0.06046148   0.00066783     0.00000000  -0.00000000
  0.00995386  -0.00099019     0.00000000   0.00000000    -0.13498658  -0.02140742
    4    4
  0.08982732   0.00000000     0.00000000   0.00000000    -0.00371938   0.01009966
  0.00000000   0.00000000     0.07096078   0.00000000     0.00000000   0.00000000
 -0.00371938  -0.01009966     0.00000000   0.00000000     0.29724619   0.00000000
    4    5
  0.01315996   0.00159408     0.00000000   0.00000000    -0.02311401   0.01055778
  0.00000000   0.00000000     0.01330054   0.00504675     0.00000000  -0.00000000
 -0.02311401   0.01055778     0.00000000  -0.00000000    -0.01473407   0.03064302
    4    6
  0.00893524  -0.00124762     0.00000000  -0.00000000    -0.00278688   0.00779001
  0.00000000   0.00000000    -0.00694475   0.00000948     0.00000000   0.00000000
 -0.00823868   0.00081801     0.00000000   0.00000000    -0.00807472   0.00943314
    4    7
 -0.00402320   0.00340260     0.00000000   0.00000000     0.01659415   0.02706533
 -0.00000000   0.00000000     0.00240003  -0.00259275     0.00000000  -0.00000000
  0.00232881  -0.00024295    -0.00000000  -0.00000000     0.00232312   0.01032064
    5    1
  0.00375633  -0.00972417    -0.00000000   0.00000000    -0.00894989  -0.00211767
 -0.00000000   0.00000000     0.00086789  -0.00186603     0.00000000   0.00000000
  0.02089483   0.01032415     0.00000000  -0.00000000     0.01682520  -0.03886228
    5    2
 -0.01460692   0.00096139     0.00000000   0.00000000     0.00327985  -0.01270353
  0.00000000   0.00000000    -0.00653434   0.00002972    -0.00000000   0.00000000
  0.00819044  -0.01788723     0.00000000   0.00000000    -0.03414139   0.00425172
    5    3
 -0.06996179  -0.00208957    -0.00000000   0.00000000     0.01201168   0.01904195
  0.00000000   0.00000000    -0.06046148  -0.00066783     0.00000000   0.00000000
  0.00995386   0.00099019     0.00000000  -0.00000000    -0.13498658   0.02140742
    5    4
  0.01315996  -0.00159408     0.00000000  -0.00000000    -0.02311401  -0.01055778
  0.00000000   0.00000000     0.01330054  -0.00504675     0.00000000   0.00000000
 -0.02311401  -0.01055778     0.00000000   0.00000000    -0.01473407  -0.03064302
    5    5
  0.08982732   0.00000000     0.00000000   0.00000000    -0.00371938  -0.01009966
  0.00000000   0.00000000     0.07096078   0.00000000     0.00000000   0.00000000
 -0.00371938   0.01009966     0.00000000   0.00000000     0.29724619   0.00000000
    5    6
  0.00893524   0.00124762     0.00000000   0.00000000    -0.00278688  -0.00779001
  0.00000000   0.00000000    -0.00694475  -0.00000948     0.00000000   0.00000000
 -0.00823868  -0.00081801     0.00000000  -0.00000000    -0.00807472  -0.00943314
    5    7
 -0.00447930   0.00277483    -0.00000000   0.00000000    -0.02061278  -0.02414562
 -0.00000000  -0.00000000     0.00320750  -0.00148136     0.00000000   0.00000000
  0.00095070  -0.00213976     0.00000000   0.00000000    -0.00909763  -0.00539867
    6    1
  0.00235803  -0.01124742     0.00000000   0.00000000     0.00312457   0.00352579
  0.00000000   0.00000000     0.00058993  -0.00100676    -0.00000000  -0.00000000
  0.00522586   0.00499665     0.00000000  -0.00000000     0.01323194  -0.01133389
    6    2
  0.00235803   0.01124742     0.00000000   0.00000000     0.00312457  -0.00352579
  0.00000000  -0.00000000     0.00058993   0.00100676    -0.00000000   0.00000000
  0.00522586  -0.00499665     0.00000000   0.00000000     0.01323194   0.01133389
    6    3
 -0.04691145   0.00000000     0.00000000   0.00000000     0.00539755   0.00000000
  0.00000000   0.00000000    -0.41643955   0.00000000     0.00000000   0.00000000
  0.00168029   0.00000000     0.00000000   0.00000000    -0.08113273   0.00000000
    6    4
  0.00893524   0.00124762     0.00000000   0.00000000    -0.00823868  -0.00081801
  0.00000000   0.00000000    -0.00694475  -0.00000948     0.00000000  -0.00000000
 -0.00278688  -0.00779001    -0.00000000   0.00000000    -0.00807472  -0.00943314
    6    5
  0.00893524  -0.00124762     0.00000000   0.00000000    -0.00823868   0.00081801
  0.00000000   0.00000000    -0.00694475   0.00000948     0.00000000   0.00000000
 -0.00278688   0.00779001    -0.00000000   0.00000000    -0.00807472   0.00943314
    6    6
  0.10910554   0.00000000    -0.00000000   0.00000000    -0.00109755   0.00000000
 -0.00000000   0.00000000     0.48684575   0.00000000     0.00000000   0.00000000
 -0.00109755   0.00000000     0.00000000   0.00000000     0.11463608   0.00000000
    6    7
 -0.03196484   0.02322382     0.00000000   0.00000000    -0.00066286   0.00048159
  0.00000000   0.00000000    -0.03834611   0.02786008    -0.00000000   0.00000000
  0.00063219  -0.00045931    -0.00000000   0.00000000     0.01217938  -0.00884884
    7    1
  0.00025420   0.00081625     0.00000000  -0.00000000    -0.00078760  -0.00343529
 -0.00000000   0.00000000     0.01058719  -0.00768300     0.00000000   0.00000000
  0.00260346   0.00883600    -0.00000000   0.00000000     0.01762603  -0.00291554
    7    2
  0.00085485  -0.00001048     0.00000000  -0.00000000    -0.00351053   0.00031251
  0.00000000   0.00000000    -0.00403535   0.01244319    -0.00000000  -0.00000000
  0.00920805  -0.00025443    -0.00000000   0.00000000     0.00267390   0.01766431
    7    3
 -0.34471031  -0.25044670     0.00000000  -0.00000000    -0.00175550  -0.00127545
  0.00000000  -0.00000000    -0.02474812  -0.01798056     0.00000000   0.00000000
  0.00114252   0.00083009     0.00000000   0.00000000    -0.06701002  -0.04868563
    7    4
 -0.00402320  -0.00340260     0.00000000  -0.00000000     0.00232881   0.00024295
  0.00000000  -0.00000000     0.00240003   0.00259275    -0.00000000   0.00000000
  0.01659415  -0.02706533     0.00000000   0.00000000     0.00232312  -0.01032064
    7    5
 -0.00447930  -0.00277483     0.00000000   0.00000000     0.00095070   0.00213976
 -0.00000000  -0.00000000     0.00320750   0.00148136     0.00000000  -0.00000000
 -0.02061278   0.02414562    -0.00000000  -0.00000000    -0.00909763   0.00539867
    7    6
 -0.03196484  -0.02322382     0.00000000   0.00000000     0.00063219   0.00045931
  0.00000000   0.00000000    -0.03834611  -0.02786008    -0.00000000  -0.00000000
 -0.00066286  -0.00048159     0.00000000  -0.00000000     0.01217938   0.00884884
    7    7
  0.59053362   0.00000000     0.00000000   0.00000000     0.00037990   0.00000000
  0.00000000   0.00000000     0.09683055   0.00000000    -0.00000000   0.00000000
  0.00037990   0.00000000     0.00000000   0.00000000     0.11238921   0.00000000

     Dynamical  Matrix in cartesian axes

     q = (    0.000000000   0.200000000  -0.182159698 ) 

    1    1
  0.06541429   0.00000000     0.00000000   0.00000000     0.00000000   0.00000000
  0.00000000   0.00000000     0.10414842   0.00000000    -0.00147261  -0.00975929
  0.00000000   0.00000000    -0.00147261   0.00975929     0.19229972   0.00000000
    1    2
  0.00237540   0.01155781     0.00000000  -0.00000000     0.00000000   0.00000000
  0.00000000   0.00000000    -0.00089480   0.00781864     0.03358304  -0.00957775
  0.00000000   0.00000000     0.03358304  -0.00957775     0.02673436   0.02493189
    1    3
  0.00590990   0.02351968     0.00000000  -0.00000000     0.00000000   0.00000000
  0.00000000  -0.00000000     0.00626121   0.01960851    -0.05695970   0.02921867
  0.00000000   0.00000000    -0.04862807   0.02078249    -0.03273502   0.00519746
    1    4
 -0.00653434   0.00002972     0.00000000   0.00000000     0.00000000   0.00000000
  0.00000000   0.00000000    -0.01460692   0.00096139     0.00819044  -0.01788723
  0.00000000   0.00000000     0.00327985  -0.01270353    -0.03414139   0.00425172
    1    5
  0.00086789   0.00186603     0.00000000   0.00000000     0.00000000   0.00000000
  0.00000000   0.00000000     0.00375633   0.00972417     0.02089483  -0.01032415
  0.00000000   0.00000000    -0.00894989   0.00211767     0.01682520   0.03886228
    1    6
 -0.00403535   0.01244319     0.00000000   0.00000000     0.00000000   0.00000000
  0.00000000   0.00000000     0.00085485  -0.00001048     0.00920805  -0.00025443
  0.00000000   0.00000000    -0.00351053   0.00031251     0.00267390   0.01766431
    1    7
  0.00058993   0.00100676     0.00000000   0.00000000     0.00000000   0.00000000
 -0.00000000   0.00000000     0.00235803   0.01124742     0.00522586  -0.00499665
 -0.00000000   0.00000000     0.00312457  -0.00352579     0.01323194   0.01133389
    2    1
  0.00237540  -0.01155781     0.00000000   0.00000000     0.00000000   0.00000000
  0.00000000   0.00000000    -0.00089480  -0.00781864     0.03358304   0.00957775
  0.00000000  -0.00000000     0.03358304   0.00957775     0.02673436  -0.02493189
    2    2
  0.06541429   0.00000000     0.00000000   0.00000000     0.00000000   0.00000000
  0.00000000   0.00000000     0.10414842   0.00000000    -0.00147261   0.00975929
  0.00000000   0.00000000    -0.00147261  -0.00975929     0.19229972   0.00000000
    2    3
  0.00590990  -0.02351968     0.00000000   0.00000000     0.00000000   0.00000000
  0.00000000   0.00000000     0.00626121  -0.01960851    -0.05695970  -0.02921867
  0.00000000   0.00000000    -0.04862807  -0.02078249    -0.03273502  -0.00519746
    2    4
  0.00086789  -0.00186603     0.00000000  -0.00000000     0.00000000  -0.00000000
  0.00000000  -0.00000000     0.00375633  -0.00972417     0.02089483   0.01032415
  0.00000000   0.00000000    -0.00894989  -0.00211767     0.01682520  -0.03886228
    2    5
 -0.00653434  -0.00002972     0.00000000  -0.00000000     0.00000000  -0.00000000
  0.00000000  -0.00000000    -0.01460692  -0.00096139     0.00819044   0.01788723
  0.00000000  -0.00000000     0.00327985   0.01270353    -0.03414139  -0.00425172
    2    6
  0.01058719  -0.00768300     0.00000000   0.00000000    -0.00000000   0.00000000
  0.00000000   0.00000000     0.00025420   0.00081625     0.00260346   0.00883600
  0.00000000   0.00000000    -0.00078760  -0.00343529     0.01762603  -0.00291554
    2    7
  0.00058993  -0.00100676     0.00000000  -0.00000000     0.00000000   0.00000000
 -0.00000000  -0.00000000     0.00235803  -0.01124742     0.00522586   0.00499665
 -0.00000000   0.00000000     0.00312457   0.00352579     0.01323194  -0.01133389
    3    1
  0.00590990  -0.02351968     0.00000000   0.00000000     0.00000000   0.00000000
  0.00000000   0.00000000     0.00626121  -0.01960851    -0.04862807  -0.02078249
  0.00000000   0.00000000    -0.05695970  -0.02921867    -0.03273502  -0.00519746
    3    2
  0.00590990   0.02351968     0.00000000  -0.00000000     0.00000000  -0.00000000
  0.00000000  -0.00000000     0.00626121   0.01960851    -0.04862807   0.02078249
  0.00000000  -0.00000000    -0.05695970   0.02921867    -0.03273502   0.00519746
    3    3
  0.66182322   0.00000000     0.00000000   0.00000000     0.00000000   0.00000000
  0.00000000   0.00000000     0.72877580   0.00000000    -0.00654171   0.00000000
  0.00000000   0.00000000    -0.00654171   0.00000000     0.48784569   0.00000000
    3    4
 -0.06046148  -0.00066783     0.00000000   0.00000000     0.00000000  -0.00000000
  0.00000000   0.00000000    -0.06996179  -0.00208957     0.00995386   0.00099019
  0.00000000   0.00000000     0.01201168   0.01904195    -0.13498658   0.02140742
    3    5
 -0.06046148   0.00066783     0.00000000   0.00000000     0.00000000   0.00000000
  0.00000000   0.00000000    -0.06996179   0.00208957     0.00995386  -0.00099019
  0.00000000   0.00000000     0.01201168  -0.01904195    -0.13498658  -0.02140742
    3    6
 -0.02474812  -0.01798056     0.00000000   0.00000000     0.00000000   0.00000000
  0.00000000   0.00000000    -0.34471031  -0.25044670     0.00114252   0.00083009
  0.00000000   0.00000000    -0.00175550  -0.00127545    -0.06701002  -0.04868563
    3    7
 -0.41643955   0.00000000    -0.00000000   0.00000000     0.00000000   0.00000000
 -0.00000000   0.00000000    -0.04691145   0.00000000     0.00168029   0.00000000
 -0.00000000   0.00000000     0.00539755   0.00000000    -0.08113273   0.00000000
    4    1
 -0.00653434  -0.00002972     0.00000000  -0.00000000     0.00000000  -0.00000000
  0.00000000   0.00000000    -0.01460692  -0.00096139     0.00327985   0.01270353
  0.00000000   0.00000000     0.00819044   0.01788723    -0.03414139  -0.00425172
    4    2
  0.00086789   0.00186603     0.00000000   0.00000000    -0.00000000  -0.00000000
  0.00000000   0.00000000     0.00375633   0.00972417    -0.00894989   0.00211767
  0.00000000   0.00000000     0.02089483  -0.01032415     0.01682520   0.03886228
    4    3
 -0.06046148   0.00066783    -0.00000000   0.00000000    -0.00000000   0.00000000
  0.00000000   0.00000000    -0.06996179   0.00208957     0.01201168  -0.01904195
  0.00000000   0.00000000     0.00995386  -0.00099019    -0.13498658  -0.02140742
    4    4
  0.07096078   0.00000000     0.00000000   0.00000000     0.00000000   0.00000000
  0.00000000   0.00000000     0.08982732   0.00000000    -0.00371938   0.01009966
  0.00000000   0.00000000    -0.00371938  -0.01009966     0.29724619   0.00000000
    4    5
  0.01330054   0.00504675     0.00000000   0.00000000    -0.00000000  -0.00000000
  0.00000000  -0.00000000     0.01315996   0.00159408    -0.02311401   0.01055778
 -0.00000000  -0.00000000    -0.02311401   0.01055778    -0.01473407   0.03064302
    4    6
  0.00320750   0.00148136     0.00000000   0.00000000    -0.00000000   0.00000000
  0.00000000   0.00000000    -0.00447930  -0.00277483    -0.02061278   0.02414562
  0.00000000   0.00000000     0.00095070   0.00213976    -0.00909763   0.00539867
    4    7
 -0.00694475   0.00000948    -0.00000000   0.00000000    -0.00000000   0.00000000
  0.00000000   0.00000000     0.00893524  -0.00124762    -0.00278688   0.00779001
 -0.00000000   0.00000000    -0.00823868   0.00081801    -0.00807472   0.00943314
    5    1
  0.00086789  -0.00186603     0.00000000   0.00000000    -0.00000000   0.00000000
  0.00000000  -0.00000000     0.00375633  -0.00972417    -0.00894989  -0.00211767
  0.00000000   0.00000000     0.02089483   0.01032415     0.01682520  -0.03886228
    5    2
 -0.00653434   0.00002972     0.00000000   0.00000000     0.00000000   0.00000000
  0.00000000   0.00000000    -0.01460692   0.00096139     0.00327985  -0.01270353
  0.00000000   0.00000000     0.00819044  -0.01788723    -0.03414139   0.00425172
    5    3
 -0.06046148  -0.00066783    -0.00000000   0.00000000    -0.00000000   0.00000000
  0.00000000  -0.00000000    -0.06996179  -0.00208957     0.01201168   0.01904195
  0.00000000  -0.00000000     0.00995386   0.00099019    -0.13498658   0.02140742
    5    4
  0.01330054  -0.00504675     0.00000000   0.00000000    -0.00000000   0.00000000
  0.00000000   0.00000000     0.01315996  -0.00159408    -0.02311401  -0.01055778
 -0.00000000   0.00000000    -0.02311401  -0.01055778    -0.01473407  -0.03064302
    5    5
  0.07096078   0.00000000     0.00000000   0.00000000     0.00000000   0.00000000
  0.00000000   0.00000000     0.08982732   0.00000000    -0.00371938  -0.01009966
  0.00000000   0.00000000    -0.00371938   0.01009966     0.29724619   0.00000000
    5    6
  0.00240003   0.00259275     0.00000000  -0.00000000     0.00000000  -0.00000000
  0.00000000   0.00000000    -0.00402320  -0.00340260     0.01659415  -0.02706533
  0.00000000  -0.00000000     0.00232881   0.00024295     0.00232312  -0.01032064
    5    7
 -0.00694475  -0.00000948    -0.00000000   0.00000000    -0.00000000   0.00000000
  0.00000000   0.00000000     0.00893524   0.00124762    -0.00278688  -0.00779001
 -0.00000000  -0.00000000    -0.00823868  -0.00081801    -0.00807472  -0.00943314
    6    1
 -0.00403535  -0.01244319     0.00000000   0.00000000     0.00000000   0.00000000
 -0.00000000   0.00000000     0.00085485   0.00001048    -0.00351053  -0.00031251
 -0.00000000   0.00000000     0.00920805   0.00025443     0.00267390  -0.01766431
    6    2
  0.01058719   0.00768300    -0.00000000   0.00000000    -0.00000000   0.00000000
 -0.00000000   0.00000000     0.00025420  -0.00081625    -0.00078760   0.00343529
 -0.00000000  -0.00000000     0.00260346  -0.00883600     0.01762603   0.00291554
    6    3
 -0.02474812   0.01798056     0.00000000   0.00000000    -0.00000000   0.00000000
  0.00000000   0.00000000    -0.34471031   0.25044670    -0.00175550   0.00127545
 -0.00000000   0.00000000     0.00114252  -0.00083009    -0.06701002   0.04868563
    6    4
  0.00320750  -0.00148136     0.00000000  -0.00000000     0.00000000  -0.00000000
  0.00000000   0.00000000    -0.00447930   0.00277483     0.00095070  -0.00213976
  0.00000000   0.00000000    -0.02061278  -0.02414562    -0.00909763  -0.00539867
    6    5
  0.00240003  -0.00259275     0.00000000   0.00000000     0.00000000   0.00000000
  0.00000000   0.00000000    -0.00402320   0.00340260     0.00232881  -0.00024295
  0.00000000  -0.00000000     0.01659415   0.02706533     0.00232312   0.01032064
    6    6
  0.09683055   0.00000000     0.00000000   0.00000000    -0.00000000   0.00000000
  0.00000000   0.00000000     0.59053362   0.00000000     0.00037990   0.00000000
  0.00000000   0.00000000     0.00037990   0.00000000     0.11238921   0.00000000
    6    7
 -0.03834611   0.02786008    -0.00000000   0.00000000    -0.00000000  -0.00000000
 -0.00000000   0.00000000    -0.03196484   0.02322382     0.00063219  -0.00045931
 -0.00000000   0.00000000    -0.00066286   0.00048159     0.01217938  -0.00884884
    7    1
  0.00058993  -0.00100676     0.00000000   0.00000000    -0.00000000   0.00000000
  0.00000000   0.00000000     0.00235803  -0.01124742     0.00312457   0.00352579
  0.00000000   0.00000000     0.00522586   0.00499665     0.01323194  -0.01133389
    7    2
  0.00058993   0.00100676     0.00000000   0.00000000    -0.00000000   0.00000000
  0.00000000  -0.00000000     0.00235803   0.01124742     0.00312457  -0.00352579
  0.00000000  -0.00000000     0.00522586  -0.00499665     0.01323194   0.01133389
    7    3
 -0.41643955   0.00000000     0.00000000   0.00000000     0.00000000   0.00000000
  0.00000000   0.00000000    -0.04691145   0.00000000     0.00539755   0.00000000
  0.00000000   0.00000000     0.00168029   0.00000000    -0.08113273   0.00000000
    7    4
 -0.00694475  -0.00000948     0.00000000   0.00000000    -0.00000000  -0.00000000
  0.00000000   0.00000000     0.00893524   0.00124762    -0.00823868  -0.00081801
 -0.00000000   0.00000000    -0.00278688  -0.00779001    -0.00807472  -0.00943314
    7    5
 -0.00694475   0.00000948     0.00000000   0.00000000    -0.00000000   0.00000000
  0.00000000   0.00000000     0.00893524  -0.00124762    -0.00823868   0.00081801
 -0.00000000   0.00000000    -0.00278688   0.00779001    -0.00807472   0.00943314
    7    6
 -0.03834611  -0.02786008     0.00000000   0.00000000     0.00000000  -0.00000000
  0.00000000   0.00000000    -0.03196484  -0.02322382    -0.00066286  -0.00048159
  0.00000000   0.00000000     0.00063219   0.00045931     0.01217938   0.00884884
    7    7
  0.48684575   0.00000000     0.00000000   0.00000000    -0.00000000   0.00000000
  0.00000000   0.00000000     0.10910554   0.00000000    -0.00109755   0.00000000
  0.00000000   0.00000000    -0.00109755   0.00000000     0.11463608   0.00000000

     Dynamical  Matrix in cartesian axes

     q = (   -0.200000000   0.000000000  -0.182159698 ) 

    1    1
  0.10414842   0.00000000     0.00000000   0.00000000     0.00147261   0.00975929
  0.00000000   0.00000000     0.06541429   0.00000000    -0.00000000   0.00000000
  0.00147261  -0.00975929    -0.00000000   0.00000000     0.19229972   0.00000000
    1    2
 -0.00089480   0.00781864     0.00000000   0.00000000    -0.03358304   0.00957775
  0.00000000  -0.00000000     0.00237540   0.01155781     0.00000000   0.00000000
 -0.03358304   0.00957775    -0.00000000  -0.00000000     0.02673436   0.02493189
    1    3
  0.00626121   0.01960851     0.00000000  -0.00000000     0.05695970  -0.02921867
  0.00000000  -0.00000000     0.00590990   0.02351968     0.00000000   0.00000000
  0.04862807  -0.02078249    -0.00000000   0.00000000    -0.03273502   0.00519746
    1    4
 -0.01460692   0.00096139     0.00000000   0.00000000    -0.00819044   0.01788723
  0.00000000   0.00000000    -0.00653434   0.00002972     0.00000000  -0.00000000
 -0.00327985   0.01270353     0.00000000  -0.00000000    -0.03414139   0.00425172
    1    5
  0.00375633   0.00972417     0.00000000   0.00000000    -0.02089483   0.01032415
  0.00000000   0.00000000     0.00086789   0.00186603     0.00000000  -0.00000000
  0.00894989  -0.00211767     0.00000000  -0.00000000     0.01682520   0.03886228
    1    6
  0.00235803   0.01124742    -0.00000000   0.00000000    -0.00522586   0.00499665
  0.00000000   0.00000000     0.00058993   0.00100676     0.00000000   0.00000000
 -0.00312457   0.00352579     0.00000000   0.00000000     0.01323194   0.01133389
    1    7
  0.00085485  -0.00001048     0.00000000   0.00000000    -0.00920805   0.00025443
  0.00000000   0.00000000    -0.00403535   0.01244319    -0.00000000   0.00000000
  0.00351053  -0.00031251    -0.00000000   0.00000000     0.00267390   0.01766431
    2    1
 -0.00089480  -0.00781864     0.00000000   0.00000000    -0.03358304  -0.00957775
  0.00000000   0.00000000     0.00237540  -0.01155781     0.00000000   0.00000000
 -0.03358304  -0.00957775    -0.00000000   0.00000000     0.02673436  -0.02493189
    2    2
  0.10414842   0.00000000     0.00000000   0.00000000     0.00147261  -0.00975929
  0.00000000   0.00000000     0.06541429   0.00000000    -0.00000000   0.00000000
  0.00147261   0.00975929    -0.00000000   0.00000000     0.19229972   0.00000000
    2    3
  0.00626121  -0.01960851     0.00000000   0.00000000     0.05695970   0.02921867
  0.00000000   0.00000000     0.00590990  -0.02351968     0.00000000   0.00000000
  0.04862807   0.02078249    -0.00000000   0.00000000    -0.03273502  -0.00519746
    2    4
  0.00375633  -0.00972417     0.00000000  -0.00000000    -0.02089483  -0.01032415
  0.00000000  -0.00000000     0.00086789  -0.00186603     0.00000000   0.00000000
  0.00894989   0.00211767     0.00000000   0.00000000     0.01682520  -0.03886228
    2    5
 -0.01460692  -0.00096139     0.00000000  -0.00000000    -0.00819044  -0.01788723
  0.00000000  -0.00000000    -0.00653434  -0.00002972     0.00000000   0.00000000
 -0.00327985  -0.01270353     0.00000000   0.00000000    -0.03414139  -0.00425172
    2    6
  0.00235803  -0.01124742    -0.00000000  -0.00000000    -0.00522586  -0.00499665
  0.00000000  -0.00000000     0.00058993  -0.00100676     0.00000000   0.00000000
 -0.00312457  -0.00352579     0.00000000   0.00000000     0.01323194  -0.01133389
    2    7
  0.00025420   0.00081625     0.00000000   0.00000000    -0.00260346  -0.00883600
  0.00000000   0.00000000     0.01058719  -0.00768300     0.00000000   0.00000000
  0.00078760   0.00343529     0.00000000  -0.00000000     0.01762603  -0.00291554
    3    1
  0.00626121  -0.01960851     0.00000000   0.00000000     0.04862807   0.02078249
  0.00000000   0.00000000     0.00590990  -0.02351968     0.00000000  -0.00000000
  0.05695970   0.02921867     0.00000000  -0.00000000    -0.03273502  -0.00519746
    3    2
  0.00626121   0.01960851     0.00000000  -0.00000000     0.04862807  -0.02078249
  0.00000000  -0.00000000     0.00590990   0.02351968     0.00000000   0.00000000
  0.05695970  -0.02921867     0.00000000   0.00000000    -0.03273502   0.00519746
    3    3
  0.72877580   0.00000000     0.00000000   0.00000000     0.00654171   0.00000000
  0.00000000   0.00000000     0.66182322   0.00000000     0.00000000   0.00000000
  0.00654171   0.00000000     0.00000000   0.00000000     0.48784569   0.00000000
    3    4
 -0.06996179  -0.00208957     0.00000000   0.00000000    -0.00995386  -0.00099019
  0.00000000   0.00000000    -0.06046148  -0.00066783    -0.00000000   0.00000000
 -0.01201168  -0.01904195    -0.00000000   0.00000000    -0.13498658   0.02140742
    3    5
 -0.06996179   0.00208957     0.00000000   0.00000000    -0.00995386   0.00099019
  0.00000000   0.00000000    -0.06046148   0.00066783    -0.00000000  -0.00000000
 -0.01201168   0.01904195    -0.00000000   0.00000000    -0.13498658  -0.02140742
    3    6
 -0.04691145   0.00000000    -0.00000000   0.00000000    -0.00168029   0.00000000
 -0.00000000   0.00000000    -0.41643955   0.00000000    -0.00000000   0.00000000
 -0.00539755   0.00000000     0.00000000   0.00000000    -0.08113273   0.00000000
    3    7
 -0.34471031  -0.25044670     0.00000000   0.00000000    -0.00114252  -0.00083009
  0.00000000   0.00000000    -0.02474812  -0.01798056    -0.00000000  -0.00000000
  0.00175550   0.00127545     0.00000000   0.00000000    -0.06701002  -0.04868563
    4    1
 -0.01460692  -0.00096139     0.00000000   0.00000000    -0.00327985  -0.01270353
  0.00000000  -0.00000000    -0.00653434  -0.00002972     0.00000000   0.00000000
 -0.00819044  -0.01788723     0.00000000   0.00000000    -0.03414139  -0.00425172
    4    2
  0.00375633   0.00972417     0.00000000   0.00000000     0.00894989  -0.00211767
  0.00000000   0.00000000     0.00086789   0.00186603     0.00000000   0.00000000
 -0.02089483   0.01032415    -0.00000000   0.00000000     0.01682520   0.03886228
    4    3
 -0.06996179   0.00208957     0.00000000   0.00000000    -0.01201168   0.01904195
 -0.00000000   0.00000000    -0.06046148   0.00066783     0.00000000   0.00000000
 -0.00995386   0.00099019     0.00000000  -0.00000000    -0.13498658  -0.02140742
    4    4
  0.08982732   0.00000000     0.00000000   0.00000000     0.00371938  -0.01009966
  0.00000000   0.00000000     0.07096078   0.00000000    -0.00000000   0.00000000
  0.00371938   0.01009966    -0.00000000   0.00000000     0.29724619   0.00000000
    4    5
  0.01315996   0.00159408     0.00000000  -0.00000000     0.02311401  -0.01055778
  0.00000000   0.00000000     0.01330054   0.00504675     0.00000000   0.00000000
  0.02311401  -0.01055778     0.00000000   0.00000000    -0.01473407   0.03064302
    4    6
  0.00893524  -0.00124762     0.00000000   0.00000000     0.00278688  -0.00779001
 -0.00000000   0.00000000    -0.00694475   0.00000948     0.00000000   0.00000000
  0.00823868  -0.00081801     0.00000000   0.00000000    -0.00807472   0.00943314
    4    7
 -0.00447930  -0.00277483     0.00000000   0.00000000     0.02061278  -0.02414562
  0.00000000   0.00000000     0.00320750   0.00148136     0.00000000  -0.00000000
 -0.00095070  -0.00213976    -0.00000000  -0.00000000    -0.00909763   0.00539867
    5    1
  0.00375633  -0.00972417     0.00000000  -0.00000000     0.00894989   0.00211767
  0.00000000   0.00000000     0.00086789  -0.00186603     0.00000000  -0.00000000
 -0.02089483  -0.01032415    -0.00000000   0.00000000     0.01682520  -0.03886228
    5    2
 -0.01460692   0.00096139     0.00000000   0.00000000    -0.00327985   0.01270353
  0.00000000   0.00000000    -0.00653434   0.00002972     0.00000000  -0.00000000
 -0.00819044   0.01788723     0.00000000  -0.00000000    -0.03414139   0.00425172
    5    3
 -0.06996179  -0.00208957     0.00000000  -0.00000000    -0.01201168  -0.01904195
 -0.00000000   0.00000000    -0.06046148  -0.00066783     0.00000000   0.00000000
 -0.00995386  -0.00099019     0.00000000   0.00000000    -0.13498658   0.02140742
    5    4
  0.01315996  -0.00159408     0.00000000   0.00000000     0.02311401   0.01055778
  0.00000000   0.00000000     0.01330054  -0.00504675     0.00000000  -0.00000000
  0.02311401   0.01055778     0.00000000  -0.00000000    -0.01473407  -0.03064302
    5    5
  0.08982732   0.00000000     0.00000000   0.00000000     0.00371938   0.01009966
  0.00000000   0.00000000     0.07096078   0.00000000    -0.00000000   0.00000000
  0.00371938  -0.01009966    -0.00000000   0.00000000     0.29724619   0.00000000
    5    6
  0.00893524   0.00124762     0.00000000   0.00000000     0.00278688   0.00779001
 -0.00000000   0.00000000    -0.00694475  -0.00000948     0.00000000   0.00000000
  0.00823868   0.00081801     0.00000000   0.00000000    -0.00807472  -0.00943314
    5    7
 -0.00402320  -0.00340260     0.00000000   0.00000000    -0.01659415   0.02706533
  0.00000000  -0.00000000     0.00240003   0.00259275    -0.00000000   0.00000000
 -0.00232881  -0.00024295     0.00000000   0.00000000     0.00232312  -0.01032064
    6    1
  0.00235803  -0.01124742     0.00000000   0.00000000    -0.00312457  -0.00352579
  0.00000000   0.00000000     0.00058993  -0.00100676     0.00000000   0.00000000
 -0.00522586  -0.00499665     0.00000000  -0.00000000     0.01323194  -0.01133389
    6    2
  0.00235803   0.01124742     0.00000000  -0.00000000    -0.00312457   0.00352579
  0.00000000   0.00000000     0.00058993   0.00100676     0.00000000   0.00000000
 -0.00522586   0.00499665     0.00000000   0.00000000     0.01323194   0.01133389
    6    3
 -0.04691145   0.00000000     0.00000000   0.00000000    -0.00539755   0.00000000
  0.00000000   0.00000000    -0.41643955   0.00000000    -0.00000000   0.00000000
 -0.00168029   0.00000000    -0.00000000   0.00000000    -0.08113273   0.00000000
    6    4
  0.00893524   0.00124762     0.00000000   0.00000000     0.00823868   0.00081801
  0.00000000   0.00000000    -0.00694475  -0.00000948     0.00000000   0.00000000
  0.00278688   0.00779001     0.00000000   0.00000000    -0.00807472  -0.00943314
    6    5
  0.00893524  -0.00124762     0.00000000   0.00000000     0.00823868  -0.00081801
  0.00000000   0.00000000    -0.00694475   0.00000948     0.00000000   0.00000000
  0.00278688  -0.00779001     0.00000000   0.00000000    -0.00807472   0.00943314
    6    6
  0.10910554   0.00000000     0.00000000   0.00000000     0.00109755   0.00000000
  0.00000000   0.00000000     0.48684575   0.00000000     0.00000000   0.00000000
  0.00109755   0.00000000     0.00000000   0.00000000     0.11463608   0.00000000
    6    7
 -0.03196484  -0.02322382     0.00000000   0.00000000     0.00066286   0.00048159
  0.00000000   0.00000000    -0.03834611  -0.02786008    -0.00000000   0.00000000
 -0.00063219  -0.00045931    -0.00000000  -0.00000000     0.01217938   0.00884884
    7    1
  0.00085485   0.00001048    -0.00000000   0.00000000     0.00351053   0.00031251
  0.00000000   0.00000000    -0.00403535  -0.01244319     0.00000000   0.00000000
 -0.00920805  -0.00025443     0.00000000   0.00000000     0.00267390  -0.01766431
    7    2
  0.00025420  -0.00081625    -0.00000000   0.00000000     0.00078760  -0.00343529
 -0.00000000   0.00000000     0.01058719   0.00768300     0.00000000   0.00000000
 -0.00260346   0.00883600     0.00000000   0.00000000     0.01762603   0.00291554
    7    3
 -0.34471031   0.25044670     0.00000000   0.00000000     0.00175550  -0.00127545
  0.00000000   0.00000000    -0.02474812   0.01798056     0.00000000   0.00000000
 -0.00114252   0.00083009     0.00000000   0.00000000    -0.06701002   0.04868563
    7    4
 -0.00447930   0.00277483     0.00000000   0.00000000    -0.00095070   0.00213976
  0.00000000  -0.00000000     0.00320750  -0.00148136    -0.00000000   0.00000000
  0.02061278   0.02414562    -0.00000000   0.00000000    -0.00909763  -0.00539867
    7    5
 -0.00402320   0.00340260     0.00000000   0.00000000    -0.00232881   0.00024295
  0.00000000   0.00000000     0.00240003  -0.00259275     0.00000000  -0.00000000
 -0.01659415  -0.02706533    -0.00000000   0.00000000     0.00232312   0.01032064
    7    6
 -0.03196484   0.02322382    -0.00000000   0.00000000    -0.00063219   0.00045931
 -0.00000000   0.00000000    -0.03834611   0.02786008     0.00000000   0.00000000
  0.00066286  -0.00048159     0.00000000   0.00000000     0.01217938  -0.00884884
    7    7
  0.59053362   0.00000000     0.00000000   0.00000000    -0.00037990   0.00000000
  0.00000000   0.00000000     0.09683055   0.00000000     0.00000000   0.00000000
 -0.00037990   0.00000000     0.00000000   0.00000000     0.11238921   0.00000000

     Dynamical  Matrix in cartesian axes

     q = (    0.000000000  -0.200000000  -0.182159698 ) 

    1    1
  0.06541429   0.00000000     0.00000000   0.00000000     0.00000000   0.00000000
  0.00000000   0.00000000     0.10414842   0.00000000     0.00147261   0.00975929
  0.00000000   0.00000000     0.00147261  -0.00975929     0.19229972   0.00000000
    1    2
  0.00237540   0.01155781     0.00000000   0.00000000     0.00000000   0.00000000
  0.00000000  -0.00000000    -0.00089480   0.00781864    -0.03358304   0.00957775
  0.00000000   0.00000000    -0.03358304   0.00957775     0.02673436   0.02493189
    1    3
  0.00590990   0.02351968     0.00000000   0.00000000    -0.00000000   0.00000000
  0.00000000   0.00000000     0.00626121   0.01960851     0.05695970  -0.02921867
 -0.00000000   0.00000000     0.04862807  -0.02078249    -0.03273502   0.00519746
    1    4
 -0.00653434   0.00002972     0.00000000   0.00000000     0.00000000   0.00000000
  0.00000000   0.00000000    -0.01460692   0.00096139    -0.00819044   0.01788723
  0.00000000   0.00000000    -0.00327985   0.01270353    -0.03414139   0.00425172
    1    5
  0.00086789   0.00186603     0.00000000   0.00000000    -0.00000000  -0.00000000
  0.00000000   0.00000000     0.00375633   0.00972417    -0.02089483   0.01032415
  0.00000000  -0.00000000     0.00894989  -0.00211767     0.01682520   0.03886228
    1    6
  0.01058719   0.00768300     0.00000000  -0.00000000     0.00000000  -0.00000000
  0.00000000  -0.00000000     0.00025420  -0.00081625    -0.00260346   0.00883600
  0.00000000  -0.00000000     0.00078760  -0.00343529     0.01762603   0.00291554
    1    7
  0.00058993   0.00100676    -0.00000000  -0.00000000    -0.00000000  -0.00000000
  0.00000000  -0.00000000     0.00235803   0.01124742    -0.00522586   0.00499665
  0.00000000  -0.00000000    -0.00312457   0.00352579     0.01323194   0.01133389
    2    1
  0.00237540  -0.01155781     0.00000000   0.00000000     0.00000000  -0.00000000
  0.00000000   0.00000000    -0.00089480  -0.00781864    -0.03358304  -0.00957775
  0.00000000   0.00000000    -0.03358304  -0.00957775     0.02673436  -0.02493189
    2    2
  0.06541429   0.00000000     0.00000000   0.00000000     0.00000000   0.00000000
  0.00000000   0.00000000     0.10414842   0.00000000     0.00147261  -0.00975929
  0.00000000   0.00000000     0.00147261   0.00975929     0.19229972   0.00000000
    2    3
  0.00590990  -0.02351968     0.00000000  -0.00000000    -0.00000000  -0.00000000
  0.00000000  -0.00000000     0.00626121  -0.01960851     0.05695970   0.02921867
 -0.00000000   0.00000000     0.04862807   0.02078249    -0.03273502  -0.00519746
    2    4
  0.00086789  -0.00186603     0.00000000   0.00000000    -0.00000000   0.00000000
  0.00000000   0.00000000     0.00375633  -0.00972417    -0.02089483  -0.01032415
  0.00000000   0.00000000     0.00894989   0.00211767     0.01682520  -0.03886228
    2    5
 -0.00653434  -0.00002972     0.00000000   0.00000000     0.00000000  -0.00000000
  0.00000000   0.00000000    -0.01460692  -0.00096139    -0.00819044  -0.01788723
  0.00000000   0.00000000    -0.00327985  -0.01270353    -0.03414139  -0.00425172
    2    6
 -0.00403535  -0.01244319     0.00000000   0.00000000     0.00000000   0.00000000
  0.00000000   0.00000000     0.00085485   0.00001048    -0.00920805  -0.00025443
  0.00000000   0.00000000     0.00351053   0.00031251     0.00267390  -0.01766431
    2    7
  0.00058993  -0.00100676    -0.00000000   0.00000000    -0.00000000   0.00000000
  0.00000000   0.00000000     0.00235803  -0.01124742    -0.00522586  -0.00499665
  0.00000000   0.00000000    -0.00312457  -0.00352579     0.01323194  -0.01133389
    3    1
  0.00590990  -0.02351968     0.00000000  -0.00000000     0.00000000   0.00000000
  0.00000000   0.00000000     0.00626121  -0.01960851     0.04862807   0.02078249
  0.00000000  -0.00000000     0.05695970   0.02921867    -0.03273502  -0.00519746
    3    2
  0.00590990   0.02351968     0.00000000   0.00000000     0.00000000   0.00000000
  0.00000000  -0.00000000     0.00626121   0.01960851     0.04862807  -0.02078249
  0.00000000   0.00000000     0.05695970  -0.02921867    -0.03273502   0.00519746
    3    3
  0.66182322   0.00000000     0.00000000   0.00000000    -0.00000000   0.00000000
  0.00000000   0.00000000     0.72877580   0.00000000     0.00654171   0.00000000
 -0.00000000   0.00000000     0.00654171   0.00000000     0.48784569   0.00000000
    3    4
 -0.06046148  -0.00066783     0.00000000   0.00000000    -0.00000000   0.00000000
  0.00000000   0.00000000    -0.06996179  -0.00208957    -0.00995386  -0.00099019
  0.00000000  -0.00000000    -0.01201168  -0.01904195    -0.13498658   0.02140742
    3    5
 -0.06046148   0.00066783     0.00000000  -0.00000000    -0.00000000   0.00000000
  0.00000000   0.00000000    -0.06996179   0.00208957    -0.00995386   0.00099019
  0.00000000   0.00000000    -0.01201168   0.01904195    -0.13498658  -0.02140742
    3    6
 -0.02474812   0.01798056     0.00000000   0.00000000    -0.00000000   0.00000000
  0.00000000   0.00000000    -0.34471031   0.25044670    -0.00114252   0.00083009
  0.00000000   0.00000000     0.00175550  -0.00127545    -0.06701002   0.04868563
    3    7
 -0.41643955   0.00000000    -0.00000000   0.00000000    -0.00000000   0.00000000
  0.00000000   0.00000000    -0.04691145   0.00000000    -0.00168029   0.00000000
 -0.00000000   0.00000000    -0.00539755   0.00000000    -0.08113273   0.00000000
    4    1
 -0.00653434  -0.00002972     0.00000000   0.00000000     0.00000000   0.00000000
  0.00000000   0.00000000    -0.01460692  -0.00096139    -0.00327985  -0.01270353
  0.00000000   0.00000000    -0.00819044  -0.01788723    -0.03414139  -0.00425172
    4    2
  0.00086789   0.00186603    -0.00000000   0.00000000    -0.00000000   0.00000000
 -0.00000000  -0.00000000     0.00375633   0.00972417     0.00894989  -0.00211767
 -0.00000000  -0.00000000    -0.02089483   0.01032415     0.01682520   0.03886228
    4    3
 -0.06046148   0.00066783     0.00000000   0.00000000     0.00000000   0.00000000
 -0.00000000  -0.00000000    -0.06996179   0.00208957    -0.01201168   0.01904195
 -0.00000000   0.00000000    -0.00995386   0.00099019    -0.13498658  -0.02140742
    4    4
  0.07096078   0.00000000     0.00000000   0.00000000     0.00000000   0.00000000
  0.00000000   0.00000000     0.08982732   0.00000000     0.00371938  -0.01009966
  0.00000000   0.00000000     0.00371938   0.01009966     0.29724619   0.00000000
    4    5
  0.01330054   0.00504675     0.00000000   0.00000000    -0.00000000   0.00000000
  0.00000000   0.00000000     0.01315996   0.00159408     0.02311401  -0.01055778
  0.00000000   0.00000000     0.02311401  -0.01055778    -0.01473407   0.03064302
    4    6
  0.00240003  -0.00259275    -0.00000000   0.00000000    -0.00000000   0.00000000
  0.00000000   0.00000000    -0.00402320   0.00340260    -0.01659415  -0.02706533
  0.00000000   0.00000000    -0.00232881   0.00024295     0.00232312   0.01032064
    4    7
 -0.00694475   0.00000948     0.00000000   0.00000000     0.00000000   0.00000000
  0.00000000  -0.00000000     0.00893524  -0.00124762     0.00278688  -0.00779001
  0.00000000   0.00000000     0.00823868  -0.00081801    -0.00807472   0.00943314
    5    1
  0.00086789  -0.00186603    -0.00000000   0.00000000    -0.00000000  -0.00000000
 -0.00000000   0.00000000     0.00375633  -0.00972417     0.00894989   0.00211767
 -0.00000000   0.00000000    -0.02089483  -0.01032415     0.01682520  -0.03886228
    5    2
 -0.00653434   0.00002972     0.00000000   0.00000000     0.00000000   0.00000000
  0.00000000   0.00000000    -0.01460692   0.00096139    -0.00327985   0.01270353
  0.00000000   0.00000000    -0.00819044   0.01788723    -0.03414139   0.00425172
    5    3
 -0.06046148  -0.00066783     0.00000000   0.00000000     0.00000000  -0.00000000
 -0.00000000   0.00000000    -0.06996179  -0.00208957    -0.01201168  -0.01904195
 -0.00000000   0.00000000    -0.00995386  -0.00099019    -0.13498658   0.02140742
    5    4
  0.01330054  -0.00504675     0.00000000   0.00000000    -0.00000000  -0.00000000
  0.00000000  -0.00000000     0.01315996  -0.00159408     0.02311401   0.01055778
  0.00000000  -0.00000000     0.02311401   0.01055778    -0.01473407  -0.03064302
    5    5
  0.07096078   0.00000000     0.00000000   0.00000000     0.00000000   0.00000000
  0.00000000   0.00000000     0.08982732   0.00000000     0.00371938   0.01009966
  0.00000000   0.00000000     0.00371938  -0.01009966     0.29724619   0.00000000
    5    6
  0.00320750  -0.00148136    -0.00000000  -0.00000000    -0.00000000  -0.00000000
 -0.00000000   0.00000000    -0.00447930   0.00277483     0.02061278   0.02414562
 -0.00000000   0.00000000    -0.00095070   0.00213976    -0.00909763  -0.00539867
    5    7
 -0.00694475  -0.00000948     0.00000000   0.00000000     0.00000000   0.00000000
  0.00000000   0.00000000     0.00893524   0.00124762     0.00278688   0.00779001
  0.00000000   0.00000000     0.00823868   0.00081801    -0.00807472  -0.00943314
    6    1
  0.01058719  -0.00768300    -0.00000000   0.00000000     0.00000000   0.00000000
  0.00000000  -0.00000000     0.00025420   0.00081625     0.00078760   0.00343529
  0.00000000  -0.00000000    -0.00260346  -0.00883600     0.01762603  -0.00291554
    6    2
 -0.00403535   0.01244319     0.00000000   0.00000000     0.00000000   0.00000000
  0.00000000  -0.00000000     0.00085485  -0.00001048     0.00351053  -0.00031251
  0.00000000  -0.00000000    -0.00920805   0.00025443     0.00267390   0.01766431
    6    3
 -0.02474812  -0.01798056     0.00000000  -0.00000000    -0.00000000  -0.00000000
  0.00000000  -0.00000000    -0.34471031  -0.25044670     0.00175550   0.00127545
 -0.00000000  -0.00000000    -0.00114252  -0.00083009    -0.06701002  -0.04868563
    6    4
  0.00240003   0.00259275     0.00000000  -0.00000000     0.00000000   0.00000000
  0.00000000  -0.00000000    -0.00402320  -0.00340260    -0.00232881  -0.00024295
  0.00000000  -0.00000000    -0.01659415   0.02706533     0.00232312  -0.01032064
    6    5
  0.00320750   0.00148136    -0.00000000  -0.00000000     0.00000000   0.00000000
  0.00000000   0.00000000    -0.00447930  -0.00277483    -0.00095070  -0.00213976
  0.00000000   0.00000000     0.02061278  -0.02414562    -0.00909763   0.00539867
    6    6
  0.09683055   0.00000000     0.00000000   0.00000000     0.00000000   0.00000000
  0.00000000   0.00000000     0.59053362   0.00000000    -0.00037990   0.00000000
  0.00000000   0.00000000    -0.00037990   0.00000000     0.11238921   0.00000000
    6    7
 -0.03834611  -0.02786008     0.00000000   0.00000000     0.00000000   0.00000000
  0.00000000   0.00000000    -0.03196484  -0.02322382    -0.00063219  -0.00045931
 -0.00000000   0.00000000     0.00066286   0.00048159     0.01217938   0.00884884
    7    1
  0.00058993  -0.00100676     0.00000000   0.00000000     0.00000000   0.00000000
  0.00000000   0.00000000     0.00235803  -0.01124742    -0.00312457  -0.00352579
  0.00000000   0.00000000    -0.00522586  -0.00499665     0.01323194  -0.01133389
    7    2
  0.00058993   0.00100676     0.00000000  -0.00000000     0.00000000  -0.00000000
  0.00000000   0.00000000     0.00235803   0.01124742    -0.00312457   0.00352579
  0.00000000  -0.00000000    -0.00522586   0.00499665     0.01323194   0.01133389
    7    3
 -0.41643955   0.00000000     0.00000000   0.00000000     0.00000000   0.00000000
  0.00000000   0.00000000    -0.04691145   0.00000000    -0.00539755   0.00000000
  0.00000000   0.00000000    -0.00168029   0.00000000    -0.08113273   0.00000000
    7    4
 -0.00694475  -0.00000948     0.00000000   0.00000000    -0.00000000   0.00000000
  0.00000000   0.00000000     0.00893524   0.00124762     0.00823868   0.00081801
  0.00000000   0.00000000     0.00278688   0.00779001    -0.00807472  -0.00943314
    7    5
 -0.00694475   0.00000948     0.00000000   0.00000000    -0.00000000   0.00000000
  0.00000000   0.00000000     0.00893524  -0.00124762     0.00823868  -0.00081801
  0.00000000   0.00000000     0.00278688  -0.00779001    -0.00807472   0.00943314
    7    6
 -0.03834611   0.02786008     0.00000000   0.00000000     0.00000000  -0.00000000
  0.00000000   0.00000000    -0.03196484   0.02322382     0.00066286  -0.00048159
  0.00000000  -0.00000000    -0.00063219   0.00045931     0.01217938  -0.00884884
    7    7
  0.48684575   0.00000000    -0.00000000   0.00000000    -0.00000000   0.00000000
 -0.00000000   0.00000000     0.10910554   0.00000000     0.00109755   0.00000000
  0.00000000   0.00000000     0.00109755   0.00000000     0.11463608   0.00000000

     Diagonalizing the dynamical matrix

     q = (   -0.200000000   0.000000000   0.182159698 ) 

 **************************************************************************
     freq (    1) =       2.041049 [THz] =      68.082075 [cm-1]
 ( -0.000000  0.000000  0.101594  0.466406 -0.000000  0.000000 ) 
 (  0.000000 -0.000000  0.090628 -0.468661  0.000000 -0.000000 ) 
 (  0.000000  0.000000  0.327401 -0.003840  0.000000  0.000000 ) 
 (  0.000000  0.000000  0.289827  0.093775  0.000000  0.000000 ) 
 (  0.000000 -0.000000  0.287548 -0.100546  0.000000  0.000000 ) 
 (  0.000000  0.000000  0.330520 -0.003876  0.000000  0.000000 ) 
 (  0.000000 -0.000000  0.302493 -0.225241  0.000000  0.000000 ) 
     freq (    2) =       2.257770 [THz] =      75.311096 [cm-1]
 ( -0.065162  0.333227 -0.000000 -0.000000 -0.074535  0.263870 ) 
 (  0.296782 -0.164945 -0.000000  0.000000  0.227923 -0.152427 ) 
 (  0.152124  0.110524 -0.000000 -0.000000  0.234179  0.170141 ) 
 (  0.025234  0.298603 -0.000000 -0.000000  0.114144  0.174811 ) 
 (  0.291786 -0.068274 -0.000000  0.000000  0.201527  0.054538 ) 
 (  0.134546  0.097753 -0.000000 -0.000000  0.194075  0.141004 ) 
 (  0.153855  0.000000 -0.000000  0.000000  0.352511  0.000000 ) 
     freq (    3) =       2.985731 [THz] =      99.593252 [cm-1]
 ( -0.000000 -0.000000 -0.653186  0.006112  0.000000  0.000000 ) 
 ( -0.000000 -0.000000 -0.652423 -0.032133  0.000000 -0.000000 ) 
 (  0.000000 -0.000000  0.183361  0.003654 -0.000000 -0.000000 ) 
 (  0.000000 -0.000000  0.109224 -0.009689  0.000000  0.000000 ) 
 (  0.000000  0.000000  0.108752  0.014034  0.000000 -0.000000 ) 
 (  0.000000 -0.000000  0.188744  0.003762 -0.000000 -0.000000 ) 
 (  0.000000 -0.000000  0.189446 -0.131954 -0.000000  0.000000 ) 
     freq (    4) =       3.244683 [THz] =     108.230978 [cm-1]
 ( -0.459351 -0.357861  0.000000  0.000000  0.097296  0.278718 ) 
 ( -0.482293 -0.326283  0.000000  0.000000  0.295143  0.006406 ) 
 (  0.163451  0.118754 -0.000000 -0.000000 -0.057863 -0.042040 ) 
 (  0.095648  0.056850  0.000000  0.000000  0.035348  0.096697 ) 
 (  0.083624  0.073400 -0.000000  0.000000  0.102887  0.003737 ) 
 (  0.133260  0.096819 -0.000000 -0.000000  0.000984  0.000715 ) 
 (  0.167014  0.000000 -0.000000 -0.000000  0.025352  0.000000 ) 
     freq (    5) =       3.793241 [THz] =     126.528909 [cm-1]
 ( -0.327809  0.309820  0.000000 -0.000000 -0.019159 -0.206213 ) 
 (  0.193358 -0.407504 -0.000000  0.000000 -0.202040  0.045502 ) 
 (  0.054594  0.039665 -0.000000 -0.000000 -0.251565 -0.182772 ) 
 (  0.083586 -0.047023 -0.000000  0.000000 -0.178437 -0.186089 ) 
 ( -0.018892  0.094026 -0.000000 -0.000000 -0.232121 -0.112199 ) 
 (  0.127467  0.092610 -0.000000 -0.000000 -0.249028 -0.180929 ) 
 (  0.059827  0.000000 -0.000000 -0.000000 -0.362757  0.000000 ) 
     freq (    6) =       4.005725 [THz] =     133.616610 [cm-1]
 ( -0.000000  0.000000 -0.077147  0.291915  0.000000 -0.000000 ) 
 ( -0.000000  0.000000 -0.109432 -0.281408  0.000000  0.000000 ) 
 (  0.000000  0.000000 -0.420279  0.023667  0.000000  0.000000 ) 
 (  0.000000  0.000000 -0.436978  0.015187  0.000000  0.000000 ) 
 (  0.000000 -0.000000 -0.435920  0.033968  0.000000  0.000000 ) 
 (  0.000000  0.000000 -0.417159  0.023491  0.000000  0.000000 ) 
 (  0.000000 -0.000000 -0.223911  0.182767  0.000000  0.000000 ) 
     freq (    7) =       4.621756 [THz] =     154.165173 [cm-1]
 (  0.173345  0.009978  0.000000 -0.000000  0.313601 -0.045876 ) 
 (  0.063056  0.161778 -0.000000  0.000000  0.053277  0.312429 ) 
 (  0.322314  0.234175  0.000000  0.000000 -0.063715 -0.046292 ) 
 (  0.314263  0.263378  0.000000  0.000000 -0.023136 -0.045645 ) 
 (  0.347600  0.217493  0.000000 -0.000000 -0.050561 -0.007899 ) 
 (  0.211028  0.153321  0.000000  0.000000 -0.137575 -0.099954 ) 
 (  0.328631 -0.000000  0.000000  0.000000 -0.165606  0.000000 ) 
     freq (    8) =       5.024628 [THz] =     167.603559 [cm-1]
 ( -0.121226 -0.030696 -0.000000 -0.000000  0.131619 -0.235463 ) 
 ( -0.066654 -0.105807  0.000000  0.000000 -0.183266  0.197939 ) 
 ( -0.042191 -0.030654  0.000000  0.000000  0.177609  0.129041 ) 
 ( -0.258191  0.388726  0.000000 -0.000000  0.142225  0.022224 ) 
 (  0.289915 -0.365677  0.000000  0.000000  0.065086  0.128397 ) 
 ( -0.005797 -0.004212  0.000000  0.000000  0.139715  0.101509 ) 
 ( -0.042697 -0.000000  0.000000 -0.000000  0.513411  0.000000 ) 
     freq (    9) =       5.955887 [THz] =     198.667020 [cm-1]
 ( -0.032250  0.137122 -0.000000  0.000000  0.384434  0.183373 ) 
 (  0.120445 -0.073045 -0.000000 -0.000000  0.293195  0.308953 ) 
 ( -0.257732 -0.187254 -0.000000 -0.000000  0.008770  0.006372 ) 
 ( -0.241101 -0.223011  0.000000 -0.000000 -0.051146 -0.002552 ) 
 ( -0.286600 -0.160386 -0.000000  0.000000 -0.018233 -0.047854 ) 
 ( -0.270152 -0.196277 -0.000000 -0.000000 -0.152839 -0.111044 ) 
 ( -0.276812 -0.000000 -0.000000 -0.000000 -0.226016  0.000000 ) 
     freq (   10) =       6.466886 [THz] =     215.712099 [cm-1]
 (  0.050970 -0.001599 -0.000000  0.000000 -0.034128  0.079826 ) 
 (  0.014229  0.048969  0.000000 -0.000000  0.065373 -0.057125 ) 
 ( -0.019277 -0.014006  0.000000  0.000000 -0.201304 -0.146256 ) 
 ( -0.337657  0.468330  0.000000 -0.000000 -0.063533 -0.060138 ) 
 (  0.341067 -0.465853 -0.000000  0.000000 -0.076827 -0.041840 ) 
 ( -0.081498 -0.059212  0.000000  0.000000 -0.237892 -0.172839 ) 
 ( -0.024930 -0.000000  0.000000 -0.000000  0.371499  0.000000 ) 
     freq (   11) =       6.515726 [THz] =     217.341234 [cm-1]
 (  0.000000  0.000000 -0.000985 -0.015767 -0.000000  0.000000 ) 
 (  0.000000  0.000000 -0.014160  0.007005  0.000000 -0.000000 ) 
 ( -0.000000 -0.000000 -0.021972 -0.012712 -0.000000 -0.000000 ) 
 ( -0.000000  0.000000 -0.284457  0.642320 -0.000000 -0.000000 ) 
 (  0.000000 -0.000000  0.415050 -0.566767 -0.000000 -0.000000 ) 
 ( -0.000000 -0.000000 -0.029090 -0.016830 -0.000000 -0.000000 ) 
 ( -0.000000 -0.000000 -0.103105  0.010744  0.000000  0.000000 ) 
     freq (   12) =       7.968086 [THz] =     265.786742 [cm-1]
 ( -0.000000 -0.000000  0.027636  0.005257  0.000000  0.000000 ) 
 ( -0.000000 -0.000000 -0.017161  0.022290  0.000000  0.000000 ) 
 ( -0.000000 -0.000000  0.010628  0.027949 -0.000000 -0.000000 ) 
 (  0.000000  0.000000 -0.271892 -0.408860  0.000000  0.000000 ) 
 (  0.000000  0.000000 -0.068454 -0.486216  0.000000  0.000000 ) 
 ( -0.000000 -0.000000  0.034934  0.091872 -0.000000 -0.000000 ) 
 ( -0.000000 -0.000000  0.595161  0.389181 -0.000000  0.000000 ) 
     freq (   13) =       8.304562 [THz] =     277.010360 [cm-1]
 ( -0.019223  0.002624 -0.000000  0.000000 -0.009404 -0.002937 ) 
 ( -0.003445 -0.019093  0.000000 -0.000000 -0.005700 -0.008037 ) 
 ( -0.028315 -0.020572  0.000000  0.000000 -0.011692 -0.008495 ) 
 (  0.382833  0.254776  0.000000  0.000000  0.018885  0.020712 ) 
 (  0.360608  0.285366  0.000000  0.000000  0.025534  0.011561 ) 
 ( -0.596519 -0.433396  0.000000 -0.000000  0.098808  0.071788 ) 
 ( -0.079280  0.000000 -0.000000 -0.000000 -0.090743  0.000000 ) 
     freq (   14) =       8.964555 [THz] =     299.025374 [cm-1]
 ( -0.008305 -0.000841  0.000000  0.000000 -0.007644 -0.008712 ) 
 ( -0.003366 -0.007639  0.000000 -0.000000 -0.010648 -0.004577 ) 
 (  0.010247  0.007445  0.000000  0.000000  0.059385  0.043146 ) 
 (  0.187863 -0.179996 -0.000000 -0.000000  0.000552  0.001685 ) 
 ( -0.113134  0.234291 -0.000000  0.000000  0.001773  0.000005 ) 
 ( -0.103022 -0.074850  0.000000  0.000000 -0.629534 -0.457383 ) 
 (  0.002416  0.000000 -0.000000  0.000000  0.486744  0.000000 ) 
     freq (   15) =       9.437862 [THz] =     314.813187 [cm-1]
 ( -0.000000  0.000000 -0.002484 -0.006922 -0.000000  0.000000 ) 
 ( -0.000000 -0.000000 -0.000861  0.007303 -0.000000 -0.000000 ) 
 (  0.000000  0.000000 -0.214604  0.024489  0.000000  0.000000 ) 
 ( -0.000000 -0.000000  0.458778 -0.079113 -0.000000 -0.000000 ) 
 ( -0.000000 -0.000000  0.464807 -0.026280 -0.000000 -0.000000 ) 
 ( -0.000000 -0.000000 -0.135287  0.015438 -0.000000 -0.000000 ) 
 (  0.000000 -0.000000  0.521888 -0.478390  0.000000  0.000000 ) 
     freq (   16) =      10.273065 [THz] =     342.672561 [cm-1]
 ( -0.004898  0.002212 -0.000000  0.000000 -0.010002 -0.015191 ) 
 (  0.000590 -0.005342 -0.000000 -0.000000 -0.017538 -0.004818 ) 
 (  0.176841  0.128483  0.000000 -0.000000  0.035433  0.025743 ) 
 ( -0.413864 -0.231670 -0.000000 -0.000000 -0.063817 -0.100925 ) 
 ( -0.348222 -0.322018 -0.000000 -0.000000 -0.115705 -0.029506 ) 
 ( -0.540802 -0.392915  0.000000  0.000000  0.022240  0.016158 ) 
 (  0.138604  0.000000  0.000000  0.000000 -0.065885  0.000000 ) 
     freq (   17) =      11.127864 [THz] =     371.185575 [cm-1]
 (  0.005412  0.022634  0.000000 -0.000000  0.042833 -0.000704 ) 
 (  0.023199 -0.001847 -0.000000  0.000000  0.012567  0.040954 ) 
 (  0.009254  0.006723 -0.000000 -0.000000 -0.106982 -0.077727 ) 
 (  0.127912 -0.247112  0.000000 -0.000000 -0.176088  0.006475 ) 
 ( -0.195491  0.198014 -0.000000  0.000000 -0.048256 -0.169471 ) 
 ( -0.030717 -0.022317  0.000000  0.000000  0.429679  0.312180 ) 
 (  0.006129 -0.000000  0.000000  0.000000  0.690738  0.000000 ) 
     freq (   18) =      14.556696 [THz] =     485.559128 [cm-1]
 ( -0.003509 -0.011952 -0.000000 -0.000000 -0.005042  0.037173 ) 
 ( -0.012451  0.000356 -0.000000 -0.000000  0.033796 -0.016282 ) 
 ( -0.017844 -0.012965  0.000000  0.000000  0.063363  0.046036 ) 
 (  0.072176  0.054521 -0.000000 -0.000000 -0.094886 -0.687456 ) 
 (  0.074156  0.051795 -0.000000  0.000000 -0.683130  0.122194 ) 
 (  0.058540  0.042532 -0.000000 -0.000000  0.048938  0.035556 ) 
 ( -0.014539  0.000000 -0.000000  0.000000  0.039841  0.000000 ) 
     freq (   19) =      16.158532 [THz] =     538.990606 [cm-1]
 (  0.003009  0.019726 -0.000000  0.000000  0.007175  0.006250 ) 
 (  0.019691 -0.003234 -0.000000 -0.000000  0.008161  0.004893 ) 
 (  0.010320  0.007498 -0.000000 -0.000000 -0.078569 -0.057084 ) 
 (  0.003903 -0.110111  0.000000 -0.000000  0.676596 -0.135294 ) 
 ( -0.103516  0.037738  0.000000  0.000000  0.080407  0.685289 ) 
 ( -0.032073 -0.023303 -0.000000  0.000000  0.046393  0.033706 ) 
 ( -0.000855 -0.000000  0.000000  0.000000  0.090079  0.000000 ) 
     freq (   20) =      20.245721 [THz] =     675.324568 [cm-1]
 ( -0.000000 -0.000000 -0.001087  0.000557 -0.000000 -0.000000 ) 
 ( -0.000000 -0.000000  0.000804 -0.000919 -0.000000 -0.000000 ) 
 ( -0.000000 -0.000000 -0.088759 -0.113753  0.000000 -0.000000 ) 
 ( -0.000000 -0.000000  0.002053  0.002624  0.000000 -0.000000 ) 
 (  0.000000  0.000000  0.002046  0.002629 -0.000000 -0.000000 ) 
 (  0.000000 -0.000000  0.606036  0.776695 -0.000000 -0.000000 ) 
 (  0.000000  0.000000 -0.089245 -0.025651  0.000000  0.000000 ) 
     freq (   21) =      21.909978 [THz] =     730.838191 [cm-1]
 ( -0.000671  0.000890 -0.000000 -0.000000  0.000810  0.000627 ) 
 (  0.000639 -0.000914  0.000000  0.000000  0.000846  0.000577 ) 
 ( -0.101164 -0.073500  0.000000 -0.000000 -0.000698 -0.000507 ) 
 (  0.004731  0.002436 -0.000000 -0.000000  0.005661 -0.001280 ) 
 (  0.003778  0.003746 -0.000000 -0.000000  0.000532  0.005779 ) 
 ( -0.050023 -0.036344 -0.000000  0.000000  0.001149  0.000835 ) 
 (  0.990156  0.000000  0.000000 -0.000000  0.000857  0.000000 ) 
 **************************************************************************
