Dynamical matrix file
Sr2RuO4                                                                    
  3    7   7   7.3000120   0.0000000   3.2938131   0.0000000   0.0000000   0.0000000
           1  'Sr     '    79860.7445811805     
           2  'Ru     '    92119.6696509919     
           3  'O      '    14582.1964454954     
    1    1      0.0000000000      0.0000000000      1.1602701746
    2    1      0.0000000000      0.0000000000     -1.1602701746
    3    2      0.0000000000      0.0000000000      0.0000000000
    4    3      0.0000000000      0.0000000000      0.5380857149
    5    3      0.0000000000      0.0000000000     -0.5380857149
    6    3      0.0000000000     -0.5000000000      0.0000000000
    7    3      0.5000000000      0.0000000000      0.0000000000

     Dynamical  Matrix in cartesian axes

     q = (   -0.200000000   0.000000000   0.060719899 ) 

    1    1
  0.10520408   0.00000000     0.00000000   0.00000000    -0.00096727   0.01075132
  0.00000000   0.00000000     0.06542413   0.00000000     0.00000000   0.00000000
 -0.00096727  -0.01075132     0.00000000   0.00000000     0.19068216   0.00000000
    1    2
 -0.00360868  -0.00005985     0.00000000   0.00000000     0.01925713  -0.02797482
  0.00000000   0.00000000    -0.00870053  -0.00531933     0.00000000   0.00000000
  0.01925713  -0.02797482     0.00000000   0.00000000    -0.03745719  -0.04067303
    1    3
 -0.01624476  -0.01182281     0.00000000   0.00000000    -0.03634570   0.03873652
  0.00000000  -0.00000000    -0.02174051  -0.01454158    -0.00000000  -0.00000000
 -0.03013551   0.03609430    -0.00000000   0.00000000    -0.04165461  -0.00437784
    1    4
 -0.01610044  -0.00062270     0.00000000   0.00000000     0.00534509   0.00872441
  0.00000000   0.00000000    -0.00656340  -0.00001700    -0.00000000   0.00000000
  0.00207010   0.00963473     0.00000000   0.00000000    -0.03666591  -0.00227433
    1    5
 -0.00867923  -0.00675021     0.00000000   0.00000000     0.01481623  -0.01665624
  0.00000000   0.00000000    -0.00133007  -0.00115610     0.00000000   0.00000000
 -0.00537751   0.00828090     0.00000000  -0.00000000    -0.02397726  -0.02062660
    1    6
 -0.01127340  -0.00717546     0.00000000   0.00000000     0.00361025  -0.00148390
  0.00000000   0.00000000    -0.00060476  -0.00062757     0.00000000   0.00000000
  0.00191665   0.00016512     0.00000000   0.00000000     0.00052147  -0.00684986
    1    7
  0.00091352   0.00114662     0.00000000   0.00000000     0.00587431   0.00021295
  0.00000000   0.00000000    -0.00403890  -0.01243514     0.00000000   0.00000000
 -0.00181612  -0.00036008    -0.00000000  -0.00000000     0.00306549  -0.00733753
    2    1
 -0.00360868   0.00005985     0.00000000  -0.00000000     0.01925713   0.02797482
  0.00000000  -0.00000000    -0.00870053   0.00531933     0.00000000  -0.00000000
  0.01925713   0.02797482     0.00000000   0.00000000    -0.03745719   0.04067303
    2    2
  0.10520408  -0.00000000     0.00000000   0.00000000    -0.00096727  -0.01075132
  0.00000000   0.00000000     0.06542413   0.00000000     0.00000000   0.00000000
 -0.00096727   0.01075132     0.00000000   0.00000000     0.19068216  -0.00000000
    2    3
 -0.01624476   0.01182281     0.00000000   0.00000000    -0.03634570  -0.03873652
  0.00000000   0.00000000    -0.02174051   0.01454158    -0.00000000   0.00000000
 -0.03013551  -0.03609430    -0.00000000  -0.00000000    -0.04165461   0.00437784
    2    4
 -0.00867923   0.00675021     0.00000000   0.00000000     0.01481623   0.01665624
  0.00000000   0.00000000    -0.00133007   0.00115610     0.00000000   0.00000000
 -0.00537751  -0.00828090     0.00000000   0.00000000    -0.02397726   0.02062660
    2    5
 -0.01610044   0.00062270     0.00000000   0.00000000     0.00534509  -0.00872441
  0.00000000   0.00000000    -0.00656340   0.00001700    -0.00000000   0.00000000
  0.00207010  -0.00963473     0.00000000   0.00000000    -0.03666591   0.00227433
    2    6
 -0.01127340   0.00717546     0.00000000   0.00000000     0.00361025   0.00148390
  0.00000000   0.00000000    -0.00060476   0.00062757     0.00000000   0.00000000
  0.00191665  -0.00016512     0.00000000   0.00000000     0.00052147   0.00684986
    2    7
  0.00137279   0.00051449     0.00000000   0.00000000     0.00201779   0.00552100
  0.00000000   0.00000000    -0.01307461   0.00000144    -0.00000000   0.00000000
 -0.00090367  -0.00161596    -0.00000000  -0.00000000    -0.00603112   0.00518288
    3    1
 -0.01624476   0.01182281     0.00000000   0.00000000    -0.03013551  -0.03609430
  0.00000000   0.00000000    -0.02174051   0.01454158    -0.00000000   0.00000000
 -0.03634570  -0.03873652     0.00000000   0.00000000    -0.04165461   0.00437784
    3    2
 -0.01624476  -0.01182281     0.00000000   0.00000000    -0.03013551   0.03609430
  0.00000000  -0.00000000    -0.02174051  -0.01454158    -0.00000000  -0.00000000
 -0.03634570   0.03873652     0.00000000  -0.00000000    -0.04165461  -0.00437784
    3    3
  0.72901468   0.00000000    -0.00000000   0.00000000    -0.00436535   0.00000000
 -0.00000000   0.00000000     0.66060679   0.00000000     0.00000000   0.00000000
 -0.00436535   0.00000000     0.00000000   0.00000000     0.44931748   0.00000000
    3    4
 -0.07267106   0.00139726    -0.00000000   0.00000000     0.00642624   0.00835968
  0.00000000   0.00000000    -0.06111546   0.00041214     0.00000000   0.00000000
  0.00780857  -0.00530988     0.00000000   0.00000000    -0.09946476  -0.01403181
    3    5
 -0.07267106  -0.00139726    -0.00000000  -0.00000000     0.00642624  -0.00835968
  0.00000000   0.00000000    -0.06111546  -0.00041214     0.00000000  -0.00000000
  0.00780857   0.00530988     0.00000000   0.00000000    -0.09946476   0.01403181
    3    6
 -0.04680025   0.00000000     0.00000000   0.00000000     0.00114670   0.00000000
  0.00000000   0.00000000    -0.41599307   0.00000000     0.00000000   0.00000000
  0.00357050   0.00000000     0.00000000   0.00000000    -0.06854816   0.00000000
    3    7
 -0.34392463  -0.24987587     0.00000000   0.00000000     0.00079675   0.00057887
  0.00000000   0.00000000    -0.02367830  -0.01720329    -0.00000000   0.00000000
 -0.00114106  -0.00082903    -0.00000000  -0.00000000    -0.05716489  -0.04153272
    4    1
 -0.01610044   0.00062270     0.00000000   0.00000000     0.00207010  -0.00963473
  0.00000000  -0.00000000    -0.00656340   0.00001700    -0.00000000   0.00000000
  0.00534509  -0.00872441    -0.00000000   0.00000000    -0.03666591   0.00227433
    4    2
 -0.00867923  -0.00675021     0.00000000  -0.00000000    -0.00537751   0.00828090
  0.00000000   0.00000000    -0.00133007  -0.00115610     0.00000000   0.00000000
  0.01481623  -0.01665624     0.00000000   0.00000000    -0.02397726  -0.02062660
    4    3
 -0.07267106  -0.00139726     0.00000000   0.00000000     0.00780857   0.00530988
  0.00000000   0.00000000    -0.06111546  -0.00041214    -0.00000000  -0.00000000
  0.00642624  -0.00835968     0.00000000  -0.00000000    -0.09946476   0.01403181
    4    4
  0.09069804   0.00000000     0.00000000   0.00000000    -0.00240943  -0.00760203
  0.00000000   0.00000000     0.07117802   0.00000000     0.00000000   0.00000000
 -0.00240943   0.00760203     0.00000000   0.00000000     0.28429540   0.00000000
    4    5
  0.01167667  -0.00072104     0.00000000   0.00000000    -0.01483011   0.01705303
  0.00000000   0.00000000     0.00737359  -0.00311754    -0.00000000   0.00000000
 -0.01483011   0.01705303     0.00000000   0.00000000    -0.05491973  -0.02055318
    4    6
  0.01050098   0.00085145     0.00000000   0.00000000    -0.00185676  -0.00463774
  0.00000000   0.00000000    -0.00703510  -0.00000645     0.00000000   0.00000000
 -0.00528627   0.00691850     0.00000000  -0.00000000    -0.02285550  -0.00607434
    4    7
 -0.00462380  -0.00368450     0.00000000  -0.00000000     0.01559020  -0.02430047
  0.00000000  -0.00000000     0.00302516   0.00272133    -0.00000000   0.00000000
  0.00281695  -0.00164087    -0.00000000   0.00000000    -0.01197848  -0.01642187
    5    1
 -0.00867923   0.00675021     0.00000000   0.00000000    -0.00537751  -0.00828090
  0.00000000   0.00000000    -0.00133007   0.00115610     0.00000000  -0.00000000
  0.01481623   0.01665624     0.00000000  -0.00000000    -0.02397726   0.02062660
    5    2
 -0.01610044  -0.00062270     0.00000000   0.00000000     0.00207010   0.00963473
  0.00000000   0.00000000    -0.00656340  -0.00001700    -0.00000000  -0.00000000
  0.00534509   0.00872441    -0.00000000   0.00000000    -0.03666591  -0.00227433
    5    3
 -0.07267106   0.00139726     0.00000000   0.00000000     0.00780857  -0.00530988
  0.00000000   0.00000000    -0.06111546   0.00041214    -0.00000000   0.00000000
  0.00642624   0.00835968     0.00000000   0.00000000    -0.09946476  -0.01403181
    5    4
  0.01167667   0.00072104     0.00000000   0.00000000    -0.01483011  -0.01705303
  0.00000000   0.00000000     0.00737359   0.00311754    -0.00000000  -0.00000000
 -0.01483011  -0.01705303     0.00000000   0.00000000    -0.05491973   0.02055318
    5    5
  0.09069804  -0.00000000     0.00000000   0.00000000    -0.00240943   0.00760203
  0.00000000   0.00000000     0.07117802   0.00000000     0.00000000   0.00000000
 -0.00240943  -0.00760203     0.00000000   0.00000000     0.28429540  -0.00000000
    5    6
  0.01050098  -0.00085145     0.00000000   0.00000000    -0.00185676   0.00463774
  0.00000000   0.00000000    -0.00703510   0.00000645     0.00000000  -0.00000000
 -0.00528627  -0.00691850     0.00000000   0.00000000    -0.02285550   0.00607434
    5    7
 -0.00493300  -0.00325892     0.00000000   0.00000000    -0.01829348   0.02233642
  0.00000000   0.00000000     0.00352296   0.00203616    -0.00000000   0.00000000
 -0.00069007   0.00318613    -0.00000000  -0.00000000    -0.01931968  -0.00631757
    6    1
 -0.01127340   0.00717546    -0.00000000   0.00000000     0.00191665  -0.00016512
  0.00000000  -0.00000000    -0.00060476   0.00062757     0.00000000   0.00000000
  0.00361025   0.00148390     0.00000000   0.00000000     0.00052147   0.00684986
    6    2
 -0.01127340  -0.00717546    -0.00000000   0.00000000     0.00191665   0.00016512
  0.00000000   0.00000000    -0.00060476  -0.00062757     0.00000000   0.00000000
  0.00361025  -0.00148390     0.00000000   0.00000000     0.00052147  -0.00684986
    6    3
 -0.04680025   0.00000000     0.00000000   0.00000000     0.00357050   0.00000000
  0.00000000   0.00000000    -0.41599307   0.00000000     0.00000000   0.00000000
  0.00114670   0.00000000     0.00000000   0.00000000    -0.06854816   0.00000000
    6    4
  0.01050098  -0.00085145     0.00000000   0.00000000    -0.00528627  -0.00691850
  0.00000000   0.00000000    -0.00703510   0.00000645    -0.00000000   0.00000000
 -0.00185676   0.00463774     0.00000000   0.00000000    -0.02285550   0.00607434
    6    5
  0.01050098   0.00085145     0.00000000   0.00000000    -0.00528627   0.00691850
  0.00000000   0.00000000    -0.00703510  -0.00000645    -0.00000000  -0.00000000
 -0.00185676  -0.00463774     0.00000000   0.00000000    -0.02285550  -0.00607434
    6    6
  0.10955644   0.00000000     0.00000000   0.00000000    -0.00076087   0.00000000
  0.00000000   0.00000000     0.48670682   0.00000000    -0.00000000   0.00000000
 -0.00076087   0.00000000    -0.00000000   0.00000000     0.11140152   0.00000000
    6    7
 -0.03234234  -0.02349808     0.00000000   0.00000000    -0.00047558  -0.00034553
  0.00000000   0.00000000    -0.03845005  -0.02793560    -0.00000000   0.00000000
  0.00041054   0.00029827    -0.00000000  -0.00000000     0.00950361   0.00690478
    7    1
  0.00091352  -0.00114662    -0.00000000   0.00000000    -0.00181612   0.00036008
 -0.00000000   0.00000000    -0.00403890   0.01243514     0.00000000  -0.00000000
  0.00587431  -0.00021295     0.00000000  -0.00000000     0.00306549   0.00733753
    7    2
  0.00137279  -0.00051449     0.00000000   0.00000000    -0.00090367   0.00161596
  0.00000000   0.00000000    -0.01307461  -0.00000144     0.00000000   0.00000000
  0.00201779  -0.00552100    -0.00000000   0.00000000    -0.00603112  -0.00518288
    7    3
 -0.34392463   0.24987587    -0.00000000   0.00000000    -0.00114106   0.00082903
 -0.00000000   0.00000000    -0.02367830   0.01720329    -0.00000000   0.00000000
  0.00079675  -0.00057887     0.00000000   0.00000000    -0.05716489   0.04153272
    7    4
 -0.00462380   0.00368450     0.00000000   0.00000000     0.00281695   0.00164087
  0.00000000   0.00000000     0.00302516  -0.00272133     0.00000000  -0.00000000
  0.01559020   0.02430047    -0.00000000  -0.00000000    -0.01197848   0.01642187
    7    5
 -0.00493300   0.00325892     0.00000000   0.00000000    -0.00069007  -0.00318613
  0.00000000   0.00000000     0.00352296  -0.00203616     0.00000000   0.00000000
 -0.01829348  -0.02233642     0.00000000   0.00000000    -0.01931968   0.00631757
    7    6
 -0.03234234   0.02349808     0.00000000   0.00000000     0.00041054  -0.00029827
  0.00000000   0.00000000    -0.03845005   0.02793560    -0.00000000   0.00000000
 -0.00047558   0.00034553    -0.00000000   0.00000000     0.00950361  -0.00690478
    7    7
  0.59035988   0.00000000     0.00000000   0.00000000     0.00025631   0.00000000
  0.00000000   0.00000000     0.09683658   0.00000000     0.00000000   0.00000000
  0.00025631   0.00000000     0.00000000   0.00000000     0.10961685   0.00000000

     Dynamical  Matrix in cartesian axes

     q = (   -0.200000000   0.000000000  -0.060719899 ) 

    1    1
  0.10520408   0.00000000     0.00000000   0.00000000     0.00096727   0.01075132
  0.00000000   0.00000000     0.06542413   0.00000000     0.00000000   0.00000000
  0.00096727  -0.01075132     0.00000000   0.00000000     0.19068216   0.00000000
    1    2
 -0.00360868   0.00005985     0.00000000   0.00000000    -0.01925713  -0.02797482
  0.00000000   0.00000000    -0.00870053   0.00531933     0.00000000   0.00000000
 -0.01925713  -0.02797482     0.00000000   0.00000000    -0.03745719   0.04067303
    1    3
 -0.01624476   0.01182281    -0.00000000   0.00000000     0.03634570   0.03873652
 -0.00000000   0.00000000    -0.02174051   0.01454158     0.00000000  -0.00000000
  0.03013551   0.03609430     0.00000000  -0.00000000    -0.04165461   0.00437784
    1    4
 -0.01610044   0.00062270     0.00000000   0.00000000    -0.00534509   0.00872441
 -0.00000000   0.00000000    -0.00656340   0.00001700     0.00000000  -0.00000000
 -0.00207010   0.00963473    -0.00000000  -0.00000000    -0.03666591   0.00227433
    1    5
 -0.00867923   0.00675021    -0.00000000   0.00000000    -0.01481623  -0.01665624
 -0.00000000   0.00000000    -0.00133007   0.00115610     0.00000000   0.00000000
  0.00537751   0.00828090     0.00000000  -0.00000000    -0.02397726   0.02062660
    1    6
 -0.01127340   0.00717546     0.00000000   0.00000000    -0.00361025  -0.00148390
 -0.00000000   0.00000000    -0.00060476   0.00062757    -0.00000000   0.00000000
 -0.00191665   0.00016512    -0.00000000   0.00000000     0.00052147   0.00684986
    1    7
  0.00137279   0.00051449    -0.00000000   0.00000000    -0.00201779  -0.00552100
 -0.00000000   0.00000000    -0.01307461   0.00000144     0.00000000   0.00000000
  0.00090367   0.00161596     0.00000000   0.00000000    -0.00603112   0.00518288
    2    1
 -0.00360868  -0.00005985     0.00000000   0.00000000    -0.01925713   0.02797482
  0.00000000   0.00000000    -0.00870053  -0.00531933     0.00000000   0.00000000
 -0.01925713   0.02797482     0.00000000   0.00000000    -0.03745719  -0.04067303
    2    2
  0.10520408   0.00000000     0.00000000   0.00000000     0.00096727  -0.01075132
  0.00000000   0.00000000     0.06542413   0.00000000     0.00000000   0.00000000
  0.00096727   0.01075132     0.00000000   0.00000000     0.19068216   0.00000000
    2    3
 -0.01624476  -0.01182281    -0.00000000  -0.00000000     0.03634570  -0.03873652
 -0.00000000  -0.00000000    -0.02174051  -0.01454158     0.00000000   0.00000000
  0.03013551  -0.03609430     0.00000000   0.00000000    -0.04165461  -0.00437784
    2    4
 -0.00867923  -0.00675021    -0.00000000   0.00000000    -0.01481623   0.01665624
 -0.00000000   0.00000000    -0.00133007  -0.00115610     0.00000000  -0.00000000
  0.00537751  -0.00828090     0.00000000   0.00000000    -0.02397726  -0.02062660
    2    5
 -0.01610044  -0.00062270     0.00000000  -0.00000000    -0.00534509  -0.00872441
 -0.00000000  -0.00000000    -0.00656340  -0.00001700     0.00000000   0.00000000
 -0.00207010  -0.00963473    -0.00000000   0.00000000    -0.03666591  -0.00227433
    2    6
 -0.01127340  -0.00717546     0.00000000   0.00000000    -0.00361025   0.00148390
 -0.00000000   0.00000000    -0.00060476  -0.00062757    -0.00000000   0.00000000
 -0.00191665  -0.00016512    -0.00000000   0.00000000     0.00052147  -0.00684986
    2    7
  0.00091352   0.00114662     0.00000000   0.00000000    -0.00587431  -0.00021295
  0.00000000   0.00000000    -0.00403890  -0.01243514     0.00000000  -0.00000000
  0.00181612   0.00036008     0.00000000   0.00000000     0.00306549  -0.00733753
    3    1
 -0.01624476  -0.01182281    -0.00000000   0.00000000     0.03013551  -0.03609430
 -0.00000000  -0.00000000    -0.02174051  -0.01454158     0.00000000  -0.00000000
  0.03634570  -0.03873652     0.00000000  -0.00000000    -0.04165461  -0.00437784
    3    2
 -0.01624476   0.01182281    -0.00000000   0.00000000     0.03013551   0.03609430
 -0.00000000   0.00000000    -0.02174051   0.01454158     0.00000000   0.00000000
  0.03634570   0.03873652     0.00000000   0.00000000    -0.04165461   0.00437784
    3    3
  0.72901468   0.00000000    -0.00000000   0.00000000     0.00436535   0.00000000
 -0.00000000   0.00000000     0.66060679   0.00000000     0.00000000   0.00000000
  0.00436535   0.00000000     0.00000000   0.00000000     0.44931748   0.00000000
    3    4
 -0.07267106  -0.00139726     0.00000000  -0.00000000    -0.00642624   0.00835968
 -0.00000000  -0.00000000    -0.06111546  -0.00041214     0.00000000   0.00000000
 -0.00780857  -0.00530988     0.00000000   0.00000000    -0.09946476   0.01403181
    3    5
 -0.07267106   0.00139726     0.00000000   0.00000000    -0.00642624  -0.00835968
 -0.00000000   0.00000000    -0.06111546   0.00041214     0.00000000  -0.00000000
 -0.00780857   0.00530988     0.00000000  -0.00000000    -0.09946476  -0.01403181
    3    6
 -0.04680025   0.00000000     0.00000000   0.00000000    -0.00114670   0.00000000
  0.00000000   0.00000000    -0.41599307   0.00000000    -0.00000000   0.00000000
 -0.00357050   0.00000000    -0.00000000   0.00000000    -0.06854816   0.00000000
    3    7
 -0.34392463  -0.24987587     0.00000000   0.00000000    -0.00079675  -0.00057887
  0.00000000  -0.00000000    -0.02367830  -0.01720329    -0.00000000  -0.00000000
  0.00114106   0.00082903    -0.00000000  -0.00000000    -0.05716489  -0.04153272
    4    1
 -0.01610044  -0.00062270    -0.00000000   0.00000000    -0.00207010  -0.00963473
  0.00000000   0.00000000    -0.00656340  -0.00001700    -0.00000000   0.00000000
 -0.00534509  -0.00872441     0.00000000  -0.00000000    -0.03666591  -0.00227433
    4    2
 -0.00867923   0.00675021     0.00000000  -0.00000000     0.00537751   0.00828090
  0.00000000   0.00000000    -0.00133007   0.00115610     0.00000000   0.00000000
 -0.01481623  -0.01665624     0.00000000   0.00000000    -0.02397726   0.02062660
    4    3
 -0.07267106   0.00139726     0.00000000  -0.00000000    -0.00780857   0.00530988
  0.00000000  -0.00000000    -0.06111546   0.00041214    -0.00000000   0.00000000
 -0.00642624  -0.00835968     0.00000000   0.00000000    -0.09946476  -0.01403181
    4    4
  0.09069804  -0.00000000     0.00000000   0.00000000     0.00240943  -0.00760203
  0.00000000   0.00000000     0.07117802   0.00000000     0.00000000   0.00000000
  0.00240943   0.00760203     0.00000000   0.00000000     0.28429540  -0.00000000
    4    5
  0.01167667   0.00072104    -0.00000000  -0.00000000     0.01483011   0.01705303
 -0.00000000  -0.00000000     0.00737359   0.00311754     0.00000000   0.00000000
  0.01483011   0.01705303     0.00000000   0.00000000    -0.05491973   0.02055318
    4    6
  0.01050098  -0.00085145     0.00000000   0.00000000     0.00185676  -0.00463774
  0.00000000   0.00000000    -0.00703510   0.00000645     0.00000000   0.00000000
  0.00528627   0.00691850     0.00000000   0.00000000    -0.02285550   0.00607434
    4    7
 -0.00493300  -0.00325892    -0.00000000   0.00000000     0.01829348  -0.02233642
 -0.00000000   0.00000000     0.00352296   0.00203616     0.00000000  -0.00000000
  0.00069007  -0.00318613     0.00000000  -0.00000000    -0.01931968  -0.00631757
    5    1
 -0.00867923  -0.00675021     0.00000000   0.00000000     0.00537751  -0.00828090
  0.00000000   0.00000000    -0.00133007  -0.00115610     0.00000000   0.00000000
 -0.01481623   0.01665624     0.00000000   0.00000000    -0.02397726  -0.02062660
    5    2
 -0.01610044   0.00062270    -0.00000000  -0.00000000    -0.00207010   0.00963473
  0.00000000   0.00000000    -0.00656340   0.00001700    -0.00000000  -0.00000000
 -0.00534509   0.00872441     0.00000000   0.00000000    -0.03666591   0.00227433
    5    3
 -0.07267106  -0.00139726     0.00000000   0.00000000    -0.00780857  -0.00530988
  0.00000000   0.00000000    -0.06111546  -0.00041214    -0.00000000  -0.00000000
 -0.00642624   0.00835968     0.00000000  -0.00000000    -0.09946476   0.01403181
    5    4
  0.01167667  -0.00072104    -0.00000000   0.00000000     0.01483011  -0.01705303
 -0.00000000   0.00000000     0.00737359  -0.00311754     0.00000000  -0.00000000
  0.01483011  -0.01705303     0.00000000  -0.00000000    -0.05491973  -0.02055318
    5    5
  0.09069804   0.00000000     0.00000000   0.00000000     0.00240943   0.00760203
  0.00000000   0.00000000     0.07117802   0.00000000     0.00000000   0.00000000
  0.00240943  -0.00760203     0.00000000   0.00000000     0.28429540   0.00000000
    5    6
  0.01050098   0.00085145     0.00000000   0.00000000     0.00185676   0.00463774
  0.00000000   0.00000000    -0.00703510  -0.00000645     0.00000000   0.00000000
  0.00528627  -0.00691850     0.00000000   0.00000000    -0.02285550  -0.00607434
    5    7
 -0.00462380  -0.00368450     0.00000000  -0.00000000    -0.01559020   0.02430047
  0.00000000  -0.00000000     0.00302516   0.00272133    -0.00000000   0.00000000
 -0.00281695   0.00164087     0.00000000   0.00000000    -0.01197848  -0.01642187
    6    1
 -0.01127340  -0.00717546     0.00000000  -0.00000000    -0.00191665  -0.00016512
  0.00000000  -0.00000000    -0.00060476  -0.00062757    -0.00000000   0.00000000
 -0.00361025   0.00148390    -0.00000000   0.00000000     0.00052147  -0.00684986
    6    2
 -0.01127340   0.00717546     0.00000000   0.00000000    -0.00191665   0.00016512
  0.00000000   0.00000000    -0.00060476   0.00062757    -0.00000000  -0.00000000
 -0.00361025  -0.00148390    -0.00000000   0.00000000     0.00052147   0.00684986
    6    3
 -0.04680025   0.00000000     0.00000000   0.00000000    -0.00357050   0.00000000
  0.00000000   0.00000000    -0.41599307   0.00000000    -0.00000000   0.00000000
 -0.00114670   0.00000000     0.00000000   0.00000000    -0.06854816   0.00000000
    6    4
  0.01050098   0.00085145     0.00000000   0.00000000     0.00528627  -0.00691850
  0.00000000   0.00000000    -0.00703510  -0.00000645     0.00000000   0.00000000
  0.00185676   0.00463774     0.00000000  -0.00000000    -0.02285550  -0.00607434
    6    5
  0.01050098  -0.00085145     0.00000000   0.00000000     0.00528627   0.00691850
  0.00000000   0.00000000    -0.00703510   0.00000645     0.00000000   0.00000000
  0.00185676  -0.00463774     0.00000000   0.00000000    -0.02285550   0.00607434
    6    6
  0.10955644   0.00000000     0.00000000   0.00000000     0.00076087   0.00000000
  0.00000000   0.00000000     0.48670682   0.00000000    -0.00000000   0.00000000
  0.00076087   0.00000000     0.00000000   0.00000000     0.11140152   0.00000000
    6    7
 -0.03234234  -0.02349808    -0.00000000   0.00000000     0.00047558   0.00034553
 -0.00000000   0.00000000    -0.03845005  -0.02793560     0.00000000  -0.00000000
 -0.00041054  -0.00029827     0.00000000   0.00000000     0.00950361   0.00690478
    7    1
  0.00137279  -0.00051449     0.00000000  -0.00000000     0.00090367  -0.00161596
  0.00000000   0.00000000    -0.01307461  -0.00000144    -0.00000000   0.00000000
 -0.00201779   0.00552100    -0.00000000   0.00000000    -0.00603112  -0.00518288
    7    2
  0.00091352  -0.00114662     0.00000000   0.00000000     0.00181612  -0.00036008
  0.00000000   0.00000000    -0.00403890   0.01243514     0.00000000   0.00000000
 -0.00587431   0.00021295     0.00000000   0.00000000     0.00306549   0.00733753
    7    3
 -0.34392463   0.24987587     0.00000000  -0.00000000     0.00114106  -0.00082903
  0.00000000  -0.00000000    -0.02367830   0.01720329    -0.00000000   0.00000000
 -0.00079675   0.00057887    -0.00000000   0.00000000    -0.05716489   0.04153272
    7    4
 -0.00493300   0.00325892     0.00000000   0.00000000     0.00069007   0.00318613
  0.00000000   0.00000000     0.00352296  -0.00203616     0.00000000   0.00000000
  0.01829348   0.02233642    -0.00000000   0.00000000    -0.01931968   0.00631757
    7    5
 -0.00462380   0.00368450     0.00000000  -0.00000000    -0.00281695  -0.00164087
  0.00000000   0.00000000     0.00302516  -0.00272133     0.00000000   0.00000000
 -0.01559020  -0.02430047     0.00000000   0.00000000    -0.01197848   0.01642187
    7    6
 -0.03234234   0.02349808     0.00000000   0.00000000    -0.00041054   0.00029827
  0.00000000   0.00000000    -0.03845005   0.02793560     0.00000000   0.00000000
  0.00047558  -0.00034553     0.00000000   0.00000000     0.00950361  -0.00690478
    7    7
  0.59035988   0.00000000    -0.00000000   0.00000000    -0.00025631   0.00000000
 -0.00000000   0.00000000     0.09683658   0.00000000     0.00000000   0.00000000
 -0.00025631   0.00000000     0.00000000   0.00000000     0.10961685   0.00000000

     Dynamical  Matrix in cartesian axes

     q = (    0.200000000   0.000000000   0.060719899 ) 

    1    1
  0.10520408   0.00000000     0.00000000   0.00000000     0.00096727  -0.01075132
  0.00000000   0.00000000     0.06542413   0.00000000     0.00000000   0.00000000
  0.00096727   0.01075132     0.00000000   0.00000000     0.19068216   0.00000000
    1    2
 -0.00360868  -0.00005985     0.00000000   0.00000000    -0.01925713   0.02797482
  0.00000000   0.00000000    -0.00870053  -0.00531933     0.00000000   0.00000000
 -0.01925713   0.02797482     0.00000000   0.00000000    -0.03745719  -0.04067303
    1    3
 -0.01624476  -0.01182281    -0.00000000  -0.00000000     0.03634570  -0.03873652
 -0.00000000  -0.00000000    -0.02174051  -0.01454158     0.00000000   0.00000000
  0.03013551  -0.03609430     0.00000000   0.00000000    -0.04165461  -0.00437784
    1    4
 -0.01610044  -0.00062270     0.00000000  -0.00000000    -0.00534509  -0.00872441
 -0.00000000  -0.00000000    -0.00656340  -0.00001700     0.00000000   0.00000000
 -0.00207010  -0.00963473    -0.00000000   0.00000000    -0.03666591  -0.00227433
    1    5
 -0.00867923  -0.00675021    -0.00000000   0.00000000    -0.01481623   0.01665624
 -0.00000000   0.00000000    -0.00133007  -0.00115610     0.00000000  -0.00000000
  0.00537751  -0.00828090     0.00000000   0.00000000    -0.02397726  -0.02062660
    1    6
 -0.01127340  -0.00717546     0.00000000   0.00000000    -0.00361025   0.00148390
 -0.00000000   0.00000000    -0.00060476  -0.00062757    -0.00000000   0.00000000
 -0.00191665  -0.00016512    -0.00000000   0.00000000     0.00052147  -0.00684986
    1    7
  0.00137279  -0.00051449     0.00000000   0.00000000    -0.00201779   0.00552100
  0.00000000   0.00000000    -0.01307461  -0.00000144    -0.00000000  -0.00000000
  0.00090367  -0.00161596    -0.00000000  -0.00000000    -0.00603112  -0.00518288
    2    1
 -0.00360868   0.00005985     0.00000000   0.00000000    -0.01925713  -0.02797482
  0.00000000   0.00000000    -0.00870053   0.00531933     0.00000000   0.00000000
 -0.01925713  -0.02797482     0.00000000   0.00000000    -0.03745719   0.04067303
    2    2
  0.10520408   0.00000000     0.00000000   0.00000000     0.00096727   0.01075132
  0.00000000   0.00000000     0.06542413   0.00000000     0.00000000   0.00000000
  0.00096727  -0.01075132     0.00000000   0.00000000     0.19068216   0.00000000
    2    3
 -0.01624476   0.01182281    -0.00000000   0.00000000     0.03634570   0.03873652
 -0.00000000   0.00000000    -0.02174051   0.01454158     0.00000000  -0.00000000
  0.03013551   0.03609430     0.00000000  -0.00000000    -0.04165461   0.00437784
    2    4
 -0.00867923   0.00675021    -0.00000000   0.00000000    -0.01481623  -0.01665624
 -0.00000000   0.00000000    -0.00133007   0.00115610     0.00000000   0.00000000
  0.00537751   0.00828090     0.00000000  -0.00000000    -0.02397726   0.02062660
    2    5
 -0.01610044   0.00062270     0.00000000   0.00000000    -0.00534509   0.00872441
 -0.00000000   0.00000000    -0.00656340   0.00001700     0.00000000  -0.00000000
 -0.00207010   0.00963473    -0.00000000  -0.00000000    -0.03666591   0.00227433
    2    6
 -0.01127340   0.00717546     0.00000000   0.00000000    -0.00361025  -0.00148390
 -0.00000000   0.00000000    -0.00060476   0.00062757    -0.00000000   0.00000000
 -0.00191665   0.00016512    -0.00000000   0.00000000     0.00052147   0.00684986
    2    7
  0.00091352  -0.00114662    -0.00000000   0.00000000    -0.00587431   0.00021295
 -0.00000000   0.00000000    -0.00403890   0.01243514     0.00000000   0.00000000
  0.00181612  -0.00036008     0.00000000  -0.00000000     0.00306549   0.00733753
    3    1
 -0.01624476   0.01182281    -0.00000000   0.00000000     0.03013551   0.03609430
 -0.00000000   0.00000000    -0.02174051   0.01454158     0.00000000   0.00000000
  0.03634570   0.03873652     0.00000000   0.00000000    -0.04165461   0.00437784
    3    2
 -0.01624476  -0.01182281    -0.00000000   0.00000000     0.03013551  -0.03609430
 -0.00000000  -0.00000000    -0.02174051  -0.01454158     0.00000000  -0.00000000
  0.03634570  -0.03873652     0.00000000  -0.00000000    -0.04165461  -0.00437784
    3    3
  0.72901468   0.00000000    -0.00000000   0.00000000     0.00436535   0.00000000
 -0.00000000   0.00000000     0.66060679   0.00000000     0.00000000   0.00000000
  0.00436535   0.00000000     0.00000000   0.00000000     0.44931748   0.00000000
    3    4
 -0.07267106   0.00139726     0.00000000   0.00000000    -0.00642624  -0.00835968
 -0.00000000   0.00000000    -0.06111546   0.00041214     0.00000000  -0.00000000
 -0.00780857   0.00530988     0.00000000  -0.00000000    -0.09946476  -0.01403181
    3    5
 -0.07267106  -0.00139726     0.00000000  -0.00000000    -0.00642624   0.00835968
 -0.00000000  -0.00000000    -0.06111546  -0.00041214     0.00000000   0.00000000
 -0.00780857  -0.00530988     0.00000000   0.00000000    -0.09946476   0.01403181
    3    6
 -0.04680025   0.00000000     0.00000000   0.00000000    -0.00114670   0.00000000
  0.00000000   0.00000000    -0.41599307   0.00000000    -0.00000000   0.00000000
 -0.00357050   0.00000000    -0.00000000   0.00000000    -0.06854816   0.00000000
    3    7
 -0.34392463   0.24987587    -0.00000000   0.00000000    -0.00079675   0.00057887
 -0.00000000   0.00000000    -0.02367830   0.01720329    -0.00000000  -0.00000000
  0.00114106  -0.00082903    -0.00000000  -0.00000000    -0.05716489   0.04153272
    4    1
 -0.01610044   0.00062270    -0.00000000  -0.00000000    -0.00207010   0.00963473
  0.00000000   0.00000000    -0.00656340   0.00001700    -0.00000000  -0.00000000
 -0.00534509   0.00872441     0.00000000   0.00000000    -0.03666591   0.00227433
    4    2
 -0.00867923  -0.00675021     0.00000000   0.00000000     0.00537751  -0.00828090
  0.00000000   0.00000000    -0.00133007  -0.00115610     0.00000000   0.00000000
 -0.01481623   0.01665624     0.00000000   0.00000000    -0.02397726  -0.02062660
    4    3
 -0.07267106  -0.00139726     0.00000000   0.00000000    -0.00780857  -0.00530988
  0.00000000   0.00000000    -0.06111546  -0.00041214    -0.00000000  -0.00000000
 -0.00642624   0.00835968     0.00000000  -0.00000000    -0.09946476   0.01403181
    4    4
  0.09069804   0.00000000     0.00000000   0.00000000     0.00240943   0.00760203
  0.00000000   0.00000000     0.07117802   0.00000000     0.00000000   0.00000000
  0.00240943  -0.00760203     0.00000000   0.00000000     0.28429540   0.00000000
    4    5
  0.01167667  -0.00072104    -0.00000000   0.00000000     0.01483011  -0.01705303
 -0.00000000   0.00000000     0.00737359  -0.00311754     0.00000000  -0.00000000
  0.01483011  -0.01705303     0.00000000  -0.00000000    -0.05491973  -0.02055318
    4    6
  0.01050098   0.00085145     0.00000000   0.00000000     0.00185676   0.00463774
  0.00000000   0.00000000    -0.00703510  -0.00000645     0.00000000   0.00000000
  0.00528627  -0.00691850     0.00000000   0.00000000    -0.02285550  -0.00607434
    4    7
 -0.00493300   0.00325892     0.00000000  -0.00000000     0.01829348   0.02233642
 -0.00000000   0.00000000     0.00352296  -0.00203616     0.00000000  -0.00000000
  0.00069007   0.00318613     0.00000000   0.00000000    -0.01931968   0.00631757
    5    1
 -0.00867923   0.00675021     0.00000000  -0.00000000     0.00537751   0.00828090
  0.00000000   0.00000000    -0.00133007   0.00115610     0.00000000   0.00000000
 -0.01481623  -0.01665624     0.00000000   0.00000000    -0.02397726   0.02062660
    5    2
 -0.01610044  -0.00062270    -0.00000000   0.00000000    -0.00207010  -0.00963473
  0.00000000   0.00000000    -0.00656340  -0.00001700    -0.00000000   0.00000000
 -0.00534509  -0.00872441     0.00000000  -0.00000000    -0.03666591  -0.00227433
    5    3
 -0.07267106   0.00139726     0.00000000  -0.00000000    -0.00780857   0.00530988
  0.00000000  -0.00000000    -0.06111546   0.00041214    -0.00000000   0.00000000
 -0.00642624  -0.00835968     0.00000000   0.00000000    -0.09946476  -0.01403181
    5    4
  0.01167667   0.00072104    -0.00000000  -0.00000000     0.01483011   0.01705303
 -0.00000000  -0.00000000     0.00737359   0.00311754     0.00000000   0.00000000
  0.01483011   0.01705303     0.00000000   0.00000000    -0.05491973   0.02055318
    5    5
  0.09069804  -0.00000000     0.00000000   0.00000000     0.00240943  -0.00760203
  0.00000000   0.00000000     0.07117802   0.00000000     0.00000000   0.00000000
  0.00240943   0.00760203     0.00000000   0.00000000     0.28429540  -0.00000000
    5    6
  0.01050098  -0.00085145     0.00000000   0.00000000     0.00185676  -0.00463774
  0.00000000   0.00000000    -0.00703510   0.00000645     0.00000000   0.00000000
  0.00528627   0.00691850     0.00000000   0.00000000    -0.02285550   0.00607434
    5    7
 -0.00462380   0.00368450     0.00000000   0.00000000    -0.01559020  -0.02430047
  0.00000000   0.00000000     0.00302516  -0.00272133    -0.00000000  -0.00000000
 -0.00281695  -0.00164087    -0.00000000  -0.00000000    -0.01197848   0.01642187
    6    1
 -0.01127340   0.00717546     0.00000000   0.00000000    -0.00191665   0.00016512
  0.00000000   0.00000000    -0.00060476   0.00062757    -0.00000000  -0.00000000
 -0.00361025  -0.00148390    -0.00000000   0.00000000     0.00052147   0.00684986
    6    2
 -0.01127340  -0.00717546     0.00000000  -0.00000000    -0.00191665  -0.00016512
  0.00000000  -0.00000000    -0.00060476  -0.00062757    -0.00000000   0.00000000
 -0.00361025   0.00148390    -0.00000000   0.00000000     0.00052147  -0.00684986
    6    3
 -0.04680025   0.00000000     0.00000000   0.00000000    -0.00357050   0.00000000
  0.00000000   0.00000000    -0.41599307   0.00000000    -0.00000000   0.00000000
 -0.00114670   0.00000000     0.00000000   0.00000000    -0.06854816   0.00000000
    6    4
  0.01050098  -0.00085145     0.00000000   0.00000000     0.00528627   0.00691850
  0.00000000   0.00000000    -0.00703510   0.00000645     0.00000000   0.00000000
  0.00185676  -0.00463774     0.00000000   0.00000000    -0.02285550   0.00607434
    6    5
  0.01050098   0.00085145     0.00000000   0.00000000     0.00528627  -0.00691850
  0.00000000   0.00000000    -0.00703510  -0.00000645     0.00000000   0.00000000
  0.00185676   0.00463774     0.00000000  -0.00000000    -0.02285550  -0.00607434
    6    6
  0.10955644   0.00000000     0.00000000   0.00000000     0.00076087   0.00000000
  0.00000000   0.00000000     0.48670682   0.00000000    -0.00000000   0.00000000
  0.00076087   0.00000000     0.00000000   0.00000000     0.11140152   0.00000000
    6    7
 -0.03234234   0.02349808     0.00000000   0.00000000     0.00047558  -0.00034553
  0.00000000   0.00000000    -0.03845005   0.02793560     0.00000000   0.00000000
 -0.00041054   0.00029827     0.00000000  -0.00000000     0.00950361  -0.00690478
    7    1
  0.00137279   0.00051449    -0.00000000  -0.00000000     0.00090367   0.00161596
  0.00000000   0.00000000    -0.01307461   0.00000144    -0.00000000   0.00000000
 -0.00201779  -0.00552100     0.00000000   0.00000000    -0.00603112   0.00518288
    7    2
  0.00091352   0.00114662     0.00000000   0.00000000     0.00181612   0.00036008
  0.00000000   0.00000000    -0.00403890  -0.01243514    -0.00000000  -0.00000000
 -0.00587431  -0.00021295    -0.00000000  -0.00000000     0.00306549  -0.00733753
    7    3
 -0.34392463  -0.24987587     0.00000000   0.00000000     0.00114106   0.00082903
  0.00000000   0.00000000    -0.02367830  -0.01720329    -0.00000000  -0.00000000
 -0.00079675  -0.00057887    -0.00000000  -0.00000000    -0.05716489  -0.04153272
    7    4
 -0.00493300  -0.00325892     0.00000000  -0.00000000     0.00069007  -0.00318613
  0.00000000   0.00000000     0.00352296   0.00203616    -0.00000000  -0.00000000
  0.01829348  -0.02233642    -0.00000000   0.00000000    -0.01931968  -0.00631757
    7    5
 -0.00462380  -0.00368450     0.00000000  -0.00000000    -0.00281695   0.00164087
  0.00000000   0.00000000     0.00302516   0.00272133     0.00000000   0.00000000
 -0.01559020   0.02430047     0.00000000   0.00000000    -0.01197848  -0.01642187
    7    6
 -0.03234234  -0.02349808     0.00000000   0.00000000    -0.00041054  -0.00029827
  0.00000000  -0.00000000    -0.03845005  -0.02793560    -0.00000000   0.00000000
  0.00047558   0.00034553    -0.00000000   0.00000000     0.00950361   0.00690478
    7    7
  0.59035988   0.00000000    -0.00000000   0.00000000    -0.00025631   0.00000000
 -0.00000000   0.00000000     0.09683658   0.00000000     0.00000000   0.00000000
 -0.00025631   0.00000000     0.00000000   0.00000000     0.10961685   0.00000000

     Dynamical  Matrix in cartesian axes

     q = (    0.000000000  -0.200000000   0.060719899 ) 

    1    1
  0.06542413   0.00000000     0.00000000   0.00000000    -0.00000000  -0.00000000
  0.00000000   0.00000000     0.10520408   0.00000000    -0.00096727   0.01075132
 -0.00000000   0.00000000    -0.00096727  -0.01075132     0.19068216   0.00000000
    1    2
 -0.00870053  -0.00531933     0.00000000   0.00000000     0.00000000   0.00000000
  0.00000000   0.00000000    -0.00360868  -0.00005985     0.01925713  -0.02797482
  0.00000000   0.00000000     0.01925713  -0.02797482    -0.03745719  -0.04067303
    1    3
 -0.02174051  -0.01454158    -0.00000000  -0.00000000    -0.00000000   0.00000000
 -0.00000000  -0.00000000    -0.01624476  -0.01182281    -0.03634570   0.03873652
  0.00000000   0.00000000    -0.03013551   0.03609430    -0.04165461  -0.00437784
    1    4
 -0.00656340  -0.00001700    -0.00000000  -0.00000000    -0.00000000   0.00000000
  0.00000000  -0.00000000    -0.01610044  -0.00062270     0.00534509   0.00872441
  0.00000000  -0.00000000     0.00207010   0.00963473    -0.03666591  -0.00227433
    1    5
 -0.00133007  -0.00115610    -0.00000000   0.00000000    -0.00000000   0.00000000
 -0.00000000   0.00000000    -0.00867923  -0.00675021     0.01481623  -0.01665624
 -0.00000000  -0.00000000    -0.00537751   0.00828090    -0.02397726  -0.02062660
    1    6
 -0.01307461  -0.00000144     0.00000000   0.00000000     0.00000000   0.00000000
  0.00000000   0.00000000     0.00137279  -0.00051449     0.00201779  -0.00552100
  0.00000000   0.00000000    -0.00090367   0.00161596    -0.00603112  -0.00518288
    1    7
 -0.00060476  -0.00062757    -0.00000000   0.00000000     0.00000000   0.00000000
  0.00000000   0.00000000    -0.01127340  -0.00717546     0.00361025  -0.00148390
  0.00000000   0.00000000     0.00191665   0.00016512     0.00052147  -0.00684986
    2    1
 -0.00870053   0.00531933     0.00000000   0.00000000     0.00000000   0.00000000
  0.00000000   0.00000000    -0.00360868   0.00005985     0.01925713   0.02797482
  0.00000000   0.00000000     0.01925713   0.02797482    -0.03745719   0.04067303
    2    2
  0.06542413   0.00000000     0.00000000   0.00000000    -0.00000000   0.00000000
  0.00000000   0.00000000     0.10520408   0.00000000    -0.00096727  -0.01075132
 -0.00000000   0.00000000    -0.00096727   0.01075132     0.19068216  -0.00000000
    2    3
 -0.02174051   0.01454158    -0.00000000   0.00000000    -0.00000000   0.00000000
 -0.00000000   0.00000000    -0.01624476   0.01182281    -0.03634570  -0.03873652
  0.00000000   0.00000000    -0.03013551  -0.03609430    -0.04165461   0.00437784
    2    4
 -0.00133007   0.00115610    -0.00000000   0.00000000    -0.00000000  -0.00000000
 -0.00000000   0.00000000    -0.00867923   0.00675021     0.01481623   0.01665624
 -0.00000000   0.00000000    -0.00537751  -0.00828090    -0.02397726   0.02062660
    2    5
 -0.00656340   0.00001700    -0.00000000   0.00000000    -0.00000000   0.00000000
  0.00000000   0.00000000    -0.01610044   0.00062270     0.00534509  -0.00872441
  0.00000000   0.00000000     0.00207010  -0.00963473    -0.03666591   0.00227433
    2    6
 -0.00403890   0.01243514    -0.00000000   0.00000000    -0.00000000  -0.00000000
 -0.00000000   0.00000000     0.00091352  -0.00114662     0.00587431  -0.00021295
 -0.00000000   0.00000000    -0.00181612   0.00036008     0.00306549   0.00733753
    2    7
 -0.00060476   0.00062757    -0.00000000   0.00000000     0.00000000   0.00000000
  0.00000000   0.00000000    -0.01127340   0.00717546     0.00361025   0.00148390
  0.00000000   0.00000000     0.00191665  -0.00016512     0.00052147   0.00684986
    3    1
 -0.02174051   0.01454158    -0.00000000   0.00000000    -0.00000000   0.00000000
 -0.00000000   0.00000000    -0.01624476   0.01182281    -0.03013551  -0.03609430
 -0.00000000   0.00000000    -0.03634570  -0.03873652    -0.04165461   0.00437784
    3    2
 -0.02174051  -0.01454158    -0.00000000  -0.00000000    -0.00000000   0.00000000
 -0.00000000   0.00000000    -0.01624476  -0.01182281    -0.03013551   0.03609430
 -0.00000000   0.00000000    -0.03634570   0.03873652    -0.04165461  -0.00437784
    3    3
  0.66060679   0.00000000    -0.00000000   0.00000000     0.00000000   0.00000000
 -0.00000000   0.00000000     0.72901468   0.00000000    -0.00436535   0.00000000
 -0.00000000   0.00000000    -0.00436535   0.00000000     0.44931748   0.00000000
    3    4
 -0.06111546   0.00041214    -0.00000000   0.00000000     0.00000000   0.00000000
  0.00000000   0.00000000    -0.07267106   0.00139726     0.00642624   0.00835968
  0.00000000   0.00000000     0.00780857  -0.00530988    -0.09946476  -0.01403181
    3    5
 -0.06111546  -0.00041214    -0.00000000  -0.00000000     0.00000000  -0.00000000
  0.00000000  -0.00000000    -0.07267106  -0.00139726     0.00642624  -0.00835968
  0.00000000  -0.00000000     0.00780857   0.00530988    -0.09946476   0.01403181
    3    6
 -0.02367830   0.01720329    -0.00000000   0.00000000     0.00000000   0.00000000
 -0.00000000   0.00000000    -0.34392463   0.24987587     0.00079675  -0.00057887
  0.00000000   0.00000000    -0.00114106   0.00082903    -0.05716489   0.04153272
    3    7
 -0.41599307   0.00000000     0.00000000   0.00000000     0.00000000   0.00000000
  0.00000000   0.00000000    -0.04680025   0.00000000     0.00114670   0.00000000
  0.00000000   0.00000000     0.00357050   0.00000000    -0.06854816   0.00000000
    4    1
 -0.00656340   0.00001700     0.00000000   0.00000000     0.00000000   0.00000000
 -0.00000000  -0.00000000    -0.01610044   0.00062270     0.00207010  -0.00963473
  0.00000000   0.00000000     0.00534509  -0.00872441    -0.03666591   0.00227433
    4    2
 -0.00133007  -0.00115610     0.00000000   0.00000000     0.00000000  -0.00000000
  0.00000000   0.00000000    -0.00867923  -0.00675021    -0.00537751   0.00828090
  0.00000000   0.00000000     0.01481623  -0.01665624    -0.02397726  -0.02062660
    4    3
 -0.06111546  -0.00041214     0.00000000   0.00000000     0.00000000   0.00000000
  0.00000000   0.00000000    -0.07267106  -0.00139726     0.00780857   0.00530988
  0.00000000   0.00000000     0.00642624  -0.00835968    -0.09946476   0.01403181
    4    4
  0.07117802   0.00000000     0.00000000   0.00000000     0.00000000  -0.00000000
  0.00000000   0.00000000     0.09069804   0.00000000    -0.00240943  -0.00760203
  0.00000000   0.00000000    -0.00240943   0.00760203     0.28429540   0.00000000
    4    5
  0.00737359  -0.00311754    -0.00000000   0.00000000     0.00000000   0.00000000
 -0.00000000   0.00000000     0.01167667  -0.00072104    -0.01483011   0.01705303
 -0.00000000   0.00000000    -0.01483011   0.01705303    -0.05491973  -0.02055318
    4    6
  0.00352296  -0.00203616    -0.00000000   0.00000000    -0.00000000   0.00000000
  0.00000000  -0.00000000    -0.00493300   0.00325892    -0.01829348  -0.02233642
  0.00000000  -0.00000000    -0.00069007  -0.00318613    -0.01931968   0.00631757
    4    7
 -0.00703510  -0.00000645     0.00000000   0.00000000     0.00000000   0.00000000
  0.00000000   0.00000000     0.01050098   0.00085145    -0.00185676  -0.00463774
  0.00000000   0.00000000    -0.00528627   0.00691850    -0.02285550  -0.00607434
    5    1
 -0.00133007   0.00115610     0.00000000   0.00000000     0.00000000   0.00000000
  0.00000000  -0.00000000    -0.00867923   0.00675021    -0.00537751  -0.00828090
  0.00000000   0.00000000     0.01481623   0.01665624    -0.02397726   0.02062660
    5    2
 -0.00656340  -0.00001700     0.00000000   0.00000000     0.00000000  -0.00000000
 -0.00000000   0.00000000    -0.01610044  -0.00062270     0.00207010   0.00963473
  0.00000000   0.00000000     0.00534509   0.00872441    -0.03666591  -0.00227433
    5    3
 -0.06111546   0.00041214     0.00000000  -0.00000000     0.00000000  -0.00000000
  0.00000000  -0.00000000    -0.07267106   0.00139726     0.00780857  -0.00530988
  0.00000000  -0.00000000     0.00642624   0.00835968    -0.09946476  -0.01403181
    5    4
  0.00737359   0.00311754    -0.00000000  -0.00000000     0.00000000  -0.00000000
 -0.00000000  -0.00000000     0.01167667   0.00072104    -0.01483011  -0.01705303
 -0.00000000  -0.00000000    -0.01483011  -0.01705303    -0.05491973   0.02055318
    5    5
  0.07117802   0.00000000     0.00000000   0.00000000     0.00000000   0.00000000
  0.00000000   0.00000000     0.09069804  -0.00000000    -0.00240943   0.00760203
  0.00000000   0.00000000    -0.00240943  -0.00760203     0.28429540  -0.00000000
    5    6
  0.00302516  -0.00272133     0.00000000   0.00000000     0.00000000   0.00000000
  0.00000000   0.00000000    -0.00462380   0.00368450     0.01559020   0.02430047
  0.00000000   0.00000000     0.00281695   0.00164087    -0.01197848   0.01642187
    5    7
 -0.00703510   0.00000645     0.00000000   0.00000000     0.00000000   0.00000000
  0.00000000   0.00000000     0.01050098  -0.00085145    -0.00185676   0.00463774
  0.00000000   0.00000000    -0.00528627  -0.00691850    -0.02285550   0.00607434
    6    1
 -0.01307461   0.00000144     0.00000000   0.00000000     0.00000000  -0.00000000
 -0.00000000  -0.00000000     0.00137279   0.00051449    -0.00090367  -0.00161596
 -0.00000000  -0.00000000     0.00201779   0.00552100    -0.00603112   0.00518288
    6    2
 -0.00403890  -0.01243514     0.00000000   0.00000000     0.00000000   0.00000000
  0.00000000   0.00000000     0.00091352   0.00114662    -0.00181612  -0.00036008
  0.00000000   0.00000000     0.00587431   0.00021295     0.00306549  -0.00733753
    6    3
 -0.02367830  -0.01720329     0.00000000   0.00000000     0.00000000   0.00000000
  0.00000000   0.00000000    -0.34392463  -0.24987587    -0.00114106  -0.00082903
  0.00000000   0.00000000     0.00079675   0.00057887    -0.05716489  -0.04153272
    6    4
  0.00352296   0.00203616     0.00000000   0.00000000     0.00000000   0.00000000
  0.00000000  -0.00000000    -0.00493300  -0.00325892    -0.00069007   0.00318613
  0.00000000  -0.00000000    -0.01829348   0.02233642    -0.01931968  -0.00631757
    6    5
  0.00302516   0.00272133     0.00000000   0.00000000     0.00000000   0.00000000
  0.00000000  -0.00000000    -0.00462380  -0.00368450     0.00281695  -0.00164087
  0.00000000  -0.00000000     0.01559020  -0.02430047    -0.01197848  -0.01642187
    6    6
  0.09683658   0.00000000    -0.00000000   0.00000000     0.00000000   0.00000000
 -0.00000000   0.00000000     0.59035988   0.00000000     0.00025631   0.00000000
  0.00000000   0.00000000     0.00025631   0.00000000     0.10961685   0.00000000
    6    7
 -0.03845005  -0.02793560     0.00000000  -0.00000000     0.00000000  -0.00000000
  0.00000000   0.00000000    -0.03234234  -0.02349808     0.00041054   0.00029827
  0.00000000   0.00000000    -0.00047558  -0.00034553     0.00950361   0.00690478
    7    1
 -0.00060476   0.00062757     0.00000000   0.00000000     0.00000000   0.00000000
  0.00000000   0.00000000    -0.01127340   0.00717546     0.00191665  -0.00016512
  0.00000000   0.00000000     0.00361025   0.00148390     0.00052147   0.00684986
    7    2
 -0.00060476  -0.00062757     0.00000000  -0.00000000     0.00000000  -0.00000000
  0.00000000  -0.00000000    -0.01127340  -0.00717546     0.00191665   0.00016512
  0.00000000   0.00000000     0.00361025  -0.00148390     0.00052147  -0.00684986
    7    3
 -0.41599307   0.00000000     0.00000000   0.00000000     0.00000000   0.00000000
  0.00000000   0.00000000    -0.04680025   0.00000000     0.00357050   0.00000000
  0.00000000   0.00000000     0.00114670   0.00000000    -0.06854816   0.00000000
    7    4
 -0.00703510   0.00000645     0.00000000   0.00000000     0.00000000   0.00000000
  0.00000000   0.00000000     0.01050098  -0.00085145    -0.00528627  -0.00691850
  0.00000000   0.00000000    -0.00185676   0.00463774    -0.02285550   0.00607434
    7    5
 -0.00703510  -0.00000645     0.00000000   0.00000000     0.00000000   0.00000000
  0.00000000   0.00000000     0.01050098   0.00085145    -0.00528627   0.00691850
  0.00000000   0.00000000    -0.00185676  -0.00463774    -0.02285550  -0.00607434
    7    6
 -0.03845005   0.02793560     0.00000000   0.00000000     0.00000000  -0.00000000
  0.00000000   0.00000000    -0.03234234   0.02349808    -0.00047558   0.00034553
  0.00000000   0.00000000     0.00041054  -0.00029827     0.00950361  -0.00690478
    7    7
  0.48670682   0.00000000     0.00000000   0.00000000     0.00000000   0.00000000
  0.00000000   0.00000000     0.10955644   0.00000000    -0.00076087   0.00000000
  0.00000000   0.00000000    -0.00076087   0.00000000     0.11140152   0.00000000

     Dynamical  Matrix in cartesian axes

     q = (    0.000000000   0.200000000   0.060719899 ) 

    1    1
  0.06542413   0.00000000     0.00000000   0.00000000    -0.00000000   0.00000000
  0.00000000   0.00000000     0.10520408   0.00000000     0.00096727  -0.01075132
 -0.00000000   0.00000000     0.00096727   0.01075132     0.19068216   0.00000000
    1    2
 -0.00870053  -0.00531933     0.00000000   0.00000000     0.00000000  -0.00000000
  0.00000000   0.00000000    -0.00360868  -0.00005985    -0.01925713   0.02797482
  0.00000000   0.00000000    -0.01925713   0.02797482    -0.03745719  -0.04067303
    1    3
 -0.02174051  -0.01454158     0.00000000  -0.00000000     0.00000000   0.00000000
  0.00000000   0.00000000    -0.01624476  -0.01182281     0.03634570  -0.03873652
  0.00000000   0.00000000     0.03013551  -0.03609430    -0.04165461  -0.00437784
    1    4
 -0.00656340  -0.00001700     0.00000000   0.00000000     0.00000000   0.00000000
  0.00000000   0.00000000    -0.01610044  -0.00062270    -0.00534509  -0.00872441
  0.00000000   0.00000000    -0.00207010  -0.00963473    -0.03666591  -0.00227433
    1    5
 -0.00133007  -0.00115610     0.00000000   0.00000000     0.00000000   0.00000000
  0.00000000   0.00000000    -0.00867923  -0.00675021    -0.01481623   0.01665624
  0.00000000   0.00000000     0.00537751  -0.00828090    -0.02397726  -0.02062660
    1    6
 -0.00403890  -0.01243514     0.00000000   0.00000000    -0.00000000  -0.00000000
  0.00000000   0.00000000     0.00091352   0.00114662    -0.00587431  -0.00021295
  0.00000000   0.00000000     0.00181612   0.00036008     0.00306549  -0.00733753
    1    7
 -0.00060476  -0.00062757     0.00000000   0.00000000    -0.00000000   0.00000000
  0.00000000   0.00000000    -0.01127340  -0.00717546    -0.00361025   0.00148390
  0.00000000   0.00000000    -0.00191665  -0.00016512     0.00052147  -0.00684986
    2    1
 -0.00870053   0.00531933     0.00000000  -0.00000000     0.00000000   0.00000000
  0.00000000  -0.00000000    -0.00360868   0.00005985    -0.01925713  -0.02797482
  0.00000000   0.00000000    -0.01925713  -0.02797482    -0.03745719   0.04067303
    2    2
  0.06542413   0.00000000     0.00000000   0.00000000    -0.00000000   0.00000000
  0.00000000   0.00000000     0.10520408  -0.00000000     0.00096727   0.01075132
 -0.00000000   0.00000000     0.00096727  -0.01075132     0.19068216   0.00000000
    2    3
 -0.02174051   0.01454158     0.00000000   0.00000000     0.00000000   0.00000000
  0.00000000   0.00000000    -0.01624476   0.01182281     0.03634570   0.03873652
  0.00000000   0.00000000     0.03013551   0.03609430    -0.04165461   0.00437784
    2    4
 -0.00133007   0.00115610     0.00000000   0.00000000     0.00000000   0.00000000
  0.00000000   0.00000000    -0.00867923   0.00675021    -0.01481623  -0.01665624
  0.00000000  -0.00000000     0.00537751   0.00828090    -0.02397726   0.02062660
    2    5
 -0.00656340   0.00001700     0.00000000   0.00000000     0.00000000   0.00000000
  0.00000000   0.00000000    -0.01610044   0.00062270    -0.00534509   0.00872441
  0.00000000   0.00000000    -0.00207010   0.00963473    -0.03666591   0.00227433
    2    6
 -0.01307461   0.00000144     0.00000000   0.00000000     0.00000000   0.00000000
  0.00000000   0.00000000     0.00137279   0.00051449    -0.00201779  -0.00552100
  0.00000000   0.00000000     0.00090367   0.00161596    -0.00603112   0.00518288
    2    7
 -0.00060476   0.00062757     0.00000000   0.00000000    -0.00000000   0.00000000
  0.00000000   0.00000000    -0.01127340   0.00717546    -0.00361025  -0.00148390
  0.00000000   0.00000000    -0.00191665   0.00016512     0.00052147   0.00684986
    3    1
 -0.02174051   0.01454158     0.00000000   0.00000000     0.00000000  -0.00000000
  0.00000000   0.00000000    -0.01624476   0.01182281     0.03013551   0.03609430
  0.00000000  -0.00000000     0.03634570   0.03873652    -0.04165461   0.00437784
    3    2
 -0.02174051  -0.01454158     0.00000000  -0.00000000     0.00000000   0.00000000
  0.00000000   0.00000000    -0.01624476  -0.01182281     0.03013551  -0.03609430
  0.00000000   0.00000000     0.03634570  -0.03873652    -0.04165461  -0.00437784
    3    3
  0.66060679   0.00000000    -0.00000000   0.00000000    -0.00000000   0.00000000
 -0.00000000   0.00000000     0.72901468   0.00000000     0.00436535   0.00000000
 -0.00000000   0.00000000     0.00436535   0.00000000     0.44931748   0.00000000
    3    4
 -0.06111546   0.00041214     0.00000000   0.00000000     0.00000000  -0.00000000
 -0.00000000   0.00000000    -0.07267106   0.00139726    -0.00642624  -0.00835968
  0.00000000   0.00000000    -0.00780857   0.00530988    -0.09946476  -0.01403181
    3    5
 -0.06111546  -0.00041214     0.00000000   0.00000000     0.00000000   0.00000000
 -0.00000000  -0.00000000    -0.07267106  -0.00139726    -0.00642624   0.00835968
  0.00000000   0.00000000    -0.00780857  -0.00530988    -0.09946476   0.01403181
    3    6
 -0.02367830  -0.01720329     0.00000000   0.00000000     0.00000000   0.00000000
  0.00000000   0.00000000    -0.34392463  -0.24987587    -0.00079675  -0.00057887
  0.00000000   0.00000000     0.00114106   0.00082903    -0.05716489  -0.04153272
    3    7
 -0.41599307   0.00000000     0.00000000   0.00000000     0.00000000   0.00000000
  0.00000000   0.00000000    -0.04680025   0.00000000    -0.00114670   0.00000000
 -0.00000000   0.00000000    -0.00357050   0.00000000    -0.06854816   0.00000000
    4    1
 -0.00656340   0.00001700     0.00000000  -0.00000000     0.00000000  -0.00000000
  0.00000000   0.00000000    -0.01610044   0.00062270    -0.00207010   0.00963473
  0.00000000   0.00000000    -0.00534509   0.00872441    -0.03666591   0.00227433
    4    2
 -0.00133007  -0.00115610     0.00000000   0.00000000     0.00000000   0.00000000
  0.00000000  -0.00000000    -0.00867923  -0.00675021     0.00537751  -0.00828090
  0.00000000  -0.00000000    -0.01481623   0.01665624    -0.02397726  -0.02062660
    4    3
 -0.06111546  -0.00041214     0.00000000   0.00000000     0.00000000   0.00000000
  0.00000000   0.00000000    -0.07267106  -0.00139726    -0.00780857  -0.00530988
  0.00000000   0.00000000    -0.00642624   0.00835968    -0.09946476   0.01403181
    4    4
  0.07117802   0.00000000     0.00000000   0.00000000    -0.00000000  -0.00000000
  0.00000000   0.00000000     0.09069804   0.00000000     0.00240943   0.00760203
  0.00000000   0.00000000     0.00240943  -0.00760203     0.28429540   0.00000000
    4    5
  0.00737359  -0.00311754     0.00000000   0.00000000     0.00000000  -0.00000000
  0.00000000   0.00000000     0.01167667  -0.00072104     0.01483011  -0.01705303
  0.00000000   0.00000000     0.01483011  -0.01705303    -0.05491973  -0.02055318
    4    6
  0.00302516   0.00272133     0.00000000  -0.00000000     0.00000000  -0.00000000
  0.00000000  -0.00000000    -0.00462380  -0.00368450    -0.01559020   0.02430047
  0.00000000  -0.00000000    -0.00281695   0.00164087    -0.01197848  -0.01642187
    4    7
 -0.00703510  -0.00000645     0.00000000   0.00000000    -0.00000000  -0.00000000
  0.00000000   0.00000000     0.01050098   0.00085145     0.00185676   0.00463774
  0.00000000   0.00000000     0.00528627  -0.00691850    -0.02285550  -0.00607434
    5    1
 -0.00133007   0.00115610     0.00000000   0.00000000     0.00000000   0.00000000
  0.00000000   0.00000000    -0.00867923   0.00675021     0.00537751   0.00828090
  0.00000000   0.00000000    -0.01481623  -0.01665624    -0.02397726   0.02062660
    5    2
 -0.00656340  -0.00001700     0.00000000   0.00000000     0.00000000   0.00000000
  0.00000000   0.00000000    -0.01610044  -0.00062270    -0.00207010  -0.00963473
  0.00000000   0.00000000    -0.00534509  -0.00872441    -0.03666591  -0.00227433
    5    3
 -0.06111546   0.00041214     0.00000000   0.00000000     0.00000000  -0.00000000
  0.00000000   0.00000000    -0.07267106   0.00139726    -0.00780857   0.00530988
  0.00000000  -0.00000000    -0.00642624  -0.00835968    -0.09946476  -0.01403181
    5    4
  0.00737359   0.00311754     0.00000000   0.00000000     0.00000000   0.00000000
  0.00000000   0.00000000     0.01167667   0.00072104     0.01483011   0.01705303
  0.00000000   0.00000000     0.01483011   0.01705303    -0.05491973   0.02055318
    5    5
  0.07117802   0.00000000     0.00000000   0.00000000    -0.00000000   0.00000000
  0.00000000   0.00000000     0.09069804  -0.00000000     0.00240943  -0.00760203
  0.00000000   0.00000000     0.00240943   0.00760203     0.28429540  -0.00000000
    5    6
  0.00352296   0.00203616     0.00000000   0.00000000     0.00000000   0.00000000
  0.00000000   0.00000000    -0.00493300  -0.00325892     0.01829348  -0.02233642
  0.00000000   0.00000000     0.00069007  -0.00318613    -0.01931968  -0.00631757
    5    7
 -0.00703510   0.00000645     0.00000000   0.00000000    -0.00000000   0.00000000
  0.00000000   0.00000000     0.01050098  -0.00085145     0.00185676  -0.00463774
  0.00000000  -0.00000000     0.00528627   0.00691850    -0.02285550   0.00607434
    6    1
 -0.00403890   0.01243514    -0.00000000   0.00000000    -0.00000000   0.00000000
 -0.00000000   0.00000000     0.00091352  -0.00114662     0.00181612  -0.00036008
 -0.00000000   0.00000000    -0.00587431   0.00021295     0.00306549   0.00733753
    6    2
 -0.01307461  -0.00000144     0.00000000   0.00000000     0.00000000   0.00000000
  0.00000000   0.00000000     0.00137279  -0.00051449     0.00090367  -0.00161596
  0.00000000   0.00000000    -0.00201779   0.00552100    -0.00603112  -0.00518288
    6    3
 -0.02367830   0.01720329    -0.00000000   0.00000000     0.00000000   0.00000000
 -0.00000000   0.00000000    -0.34392463   0.24987587     0.00114106  -0.00082903
  0.00000000   0.00000000    -0.00079675   0.00057887    -0.05716489   0.04153272
    6    4
  0.00302516  -0.00272133     0.00000000   0.00000000    -0.00000000   0.00000000
  0.00000000   0.00000000    -0.00462380   0.00368450    -0.00281695  -0.00164087
  0.00000000   0.00000000    -0.01559020  -0.02430047    -0.01197848   0.01642187
    6    5
  0.00352296  -0.00203616     0.00000000   0.00000000     0.00000000  -0.00000000
  0.00000000   0.00000000    -0.00493300   0.00325892     0.00069007   0.00318613
  0.00000000   0.00000000     0.01829348   0.02233642    -0.01931968   0.00631757
    6    6
  0.09683658   0.00000000     0.00000000   0.00000000     0.00000000   0.00000000
  0.00000000   0.00000000     0.59035988   0.00000000    -0.00025631   0.00000000
  0.00000000   0.00000000    -0.00025631   0.00000000     0.10961685   0.00000000
    6    7
 -0.03845005   0.02793560     0.00000000   0.00000000     0.00000000   0.00000000
  0.00000000   0.00000000    -0.03234234   0.02349808    -0.00041054   0.00029827
  0.00000000   0.00000000     0.00047558  -0.00034553     0.00950361  -0.00690478
    7    1
 -0.00060476   0.00062757     0.00000000  -0.00000000    -0.00000000   0.00000000
 -0.00000000   0.00000000    -0.01127340   0.00717546    -0.00191665   0.00016512
  0.00000000   0.00000000    -0.00361025  -0.00148390     0.00052147   0.00684986
    7    2
 -0.00060476  -0.00062757     0.00000000   0.00000000    -0.00000000   0.00000000
 -0.00000000   0.00000000    -0.01127340  -0.00717546    -0.00191665  -0.00016512
  0.00000000   0.00000000    -0.00361025   0.00148390     0.00052147  -0.00684986
    7    3
 -0.41599307   0.00000000     0.00000000   0.00000000     0.00000000   0.00000000
  0.00000000   0.00000000    -0.04680025   0.00000000    -0.00357050   0.00000000
  0.00000000   0.00000000    -0.00114670   0.00000000    -0.06854816   0.00000000
    7    4
 -0.00703510   0.00000645     0.00000000   0.00000000     0.00000000  -0.00000000
  0.00000000   0.00000000     0.01050098  -0.00085145     0.00528627   0.00691850
  0.00000000   0.00000000     0.00185676  -0.00463774    -0.02285550   0.00607434
    7    5
 -0.00703510  -0.00000645     0.00000000   0.00000000     0.00000000   0.00000000
  0.00000000   0.00000000     0.01050098   0.00085145     0.00528627  -0.00691850
  0.00000000   0.00000000     0.00185676   0.00463774    -0.02285550  -0.00607434
    7    6
 -0.03845005  -0.02793560     0.00000000   0.00000000     0.00000000  -0.00000000
  0.00000000   0.00000000    -0.03234234  -0.02349808     0.00047558   0.00034553
  0.00000000   0.00000000    -0.00041054  -0.00029827     0.00950361   0.00690478
    7    7
  0.48670682   0.00000000     0.00000000   0.00000000     0.00000000   0.00000000
  0.00000000   0.00000000     0.10955644   0.00000000     0.00076087   0.00000000
  0.00000000   0.00000000     0.00076087   0.00000000     0.11140152   0.00000000

     Dynamical  Matrix in cartesian axes

     q = (    0.200000000   0.000000000  -0.060719899 ) 

    1    1
  0.10520408  -0.00000000     0.00000000   0.00000000    -0.00096727  -0.01075132
  0.00000000   0.00000000     0.06542413   0.00000000     0.00000000   0.00000000
 -0.00096727   0.01075132     0.00000000   0.00000000     0.19068216  -0.00000000
    1    2
 -0.00360868   0.00005985     0.00000000  -0.00000000     0.01925713   0.02797482
  0.00000000  -0.00000000    -0.00870053   0.00531933     0.00000000  -0.00000000
  0.01925713   0.02797482     0.00000000   0.00000000    -0.03745719   0.04067303
    1    3
 -0.01624476   0.01182281     0.00000000   0.00000000    -0.03634570  -0.03873652
  0.00000000   0.00000000    -0.02174051   0.01454158    -0.00000000   0.00000000
 -0.03013551  -0.03609430    -0.00000000  -0.00000000    -0.04165461   0.00437784
    1    4
 -0.01610044   0.00062270     0.00000000   0.00000000     0.00534509  -0.00872441
  0.00000000   0.00000000    -0.00656340   0.00001700    -0.00000000   0.00000000
  0.00207010  -0.00963473     0.00000000   0.00000000    -0.03666591   0.00227433
    1    5
 -0.00867923   0.00675021     0.00000000   0.00000000     0.01481623   0.01665624
  0.00000000   0.00000000    -0.00133007   0.00115610     0.00000000   0.00000000
 -0.00537751  -0.00828090     0.00000000   0.00000000    -0.02397726   0.02062660
    1    6
 -0.01127340   0.00717546     0.00000000   0.00000000     0.00361025   0.00148390
  0.00000000   0.00000000    -0.00060476   0.00062757     0.00000000   0.00000000
  0.00191665  -0.00016512     0.00000000   0.00000000     0.00052147   0.00684986
    1    7
  0.00091352  -0.00114662     0.00000000  -0.00000000     0.00587431  -0.00021295
  0.00000000   0.00000000    -0.00403890   0.01243514     0.00000000  -0.00000000
 -0.00181612   0.00036008    -0.00000000   0.00000000     0.00306549   0.00733753
    2    1
 -0.00360868  -0.00005985     0.00000000   0.00000000     0.01925713  -0.02797482
  0.00000000   0.00000000    -0.00870053  -0.00531933     0.00000000   0.00000000
  0.01925713  -0.02797482     0.00000000   0.00000000    -0.03745719  -0.04067303
    2    2
  0.10520408   0.00000000     0.00000000   0.00000000    -0.00096727   0.01075132
  0.00000000   0.00000000     0.06542413   0.00000000     0.00000000   0.00000000
 -0.00096727  -0.01075132     0.00000000   0.00000000     0.19068216   0.00000000
    2    3
 -0.01624476  -0.01182281     0.00000000   0.00000000    -0.03634570   0.03873652
  0.00000000  -0.00000000    -0.02174051  -0.01454158    -0.00000000  -0.00000000
 -0.03013551   0.03609430    -0.00000000   0.00000000    -0.04165461  -0.00437784
    2    4
 -0.00867923  -0.00675021     0.00000000   0.00000000     0.01481623  -0.01665624
  0.00000000   0.00000000    -0.00133007  -0.00115610     0.00000000   0.00000000
 -0.00537751   0.00828090     0.00000000  -0.00000000    -0.02397726  -0.02062660
    2    5
 -0.01610044  -0.00062270     0.00000000   0.00000000     0.00534509   0.00872441
  0.00000000   0.00000000    -0.00656340  -0.00001700    -0.00000000   0.00000000
  0.00207010   0.00963473     0.00000000   0.00000000    -0.03666591  -0.00227433
    2    6
 -0.01127340  -0.00717546     0.00000000   0.00000000     0.00361025  -0.00148390
  0.00000000   0.00000000    -0.00060476  -0.00062757     0.00000000   0.00000000
  0.00191665   0.00016512     0.00000000   0.00000000     0.00052147  -0.00684986
    2    7
  0.00137279  -0.00051449     0.00000000   0.00000000     0.00201779  -0.00552100
 -0.00000000   0.00000000    -0.01307461  -0.00000144     0.00000000   0.00000000
 -0.00090367   0.00161596    -0.00000000   0.00000000    -0.00603112  -0.00518288
    3    1
 -0.01624476  -0.01182281     0.00000000   0.00000000    -0.03013551   0.03609430
  0.00000000  -0.00000000    -0.02174051  -0.01454158    -0.00000000  -0.00000000
 -0.03634570   0.03873652     0.00000000  -0.00000000    -0.04165461  -0.00437784
    3    2
 -0.01624476   0.01182281     0.00000000   0.00000000    -0.03013551  -0.03609430
  0.00000000   0.00000000    -0.02174051   0.01454158    -0.00000000   0.00000000
 -0.03634570  -0.03873652     0.00000000   0.00000000    -0.04165461   0.00437784
    3    3
  0.72901468   0.00000000    -0.00000000   0.00000000    -0.00436535   0.00000000
 -0.00000000   0.00000000     0.66060679   0.00000000     0.00000000   0.00000000
 -0.00436535   0.00000000     0.00000000   0.00000000     0.44931748   0.00000000
    3    4
 -0.07267106  -0.00139726    -0.00000000  -0.00000000     0.00642624  -0.00835968
  0.00000000   0.00000000    -0.06111546  -0.00041214     0.00000000  -0.00000000
  0.00780857   0.00530988     0.00000000   0.00000000    -0.09946476   0.01403181
    3    5
 -0.07267106   0.00139726    -0.00000000   0.00000000     0.00642624   0.00835968
  0.00000000   0.00000000    -0.06111546   0.00041214     0.00000000   0.00000000
  0.00780857  -0.00530988     0.00000000   0.00000000    -0.09946476  -0.01403181
    3    6
 -0.04680025   0.00000000     0.00000000   0.00000000     0.00114670   0.00000000
  0.00000000   0.00000000    -0.41599307   0.00000000     0.00000000   0.00000000
  0.00357050   0.00000000     0.00000000   0.00000000    -0.06854816   0.00000000
    3    7
 -0.34392463   0.24987587     0.00000000  -0.00000000     0.00079675  -0.00057887
 -0.00000000  -0.00000000    -0.02367830   0.01720329    -0.00000000   0.00000000
 -0.00114106   0.00082903    -0.00000000   0.00000000    -0.05716489   0.04153272
    4    1
 -0.01610044  -0.00062270     0.00000000   0.00000000     0.00207010   0.00963473
  0.00000000   0.00000000    -0.00656340  -0.00001700    -0.00000000  -0.00000000
  0.00534509   0.00872441    -0.00000000   0.00000000    -0.03666591  -0.00227433
    4    2
 -0.00867923   0.00675021     0.00000000   0.00000000    -0.00537751  -0.00828090
  0.00000000   0.00000000    -0.00133007   0.00115610     0.00000000  -0.00000000
  0.01481623   0.01665624     0.00000000  -0.00000000    -0.02397726   0.02062660
    4    3
 -0.07267106   0.00139726     0.00000000   0.00000000     0.00780857  -0.00530988
  0.00000000   0.00000000    -0.06111546   0.00041214    -0.00000000   0.00000000
  0.00642624   0.00835968     0.00000000   0.00000000    -0.09946476  -0.01403181
    4    4
  0.09069804  -0.00000000     0.00000000   0.00000000    -0.00240943   0.00760203
  0.00000000   0.00000000     0.07117802   0.00000000     0.00000000   0.00000000
 -0.00240943  -0.00760203     0.00000000   0.00000000     0.28429540  -0.00000000
    4    5
  0.01167667   0.00072104     0.00000000   0.00000000    -0.01483011  -0.01705303
  0.00000000   0.00000000     0.00737359   0.00311754    -0.00000000  -0.00000000
 -0.01483011  -0.01705303     0.00000000   0.00000000    -0.05491973   0.02055318
    4    6
  0.01050098  -0.00085145     0.00000000   0.00000000    -0.00185676   0.00463774
  0.00000000   0.00000000    -0.00703510   0.00000645     0.00000000  -0.00000000
 -0.00528627  -0.00691850     0.00000000   0.00000000    -0.02285550   0.00607434
    4    7
 -0.00462380   0.00368450     0.00000000  -0.00000000     0.01559020   0.02430047
  0.00000000  -0.00000000     0.00302516  -0.00272133    -0.00000000   0.00000000
  0.00281695   0.00164087     0.00000000   0.00000000    -0.01197848   0.01642187
    5    1
 -0.00867923  -0.00675021     0.00000000  -0.00000000    -0.00537751   0.00828090
  0.00000000   0.00000000    -0.00133007  -0.00115610     0.00000000   0.00000000
  0.01481623  -0.01665624     0.00000000   0.00000000    -0.02397726  -0.02062660
    5    2
 -0.01610044   0.00062270     0.00000000   0.00000000     0.00207010  -0.00963473
  0.00000000  -0.00000000    -0.00656340   0.00001700    -0.00000000   0.00000000
  0.00534509  -0.00872441    -0.00000000   0.00000000    -0.03666591   0.00227433
    5    3
 -0.07267106  -0.00139726     0.00000000   0.00000000     0.00780857   0.00530988
  0.00000000   0.00000000    -0.06111546  -0.00041214    -0.00000000  -0.00000000
  0.00642624  -0.00835968     0.00000000  -0.00000000    -0.09946476   0.01403181
    5    4
  0.01167667  -0.00072104     0.00000000   0.00000000    -0.01483011   0.01705303
  0.00000000   0.00000000     0.00737359  -0.00311754    -0.00000000   0.00000000
 -0.01483011   0.01705303     0.00000000   0.00000000    -0.05491973  -0.02055318
    5    5
  0.09069804   0.00000000     0.00000000   0.00000000    -0.00240943  -0.00760203
  0.00000000   0.00000000     0.07117802   0.00000000     0.00000000   0.00000000
 -0.00240943   0.00760203     0.00000000   0.00000000     0.28429540   0.00000000
    5    6
  0.01050098   0.00085145     0.00000000   0.00000000    -0.00185676  -0.00463774
  0.00000000   0.00000000    -0.00703510  -0.00000645     0.00000000   0.00000000
 -0.00528627   0.00691850     0.00000000  -0.00000000    -0.02285550  -0.00607434
    5    7
 -0.00493300   0.00325892    -0.00000000   0.00000000    -0.01829348  -0.02233642
  0.00000000   0.00000000     0.00352296  -0.00203616     0.00000000   0.00000000
 -0.00069007  -0.00318613     0.00000000  -0.00000000    -0.01931968   0.00631757
    6    1
 -0.01127340  -0.00717546    -0.00000000   0.00000000     0.00191665   0.00016512
  0.00000000   0.00000000    -0.00060476  -0.00062757     0.00000000   0.00000000
  0.00361025  -0.00148390     0.00000000   0.00000000     0.00052147  -0.00684986
    6    2
 -0.01127340   0.00717546    -0.00000000   0.00000000     0.00191665  -0.00016512
  0.00000000  -0.00000000    -0.00060476   0.00062757     0.00000000   0.00000000
  0.00361025   0.00148390     0.00000000   0.00000000     0.00052147   0.00684986
    6    3
 -0.04680025   0.00000000     0.00000000   0.00000000     0.00357050   0.00000000
  0.00000000   0.00000000    -0.41599307   0.00000000     0.00000000   0.00000000
  0.00114670   0.00000000     0.00000000   0.00000000    -0.06854816   0.00000000
    6    4
  0.01050098   0.00085145     0.00000000   0.00000000    -0.00528627   0.00691850
  0.00000000   0.00000000    -0.00703510  -0.00000645    -0.00000000  -0.00000000
 -0.00185676  -0.00463774     0.00000000   0.00000000    -0.02285550  -0.00607434
    6    5
  0.01050098  -0.00085145     0.00000000   0.00000000    -0.00528627  -0.00691850
  0.00000000   0.00000000    -0.00703510   0.00000645    -0.00000000   0.00000000
 -0.00185676   0.00463774     0.00000000   0.00000000    -0.02285550   0.00607434
    6    6
  0.10955644   0.00000000     0.00000000   0.00000000    -0.00076087   0.00000000
  0.00000000   0.00000000     0.48670682   0.00000000    -0.00000000   0.00000000
 -0.00076087   0.00000000    -0.00000000   0.00000000     0.11140152   0.00000000
    6    7
 -0.03234234   0.02349808     0.00000000  -0.00000000    -0.00047558   0.00034553
  0.00000000   0.00000000    -0.03845005   0.02793560     0.00000000  -0.00000000
  0.00041054  -0.00029827     0.00000000   0.00000000     0.00950361  -0.00690478
    7    1
  0.00091352   0.00114662     0.00000000  -0.00000000    -0.00181612  -0.00036008
  0.00000000   0.00000000    -0.00403890  -0.01243514    -0.00000000  -0.00000000
  0.00587431   0.00021295     0.00000000   0.00000000     0.00306549  -0.00733753
    7    2
  0.00137279   0.00051449     0.00000000   0.00000000    -0.00090367  -0.00161596
 -0.00000000   0.00000000    -0.01307461   0.00000144     0.00000000   0.00000000
  0.00201779   0.00552100    -0.00000000   0.00000000    -0.00603112   0.00518288
    7    3
 -0.34392463  -0.24987587    -0.00000000  -0.00000000    -0.00114106  -0.00082903
  0.00000000  -0.00000000    -0.02367830  -0.01720329    -0.00000000   0.00000000
  0.00079675   0.00057887     0.00000000   0.00000000    -0.05716489  -0.04153272
    7    4
 -0.00462380  -0.00368450     0.00000000   0.00000000     0.00281695  -0.00164087
  0.00000000   0.00000000     0.00302516   0.00272133    -0.00000000  -0.00000000
  0.01559020  -0.02430047    -0.00000000  -0.00000000    -0.01197848  -0.01642187
    7    5
 -0.00493300  -0.00325892     0.00000000   0.00000000    -0.00069007   0.00318613
 -0.00000000  -0.00000000     0.00352296   0.00203616     0.00000000   0.00000000
 -0.01829348   0.02233642     0.00000000  -0.00000000    -0.01931968  -0.00631757
    7    6
 -0.03234234  -0.02349808     0.00000000   0.00000000     0.00041054   0.00029827
  0.00000000   0.00000000    -0.03845005  -0.02793560     0.00000000  -0.00000000
 -0.00047558  -0.00034553     0.00000000   0.00000000     0.00950361   0.00690478
    7    7
  0.59035988   0.00000000     0.00000000   0.00000000     0.00025631   0.00000000
  0.00000000   0.00000000     0.09683658   0.00000000     0.00000000   0.00000000
  0.00025631   0.00000000     0.00000000   0.00000000     0.10961685   0.00000000

     Dynamical  Matrix in cartesian axes

     q = (    0.000000000   0.200000000  -0.060719899 ) 

    1    1
  0.06542413   0.00000000     0.00000000   0.00000000    -0.00000000   0.00000000
  0.00000000   0.00000000     0.10520408   0.00000000    -0.00096727  -0.01075132
 -0.00000000   0.00000000    -0.00096727   0.01075132     0.19068216  -0.00000000
    1    2
 -0.00870053   0.00531933     0.00000000   0.00000000     0.00000000   0.00000000
  0.00000000   0.00000000    -0.00360868   0.00005985     0.01925713   0.02797482
  0.00000000   0.00000000     0.01925713   0.02797482    -0.03745719   0.04067303
    1    3
 -0.02174051   0.01454158    -0.00000000   0.00000000    -0.00000000   0.00000000
 -0.00000000   0.00000000    -0.01624476   0.01182281    -0.03634570  -0.03873652
  0.00000000   0.00000000    -0.03013551  -0.03609430    -0.04165461   0.00437784
    1    4
 -0.00656340   0.00001700    -0.00000000   0.00000000    -0.00000000   0.00000000
  0.00000000   0.00000000    -0.01610044   0.00062270     0.00534509  -0.00872441
  0.00000000   0.00000000     0.00207010  -0.00963473    -0.03666591   0.00227433
    1    5
 -0.00133007   0.00115610    -0.00000000   0.00000000    -0.00000000  -0.00000000
 -0.00000000   0.00000000    -0.00867923   0.00675021     0.01481623   0.01665624
 -0.00000000   0.00000000    -0.00537751  -0.00828090    -0.02397726   0.02062660
    1    6
 -0.01307461   0.00000144    -0.00000000   0.00000000    -0.00000000   0.00000000
 -0.00000000   0.00000000     0.00137279   0.00051449     0.00201779   0.00552100
 -0.00000000  -0.00000000    -0.00090367  -0.00161596    -0.00603112   0.00518288
    1    7
 -0.00060476   0.00062757    -0.00000000   0.00000000     0.00000000   0.00000000
  0.00000000   0.00000000    -0.01127340   0.00717546     0.00361025   0.00148390
  0.00000000   0.00000000     0.00191665  -0.00016512     0.00052147   0.00684986
    2    1
 -0.00870053  -0.00531933     0.00000000   0.00000000     0.00000000   0.00000000
  0.00000000   0.00000000    -0.00360868  -0.00005985     0.01925713  -0.02797482
  0.00000000   0.00000000     0.01925713  -0.02797482    -0.03745719  -0.04067303
    2    2
  0.06542413   0.00000000     0.00000000   0.00000000    -0.00000000  -0.00000000
  0.00000000   0.00000000     0.10520408   0.00000000    -0.00096727   0.01075132
 -0.00000000   0.00000000    -0.00096727  -0.01075132     0.19068216   0.00000000
    2    3
 -0.02174051  -0.01454158    -0.00000000  -0.00000000    -0.00000000   0.00000000
 -0.00000000  -0.00000000    -0.01624476  -0.01182281    -0.03634570   0.03873652
  0.00000000   0.00000000    -0.03013551   0.03609430    -0.04165461  -0.00437784
    2    4
 -0.00133007  -0.00115610    -0.00000000   0.00000000    -0.00000000   0.00000000
 -0.00000000   0.00000000    -0.00867923  -0.00675021     0.01481623  -0.01665624
 -0.00000000  -0.00000000    -0.00537751   0.00828090    -0.02397726  -0.02062660
    2    5
 -0.00656340  -0.00001700    -0.00000000  -0.00000000    -0.00000000   0.00000000
  0.00000000  -0.00000000    -0.01610044  -0.00062270     0.00534509   0.00872441
  0.00000000  -0.00000000     0.00207010   0.00963473    -0.03666591  -0.00227433
    2    6
 -0.00403890  -0.01243514     0.00000000   0.00000000    -0.00000000   0.00000000
  0.00000000   0.00000000     0.00091352   0.00114662     0.00587431   0.00021295
 -0.00000000   0.00000000    -0.00181612  -0.00036008     0.00306549  -0.00733753
    2    7
 -0.00060476  -0.00062757    -0.00000000   0.00000000     0.00000000   0.00000000
  0.00000000   0.00000000    -0.01127340  -0.00717546     0.00361025  -0.00148390
  0.00000000   0.00000000     0.00191665   0.00016512     0.00052147  -0.00684986
    3    1
 -0.02174051  -0.01454158    -0.00000000  -0.00000000    -0.00000000   0.00000000
 -0.00000000   0.00000000    -0.01624476  -0.01182281    -0.03013551   0.03609430
 -0.00000000   0.00000000    -0.03634570   0.03873652    -0.04165461  -0.00437784
    3    2
 -0.02174051   0.01454158    -0.00000000   0.00000000    -0.00000000   0.00000000
 -0.00000000   0.00000000    -0.01624476   0.01182281    -0.03013551  -0.03609430
 -0.00000000   0.00000000    -0.03634570  -0.03873652    -0.04165461   0.00437784
    3    3
  0.66060679   0.00000000    -0.00000000   0.00000000     0.00000000   0.00000000
 -0.00000000   0.00000000     0.72901468   0.00000000    -0.00436535   0.00000000
 -0.00000000   0.00000000    -0.00436535   0.00000000     0.44931748   0.00000000
    3    4
 -0.06111546  -0.00041214    -0.00000000  -0.00000000     0.00000000  -0.00000000
  0.00000000  -0.00000000    -0.07267106  -0.00139726     0.00642624  -0.00835968
  0.00000000  -0.00000000     0.00780857   0.00530988    -0.09946476   0.01403181
    3    5
 -0.06111546   0.00041214    -0.00000000   0.00000000     0.00000000   0.00000000
  0.00000000   0.00000000    -0.07267106   0.00139726     0.00642624   0.00835968
  0.00000000   0.00000000     0.00780857  -0.00530988    -0.09946476  -0.01403181
    3    6
 -0.02367830  -0.01720329     0.00000000  -0.00000000     0.00000000   0.00000000
  0.00000000   0.00000000    -0.34392463  -0.24987587     0.00079675   0.00057887
  0.00000000   0.00000000    -0.00114106  -0.00082903    -0.05716489  -0.04153272
    3    7
 -0.41599307   0.00000000     0.00000000   0.00000000     0.00000000   0.00000000
  0.00000000   0.00000000    -0.04680025   0.00000000     0.00114670   0.00000000
  0.00000000   0.00000000     0.00357050   0.00000000    -0.06854816   0.00000000
    4    1
 -0.00656340  -0.00001700     0.00000000   0.00000000     0.00000000  -0.00000000
 -0.00000000   0.00000000    -0.01610044  -0.00062270     0.00207010   0.00963473
  0.00000000   0.00000000     0.00534509   0.00872441    -0.03666591  -0.00227433
    4    2
 -0.00133007   0.00115610     0.00000000   0.00000000     0.00000000   0.00000000
  0.00000000  -0.00000000    -0.00867923   0.00675021    -0.00537751  -0.00828090
  0.00000000   0.00000000     0.01481623   0.01665624    -0.02397726   0.02062660
    4    3
 -0.06111546   0.00041214     0.00000000  -0.00000000     0.00000000  -0.00000000
  0.00000000  -0.00000000    -0.07267106   0.00139726     0.00780857  -0.00530988
  0.00000000  -0.00000000     0.00642624   0.00835968    -0.09946476  -0.01403181
    4    4
  0.07117802   0.00000000     0.00000000   0.00000000     0.00000000   0.00000000
  0.00000000   0.00000000     0.09069804  -0.00000000    -0.00240943   0.00760203
  0.00000000   0.00000000    -0.00240943  -0.00760203     0.28429540  -0.00000000
    4    5
  0.00737359   0.00311754    -0.00000000  -0.00000000     0.00000000  -0.00000000
 -0.00000000  -0.00000000     0.01167667   0.00072104    -0.01483011  -0.01705303
 -0.00000000  -0.00000000    -0.01483011  -0.01705303    -0.05491973   0.02055318
    4    6
  0.00352296   0.00203616    -0.00000000   0.00000000     0.00000000   0.00000000
 -0.00000000   0.00000000    -0.00493300  -0.00325892    -0.01829348   0.02233642
 -0.00000000   0.00000000    -0.00069007   0.00318613    -0.01931968  -0.00631757
    4    7
 -0.00703510   0.00000645     0.00000000   0.00000000     0.00000000   0.00000000
  0.00000000   0.00000000     0.01050098  -0.00085145    -0.00185676   0.00463774
  0.00000000   0.00000000    -0.00528627  -0.00691850    -0.02285550   0.00607434
    5    1
 -0.00133007  -0.00115610     0.00000000   0.00000000     0.00000000  -0.00000000
  0.00000000   0.00000000    -0.00867923  -0.00675021    -0.00537751   0.00828090
  0.00000000   0.00000000     0.01481623  -0.01665624    -0.02397726  -0.02062660
    5    2
 -0.00656340   0.00001700     0.00000000   0.00000000     0.00000000   0.00000000
 -0.00000000  -0.00000000    -0.01610044   0.00062270     0.00207010  -0.00963473
  0.00000000   0.00000000     0.00534509  -0.00872441    -0.03666591   0.00227433
    5    3
 -0.06111546  -0.00041214     0.00000000   0.00000000     0.00000000   0.00000000
  0.00000000   0.00000000    -0.07267106  -0.00139726     0.00780857   0.00530988
  0.00000000   0.00000000     0.00642624  -0.00835968    -0.09946476   0.01403181
    5    4
  0.00737359  -0.00311754    -0.00000000   0.00000000     0.00000000   0.00000000
 -0.00000000   0.00000000     0.01167667  -0.00072104    -0.01483011   0.01705303
 -0.00000000   0.00000000    -0.01483011   0.01705303    -0.05491973  -0.02055318
    5    5
  0.07117802   0.00000000     0.00000000   0.00000000     0.00000000  -0.00000000
  0.00000000   0.00000000     0.09069804   0.00000000    -0.00240943  -0.00760203
  0.00000000   0.00000000    -0.00240943   0.00760203     0.28429540   0.00000000
    5    6
  0.00302516   0.00272133     0.00000000  -0.00000000     0.00000000  -0.00000000
  0.00000000  -0.00000000    -0.00462380  -0.00368450     0.01559020  -0.02430047
  0.00000000  -0.00000000     0.00281695  -0.00164087    -0.01197848  -0.01642187
    5    7
 -0.00703510  -0.00000645     0.00000000   0.00000000     0.00000000   0.00000000
  0.00000000   0.00000000     0.01050098   0.00085145    -0.00185676  -0.00463774
  0.00000000   0.00000000    -0.00528627   0.00691850    -0.02285550  -0.00607434
    6    1
 -0.01307461  -0.00000144     0.00000000   0.00000000     0.00000000   0.00000000
  0.00000000  -0.00000000     0.00137279  -0.00051449    -0.00090367   0.00161596
  0.00000000  -0.00000000     0.00201779  -0.00552100    -0.00603112  -0.00518288
    6    2
 -0.00403890   0.01243514     0.00000000   0.00000000    -0.00000000  -0.00000000
  0.00000000   0.00000000     0.00091352  -0.00114662    -0.00181612   0.00036008
  0.00000000   0.00000000     0.00587431  -0.00021295     0.00306549   0.00733753
    6    3
 -0.02367830   0.01720329     0.00000000  -0.00000000     0.00000000  -0.00000000
  0.00000000  -0.00000000    -0.34392463   0.24987587    -0.00114106   0.00082903
  0.00000000   0.00000000     0.00079675  -0.00057887    -0.05716489   0.04153272
    6    4
  0.00352296  -0.00203616     0.00000000   0.00000000    -0.00000000   0.00000000
  0.00000000   0.00000000    -0.00493300   0.00325892    -0.00069007  -0.00318613
  0.00000000  -0.00000000    -0.01829348  -0.02233642    -0.01931968   0.00631757
    6    5
  0.00302516  -0.00272133     0.00000000   0.00000000     0.00000000   0.00000000
  0.00000000  -0.00000000    -0.00462380   0.00368450     0.00281695   0.00164087
 -0.00000000  -0.00000000     0.01559020   0.02430047    -0.01197848   0.01642187
    6    6
  0.09683658   0.00000000    -0.00000000   0.00000000     0.00000000   0.00000000
 -0.00000000   0.00000000     0.59035988   0.00000000     0.00025631   0.00000000
  0.00000000   0.00000000     0.00025631   0.00000000     0.10961685   0.00000000
    6    7
 -0.03845005   0.02793560     0.00000000   0.00000000    -0.00000000  -0.00000000
  0.00000000   0.00000000    -0.03234234   0.02349808     0.00041054  -0.00029827
 -0.00000000   0.00000000    -0.00047558   0.00034553     0.00950361  -0.00690478
    7    1
 -0.00060476  -0.00062757     0.00000000  -0.00000000     0.00000000  -0.00000000
  0.00000000  -0.00000000    -0.01127340  -0.00717546     0.00191665   0.00016512
  0.00000000   0.00000000     0.00361025  -0.00148390     0.00052147  -0.00684986
    7    2
 -0.00060476   0.00062757     0.00000000   0.00000000     0.00000000   0.00000000
  0.00000000   0.00000000    -0.01127340   0.00717546     0.00191665  -0.00016512
  0.00000000   0.00000000     0.00361025   0.00148390     0.00052147   0.00684986
    7    3
 -0.41599307   0.00000000     0.00000000   0.00000000     0.00000000   0.00000000
  0.00000000   0.00000000    -0.04680025   0.00000000     0.00357050   0.00000000
  0.00000000   0.00000000     0.00114670   0.00000000    -0.06854816   0.00000000
    7    4
 -0.00703510  -0.00000645     0.00000000   0.00000000     0.00000000   0.00000000
  0.00000000   0.00000000     0.01050098   0.00085145    -0.00528627   0.00691850
  0.00000000   0.00000000    -0.00185676  -0.00463774    -0.02285550  -0.00607434
    7    5
 -0.00703510   0.00000645     0.00000000   0.00000000     0.00000000   0.00000000
  0.00000000   0.00000000     0.01050098  -0.00085145    -0.00528627  -0.00691850
  0.00000000   0.00000000    -0.00185676   0.00463774    -0.02285550   0.00607434
    7    6
 -0.03845005  -0.02793560    -0.00000000   0.00000000     0.00000000   0.00000000
 -0.00000000   0.00000000    -0.03234234  -0.02349808    -0.00047558  -0.00034553
 -0.00000000   0.00000000     0.00041054   0.00029827     0.00950361   0.00690478
    7    7
  0.48670682   0.00000000     0.00000000   0.00000000     0.00000000   0.00000000
  0.00000000   0.00000000     0.10955644   0.00000000    -0.00076087   0.00000000
  0.00000000   0.00000000    -0.00076087   0.00000000     0.11140152   0.00000000

     Dynamical  Matrix in cartesian axes

     q = (    0.000000000  -0.200000000  -0.060719899 ) 

    1    1
  0.06542413   0.00000000     0.00000000   0.00000000    -0.00000000   0.00000000
  0.00000000   0.00000000     0.10520408  -0.00000000     0.00096727   0.01075132
 -0.00000000   0.00000000     0.00096727  -0.01075132     0.19068216   0.00000000
    1    2
 -0.00870053   0.00531933     0.00000000  -0.00000000     0.00000000   0.00000000
  0.00000000  -0.00000000    -0.00360868   0.00005985    -0.01925713  -0.02797482
  0.00000000   0.00000000    -0.01925713  -0.02797482    -0.03745719   0.04067303
    1    3
 -0.02174051   0.01454158     0.00000000   0.00000000     0.00000000   0.00000000
  0.00000000   0.00000000    -0.01624476   0.01182281     0.03634570   0.03873652
  0.00000000   0.00000000     0.03013551   0.03609430    -0.04165461   0.00437784
    1    4
 -0.00656340   0.00001700     0.00000000   0.00000000     0.00000000   0.00000000
  0.00000000   0.00000000    -0.01610044   0.00062270    -0.00534509   0.00872441
  0.00000000   0.00000000    -0.00207010   0.00963473    -0.03666591   0.00227433
    1    5
 -0.00133007   0.00115610     0.00000000   0.00000000     0.00000000   0.00000000
  0.00000000   0.00000000    -0.00867923   0.00675021    -0.01481623  -0.01665624
  0.00000000  -0.00000000     0.00537751   0.00828090    -0.02397726   0.02062660
    1    6
 -0.00403890   0.01243514     0.00000000   0.00000000    -0.00000000   0.00000000
  0.00000000  -0.00000000     0.00091352  -0.00114662    -0.00587431   0.00021295
  0.00000000  -0.00000000     0.00181612  -0.00036008     0.00306549   0.00733753
    1    7
 -0.00060476   0.00062757     0.00000000   0.00000000    -0.00000000   0.00000000
  0.00000000   0.00000000    -0.01127340   0.00717546    -0.00361025  -0.00148390
  0.00000000   0.00000000    -0.00191665   0.00016512     0.00052147   0.00684986
    2    1
 -0.00870053  -0.00531933     0.00000000   0.00000000     0.00000000  -0.00000000
  0.00000000   0.00000000    -0.00360868  -0.00005985    -0.01925713   0.02797482
  0.00000000   0.00000000    -0.01925713   0.02797482    -0.03745719  -0.04067303
    2    2
  0.06542413   0.00000000     0.00000000   0.00000000    -0.00000000   0.00000000
  0.00000000   0.00000000     0.10520408   0.00000000     0.00096727  -0.01075132
 -0.00000000   0.00000000     0.00096727   0.01075132     0.19068216   0.00000000
    2    3
 -0.02174051  -0.01454158     0.00000000  -0.00000000     0.00000000   0.00000000
  0.00000000   0.00000000    -0.01624476  -0.01182281     0.03634570  -0.03873652
  0.00000000   0.00000000     0.03013551  -0.03609430    -0.04165461  -0.00437784
    2    4
 -0.00133007  -0.00115610     0.00000000   0.00000000     0.00000000   0.00000000
  0.00000000   0.00000000    -0.00867923  -0.00675021    -0.01481623   0.01665624
  0.00000000   0.00000000     0.00537751  -0.00828090    -0.02397726  -0.02062660
    2    5
 -0.00656340  -0.00001700     0.00000000   0.00000000     0.00000000   0.00000000
  0.00000000   0.00000000    -0.01610044  -0.00062270    -0.00534509  -0.00872441
  0.00000000   0.00000000    -0.00207010  -0.00963473    -0.03666591  -0.00227433
    2    6
 -0.01307461  -0.00000144    -0.00000000   0.00000000     0.00000000   0.00000000
  0.00000000   0.00000000     0.00137279  -0.00051449    -0.00201779   0.00552100
  0.00000000  -0.00000000     0.00090367  -0.00161596    -0.00603112  -0.00518288
    2    7
 -0.00060476  -0.00062757     0.00000000   0.00000000    -0.00000000   0.00000000
  0.00000000   0.00000000    -0.01127340  -0.00717546    -0.00361025   0.00148390
  0.00000000   0.00000000    -0.00191665  -0.00016512     0.00052147  -0.00684986
    3    1
 -0.02174051  -0.01454158     0.00000000  -0.00000000     0.00000000   0.00000000
  0.00000000   0.00000000    -0.01624476  -0.01182281     0.03013551  -0.03609430
  0.00000000   0.00000000     0.03634570  -0.03873652    -0.04165461  -0.00437784
    3    2
 -0.02174051   0.01454158     0.00000000   0.00000000     0.00000000  -0.00000000
  0.00000000   0.00000000    -0.01624476   0.01182281     0.03013551   0.03609430
  0.00000000  -0.00000000     0.03634570   0.03873652    -0.04165461   0.00437784
    3    3
  0.66060679   0.00000000    -0.00000000   0.00000000    -0.00000000   0.00000000
 -0.00000000   0.00000000     0.72901468   0.00000000     0.00436535   0.00000000
 -0.00000000   0.00000000     0.00436535   0.00000000     0.44931748   0.00000000
    3    4
 -0.06111546  -0.00041214     0.00000000   0.00000000     0.00000000   0.00000000
 -0.00000000  -0.00000000    -0.07267106  -0.00139726    -0.00642624   0.00835968
  0.00000000   0.00000000    -0.00780857  -0.00530988    -0.09946476   0.01403181
    3    5
 -0.06111546   0.00041214     0.00000000   0.00000000     0.00000000  -0.00000000
 -0.00000000   0.00000000    -0.07267106   0.00139726    -0.00642624  -0.00835968
  0.00000000   0.00000000    -0.00780857   0.00530988    -0.09946476  -0.01403181
    3    6
 -0.02367830   0.01720329    -0.00000000  -0.00000000     0.00000000   0.00000000
  0.00000000  -0.00000000    -0.34392463   0.24987587    -0.00079675   0.00057887
  0.00000000   0.00000000     0.00114106  -0.00082903    -0.05716489   0.04153272
    3    7
 -0.41599307   0.00000000     0.00000000   0.00000000     0.00000000   0.00000000
  0.00000000   0.00000000    -0.04680025   0.00000000    -0.00114670   0.00000000
 -0.00000000   0.00000000    -0.00357050   0.00000000    -0.06854816   0.00000000
    4    1
 -0.00656340  -0.00001700     0.00000000   0.00000000     0.00000000   0.00000000
  0.00000000   0.00000000    -0.01610044  -0.00062270    -0.00207010  -0.00963473
  0.00000000   0.00000000    -0.00534509  -0.00872441    -0.03666591  -0.00227433
    4    2
 -0.00133007   0.00115610     0.00000000   0.00000000     0.00000000   0.00000000
  0.00000000   0.00000000    -0.00867923   0.00675021     0.00537751   0.00828090
  0.00000000   0.00000000    -0.01481623  -0.01665624    -0.02397726   0.02062660
    4    3
 -0.06111546   0.00041214     0.00000000   0.00000000     0.00000000  -0.00000000
  0.00000000   0.00000000    -0.07267106   0.00139726    -0.00780857   0.00530988
  0.00000000  -0.00000000    -0.00642624  -0.00835968    -0.09946476  -0.01403181
    4    4
  0.07117802   0.00000000     0.00000000   0.00000000    -0.00000000   0.00000000
  0.00000000   0.00000000     0.09069804  -0.00000000     0.00240943  -0.00760203
  0.00000000   0.00000000     0.00240943   0.00760203     0.28429540  -0.00000000
    4    5
  0.00737359   0.00311754     0.00000000   0.00000000     0.00000000   0.00000000
  0.00000000   0.00000000     0.01167667   0.00072104     0.01483011   0.01705303
  0.00000000   0.00000000     0.01483011   0.01705303    -0.05491973   0.02055318
    4    6
  0.00302516  -0.00272133     0.00000000  -0.00000000     0.00000000  -0.00000000
  0.00000000  -0.00000000    -0.00462380   0.00368450    -0.01559020  -0.02430047
  0.00000000  -0.00000000    -0.00281695  -0.00164087    -0.01197848   0.01642187
    4    7
 -0.00703510   0.00000645     0.00000000   0.00000000    -0.00000000   0.00000000
  0.00000000   0.00000000     0.01050098  -0.00085145     0.00185676  -0.00463774
  0.00000000  -0.00000000     0.00528627   0.00691850    -0.02285550   0.00607434
    5    1
 -0.00133007  -0.00115610     0.00000000   0.00000000     0.00000000   0.00000000
  0.00000000  -0.00000000    -0.00867923  -0.00675021     0.00537751  -0.00828090
  0.00000000  -0.00000000    -0.01481623   0.01665624    -0.02397726  -0.02062660
    5    2
 -0.00656340   0.00001700     0.00000000  -0.00000000     0.00000000  -0.00000000
  0.00000000   0.00000000    -0.01610044   0.00062270    -0.00207010   0.00963473
  0.00000000   0.00000000    -0.00534509   0.00872441    -0.03666591   0.00227433
    5    3
 -0.06111546  -0.00041214     0.00000000   0.00000000     0.00000000   0.00000000
  0.00000000   0.00000000    -0.07267106  -0.00139726    -0.00780857  -0.00530988
  0.00000000   0.00000000    -0.00642624   0.00835968    -0.09946476   0.01403181
    5    4
  0.00737359  -0.00311754     0.00000000   0.00000000     0.00000000  -0.00000000
  0.00000000   0.00000000     0.01167667  -0.00072104     0.01483011  -0.01705303
  0.00000000   0.00000000     0.01483011  -0.01705303    -0.05491973  -0.02055318
    5    5
  0.07117802   0.00000000     0.00000000   0.00000000    -0.00000000  -0.00000000
  0.00000000   0.00000000     0.09069804   0.00000000     0.00240943   0.00760203
  0.00000000   0.00000000     0.00240943  -0.00760203     0.28429540   0.00000000
    5    6
  0.00352296  -0.00203616     0.00000000   0.00000000     0.00000000   0.00000000
 -0.00000000   0.00000000    -0.00493300   0.00325892     0.01829348   0.02233642
 -0.00000000   0.00000000     0.00069007   0.00318613    -0.01931968   0.00631757
    5    7
 -0.00703510  -0.00000645     0.00000000   0.00000000    -0.00000000  -0.00000000
  0.00000000   0.00000000     0.01050098   0.00085145     0.00185676   0.00463774
  0.00000000   0.00000000     0.00528627  -0.00691850    -0.02285550  -0.00607434
    6    1
 -0.00403890  -0.01243514     0.00000000   0.00000000     0.00000000   0.00000000
  0.00000000  -0.00000000     0.00091352   0.00114662     0.00181612   0.00036008
  0.00000000  -0.00000000    -0.00587431  -0.00021295     0.00306549  -0.00733753
    6    2
 -0.01307461   0.00000144    -0.00000000   0.00000000    -0.00000000   0.00000000
  0.00000000   0.00000000     0.00137279   0.00051449     0.00090367   0.00161596
  0.00000000   0.00000000    -0.00201779  -0.00552100    -0.00603112   0.00518288
    6    3
 -0.02367830  -0.01720329     0.00000000  -0.00000000     0.00000000   0.00000000
 -0.00000000  -0.00000000    -0.34392463  -0.24987587     0.00114106   0.00082903
  0.00000000   0.00000000    -0.00079675  -0.00057887    -0.05716489  -0.04153272
    6    4
  0.00302516   0.00272133     0.00000000   0.00000000     0.00000000   0.00000000
  0.00000000   0.00000000    -0.00462380  -0.00368450    -0.00281695   0.00164087
  0.00000000   0.00000000    -0.01559020   0.02430047    -0.01197848  -0.01642187
    6    5
  0.00352296   0.00203616    -0.00000000  -0.00000000     0.00000000  -0.00000000
  0.00000000   0.00000000    -0.00493300  -0.00325892     0.00069007  -0.00318613
  0.00000000   0.00000000     0.01829348  -0.02233642    -0.01931968  -0.00631757
    6    6
  0.09683658   0.00000000     0.00000000   0.00000000     0.00000000   0.00000000
  0.00000000   0.00000000     0.59035988   0.00000000    -0.00025631   0.00000000
  0.00000000   0.00000000    -0.00025631   0.00000000     0.10961685   0.00000000
    6    7
 -0.03845005  -0.02793560     0.00000000   0.00000000     0.00000000   0.00000000
  0.00000000   0.00000000    -0.03234234  -0.02349808    -0.00041054  -0.00029827
  0.00000000  -0.00000000     0.00047558   0.00034553     0.00950361   0.00690478
    7    1
 -0.00060476  -0.00062757     0.00000000   0.00000000    -0.00000000   0.00000000
 -0.00000000   0.00000000    -0.01127340  -0.00717546    -0.00191665  -0.00016512
  0.00000000   0.00000000    -0.00361025   0.00148390     0.00052147  -0.00684986
    7    2
 -0.00060476   0.00062757     0.00000000  -0.00000000    -0.00000000   0.00000000
 -0.00000000   0.00000000    -0.01127340   0.00717546    -0.00191665   0.00016512
  0.00000000   0.00000000    -0.00361025  -0.00148390     0.00052147   0.00684986
    7    3
 -0.41599307   0.00000000     0.00000000   0.00000000     0.00000000   0.00000000
  0.00000000   0.00000000    -0.04680025   0.00000000    -0.00357050   0.00000000
  0.00000000   0.00000000    -0.00114670   0.00000000    -0.06854816   0.00000000
    7    4
 -0.00703510  -0.00000645     0.00000000   0.00000000     0.00000000   0.00000000
  0.00000000   0.00000000     0.01050098   0.00085145     0.00528627  -0.00691850
  0.00000000   0.00000000     0.00185676   0.00463774    -0.02285550  -0.00607434
    7    5
 -0.00703510   0.00000645     0.00000000   0.00000000     0.00000000  -0.00000000
  0.00000000   0.00000000     0.01050098  -0.00085145     0.00528627   0.00691850
  0.00000000   0.00000000     0.00185676  -0.00463774    -0.02285550   0.00607434
    7    6
 -0.03845005   0.02793560     0.00000000   0.00000000    -0.00000000   0.00000000
  0.00000000  -0.00000000    -0.03234234   0.02349808     0.00047558  -0.00034553
 -0.00000000  -0.00000000    -0.00041054   0.00029827     0.00950361  -0.00690478
    7    7
  0.48670682   0.00000000     0.00000000   0.00000000     0.00000000   0.00000000
  0.00000000   0.00000000     0.10955644   0.00000000     0.00076087   0.00000000
  0.00000000   0.00000000     0.00076087   0.00000000     0.11140152   0.00000000

     Diagonalizing the dynamical matrix

     q = (   -0.200000000   0.000000000   0.060719899 ) 

 **************************************************************************
     freq (    1) =       1.603584 [THz] =      53.489791 [cm-1]
 ( -0.000000  0.000000  0.448499  0.014497  0.000000  0.000000 ) 
 (  0.000000  0.000000  0.289959 -0.342469  0.000000  0.000000 ) 
 (  0.000000  0.000000  0.309702 -0.137548  0.000000  0.000000 ) 
 (  0.000000  0.000000  0.322834 -0.097871  0.000000  0.000000 ) 
 (  0.000000 -0.000000  0.289070 -0.173894  0.000000  0.000000 ) 
 (  0.000000  0.000000  0.310464 -0.137887  0.000000  0.000000 ) 
 (  0.000000  0.000000  0.187006 -0.323219  0.000000  0.000000 ) 
     freq (    2) =       1.796238 [THz] =      59.916047 [cm-1]
 (  0.073558  0.098836 -0.000000 -0.000000  0.191283  0.305330 ) 
 (  0.116729  0.039416 -0.000000  0.000000  0.349496  0.087568 ) 
 (  0.077311  0.056170 -0.000000  0.000000  0.285322  0.207298 ) 
 (  0.028610  0.163682 -0.000000  0.000000  0.241148  0.225805 ) 
 (  0.164512 -0.023371 -0.000000  0.000000  0.289272  0.159568 ) 
 (  0.068282  0.049610 -0.000000  0.000000  0.279567  0.203117 ) 
 (  0.077852 -0.000000 -0.000000  0.000000  0.412791  0.000000 ) 
     freq (    3) =       3.059344 [THz] =     102.048744 [cm-1]
 (  0.296059  0.425425  0.000000 -0.000000 -0.099880 -0.094826 ) 
 (  0.496091  0.150105  0.000000  0.000000 -0.121050 -0.065689 ) 
 (  0.190448  0.138368 -0.000000 -0.000000 -0.086535 -0.062872 ) 
 (  0.224562  0.197619 -0.000000 -0.000000 -0.111047 -0.075299 ) 
 (  0.257340  0.152503 -0.000000 -0.000000 -0.105929 -0.082343 ) 
 (  0.210462  0.152910 -0.000000 -0.000000 -0.112789 -0.081946 ) 
 (  0.194535 -0.000000 -0.000000  0.000000 -0.134204  0.000000 ) 
     freq (    4) =       3.164698 [THz] =     105.562951 [cm-1]
 ( -0.000000  0.000000  0.452634 -0.531769  0.000000  0.000000 ) 
 ( -0.000000 -0.000000  0.222822  0.661820  0.000000 -0.000000 ) 
 ( -0.000000 -0.000000 -0.064111 -0.012344 -0.000000  0.000000 ) 
 ( -0.000000 -0.000000 -0.023990 -0.063158  0.000000  0.000000 ) 
 ( -0.000000 -0.000000 -0.045726  0.049735  0.000000  0.000000 ) 
 ( -0.000000 -0.000000 -0.066219 -0.012750  0.000000  0.000000 ) 
 ( -0.000000 -0.000000 -0.074398  0.034853  0.000000  0.000000 ) 
     freq (    5) =       3.449265 [THz] =     115.055100 [cm-1]
 ( -0.559143  0.338677 -0.000000  0.000000  0.112434  0.075632 ) 
 (  0.149317 -0.636433  0.000000 -0.000000  0.106674  0.083559 ) 
 (  0.093637  0.068032  0.000000 -0.000000 -0.163860 -0.119051 ) 
 (  0.044253  0.085378  0.000000 -0.000000 -0.019536 -0.010365 ) 
 (  0.094874  0.015704  0.000000 -0.000000 -0.015894 -0.015377 ) 
 (  0.087675  0.063700  0.000000 -0.000000 -0.087177 -0.063338 ) 
 (  0.096006  0.000000  0.000000 -0.000000 -0.046095  0.000000 ) 
     freq (    6) =       4.005914 [THz] =     133.622913 [cm-1]
 (  0.000000  0.000000 -0.185073 -0.233552 -0.000000 -0.000000 ) 
 (  0.000000  0.000000 -0.279464  0.103434  0.000000 -0.000000 ) 
 ( -0.000000 -0.000000  0.404289  0.113243 -0.000000 -0.000000 ) 
 (  0.000000 -0.000000  0.427703  0.126178 -0.000000 -0.000000 ) 
 ( -0.000000  0.000000  0.431015  0.114352 -0.000000 -0.000000 ) 
 (  0.000000  0.000000  0.400563  0.112199 -0.000000 -0.000000 ) 
 ( -0.000000 -0.000000  0.257430 -0.095493 -0.000000  0.000000 ) 
     freq (    7) =       4.334140 [THz] =     144.571341 [cm-1]
 (  0.021021  0.188544  0.000000  0.000000 -0.249765  0.209900 ) 
 (  0.185812 -0.038271  0.000000 -0.000000  0.122445 -0.302403 ) 
 ( -0.336877 -0.244755 -0.000000 -0.000000 -0.002304 -0.001674 ) 
 ( -0.331206 -0.269655 -0.000000 -0.000000 -0.038654  0.031449 ) 
 ( -0.358806 -0.231667 -0.000000 -0.000000  0.017965 -0.046480 ) 
 ( -0.189880 -0.137956 -0.000000 -0.000000  0.020515  0.014905 ) 
 ( -0.340463  0.000000 -0.000000  0.000000  0.017473  0.000000 ) 
     freq (    8) =       5.418608 [THz] =     180.745323 [cm-1]
 ( -0.080468  0.051631 -0.000000 -0.000000 -0.119459 -0.220870 ) 
 (  0.024238 -0.092484 -0.000000 -0.000000 -0.246975 -0.045359 ) 
 ( -0.030732 -0.022328  0.000000  0.000000  0.190823  0.138641 ) 
 ( -0.243160  0.353361  0.000000 -0.000000  0.105356  0.046423 ) 
 (  0.260925 -0.340454 -0.000000  0.000000  0.076708  0.085854 ) 
 ( -0.016167 -0.011746  0.000000 -0.000000  0.196598  0.142837 ) 
 ( -0.031842 -0.000000  0.000000  0.000000  0.586152  0.000000 ) 
     freq (    9) =       6.396180 [THz] =     213.353600 [cm-1]
 (  0.096941  0.142242 -0.000000 -0.000000  0.415544 -0.193131 ) 
 (  0.165237  0.048241 -0.000000  0.000000 -0.055269  0.454886 ) 
 ( -0.270690 -0.196668  0.000000 -0.000000 -0.021455 -0.015588 ) 
 ( -0.268642 -0.041164  0.000000 -0.000000 -0.057451 -0.020988 ) 
 ( -0.122164 -0.242773  0.000000 -0.000000 -0.037714 -0.048154 ) 
 ( -0.293925 -0.213549  0.000000  0.000000 -0.145258 -0.105536 ) 
 ( -0.295881 -0.000000 -0.000000  0.000000 -0.033842  0.000000 ) 
     freq (   10) =       6.653910 [THz] =     221.950541 [cm-1]
 ( -0.039081  0.051548  0.000000 -0.000000 -0.011841 -0.095979 ) 
 (  0.036949 -0.053097 -0.000000  0.000000 -0.094941  0.018398 ) 
 ( -0.016637 -0.012087 -0.000000 -0.000000  0.156344  0.113590 ) 
 (  0.321076 -0.468706 -0.000000  0.000000  0.085803  0.084033 ) 
 ( -0.346548  0.450199  0.000000 -0.000000  0.106434  0.055636 ) 
 (  0.019956  0.014499 -0.000000 -0.000000  0.272266  0.197813 ) 
 ( -0.015842  0.000000 -0.000000 -0.000000 -0.382940  0.000000 ) 
     freq (   11) =       6.864860 [THz] =     228.987095 [cm-1]
 (  0.000000 -0.000000  0.006530 -0.007316  0.000000  0.000000 ) 
 ( -0.000000  0.000000 -0.005642  0.008021  0.000000 -0.000000 ) 
 (  0.000000  0.000000 -0.015901 -0.012619 -0.000000 -0.000000 ) 
 ( -0.000000  0.000000 -0.375802  0.594305 -0.000000 -0.000000 ) 
 (  0.000000 -0.000000  0.493409 -0.500973 -0.000000 -0.000000 ) 
 ( -0.000000  0.000000 -0.022356 -0.017742 -0.000000 -0.000000 ) 
 (  0.000000  0.000000 -0.098550 -0.004192  0.000000  0.000000 ) 
     freq (   12) =       7.779258 [THz] =     259.488125 [cm-1]
 ( -0.000000  0.000000  0.016054 -0.012061  0.000000  0.000000 ) 
 ( -0.000000  0.000000 -0.016370 -0.011629 -0.000000 -0.000000 ) 
 (  0.000000  0.000000  0.000699  0.052464 -0.000000  0.000000 ) 
 (  0.000000 -0.000000 -0.114068 -0.492233 -0.000000 -0.000000 ) 
 (  0.000000 -0.000000  0.100905 -0.495099  0.000000 -0.000000 ) 
 ( -0.000000  0.000000  0.001563  0.117228  0.000000  0.000000 ) 
 (  0.000000  0.000000  0.411232  0.550430 -0.000000  0.000000 ) 
     freq (   13) =       8.211931 [THz] =     273.920545 [cm-1]
 ( -0.005741  0.000455  0.000000 -0.000000 -0.021663  0.014756 ) 
 ( -0.001341 -0.005601 -0.000000  0.000000  0.007340 -0.025163 ) 
 ( -0.029917 -0.021736  0.000000 -0.000000 -0.014495 -0.010531 ) 
 (  0.380019  0.259650 -0.000000  0.000000  0.032692 -0.003663 ) 
 (  0.364374  0.281183 -0.000000 -0.000000  0.006619  0.032224 ) 
 ( -0.604182 -0.438964  0.000000  0.000000  0.059926  0.043539 ) 
 ( -0.080994 -0.000000  0.000000  0.000000 -0.035626  0.000000 ) 
     freq (   14) =       9.027356 [THz] =     301.120170 [cm-1]
 ( -0.010239  0.006495  0.000000  0.000000 -0.011444 -0.006311 ) 
 (  0.003013 -0.011745  0.000000  0.000000 -0.009539 -0.008934 ) 
 (  0.007013  0.005095  0.000000  0.000000  0.070484  0.051210 ) 
 (  0.182850 -0.211324 -0.000000 -0.000000  0.006459  0.005187 ) 
 ( -0.144477  0.239203 -0.000000 -0.000000  0.006929  0.004539 ) 
 ( -0.059439 -0.043185  0.000000  0.000000 -0.645184 -0.468753 ) 
 (  0.002569 -0.000000 -0.000000 -0.000000  0.440433  0.000000 ) 
     freq (   15) =       9.386260 [THz] =     313.091925 [cm-1]
 ( -0.000000  0.000000  0.005151 -0.010896 -0.000000 -0.000000 ) 
 (  0.000000 -0.000000 -0.004886 -0.011018  0.000000  0.000000 ) 
 (  0.000000 -0.000000  0.002621 -0.216626  0.000000  0.000000 ) 
 ( -0.000000  0.000000  0.011174  0.432117  0.000000  0.000000 ) 
 ( -0.000000  0.000000 -0.021625  0.431720 -0.000000 -0.000000 ) 
 (  0.000000  0.000000  0.001593 -0.131626 -0.000000 -0.000000 ) 
 (  0.000000 -0.000000  0.433176  0.611643  0.000000  0.000000 ) 
     freq (   16) =      10.306082 [THz] =     343.773899 [cm-1]
 (  0.002883 -0.015822  0.000000 -0.000000  0.009897 -0.003153 ) 
 ( -0.014157  0.007631  0.000000  0.000000  0.000060  0.010387 ) 
 ( -0.165495 -0.120239  0.000000 -0.000000 -0.078444 -0.056993 ) 
 (  0.420790  0.162523 -0.000000 -0.000000  0.129138  0.031203 ) 
 (  0.284600  0.349972 -0.000000 -0.000000  0.069581  0.113175 ) 
 (  0.517042  0.375653  0.000000 -0.000000  0.089598  0.065097 ) 
 ( -0.127769  0.000000 -0.000000  0.000000  0.262155  0.000000 ) 
     freq (   17) =      10.762571 [THz] =     359.000729 [cm-1]
 (  0.025063  0.006900 -0.000000 -0.000000  0.013723 -0.017554 ) 
 (  0.014307  0.021704 -0.000000  0.000000 -0.012455  0.018476 ) 
 (  0.057970  0.042118 -0.000000 -0.000000 -0.145540 -0.105741 ) 
 (  0.007266 -0.329746  0.000000  0.000000 -0.019447  0.129200 ) 
 ( -0.311362  0.108807  0.000000  0.000000  0.116867 -0.058421 ) 
 ( -0.180055 -0.130818 -0.000000  0.000000  0.363844  0.264348 ) 
 (  0.043878 -0.000000  0.000000 -0.000000  0.674333  0.000000 ) 
     freq (   18) =      13.798869 [THz] =     460.280740 [cm-1]
 ( -0.011056 -0.000256  0.000000  0.000000  0.018478  0.026722 ) 
 ( -0.003660 -0.010436  0.000000  0.000000  0.031124  0.009316 ) 
 ( -0.012516 -0.009094  0.000000  0.000000  0.067392  0.048963 ) 
 (  0.095288 -0.027032 -0.000000 -0.000000 -0.436433 -0.507227 ) 
 (  0.003737  0.098978 -0.000000 -0.000000 -0.617267 -0.258330 ) 
 (  0.040032  0.029085 -0.000000  0.000000  0.158017  0.114806 ) 
 ( -0.009121  0.000000 -0.000000 -0.000000  0.186166  0.000000 ) 
     freq (   19) =      16.118101 [THz] =     537.641994 [cm-1]
 (  0.009260  0.010113 -0.000000  0.000000  0.000987  0.003073 ) 
 (  0.012480  0.005682  0.000000 -0.000000  0.003228 -0.000011 ) 
 (  0.015555  0.011301 -0.000000 -0.000000 -0.025306 -0.018386 ) 
 ( -0.053909 -0.077222  0.000000  0.000000  0.520684 -0.465495 ) 
 ( -0.090101 -0.027408  0.000000  0.000000 -0.281811  0.639046 ) 
 ( -0.048219 -0.035033  0.000000  0.000000  0.016283  0.011831 ) 
 (  0.000690 -0.000000 -0.000000 -0.000000  0.031037  0.000000 ) 
     freq (   20) =      20.241993 [THz] =     675.200195 [cm-1]
 ( -0.000000  0.000000  0.001240  0.000637  0.000000  0.000000 ) 
 (  0.000000 -0.000000  0.001111 -0.000841 -0.000000 -0.000000 ) 
 (  0.000000  0.000000 -0.143616  0.012498  0.000000 -0.000000 ) 
 ( -0.000000 -0.000000  0.003137 -0.000276 -0.000000  0.000000 ) 
 ( -0.000000 -0.000000  0.003137 -0.000270 -0.000000 -0.000000 ) 
 ( -0.000000 -0.000000  0.981396 -0.085403 -0.000000  0.000000 ) 
 (  0.000000  0.000000 -0.070673  0.061378  0.000000  0.000000 ) 
     freq (   21) =      21.904837 [THz] =     730.666721 [cm-1]
 (  0.000625  0.001294  0.000000  0.000000  0.001149 -0.000555 ) 
 (  0.001423  0.000195  0.000000  0.000000 -0.000173  0.001264 ) 
 ( -0.100936 -0.073334  0.000000 -0.000000 -0.000412 -0.000300 ) 
 (  0.003636  0.002079 -0.000000 -0.000000  0.006323 -0.004847 ) 
 (  0.003100  0.002816 -0.000000 -0.000000 -0.002656  0.007511 ) 
 ( -0.050966 -0.037029 -0.000000  0.000000  0.000679  0.000493 ) 
 (  0.990098  0.000000 -0.000000  0.000000  0.000479  0.000000 ) 
 **************************************************************************
