Dynamical matrix file
Sr2RuO4                                                                    
  3    7   7   7.3000120   0.0000000   3.2938131   0.0000000   0.0000000   0.0000000
           1  'Sr     '    79860.7445811805     
           2  'Ru     '    92119.6696509919     
           3  'O      '    14582.1964454954     
    1    1      0.0000000000      0.0000000000      1.1602701746
    2    1      0.0000000000      0.0000000000     -1.1602701746
    3    2      0.0000000000      0.0000000000      0.0000000000
    4    3      0.0000000000      0.0000000000      0.5380857149
    5    3      0.0000000000      0.0000000000     -0.5380857149
    6    3      0.0000000000     -0.5000000000      0.0000000000
    7    3      0.5000000000      0.0000000000      0.0000000000

     Dynamical  Matrix in cartesian axes

     q = (   -0.400000000   0.000000000   0.121439799 ) 

    1    1
  0.15589365   0.00000000     0.00000000   0.00000000    -0.00106595   0.00511656
  0.00000000   0.00000000     0.06254646   0.00000000     0.00000000   0.00000000
 -0.00106595  -0.00511656    -0.00000000   0.00000000     0.18207548   0.00000000
    1    2
 -0.00449193   0.00284032     0.00000000   0.00000000     0.04574905  -0.01569011
  0.00000000   0.00000000    -0.00260184  -0.00316741    -0.00000000   0.00000000
  0.04574905  -0.01569011    -0.00000000   0.00000000     0.01175033  -0.02455117
    1    3
  0.00025099  -0.00307047     0.00000000   0.00000000    -0.08436281   0.02231180
 -0.00000000   0.00000000    -0.00444838  -0.00847776    -0.00000000  -0.00000000
 -0.07976142   0.02187624    -0.00000000  -0.00000000    -0.02782507  -0.00297745
    1    4
 -0.02332991  -0.00099424     0.00000000   0.00000000     0.01054251   0.00490902
  0.00000000   0.00000000    -0.00656191   0.00002318    -0.00000000  -0.00000000
  0.00518558   0.00461119    -0.00000000  -0.00000000    -0.04192406  -0.00105202
    1    5
 -0.00187615  -0.00811433     0.00000000   0.00000000     0.03037259  -0.00850087
  0.00000000   0.00000000     0.00002983  -0.00072958     0.00000000   0.00000000
 -0.00870425   0.00334198     0.00000000  -0.00000000    -0.00152190  -0.01164608
    1    6
 -0.00404541  -0.00524835    -0.00000000   0.00000000     0.00449735   0.00003255
  0.00000000  -0.00000000     0.00008996  -0.00044266     0.00000000   0.00000000
  0.00659493  -0.00091209     0.00000000   0.00000000     0.00498304  -0.00365202
    1    7
 -0.00302037   0.00363964     0.00000000   0.00000000     0.00108441   0.00387854
 -0.00000000   0.00000000     0.01173184  -0.00852148     0.00000000  -0.00000000
  0.00247298  -0.00179558     0.00000000  -0.00000000     0.00939073  -0.00390257
    2    1
 -0.00449193  -0.00284032     0.00000000   0.00000000     0.04574905   0.01569011
  0.00000000   0.00000000    -0.00260184   0.00316741    -0.00000000  -0.00000000
  0.04574905   0.01569011    -0.00000000  -0.00000000     0.01175033   0.02455117
    2    2
  0.15589365   0.00000000     0.00000000   0.00000000    -0.00106595  -0.00511656
  0.00000000   0.00000000     0.06254646   0.00000000     0.00000000   0.00000000
 -0.00106595   0.00511656    -0.00000000   0.00000000     0.18207548   0.00000000
    2    3
  0.00025099   0.00307047     0.00000000   0.00000000    -0.08436281  -0.02231180
 -0.00000000  -0.00000000    -0.00444838   0.00847776    -0.00000000   0.00000000
 -0.07976142  -0.02187624    -0.00000000   0.00000000    -0.02782507   0.00297745
    2    4
 -0.00187615   0.00811433     0.00000000  -0.00000000     0.03037259   0.00850087
  0.00000000  -0.00000000     0.00002983   0.00072958     0.00000000   0.00000000
 -0.00870425  -0.00334198     0.00000000   0.00000000    -0.00152190   0.01164608
    2    5
 -0.02332991   0.00099424     0.00000000   0.00000000     0.01054251  -0.00490902
  0.00000000   0.00000000    -0.00656191  -0.00002318    -0.00000000   0.00000000
  0.00518558  -0.00461119    -0.00000000   0.00000000    -0.04192406   0.00105202
    2    6
 -0.00404541   0.00524835    -0.00000000   0.00000000     0.00449735  -0.00003255
  0.00000000   0.00000000     0.00008996   0.00044266     0.00000000   0.00000000
  0.00659493   0.00091209     0.00000000   0.00000000     0.00498304   0.00365202
    2    7
  0.00458285   0.00116920     0.00000000  -0.00000000     0.00140245   0.00377520
  0.00000000   0.00000000    -0.01450006   0.00000178     0.00000000   0.00000000
 -0.00305610   0.00000092    -0.00000000   0.00000000    -0.00989114   0.00236249
    3    1
  0.00025099   0.00307047     0.00000000   0.00000000    -0.07976142  -0.02187624
  0.00000000   0.00000000    -0.00444838   0.00847776    -0.00000000  -0.00000000
 -0.08436281  -0.02231180     0.00000000  -0.00000000    -0.02782507   0.00297745
    3    2
  0.00025099  -0.00307047     0.00000000  -0.00000000    -0.07976142   0.02187624
  0.00000000  -0.00000000    -0.00444838  -0.00847776    -0.00000000   0.00000000
 -0.08436281   0.02231180     0.00000000   0.00000000    -0.02782507  -0.00297745
    3    3
  0.73855570   0.00000000     0.00000000   0.00000000    -0.00681932   0.00000000
  0.00000000   0.00000000     0.69798664   0.00000000     0.00000000   0.00000000
 -0.00681932   0.00000000     0.00000000   0.00000000     0.44991912   0.00000000
    3    4
 -0.07320502   0.00186074     0.00000000   0.00000000     0.01364281   0.00000337
  0.00000000   0.00000000    -0.06085642   0.00025161     0.00000000   0.00000000
  0.01358808  -0.00520623     0.00000000   0.00000000    -0.10711405  -0.00754243
    3    5
 -0.07320502  -0.00186074     0.00000000   0.00000000     0.01364281  -0.00000337
  0.00000000   0.00000000    -0.06085642  -0.00025161     0.00000000   0.00000000
  0.01358808   0.00520623     0.00000000   0.00000000    -0.10711405   0.00754243
    3    6
 -0.06798403   0.00000000     0.00000000   0.00000000     0.00131848   0.00000000
 -0.00000000   0.00000000    -0.42042257   0.00000000     0.00000000   0.00000000
  0.00645795   0.00000000     0.00000000   0.00000000    -0.06564093   0.00000000
    3    7
 -0.06933189  -0.21338163     0.00000000   0.00000000     0.00017870   0.00054999
  0.00000000   0.00000000    -0.00545735  -0.01679599     0.00000000  -0.00000000
 -0.00065980  -0.00203066    -0.00000000  -0.00000000    -0.01278214  -0.03933940
    4    1
 -0.02332991   0.00099424     0.00000000   0.00000000     0.00518558  -0.00461119
  0.00000000   0.00000000    -0.00656191  -0.00002318     0.00000000   0.00000000
  0.01054251  -0.00490902    -0.00000000   0.00000000    -0.04192406   0.00105202
    4    2
 -0.00187615  -0.00811433     0.00000000   0.00000000    -0.00870425   0.00334198
  0.00000000   0.00000000     0.00002983  -0.00072958     0.00000000  -0.00000000
  0.03037259  -0.00850087     0.00000000  -0.00000000    -0.00152190  -0.01164608
    4    3
 -0.07320502  -0.00186074     0.00000000   0.00000000     0.01358808   0.00520623
  0.00000000  -0.00000000    -0.06085642  -0.00025161     0.00000000   0.00000000
  0.01364281  -0.00000337     0.00000000   0.00000000    -0.10711405   0.00754243
    4    4
  0.11724584   0.00000000     0.00000000   0.00000000    -0.00395604  -0.00351016
  0.00000000   0.00000000     0.07728839   0.00000000     0.00000000   0.00000000
 -0.00395604   0.00351016     0.00000000   0.00000000     0.27765215   0.00000000
    4    5
  0.01259716   0.00099740     0.00000000   0.00000000    -0.03061391   0.00788631
  0.00000000   0.00000000     0.01106852  -0.00189999    -0.00000000   0.00000000
 -0.03061391   0.00788631     0.00000000   0.00000000    -0.03124257  -0.01188131
    4    6
  0.01565368   0.00077206    -0.00000000   0.00000000    -0.00237066  -0.00277533
  0.00000000   0.00000000    -0.00687273  -0.00000668    -0.00000000   0.00000000
 -0.01165715   0.00427740     0.00000000   0.00000000    -0.01881901  -0.00331157
    4    7
  0.00121158   0.00026875     0.00000000   0.00000000     0.04465732  -0.01560546
  0.00000000  -0.00000000    -0.00025073   0.00169682     0.00000000   0.00000000
 -0.00624667   0.00427680     0.00000000  -0.00000000     0.00339834  -0.00780524
    5    1
 -0.00187615   0.00811433     0.00000000  -0.00000000    -0.00870425  -0.00334198
  0.00000000   0.00000000     0.00002983   0.00072958     0.00000000   0.00000000
  0.03037259   0.00850087     0.00000000   0.00000000    -0.00152190   0.01164608
    5    2
 -0.02332991  -0.00099424     0.00000000   0.00000000     0.00518558   0.00461119
  0.00000000  -0.00000000    -0.00656191   0.00002318     0.00000000  -0.00000000
  0.01054251   0.00490902    -0.00000000   0.00000000    -0.04192406  -0.00105202
    5    3
 -0.07320502   0.00186074     0.00000000   0.00000000     0.01358808  -0.00520623
  0.00000000   0.00000000    -0.06085642   0.00025161     0.00000000  -0.00000000
  0.01364281   0.00000337     0.00000000   0.00000000    -0.10711405  -0.00754243
    5    4
  0.01259716  -0.00099740     0.00000000   0.00000000    -0.03061391  -0.00788631
  0.00000000   0.00000000     0.01106852   0.00189999    -0.00000000  -0.00000000
 -0.03061391  -0.00788631     0.00000000  -0.00000000    -0.03124257   0.01188131
    5    5
  0.11724584  -0.00000000     0.00000000   0.00000000    -0.00395604   0.00351016
  0.00000000   0.00000000     0.07728839   0.00000000     0.00000000   0.00000000
 -0.00395604  -0.00351016     0.00000000   0.00000000     0.27765215  -0.00000000
    5    6
  0.01565368  -0.00077206    -0.00000000   0.00000000    -0.00237066   0.00277533
  0.00000000   0.00000000    -0.00687273   0.00000668    -0.00000000  -0.00000000
 -0.01165715  -0.00427740     0.00000000   0.00000000    -0.01881901   0.00331157
    5    7
 -0.00082222   0.00092957    -0.00000000  -0.00000000    -0.04530119   0.01362383
  0.00000000   0.00000000     0.00120021   0.00122538     0.00000000  -0.00000000
  0.00756750  -0.00021170     0.00000000   0.00000000    -0.00733712  -0.00431708
    6    1
 -0.00404541   0.00524835    -0.00000000   0.00000000     0.00659493   0.00091209
  0.00000000   0.00000000     0.00008996   0.00044266    -0.00000000  -0.00000000
  0.00449735  -0.00003255     0.00000000  -0.00000000     0.00498304   0.00365202
    6    2
 -0.00404541  -0.00524835    -0.00000000   0.00000000     0.00659493  -0.00091209
  0.00000000   0.00000000     0.00008996  -0.00044266    -0.00000000   0.00000000
  0.00449735   0.00003255     0.00000000   0.00000000     0.00498304  -0.00365202
    6    3
 -0.06798403   0.00000000    -0.00000000   0.00000000     0.00645795   0.00000000
  0.00000000   0.00000000    -0.42042257   0.00000000    -0.00000000   0.00000000
  0.00131848   0.00000000     0.00000000   0.00000000    -0.06564093   0.00000000
    6    4
  0.01565368  -0.00077206    -0.00000000   0.00000000    -0.01165715  -0.00427740
 -0.00000000  -0.00000000    -0.00687273   0.00000668     0.00000000   0.00000000
 -0.00237066   0.00277533     0.00000000   0.00000000    -0.01881901   0.00331157
    6    5
  0.01565368   0.00077206    -0.00000000   0.00000000    -0.01165715   0.00427740
 -0.00000000   0.00000000    -0.00687273  -0.00000668     0.00000000   0.00000000
 -0.00237066  -0.00277533     0.00000000  -0.00000000    -0.01881901  -0.00331157
    6    6
  0.12122177   0.00000000     0.00000000   0.00000000    -0.00099953   0.00000000
  0.00000000   0.00000000     0.48522260   0.00000000     0.00000000   0.00000000
 -0.00099953   0.00000000     0.00000000   0.00000000     0.10596939   0.00000000
    6    7
 -0.00414393  -0.01275372     0.00000000   0.00000000    -0.00008342  -0.00025674
  0.00000000   0.00000000    -0.00573047  -0.01763657    -0.00000000   0.00000000
  0.00022056   0.00067882    -0.00000000   0.00000000     0.00127269   0.00391693
    7    1
 -0.00302037  -0.00363964    -0.00000000   0.00000000     0.00247298   0.00179558
 -0.00000000  -0.00000000     0.01173184   0.00852148     0.00000000   0.00000000
  0.00108441  -0.00387854     0.00000000   0.00000000     0.00939073   0.00390257
    7    2
  0.00458285  -0.00116920     0.00000000   0.00000000    -0.00305610  -0.00000092
  0.00000000   0.00000000    -0.01450006  -0.00000178     0.00000000   0.00000000
  0.00140245  -0.00377520    -0.00000000  -0.00000000    -0.00989114  -0.00236249
    7    3
 -0.06933189   0.21338163     0.00000000   0.00000000    -0.00065980   0.00203066
  0.00000000   0.00000000    -0.00545735   0.01679599    -0.00000000   0.00000000
  0.00017870  -0.00054999    -0.00000000   0.00000000    -0.01278214   0.03933940
    7    4
  0.00121158  -0.00026875     0.00000000   0.00000000    -0.00624667  -0.00427680
  0.00000000   0.00000000    -0.00025073  -0.00169682     0.00000000  -0.00000000
  0.04465732   0.01560546     0.00000000  -0.00000000     0.00339834   0.00780524
    7    5
 -0.00082222  -0.00092957     0.00000000   0.00000000     0.00756750   0.00021170
  0.00000000   0.00000000     0.00120021  -0.00122538     0.00000000  -0.00000000
 -0.04530119  -0.01362383     0.00000000   0.00000000    -0.00733712   0.00431708
    7    6
 -0.00414393   0.01275372     0.00000000   0.00000000     0.00022056  -0.00067882
  0.00000000   0.00000000    -0.00573047   0.01763657     0.00000000   0.00000000
 -0.00008342   0.00025674     0.00000000   0.00000000     0.00127269  -0.00391693
    7    7
  0.70514687   0.00000000     0.00000000   0.00000000     0.00031145   0.00000000
  0.00000000   0.00000000     0.08905675   0.00000000     0.00000000   0.00000000
  0.00031145   0.00000000    -0.00000000   0.00000000     0.10451922   0.00000000

     Dynamical  Matrix in cartesian axes

     q = (   -0.400000000   0.000000000  -0.121439799 ) 

    1    1
  0.15589365   0.00000000     0.00000000   0.00000000     0.00106595   0.00511656
  0.00000000   0.00000000     0.06254646   0.00000000    -0.00000000   0.00000000
  0.00106595  -0.00511656     0.00000000   0.00000000     0.18207548   0.00000000
    1    2
 -0.00449193  -0.00284032     0.00000000   0.00000000    -0.04574905  -0.01569011
  0.00000000   0.00000000    -0.00260184   0.00316741    -0.00000000  -0.00000000
 -0.04574905  -0.01569011    -0.00000000   0.00000000     0.01175033   0.02455117
    1    3
  0.00025099   0.00307047    -0.00000000  -0.00000000     0.08436281   0.02231180
  0.00000000  -0.00000000    -0.00444838   0.00847776     0.00000000   0.00000000
  0.07976142   0.02187624     0.00000000   0.00000000    -0.02782507   0.00297745
    1    4
 -0.02332991   0.00099424    -0.00000000  -0.00000000    -0.01054251   0.00490902
 -0.00000000  -0.00000000    -0.00656191  -0.00002318     0.00000000   0.00000000
 -0.00518558   0.00461119     0.00000000   0.00000000    -0.04192406   0.00105202
    1    5
 -0.00187615   0.00811433     0.00000000   0.00000000    -0.03037259  -0.00850087
  0.00000000   0.00000000     0.00002983   0.00072958     0.00000000   0.00000000
  0.00870425   0.00334198     0.00000000   0.00000000    -0.00152190   0.01164608
    1    6
 -0.00404541   0.00524835     0.00000000   0.00000000    -0.00449735   0.00003255
  0.00000000   0.00000000     0.00008996   0.00044266     0.00000000   0.00000000
 -0.00659493  -0.00091209    -0.00000000  -0.00000000     0.00498304   0.00365202
    1    7
  0.00458285   0.00116920     0.00000000   0.00000000    -0.00140245  -0.00377520
  0.00000000   0.00000000    -0.01450006   0.00000178    -0.00000000   0.00000000
  0.00305610  -0.00000092     0.00000000  -0.00000000    -0.00989114   0.00236249
    2    1
 -0.00449193   0.00284032     0.00000000   0.00000000    -0.04574905   0.01569011
  0.00000000   0.00000000    -0.00260184  -0.00316741    -0.00000000   0.00000000
 -0.04574905   0.01569011    -0.00000000   0.00000000     0.01175033  -0.02455117
    2    2
  0.15589365   0.00000000     0.00000000   0.00000000     0.00106595  -0.00511656
  0.00000000   0.00000000     0.06254646   0.00000000    -0.00000000   0.00000000
  0.00106595   0.00511656     0.00000000   0.00000000     0.18207548   0.00000000
    2    3
  0.00025099  -0.00307047    -0.00000000   0.00000000     0.08436281  -0.02231180
  0.00000000   0.00000000    -0.00444838  -0.00847776     0.00000000  -0.00000000
  0.07976142  -0.02187624     0.00000000  -0.00000000    -0.02782507  -0.00297745
    2    4
 -0.00187615  -0.00811433     0.00000000   0.00000000    -0.03037259   0.00850087
  0.00000000   0.00000000     0.00002983  -0.00072958     0.00000000   0.00000000
  0.00870425  -0.00334198     0.00000000   0.00000000    -0.00152190  -0.01164608
    2    5
 -0.02332991  -0.00099424    -0.00000000   0.00000000    -0.01054251  -0.00490902
 -0.00000000   0.00000000    -0.00656191   0.00002318     0.00000000  -0.00000000
 -0.00518558  -0.00461119     0.00000000  -0.00000000    -0.04192406  -0.00105202
    2    6
 -0.00404541  -0.00524835     0.00000000  -0.00000000    -0.00449735  -0.00003255
  0.00000000   0.00000000     0.00008996  -0.00044266     0.00000000   0.00000000
 -0.00659493   0.00091209    -0.00000000   0.00000000     0.00498304  -0.00365202
    2    7
 -0.00302037   0.00363964    -0.00000000   0.00000000    -0.00108441  -0.00387854
  0.00000000   0.00000000     0.01173184  -0.00852148     0.00000000  -0.00000000
 -0.00247298   0.00179558     0.00000000   0.00000000     0.00939073  -0.00390257
    3    1
  0.00025099  -0.00307047     0.00000000   0.00000000     0.07976142  -0.02187624
  0.00000000   0.00000000    -0.00444838  -0.00847776    -0.00000000  -0.00000000
  0.08436281  -0.02231180    -0.00000000  -0.00000000    -0.02782507  -0.00297745
    3    2
  0.00025099   0.00307047     0.00000000  -0.00000000     0.07976142   0.02187624
  0.00000000  -0.00000000    -0.00444838   0.00847776    -0.00000000   0.00000000
  0.08436281   0.02231180    -0.00000000   0.00000000    -0.02782507   0.00297745
    3    3
  0.73855570   0.00000000     0.00000000   0.00000000     0.00681932   0.00000000
  0.00000000   0.00000000     0.69798664   0.00000000     0.00000000   0.00000000
  0.00681932   0.00000000     0.00000000   0.00000000     0.44991912   0.00000000
    3    4
 -0.07320502  -0.00186074     0.00000000   0.00000000    -0.01364281   0.00000337
  0.00000000   0.00000000    -0.06085642  -0.00025161     0.00000000  -0.00000000
 -0.01358808  -0.00520623     0.00000000  -0.00000000    -0.10711405   0.00754243
    3    5
 -0.07320502   0.00186074     0.00000000   0.00000000    -0.01364281  -0.00000337
  0.00000000   0.00000000    -0.06085642   0.00025161     0.00000000   0.00000000
 -0.01358808   0.00520623     0.00000000   0.00000000    -0.10711405  -0.00754243
    3    6
 -0.06798403   0.00000000    -0.00000000   0.00000000    -0.00131848   0.00000000
  0.00000000   0.00000000    -0.42042257   0.00000000     0.00000000   0.00000000
 -0.00645795   0.00000000     0.00000000   0.00000000    -0.06564093   0.00000000
    3    7
 -0.06933189  -0.21338163     0.00000000   0.00000000    -0.00017870  -0.00054999
  0.00000000   0.00000000    -0.00545735  -0.01679599    -0.00000000  -0.00000000
  0.00065980   0.00203066     0.00000000  -0.00000000    -0.01278214  -0.03933940
    4    1
 -0.02332991  -0.00099424    -0.00000000   0.00000000    -0.00518558  -0.00461119
 -0.00000000   0.00000000    -0.00656191   0.00002318     0.00000000  -0.00000000
 -0.01054251  -0.00490902     0.00000000  -0.00000000    -0.04192406  -0.00105202
    4    2
 -0.00187615   0.00811433     0.00000000   0.00000000     0.00870425   0.00334198
  0.00000000  -0.00000000     0.00002983   0.00072958     0.00000000   0.00000000
 -0.03037259  -0.00850087     0.00000000   0.00000000    -0.00152190   0.01164608
    4    3
 -0.07320502   0.00186074     0.00000000   0.00000000    -0.01358808   0.00520623
  0.00000000  -0.00000000    -0.06085642   0.00025161    -0.00000000   0.00000000
 -0.01364281  -0.00000337     0.00000000   0.00000000    -0.10711405  -0.00754243
    4    4
  0.11724584  -0.00000000     0.00000000   0.00000000     0.00395604  -0.00351016
  0.00000000   0.00000000     0.07728839   0.00000000     0.00000000   0.00000000
  0.00395604   0.00351016     0.00000000   0.00000000     0.27765215  -0.00000000
    4    5
  0.01259716  -0.00099740     0.00000000   0.00000000     0.03061391   0.00788631
 -0.00000000   0.00000000     0.01106852   0.00189999     0.00000000  -0.00000000
  0.03061391   0.00788631     0.00000000  -0.00000000    -0.03124257   0.01188131
    4    6
  0.01565368  -0.00077206     0.00000000   0.00000000     0.00237066  -0.00277533
 -0.00000000   0.00000000    -0.00687273   0.00000668     0.00000000  -0.00000000
  0.01165715   0.00427740     0.00000000  -0.00000000    -0.01881901   0.00331157
    4    7
 -0.00082222   0.00092957     0.00000000   0.00000000     0.04530119  -0.01362383
  0.00000000   0.00000000     0.00120021   0.00122538    -0.00000000   0.00000000
 -0.00756750   0.00021170     0.00000000  -0.00000000    -0.00733712  -0.00431708
    5    1
 -0.00187615  -0.00811433     0.00000000   0.00000000     0.00870425  -0.00334198
  0.00000000   0.00000000     0.00002983  -0.00072958     0.00000000  -0.00000000
 -0.03037259   0.00850087     0.00000000   0.00000000    -0.00152190  -0.01164608
    5    2
 -0.02332991   0.00099424    -0.00000000   0.00000000    -0.00518558   0.00461119
 -0.00000000   0.00000000    -0.00656191  -0.00002318     0.00000000   0.00000000
 -0.01054251   0.00490902     0.00000000   0.00000000    -0.04192406   0.00105202
    5    3
 -0.07320502  -0.00186074     0.00000000   0.00000000    -0.01358808  -0.00520623
  0.00000000   0.00000000    -0.06085642  -0.00025161    -0.00000000  -0.00000000
 -0.01364281   0.00000337     0.00000000  -0.00000000    -0.10711405   0.00754243
    5    4
  0.01259716   0.00099740     0.00000000  -0.00000000     0.03061391  -0.00788631
 -0.00000000  -0.00000000     0.01106852  -0.00189999     0.00000000   0.00000000
  0.03061391  -0.00788631     0.00000000   0.00000000    -0.03124257  -0.01188131
    5    5
  0.11724584   0.00000000     0.00000000   0.00000000     0.00395604   0.00351016
  0.00000000   0.00000000     0.07728839   0.00000000     0.00000000   0.00000000
  0.00395604  -0.00351016     0.00000000   0.00000000     0.27765215   0.00000000
    5    6
  0.01565368   0.00077206     0.00000000   0.00000000     0.00237066   0.00277533
 -0.00000000   0.00000000    -0.00687273  -0.00000668     0.00000000   0.00000000
  0.01165715  -0.00427740     0.00000000   0.00000000    -0.01881901  -0.00331157
    5    7
  0.00121158   0.00026875     0.00000000  -0.00000000    -0.04465732   0.01560546
  0.00000000  -0.00000000    -0.00025073   0.00169682     0.00000000   0.00000000
  0.00624667  -0.00427680     0.00000000   0.00000000     0.00339834  -0.00780524
    6    1
 -0.00404541  -0.00524835     0.00000000   0.00000000    -0.00659493   0.00091209
  0.00000000   0.00000000     0.00008996  -0.00044266     0.00000000   0.00000000
 -0.00449735  -0.00003255    -0.00000000   0.00000000     0.00498304  -0.00365202
    6    2
 -0.00404541   0.00524835     0.00000000   0.00000000    -0.00659493  -0.00091209
  0.00000000   0.00000000     0.00008996   0.00044266     0.00000000  -0.00000000
 -0.00449735   0.00003255    -0.00000000   0.00000000     0.00498304   0.00365202
    6    3
 -0.06798403   0.00000000     0.00000000   0.00000000    -0.00645795   0.00000000
 -0.00000000   0.00000000    -0.42042257   0.00000000     0.00000000   0.00000000
 -0.00131848   0.00000000    -0.00000000   0.00000000    -0.06564093   0.00000000
    6    4
  0.01565368   0.00077206     0.00000000   0.00000000     0.01165715  -0.00427740
  0.00000000   0.00000000    -0.00687273  -0.00000668     0.00000000  -0.00000000
  0.00237066   0.00277533     0.00000000   0.00000000    -0.01881901  -0.00331157
    6    5
  0.01565368  -0.00077206     0.00000000   0.00000000     0.01165715   0.00427740
  0.00000000   0.00000000    -0.00687273   0.00000668     0.00000000   0.00000000
  0.00237066  -0.00277533     0.00000000   0.00000000    -0.01881901   0.00331157
    6    6
  0.12122177   0.00000000     0.00000000   0.00000000     0.00099953   0.00000000
 -0.00000000   0.00000000     0.48522260   0.00000000     0.00000000   0.00000000
  0.00099953   0.00000000     0.00000000   0.00000000     0.10596939   0.00000000
    6    7
 -0.00414393  -0.01275372     0.00000000   0.00000000     0.00008342   0.00025674
  0.00000000   0.00000000    -0.00573047  -0.01763657     0.00000000   0.00000000
 -0.00022056  -0.00067882     0.00000000  -0.00000000     0.00127269   0.00391693
    7    1
  0.00458285  -0.00116920    -0.00000000   0.00000000     0.00305610   0.00000092
 -0.00000000   0.00000000    -0.01450006  -0.00000178     0.00000000  -0.00000000
 -0.00140245   0.00377520     0.00000000  -0.00000000    -0.00989114  -0.00236249
    7    2
 -0.00302037  -0.00363964    -0.00000000  -0.00000000    -0.00247298  -0.00179558
 -0.00000000   0.00000000     0.01173184   0.00852148     0.00000000   0.00000000
 -0.00108441   0.00387854     0.00000000   0.00000000     0.00939073   0.00390257
    7    3
 -0.06933189   0.21338163     0.00000000   0.00000000     0.00065980  -0.00203066
  0.00000000  -0.00000000    -0.00545735   0.01679599     0.00000000  -0.00000000
 -0.00017870   0.00054999     0.00000000   0.00000000    -0.01278214   0.03933940
    7    4
 -0.00082222  -0.00092957    -0.00000000   0.00000000    -0.00756750  -0.00021170
 -0.00000000   0.00000000     0.00120021  -0.00122538     0.00000000  -0.00000000
  0.04530119   0.01362383     0.00000000  -0.00000000    -0.00733712   0.00431708
    7    5
  0.00121158  -0.00026875     0.00000000   0.00000000     0.00624667   0.00427680
  0.00000000   0.00000000    -0.00025073  -0.00169682     0.00000000  -0.00000000
 -0.04465732  -0.01560546     0.00000000   0.00000000     0.00339834   0.00780524
    7    6
 -0.00414393   0.01275372     0.00000000   0.00000000    -0.00022056   0.00067882
  0.00000000   0.00000000    -0.00573047   0.01763657     0.00000000   0.00000000
  0.00008342  -0.00025674     0.00000000   0.00000000     0.00127269  -0.00391693
    7    7
  0.70514687   0.00000000     0.00000000   0.00000000    -0.00031145   0.00000000
  0.00000000   0.00000000     0.08905675   0.00000000     0.00000000   0.00000000
 -0.00031145   0.00000000     0.00000000   0.00000000     0.10451922   0.00000000

     Dynamical  Matrix in cartesian axes

     q = (    0.400000000   0.000000000   0.121439799 ) 

    1    1
  0.15589365   0.00000000     0.00000000   0.00000000     0.00106595  -0.00511656
  0.00000000   0.00000000     0.06254646   0.00000000    -0.00000000   0.00000000
  0.00106595   0.00511656     0.00000000   0.00000000     0.18207548   0.00000000
    1    2
 -0.00449193   0.00284032     0.00000000   0.00000000    -0.04574905   0.01569011
  0.00000000   0.00000000    -0.00260184  -0.00316741    -0.00000000   0.00000000
 -0.04574905   0.01569011    -0.00000000   0.00000000     0.01175033  -0.02455117
    1    3
  0.00025099  -0.00307047    -0.00000000   0.00000000     0.08436281  -0.02231180
  0.00000000   0.00000000    -0.00444838  -0.00847776     0.00000000  -0.00000000
  0.07976142  -0.02187624     0.00000000  -0.00000000    -0.02782507  -0.00297745
    1    4
 -0.02332991  -0.00099424    -0.00000000   0.00000000    -0.01054251  -0.00490902
 -0.00000000   0.00000000    -0.00656191   0.00002318     0.00000000  -0.00000000
 -0.00518558  -0.00461119     0.00000000  -0.00000000    -0.04192406  -0.00105202
    1    5
 -0.00187615  -0.00811433     0.00000000   0.00000000    -0.03037259   0.00850087
  0.00000000   0.00000000     0.00002983  -0.00072958     0.00000000   0.00000000
  0.00870425  -0.00334198     0.00000000   0.00000000    -0.00152190  -0.01164608
    1    6
 -0.00404541  -0.00524835     0.00000000  -0.00000000    -0.00449735  -0.00003255
  0.00000000   0.00000000     0.00008996  -0.00044266     0.00000000   0.00000000
 -0.00659493   0.00091209    -0.00000000   0.00000000     0.00498304  -0.00365202
    1    7
  0.00458285  -0.00116920    -0.00000000   0.00000000    -0.00140245   0.00377520
  0.00000000  -0.00000000    -0.01450006  -0.00000178     0.00000000   0.00000000
  0.00305610   0.00000092     0.00000000  -0.00000000    -0.00989114  -0.00236249
    2    1
 -0.00449193  -0.00284032     0.00000000   0.00000000    -0.04574905  -0.01569011
  0.00000000   0.00000000    -0.00260184   0.00316741    -0.00000000  -0.00000000
 -0.04574905  -0.01569011    -0.00000000   0.00000000     0.01175033   0.02455117
    2    2
  0.15589365   0.00000000     0.00000000   0.00000000     0.00106595   0.00511656
  0.00000000   0.00000000     0.06254646   0.00000000    -0.00000000   0.00000000
  0.00106595  -0.00511656     0.00000000   0.00000000     0.18207548   0.00000000
    2    3
  0.00025099   0.00307047    -0.00000000  -0.00000000     0.08436281   0.02231180
  0.00000000  -0.00000000    -0.00444838   0.00847776     0.00000000   0.00000000
  0.07976142   0.02187624     0.00000000   0.00000000    -0.02782507   0.00297745
    2    4
 -0.00187615   0.00811433     0.00000000   0.00000000    -0.03037259  -0.00850087
  0.00000000   0.00000000     0.00002983   0.00072958     0.00000000   0.00000000
  0.00870425   0.00334198     0.00000000   0.00000000    -0.00152190   0.01164608
    2    5
 -0.02332991   0.00099424    -0.00000000  -0.00000000    -0.01054251   0.00490902
 -0.00000000  -0.00000000    -0.00656191  -0.00002318     0.00000000   0.00000000
 -0.00518558   0.00461119     0.00000000   0.00000000    -0.04192406   0.00105202
    2    6
 -0.00404541   0.00524835     0.00000000   0.00000000    -0.00449735   0.00003255
  0.00000000   0.00000000     0.00008996   0.00044266     0.00000000   0.00000000
 -0.00659493  -0.00091209    -0.00000000  -0.00000000     0.00498304   0.00365202
    2    7
 -0.00302037  -0.00363964     0.00000000  -0.00000000    -0.00108441   0.00387854
  0.00000000  -0.00000000     0.01173184   0.00852148     0.00000000   0.00000000
 -0.00247298  -0.00179558     0.00000000   0.00000000     0.00939073   0.00390257
    3    1
  0.00025099   0.00307047     0.00000000  -0.00000000     0.07976142   0.02187624
  0.00000000  -0.00000000    -0.00444838   0.00847776    -0.00000000   0.00000000
  0.08436281   0.02231180    -0.00000000   0.00000000    -0.02782507   0.00297745
    3    2
  0.00025099  -0.00307047     0.00000000   0.00000000     0.07976142  -0.02187624
  0.00000000   0.00000000    -0.00444838  -0.00847776    -0.00000000  -0.00000000
  0.08436281  -0.02231180    -0.00000000  -0.00000000    -0.02782507  -0.00297745
    3    3
  0.73855570   0.00000000     0.00000000   0.00000000     0.00681932   0.00000000
  0.00000000   0.00000000     0.69798664   0.00000000     0.00000000   0.00000000
  0.00681932   0.00000000     0.00000000   0.00000000     0.44991912   0.00000000
    3    4
 -0.07320502   0.00186074     0.00000000   0.00000000    -0.01364281  -0.00000337
  0.00000000   0.00000000    -0.06085642   0.00025161     0.00000000   0.00000000
 -0.01358808   0.00520623     0.00000000   0.00000000    -0.10711405  -0.00754243
    3    5
 -0.07320502  -0.00186074     0.00000000   0.00000000    -0.01364281   0.00000337
  0.00000000   0.00000000    -0.06085642  -0.00025161     0.00000000  -0.00000000
 -0.01358808  -0.00520623     0.00000000  -0.00000000    -0.10711405   0.00754243
    3    6
 -0.06798403   0.00000000    -0.00000000   0.00000000    -0.00131848   0.00000000
  0.00000000   0.00000000    -0.42042257   0.00000000     0.00000000   0.00000000
 -0.00645795   0.00000000     0.00000000   0.00000000    -0.06564093   0.00000000
    3    7
 -0.06933189   0.21338163     0.00000000  -0.00000000    -0.00017870   0.00054999
  0.00000000  -0.00000000    -0.00545735   0.01679599    -0.00000000   0.00000000
  0.00065980  -0.00203066    -0.00000000   0.00000000    -0.01278214   0.03933940
    4    1
 -0.02332991   0.00099424    -0.00000000   0.00000000    -0.00518558   0.00461119
 -0.00000000   0.00000000    -0.00656191  -0.00002318     0.00000000   0.00000000
 -0.01054251   0.00490902     0.00000000   0.00000000    -0.04192406   0.00105202
    4    2
 -0.00187615  -0.00811433     0.00000000   0.00000000     0.00870425  -0.00334198
  0.00000000   0.00000000     0.00002983  -0.00072958     0.00000000  -0.00000000
 -0.03037259   0.00850087     0.00000000   0.00000000    -0.00152190  -0.01164608
    4    3
 -0.07320502  -0.00186074     0.00000000   0.00000000    -0.01358808  -0.00520623
  0.00000000   0.00000000    -0.06085642  -0.00025161    -0.00000000  -0.00000000
 -0.01364281   0.00000337     0.00000000  -0.00000000    -0.10711405   0.00754243
    4    4
  0.11724584   0.00000000     0.00000000   0.00000000     0.00395604   0.00351016
  0.00000000   0.00000000     0.07728839   0.00000000     0.00000000   0.00000000
  0.00395604  -0.00351016     0.00000000   0.00000000     0.27765215   0.00000000
    4    5
  0.01259716   0.00099740     0.00000000  -0.00000000     0.03061391  -0.00788631
 -0.00000000  -0.00000000     0.01106852  -0.00189999     0.00000000   0.00000000
  0.03061391  -0.00788631     0.00000000   0.00000000    -0.03124257  -0.01188131
    4    6
  0.01565368   0.00077206     0.00000000   0.00000000     0.00237066   0.00277533
 -0.00000000   0.00000000    -0.00687273  -0.00000668     0.00000000   0.00000000
  0.01165715  -0.00427740     0.00000000   0.00000000    -0.01881901  -0.00331157
    4    7
 -0.00082222  -0.00092957     0.00000000   0.00000000     0.04530119   0.01362383
  0.00000000   0.00000000     0.00120021  -0.00122538     0.00000000  -0.00000000
 -0.00756750  -0.00021170     0.00000000  -0.00000000    -0.00733712   0.00431708
    5    1
 -0.00187615   0.00811433     0.00000000   0.00000000     0.00870425   0.00334198
  0.00000000  -0.00000000     0.00002983   0.00072958     0.00000000   0.00000000
 -0.03037259  -0.00850087     0.00000000   0.00000000    -0.00152190   0.01164608
    5    2
 -0.02332991  -0.00099424    -0.00000000   0.00000000    -0.00518558  -0.00461119
 -0.00000000   0.00000000    -0.00656191   0.00002318     0.00000000  -0.00000000
 -0.01054251  -0.00490902     0.00000000  -0.00000000    -0.04192406  -0.00105202
    5    3
 -0.07320502   0.00186074     0.00000000   0.00000000    -0.01358808   0.00520623
  0.00000000  -0.00000000    -0.06085642   0.00025161    -0.00000000   0.00000000
 -0.01364281  -0.00000337     0.00000000   0.00000000    -0.10711405  -0.00754243
    5    4
  0.01259716  -0.00099740     0.00000000   0.00000000     0.03061391   0.00788631
 -0.00000000   0.00000000     0.01106852   0.00189999     0.00000000  -0.00000000
  0.03061391   0.00788631     0.00000000  -0.00000000    -0.03124257   0.01188131
    5    5
  0.11724584  -0.00000000     0.00000000   0.00000000     0.00395604  -0.00351016
  0.00000000   0.00000000     0.07728839   0.00000000     0.00000000   0.00000000
  0.00395604   0.00351016     0.00000000   0.00000000     0.27765215  -0.00000000
    5    6
  0.01565368  -0.00077206     0.00000000   0.00000000     0.00237066  -0.00277533
 -0.00000000   0.00000000    -0.00687273   0.00000668     0.00000000  -0.00000000
  0.01165715   0.00427740     0.00000000  -0.00000000    -0.01881901   0.00331157
    5    7
  0.00121158  -0.00026875     0.00000000  -0.00000000    -0.04465732  -0.01560546
  0.00000000   0.00000000    -0.00025073  -0.00169682     0.00000000  -0.00000000
  0.00624667   0.00427680     0.00000000   0.00000000     0.00339834   0.00780524
    6    1
 -0.00404541   0.00524835     0.00000000   0.00000000    -0.00659493  -0.00091209
  0.00000000   0.00000000     0.00008996   0.00044266     0.00000000  -0.00000000
 -0.00449735   0.00003255    -0.00000000   0.00000000     0.00498304   0.00365202
    6    2
 -0.00404541  -0.00524835     0.00000000   0.00000000    -0.00659493   0.00091209
  0.00000000   0.00000000     0.00008996  -0.00044266     0.00000000   0.00000000
 -0.00449735  -0.00003255    -0.00000000   0.00000000     0.00498304  -0.00365202
    6    3
 -0.06798403   0.00000000     0.00000000   0.00000000    -0.00645795   0.00000000
 -0.00000000   0.00000000    -0.42042257   0.00000000     0.00000000   0.00000000
 -0.00131848   0.00000000    -0.00000000   0.00000000    -0.06564093   0.00000000
    6    4
  0.01565368  -0.00077206     0.00000000   0.00000000     0.01165715   0.00427740
  0.00000000   0.00000000    -0.00687273   0.00000668     0.00000000   0.00000000
  0.00237066  -0.00277533     0.00000000   0.00000000    -0.01881901   0.00331157
    6    5
  0.01565368   0.00077206     0.00000000   0.00000000     0.01165715  -0.00427740
  0.00000000   0.00000000    -0.00687273  -0.00000668     0.00000000  -0.00000000
  0.00237066   0.00277533     0.00000000   0.00000000    -0.01881901  -0.00331157
    6    6
  0.12122177   0.00000000     0.00000000   0.00000000     0.00099953   0.00000000
 -0.00000000   0.00000000     0.48522260   0.00000000     0.00000000   0.00000000
  0.00099953   0.00000000     0.00000000   0.00000000     0.10596939   0.00000000
    6    7
 -0.00414393   0.01275372     0.00000000  -0.00000000     0.00008342  -0.00025674
  0.00000000   0.00000000    -0.00573047   0.01763657    -0.00000000   0.00000000
 -0.00022056   0.00067882    -0.00000000   0.00000000     0.00127269  -0.00391693
    7    1
  0.00458285   0.00116920     0.00000000   0.00000000     0.00305610  -0.00000092
  0.00000000   0.00000000    -0.01450006   0.00000178     0.00000000  -0.00000000
 -0.00140245  -0.00377520     0.00000000  -0.00000000    -0.00989114   0.00236249
    7    2
 -0.00302037   0.00363964     0.00000000  -0.00000000    -0.00247298   0.00179558
  0.00000000  -0.00000000     0.01173184  -0.00852148     0.00000000   0.00000000
 -0.00108441  -0.00387854    -0.00000000   0.00000000     0.00939073  -0.00390257
    7    3
 -0.06933189  -0.21338163     0.00000000   0.00000000     0.00065980   0.00203066
  0.00000000   0.00000000    -0.00545735  -0.01679599    -0.00000000   0.00000000
 -0.00017870  -0.00054999    -0.00000000  -0.00000000    -0.01278214  -0.03933940
    7    4
 -0.00082222   0.00092957     0.00000000   0.00000000    -0.00756750   0.00021170
  0.00000000  -0.00000000     0.00120021   0.00122538    -0.00000000  -0.00000000
  0.04530119  -0.01362383     0.00000000   0.00000000    -0.00733712  -0.00431708
    7    5
  0.00121158   0.00026875     0.00000000  -0.00000000     0.00624667  -0.00427680
  0.00000000   0.00000000    -0.00025073   0.00169682    -0.00000000   0.00000000
 -0.04465732   0.01560546    -0.00000000   0.00000000     0.00339834  -0.00780524
    7    6
 -0.00414393  -0.01275372     0.00000000   0.00000000    -0.00022056  -0.00067882
  0.00000000   0.00000000    -0.00573047  -0.01763657     0.00000000   0.00000000
  0.00008342   0.00025674    -0.00000000  -0.00000000     0.00127269   0.00391693
    7    7
  0.70514687   0.00000000     0.00000000   0.00000000    -0.00031145   0.00000000
  0.00000000   0.00000000     0.08905675   0.00000000     0.00000000   0.00000000
 -0.00031145   0.00000000     0.00000000   0.00000000     0.10451922   0.00000000

     Dynamical  Matrix in cartesian axes

     q = (    0.000000000  -0.400000000   0.121439799 ) 

    1    1
  0.06254646   0.00000000     0.00000000   0.00000000     0.00000000   0.00000000
  0.00000000   0.00000000     0.15589365   0.00000000    -0.00106595   0.00511656
  0.00000000   0.00000000    -0.00106595  -0.00511656     0.18207548   0.00000000
    1    2
 -0.00260184  -0.00316741     0.00000000   0.00000000     0.00000000  -0.00000000
  0.00000000   0.00000000    -0.00449193   0.00284032     0.04574905  -0.01569011
  0.00000000  -0.00000000     0.04574905  -0.01569011     0.01175033  -0.02455117
    1    3
 -0.00444838  -0.00847776     0.00000000   0.00000000    -0.00000000   0.00000000
 -0.00000000   0.00000000     0.00025099  -0.00307047    -0.08436281   0.02231180
 -0.00000000   0.00000000    -0.07976142   0.02187624    -0.02782507  -0.00297745
    1    4
 -0.00656191   0.00002318    -0.00000000   0.00000000    -0.00000000   0.00000000
 -0.00000000   0.00000000    -0.02332991  -0.00099424     0.01054251   0.00490902
 -0.00000000   0.00000000     0.00518558   0.00461119    -0.04192406  -0.00105202
    1    5
  0.00002983  -0.00072958     0.00000000   0.00000000     0.00000000   0.00000000
  0.00000000   0.00000000    -0.00187615  -0.00811433     0.03037259  -0.00850087
  0.00000000   0.00000000    -0.00870425   0.00334198    -0.00152190  -0.01164608
    1    6
 -0.01450006  -0.00000178     0.00000000  -0.00000000     0.00000000  -0.00000000
 -0.00000000   0.00000000     0.00458285  -0.00116920     0.00140245  -0.00377520
 -0.00000000   0.00000000    -0.00305610  -0.00000092    -0.00989114  -0.00236249
    1    7
  0.00008996  -0.00044266     0.00000000   0.00000000     0.00000000   0.00000000
  0.00000000  -0.00000000    -0.00404541  -0.00524835     0.00449735   0.00003255
  0.00000000  -0.00000000     0.00659493  -0.00091209     0.00498304  -0.00365202
    2    1
 -0.00260184   0.00316741     0.00000000   0.00000000     0.00000000   0.00000000
  0.00000000   0.00000000    -0.00449193  -0.00284032     0.04574905   0.01569011
  0.00000000   0.00000000     0.04574905   0.01569011     0.01175033   0.02455117
    2    2
  0.06254646   0.00000000     0.00000000   0.00000000     0.00000000   0.00000000
  0.00000000   0.00000000     0.15589365   0.00000000    -0.00106595  -0.00511656
  0.00000000   0.00000000    -0.00106595   0.00511656     0.18207548   0.00000000
    2    3
 -0.00444838   0.00847776     0.00000000  -0.00000000    -0.00000000   0.00000000
 -0.00000000  -0.00000000     0.00025099   0.00307047    -0.08436281  -0.02231180
 -0.00000000  -0.00000000    -0.07976142  -0.02187624    -0.02782507   0.00297745
    2    4
  0.00002983   0.00072958     0.00000000   0.00000000     0.00000000   0.00000000
  0.00000000   0.00000000    -0.00187615   0.00811433     0.03037259   0.00850087
  0.00000000   0.00000000    -0.00870425  -0.00334198    -0.00152190   0.01164608
    2    5
 -0.00656191  -0.00002318    -0.00000000  -0.00000000    -0.00000000  -0.00000000
 -0.00000000  -0.00000000    -0.02332991   0.00099424     0.01054251  -0.00490902
 -0.00000000  -0.00000000     0.00518558  -0.00461119    -0.04192406   0.00105202
    2    6
  0.01173184   0.00852148     0.00000000  -0.00000000     0.00000000  -0.00000000
  0.00000000  -0.00000000    -0.00302037  -0.00363964     0.00108441  -0.00387854
  0.00000000  -0.00000000     0.00247298   0.00179558     0.00939073   0.00390257
    2    7
  0.00008996   0.00044266     0.00000000   0.00000000     0.00000000   0.00000000
  0.00000000   0.00000000    -0.00404541   0.00524835     0.00449735  -0.00003255
  0.00000000   0.00000000     0.00659493   0.00091209     0.00498304   0.00365202
    3    1
 -0.00444838   0.00847776     0.00000000  -0.00000000     0.00000000  -0.00000000
  0.00000000  -0.00000000     0.00025099   0.00307047    -0.07976142  -0.02187624
  0.00000000  -0.00000000    -0.08436281  -0.02231180    -0.02782507   0.00297745
    3    2
 -0.00444838  -0.00847776     0.00000000   0.00000000     0.00000000   0.00000000
  0.00000000   0.00000000     0.00025099  -0.00307047    -0.07976142   0.02187624
  0.00000000   0.00000000    -0.08436281   0.02231180    -0.02782507  -0.00297745
    3    3
  0.69798664   0.00000000     0.00000000   0.00000000    -0.00000000   0.00000000
  0.00000000   0.00000000     0.73855570   0.00000000    -0.00681932   0.00000000
  0.00000000   0.00000000    -0.00681932   0.00000000     0.44991912   0.00000000
    3    4
 -0.06085642   0.00025161     0.00000000   0.00000000     0.00000000  -0.00000000
  0.00000000   0.00000000    -0.07320502   0.00186074     0.01364281   0.00000337
  0.00000000  -0.00000000     0.01358808  -0.00520623    -0.10711405  -0.00754243
    3    5
 -0.06085642  -0.00025161     0.00000000   0.00000000     0.00000000   0.00000000
  0.00000000   0.00000000    -0.07320502  -0.00186074     0.01364281  -0.00000337
  0.00000000   0.00000000     0.01358808   0.00520623    -0.10711405   0.00754243
    3    6
 -0.00545735   0.01679599     0.00000000  -0.00000000     0.00000000  -0.00000000
  0.00000000  -0.00000000    -0.06933189   0.21338163     0.00017870  -0.00054999
  0.00000000  -0.00000000    -0.00065980   0.00203066    -0.01278214   0.03933940
    3    7
 -0.42042257   0.00000000     0.00000000   0.00000000     0.00000000   0.00000000
 -0.00000000   0.00000000    -0.06798403   0.00000000     0.00131848   0.00000000
 -0.00000000   0.00000000     0.00645795   0.00000000    -0.06564093   0.00000000
    4    1
 -0.00656191  -0.00002318    -0.00000000   0.00000000    -0.00000000  -0.00000000
 -0.00000000   0.00000000    -0.02332991   0.00099424     0.00518558  -0.00461119
 -0.00000000   0.00000000     0.01054251  -0.00490902    -0.04192406   0.00105202
    4    2
  0.00002983  -0.00072958     0.00000000   0.00000000     0.00000000   0.00000000
  0.00000000   0.00000000    -0.00187615  -0.00811433    -0.00870425   0.00334198
 -0.00000000   0.00000000     0.03037259  -0.00850087    -0.00152190  -0.01164608
    4    3
 -0.06085642  -0.00025161     0.00000000   0.00000000     0.00000000   0.00000000
  0.00000000   0.00000000    -0.07320502  -0.00186074     0.01358808   0.00520623
  0.00000000   0.00000000     0.01364281  -0.00000337    -0.10711405   0.00754243
    4    4
  0.07728839   0.00000000     0.00000000   0.00000000    -0.00000000   0.00000000
  0.00000000   0.00000000     0.11724584   0.00000000    -0.00395604  -0.00351016
 -0.00000000   0.00000000    -0.00395604   0.00351016     0.27765215   0.00000000
    4    5
  0.01106852  -0.00189999    -0.00000000  -0.00000000    -0.00000000  -0.00000000
  0.00000000  -0.00000000     0.01259716   0.00099740    -0.03061391   0.00788631
 -0.00000000  -0.00000000    -0.03061391   0.00788631    -0.03124257  -0.01188131
    4    6
  0.00120021  -0.00122538     0.00000000   0.00000000     0.00000000   0.00000000
  0.00000000   0.00000000    -0.00082222  -0.00092957    -0.04530119  -0.01362383
 -0.00000000   0.00000000     0.00756750   0.00021170    -0.00733712   0.00431708
    4    7
 -0.00687273  -0.00000668    -0.00000000   0.00000000    -0.00000000  -0.00000000
  0.00000000   0.00000000     0.01565368   0.00077206    -0.00237066  -0.00277533
  0.00000000  -0.00000000    -0.01165715   0.00427740    -0.01881901  -0.00331157
    5    1
  0.00002983   0.00072958     0.00000000  -0.00000000     0.00000000  -0.00000000
  0.00000000   0.00000000    -0.00187615   0.00811433    -0.00870425  -0.00334198
 -0.00000000   0.00000000     0.03037259   0.00850087    -0.00152190   0.01164608
    5    2
 -0.00656191   0.00002318    -0.00000000   0.00000000    -0.00000000   0.00000000
 -0.00000000   0.00000000    -0.02332991  -0.00099424     0.00518558   0.00461119
 -0.00000000   0.00000000     0.01054251   0.00490902    -0.04192406  -0.00105202
    5    3
 -0.06085642   0.00025161     0.00000000  -0.00000000     0.00000000  -0.00000000
  0.00000000   0.00000000    -0.07320502   0.00186074     0.01358808  -0.00520623
  0.00000000  -0.00000000     0.01364281   0.00000337    -0.10711405  -0.00754243
    5    4
  0.01106852   0.00189999    -0.00000000   0.00000000    -0.00000000   0.00000000
  0.00000000   0.00000000     0.01259716  -0.00099740    -0.03061391  -0.00788631
 -0.00000000   0.00000000    -0.03061391  -0.00788631    -0.03124257   0.01188131
    5    5
  0.07728839   0.00000000     0.00000000   0.00000000    -0.00000000  -0.00000000
  0.00000000   0.00000000     0.11724584  -0.00000000    -0.00395604   0.00351016
 -0.00000000   0.00000000    -0.00395604  -0.00351016     0.27765215  -0.00000000
    5    6
 -0.00025073  -0.00169682     0.00000000   0.00000000    -0.00000000   0.00000000
  0.00000000  -0.00000000     0.00121158  -0.00026875     0.04465732   0.01560546
 -0.00000000  -0.00000000    -0.00624667  -0.00427680     0.00339834   0.00780524
    5    7
 -0.00687273   0.00000668    -0.00000000   0.00000000    -0.00000000   0.00000000
  0.00000000   0.00000000     0.01565368  -0.00077206    -0.00237066   0.00277533
  0.00000000   0.00000000    -0.01165715  -0.00427740    -0.01881901   0.00331157
    6    1
 -0.01450006   0.00000178     0.00000000   0.00000000     0.00000000   0.00000000
  0.00000000   0.00000000     0.00458285   0.00116920    -0.00305610   0.00000092
 -0.00000000   0.00000000     0.00140245   0.00377520    -0.00989114   0.00236249
    6    2
  0.01173184  -0.00852148     0.00000000  -0.00000000     0.00000000  -0.00000000
  0.00000000  -0.00000000    -0.00302037   0.00363964     0.00247298  -0.00179558
  0.00000000  -0.00000000     0.00108441   0.00387854     0.00939073  -0.00390257
    6    3
 -0.00545735  -0.01679599     0.00000000   0.00000000     0.00000000  -0.00000000
  0.00000000   0.00000000    -0.06933189  -0.21338163    -0.00065980  -0.00203066
  0.00000000   0.00000000     0.00017870   0.00054999    -0.01278214  -0.03933940
    6    4
  0.00120021   0.00122538     0.00000000  -0.00000000     0.00000000   0.00000000
  0.00000000   0.00000000    -0.00082222   0.00092957     0.00756750  -0.00021170
 -0.00000000   0.00000000    -0.04530119   0.01362383    -0.00733712  -0.00431708
    6    5
 -0.00025073   0.00169682     0.00000000   0.00000000     0.00000000  -0.00000000
  0.00000000  -0.00000000     0.00121158   0.00026875    -0.00624667   0.00427680
  0.00000000  -0.00000000     0.04465732  -0.01560546     0.00339834  -0.00780524
    6    6
  0.08905675   0.00000000     0.00000000   0.00000000     0.00000000   0.00000000
  0.00000000   0.00000000     0.70514687   0.00000000     0.00031145   0.00000000
 -0.00000000   0.00000000     0.00031145   0.00000000     0.10451922   0.00000000
    6    7
 -0.00573047  -0.01763657     0.00000000   0.00000000    -0.00000000   0.00000000
  0.00000000   0.00000000    -0.00414393  -0.01275372     0.00022056   0.00067882
  0.00000000   0.00000000    -0.00008342  -0.00025674     0.00127269   0.00391693
    7    1
  0.00008996   0.00044266     0.00000000   0.00000000    -0.00000000   0.00000000
  0.00000000   0.00000000    -0.00404541   0.00524835     0.00659493   0.00091209
  0.00000000   0.00000000     0.00449735  -0.00003255     0.00498304   0.00365202
    7    2
  0.00008996  -0.00044266     0.00000000   0.00000000    -0.00000000  -0.00000000
  0.00000000   0.00000000    -0.00404541  -0.00524835     0.00659493  -0.00091209
  0.00000000   0.00000000     0.00449735   0.00003255     0.00498304  -0.00365202
    7    3
 -0.42042257   0.00000000    -0.00000000   0.00000000    -0.00000000   0.00000000
  0.00000000   0.00000000    -0.06798403   0.00000000     0.00645795   0.00000000
  0.00000000   0.00000000     0.00131848   0.00000000    -0.06564093   0.00000000
    7    4
 -0.00687273   0.00000668     0.00000000   0.00000000     0.00000000  -0.00000000
  0.00000000   0.00000000     0.01565368  -0.00077206    -0.01165715  -0.00427740
  0.00000000   0.00000000    -0.00237066   0.00277533    -0.01881901   0.00331157
    7    5
 -0.00687273  -0.00000668     0.00000000   0.00000000     0.00000000   0.00000000
  0.00000000   0.00000000     0.01565368   0.00077206    -0.01165715   0.00427740
  0.00000000   0.00000000    -0.00237066  -0.00277533    -0.01881901  -0.00331157
    7    6
 -0.00573047   0.01763657     0.00000000   0.00000000     0.00000000  -0.00000000
  0.00000000  -0.00000000    -0.00414393   0.01275372    -0.00008342   0.00025674
  0.00000000  -0.00000000     0.00022056  -0.00067882     0.00127269  -0.00391693
    7    7
  0.48522260   0.00000000    -0.00000000   0.00000000    -0.00000000   0.00000000
  0.00000000   0.00000000     0.12122177   0.00000000    -0.00099953   0.00000000
  0.00000000   0.00000000    -0.00099953   0.00000000     0.10596939   0.00000000

     Dynamical  Matrix in cartesian axes

     q = (    0.000000000   0.400000000   0.121439799 ) 

    1    1
  0.06254646   0.00000000     0.00000000   0.00000000     0.00000000   0.00000000
  0.00000000   0.00000000     0.15589365   0.00000000     0.00106595  -0.00511656
  0.00000000   0.00000000     0.00106595   0.00511656     0.18207548   0.00000000
    1    2
 -0.00260184  -0.00316741     0.00000000   0.00000000     0.00000000  -0.00000000
  0.00000000   0.00000000    -0.00449193   0.00284032    -0.04574905   0.01569011
  0.00000000  -0.00000000    -0.04574905   0.01569011     0.01175033  -0.02455117
    1    3
 -0.00444838  -0.00847776    -0.00000000   0.00000000     0.00000000   0.00000000
  0.00000000   0.00000000     0.00025099  -0.00307047     0.08436281  -0.02231180
  0.00000000   0.00000000     0.07976142  -0.02187624    -0.02782507  -0.00297745
    1    4
 -0.00656191   0.00002318     0.00000000   0.00000000     0.00000000   0.00000000
  0.00000000   0.00000000    -0.02332991  -0.00099424    -0.01054251  -0.00490902
  0.00000000   0.00000000    -0.00518558  -0.00461119    -0.04192406  -0.00105202
    1    5
  0.00002983  -0.00072958     0.00000000   0.00000000     0.00000000   0.00000000
  0.00000000   0.00000000    -0.00187615  -0.00811433    -0.03037259   0.00850087
 -0.00000000   0.00000000     0.00870425  -0.00334198    -0.00152190  -0.01164608
    1    6
  0.01173184  -0.00852148    -0.00000000   0.00000000    -0.00000000   0.00000000
  0.00000000   0.00000000    -0.00302037   0.00363964    -0.00108441  -0.00387854
 -0.00000000   0.00000000    -0.00247298   0.00179558     0.00939073  -0.00390257
    1    7
  0.00008996  -0.00044266     0.00000000  -0.00000000    -0.00000000   0.00000000
 -0.00000000   0.00000000    -0.00404541  -0.00524835    -0.00449735  -0.00003255
  0.00000000   0.00000000    -0.00659493   0.00091209     0.00498304  -0.00365202
    2    1
 -0.00260184   0.00316741     0.00000000   0.00000000     0.00000000   0.00000000
  0.00000000   0.00000000    -0.00449193  -0.00284032    -0.04574905  -0.01569011
  0.00000000   0.00000000    -0.04574905  -0.01569011     0.01175033   0.02455117
    2    2
  0.06254646   0.00000000     0.00000000   0.00000000     0.00000000   0.00000000
  0.00000000   0.00000000     0.15589365   0.00000000     0.00106595   0.00511656
  0.00000000   0.00000000     0.00106595  -0.00511656     0.18207548   0.00000000
    2    3
 -0.00444838   0.00847776    -0.00000000  -0.00000000     0.00000000  -0.00000000
  0.00000000   0.00000000     0.00025099   0.00307047     0.08436281   0.02231180
  0.00000000  -0.00000000     0.07976142   0.02187624    -0.02782507   0.00297745
    2    4
  0.00002983   0.00072958     0.00000000  -0.00000000     0.00000000   0.00000000
  0.00000000  -0.00000000    -0.00187615   0.00811433    -0.03037259  -0.00850087
 -0.00000000  -0.00000000     0.00870425   0.00334198    -0.00152190   0.01164608
    2    5
 -0.00656191  -0.00002318     0.00000000   0.00000000     0.00000000   0.00000000
  0.00000000   0.00000000    -0.02332991   0.00099424    -0.01054251   0.00490902
  0.00000000   0.00000000    -0.00518558   0.00461119    -0.04192406   0.00105202
    2    6
 -0.01450006   0.00000178     0.00000000   0.00000000     0.00000000   0.00000000
  0.00000000  -0.00000000     0.00458285   0.00116920    -0.00140245  -0.00377520
  0.00000000  -0.00000000     0.00305610  -0.00000092    -0.00989114   0.00236249
    2    7
  0.00008996   0.00044266     0.00000000   0.00000000    -0.00000000   0.00000000
 -0.00000000   0.00000000    -0.00404541   0.00524835    -0.00449735   0.00003255
  0.00000000   0.00000000    -0.00659493  -0.00091209     0.00498304   0.00365202
    3    1
 -0.00444838   0.00847776     0.00000000   0.00000000     0.00000000   0.00000000
  0.00000000   0.00000000     0.00025099   0.00307047     0.07976142   0.02187624
  0.00000000   0.00000000     0.08436281   0.02231180    -0.02782507   0.00297745
    3    2
 -0.00444838  -0.00847776     0.00000000  -0.00000000     0.00000000  -0.00000000
  0.00000000  -0.00000000     0.00025099  -0.00307047     0.07976142  -0.02187624
  0.00000000  -0.00000000     0.08436281  -0.02231180    -0.02782507  -0.00297745
    3    3
  0.69798664   0.00000000     0.00000000   0.00000000     0.00000000   0.00000000
  0.00000000   0.00000000     0.73855570   0.00000000     0.00681932   0.00000000
  0.00000000   0.00000000     0.00681932   0.00000000     0.44991912   0.00000000
    3    4
 -0.06085642   0.00025161     0.00000000   0.00000000     0.00000000   0.00000000
  0.00000000   0.00000000    -0.07320502   0.00186074    -0.01364281  -0.00000337
  0.00000000   0.00000000    -0.01358808   0.00520623    -0.10711405  -0.00754243
    3    5
 -0.06085642  -0.00025161     0.00000000   0.00000000     0.00000000   0.00000000
  0.00000000   0.00000000    -0.07320502  -0.00186074    -0.01364281   0.00000337
  0.00000000   0.00000000    -0.01358808  -0.00520623    -0.10711405   0.00754243
    3    6
 -0.00545735  -0.01679599     0.00000000   0.00000000     0.00000000   0.00000000
  0.00000000   0.00000000    -0.06933189  -0.21338163    -0.00017870  -0.00054999
  0.00000000   0.00000000     0.00065980   0.00203066    -0.01278214  -0.03933940
    3    7
 -0.42042257   0.00000000    -0.00000000   0.00000000    -0.00000000   0.00000000
  0.00000000   0.00000000    -0.06798403   0.00000000    -0.00131848   0.00000000
  0.00000000   0.00000000    -0.00645795   0.00000000    -0.06564093   0.00000000
    4    1
 -0.00656191  -0.00002318     0.00000000   0.00000000     0.00000000   0.00000000
  0.00000000   0.00000000    -0.02332991   0.00099424    -0.00518558   0.00461119
  0.00000000   0.00000000    -0.01054251   0.00490902    -0.04192406   0.00105202
    4    2
  0.00002983  -0.00072958     0.00000000   0.00000000    -0.00000000   0.00000000
  0.00000000   0.00000000    -0.00187615  -0.00811433     0.00870425  -0.00334198
  0.00000000   0.00000000    -0.03037259   0.00850087    -0.00152190  -0.01164608
    4    3
 -0.06085642  -0.00025161     0.00000000  -0.00000000    -0.00000000  -0.00000000
  0.00000000   0.00000000    -0.07320502  -0.00186074    -0.01358808  -0.00520623
  0.00000000   0.00000000    -0.01364281   0.00000337    -0.10711405   0.00754243
    4    4
  0.07728839   0.00000000     0.00000000   0.00000000    -0.00000000   0.00000000
  0.00000000   0.00000000     0.11724584   0.00000000     0.00395604   0.00351016
  0.00000000   0.00000000     0.00395604  -0.00351016     0.27765215   0.00000000
    4    5
  0.01106852  -0.00189999     0.00000000   0.00000000     0.00000000  -0.00000000
  0.00000000   0.00000000     0.01259716   0.00099740     0.03061391  -0.00788631
  0.00000000  -0.00000000     0.03061391  -0.00788631    -0.03124257  -0.01188131
    4    6
 -0.00025073   0.00169682     0.00000000  -0.00000000     0.00000000   0.00000000
  0.00000000   0.00000000     0.00121158   0.00026875    -0.04465732   0.01560546
  0.00000000   0.00000000     0.00624667  -0.00427680     0.00339834  -0.00780524
    4    7
 -0.00687273  -0.00000668     0.00000000   0.00000000     0.00000000  -0.00000000
 -0.00000000   0.00000000     0.01565368   0.00077206     0.00237066   0.00277533
  0.00000000   0.00000000     0.01165715  -0.00427740    -0.01881901  -0.00331157
    5    1
  0.00002983   0.00072958     0.00000000   0.00000000    -0.00000000  -0.00000000
  0.00000000  -0.00000000    -0.00187615   0.00811433     0.00870425   0.00334198
  0.00000000  -0.00000000    -0.03037259  -0.00850087    -0.00152190   0.01164608
    5    2
 -0.00656191   0.00002318     0.00000000  -0.00000000     0.00000000   0.00000000
  0.00000000   0.00000000    -0.02332991  -0.00099424    -0.00518558  -0.00461119
  0.00000000   0.00000000    -0.01054251  -0.00490902    -0.04192406  -0.00105202
    5    3
 -0.06085642   0.00025161     0.00000000   0.00000000    -0.00000000   0.00000000
  0.00000000   0.00000000    -0.07320502   0.00186074    -0.01358808   0.00520623
  0.00000000   0.00000000    -0.01364281  -0.00000337    -0.10711405  -0.00754243
    5    4
  0.01106852   0.00189999     0.00000000   0.00000000     0.00000000   0.00000000
  0.00000000   0.00000000     0.01259716  -0.00099740     0.03061391   0.00788631
  0.00000000   0.00000000     0.03061391   0.00788631    -0.03124257   0.01188131
    5    5
  0.07728839   0.00000000     0.00000000   0.00000000    -0.00000000   0.00000000
  0.00000000   0.00000000     0.11724584  -0.00000000     0.00395604  -0.00351016
  0.00000000   0.00000000     0.00395604   0.00351016     0.27765215  -0.00000000
    5    6
  0.00120021   0.00122538     0.00000000   0.00000000    -0.00000000   0.00000000
 -0.00000000  -0.00000000    -0.00082222   0.00092957     0.04530119  -0.01362383
  0.00000000  -0.00000000    -0.00756750   0.00021170    -0.00733712  -0.00431708
    5    7
 -0.00687273   0.00000668     0.00000000   0.00000000     0.00000000   0.00000000
 -0.00000000   0.00000000     0.01565368  -0.00077206     0.00237066  -0.00277533
  0.00000000   0.00000000     0.01165715   0.00427740    -0.01881901   0.00331157
    6    1
  0.01173184   0.00852148    -0.00000000  -0.00000000    -0.00000000  -0.00000000
 -0.00000000   0.00000000    -0.00302037  -0.00363964    -0.00247298  -0.00179558
 -0.00000000   0.00000000    -0.00108441   0.00387854     0.00939073   0.00390257
    6    2
 -0.01450006  -0.00000178     0.00000000   0.00000000     0.00000000   0.00000000
  0.00000000   0.00000000     0.00458285  -0.00116920     0.00305610   0.00000092
  0.00000000   0.00000000    -0.00140245   0.00377520    -0.00989114  -0.00236249
    6    3
 -0.00545735   0.01679599     0.00000000   0.00000000     0.00000000  -0.00000000
  0.00000000   0.00000000    -0.06933189   0.21338163     0.00065980  -0.00203066
  0.00000000   0.00000000    -0.00017870   0.00054999    -0.01278214   0.03933940
    6    4
 -0.00025073  -0.00169682     0.00000000   0.00000000     0.00000000   0.00000000
  0.00000000   0.00000000     0.00121158  -0.00026875     0.00624667   0.00427680
  0.00000000   0.00000000    -0.04465732  -0.01560546     0.00339834   0.00780524
    6    5
  0.00120021  -0.00122538     0.00000000   0.00000000    -0.00000000   0.00000000
  0.00000000   0.00000000    -0.00082222  -0.00092957    -0.00756750  -0.00021170
 -0.00000000   0.00000000     0.04530119   0.01362383    -0.00733712   0.00431708
    6    6
  0.08905675   0.00000000     0.00000000   0.00000000     0.00000000   0.00000000
  0.00000000   0.00000000     0.70514687   0.00000000    -0.00031145   0.00000000
  0.00000000   0.00000000    -0.00031145   0.00000000     0.10451922   0.00000000
    6    7
 -0.00573047   0.01763657     0.00000000   0.00000000    -0.00000000   0.00000000
  0.00000000   0.00000000    -0.00414393   0.01275372    -0.00022056   0.00067882
 -0.00000000   0.00000000     0.00008342  -0.00025674     0.00127269  -0.00391693
    7    1
  0.00008996   0.00044266     0.00000000   0.00000000     0.00000000   0.00000000
 -0.00000000   0.00000000    -0.00404541   0.00524835    -0.00659493  -0.00091209
 -0.00000000   0.00000000    -0.00449735   0.00003255     0.00498304   0.00365202
    7    2
  0.00008996  -0.00044266     0.00000000   0.00000000     0.00000000  -0.00000000
 -0.00000000   0.00000000    -0.00404541  -0.00524835    -0.00659493   0.00091209
 -0.00000000  -0.00000000    -0.00449735  -0.00003255     0.00498304  -0.00365202
    7    3
 -0.42042257   0.00000000     0.00000000   0.00000000     0.00000000   0.00000000
 -0.00000000   0.00000000    -0.06798403   0.00000000    -0.00645795   0.00000000
 -0.00000000   0.00000000    -0.00131848   0.00000000    -0.06564093   0.00000000
    7    4
 -0.00687273   0.00000668    -0.00000000  -0.00000000    -0.00000000   0.00000000
 -0.00000000   0.00000000     0.01565368  -0.00077206     0.01165715   0.00427740
  0.00000000  -0.00000000     0.00237066  -0.00277533    -0.01881901   0.00331157
    7    5
 -0.00687273  -0.00000668    -0.00000000   0.00000000    -0.00000000   0.00000000
 -0.00000000   0.00000000     0.01565368   0.00077206     0.01165715  -0.00427740
  0.00000000   0.00000000     0.00237066   0.00277533    -0.01881901  -0.00331157
    7    6
 -0.00573047  -0.01763657     0.00000000   0.00000000     0.00000000   0.00000000
  0.00000000   0.00000000    -0.00414393  -0.01275372     0.00008342   0.00025674
  0.00000000  -0.00000000    -0.00022056  -0.00067882     0.00127269   0.00391693
    7    7
  0.48522260   0.00000000     0.00000000   0.00000000     0.00000000   0.00000000
  0.00000000   0.00000000     0.12122177   0.00000000     0.00099953   0.00000000
 -0.00000000   0.00000000     0.00099953   0.00000000     0.10596939   0.00000000

     Dynamical  Matrix in cartesian axes

     q = (    0.400000000   0.000000000  -0.121439799 ) 

    1    1
  0.15589365   0.00000000     0.00000000   0.00000000    -0.00106595  -0.00511656
  0.00000000   0.00000000     0.06254646   0.00000000     0.00000000   0.00000000
 -0.00106595   0.00511656    -0.00000000   0.00000000     0.18207548   0.00000000
    1    2
 -0.00449193  -0.00284032     0.00000000   0.00000000     0.04574905   0.01569011
  0.00000000   0.00000000    -0.00260184   0.00316741    -0.00000000  -0.00000000
  0.04574905   0.01569011    -0.00000000  -0.00000000     0.01175033   0.02455117
    1    3
  0.00025099   0.00307047     0.00000000   0.00000000    -0.08436281  -0.02231180
 -0.00000000  -0.00000000    -0.00444838   0.00847776    -0.00000000   0.00000000
 -0.07976142  -0.02187624    -0.00000000   0.00000000    -0.02782507   0.00297745
    1    4
 -0.02332991   0.00099424     0.00000000   0.00000000     0.01054251  -0.00490902
  0.00000000   0.00000000    -0.00656191  -0.00002318    -0.00000000   0.00000000
  0.00518558  -0.00461119    -0.00000000   0.00000000    -0.04192406   0.00105202
    1    5
 -0.00187615   0.00811433     0.00000000  -0.00000000     0.03037259   0.00850087
  0.00000000  -0.00000000     0.00002983   0.00072958     0.00000000   0.00000000
 -0.00870425  -0.00334198     0.00000000   0.00000000    -0.00152190   0.01164608
    1    6
 -0.00404541   0.00524835    -0.00000000   0.00000000     0.00449735  -0.00003255
  0.00000000   0.00000000     0.00008996   0.00044266     0.00000000   0.00000000
  0.00659493   0.00091209     0.00000000   0.00000000     0.00498304   0.00365202
    1    7
 -0.00302037  -0.00363964     0.00000000  -0.00000000     0.00108441  -0.00387854
  0.00000000  -0.00000000     0.01173184   0.00852148     0.00000000   0.00000000
  0.00247298   0.00179558     0.00000000   0.00000000     0.00939073   0.00390257
    2    1
 -0.00449193   0.00284032     0.00000000   0.00000000     0.04574905  -0.01569011
  0.00000000   0.00000000    -0.00260184  -0.00316741    -0.00000000   0.00000000
  0.04574905  -0.01569011    -0.00000000   0.00000000     0.01175033  -0.02455117
    2    2
  0.15589365   0.00000000     0.00000000   0.00000000    -0.00106595   0.00511656
  0.00000000   0.00000000     0.06254646   0.00000000     0.00000000   0.00000000
 -0.00106595  -0.00511656    -0.00000000   0.00000000     0.18207548   0.00000000
    2    3
  0.00025099  -0.00307047     0.00000000   0.00000000    -0.08436281   0.02231180
 -0.00000000   0.00000000    -0.00444838  -0.00847776    -0.00000000  -0.00000000
 -0.07976142   0.02187624    -0.00000000  -0.00000000    -0.02782507  -0.00297745
    2    4
 -0.00187615  -0.00811433     0.00000000   0.00000000     0.03037259  -0.00850087
  0.00000000   0.00000000     0.00002983  -0.00072958     0.00000000   0.00000000
 -0.00870425   0.00334198     0.00000000  -0.00000000    -0.00152190  -0.01164608
    2    5
 -0.02332991  -0.00099424     0.00000000   0.00000000     0.01054251   0.00490902
  0.00000000   0.00000000    -0.00656191   0.00002318    -0.00000000  -0.00000000
  0.00518558   0.00461119    -0.00000000  -0.00000000    -0.04192406  -0.00105202
    2    6
 -0.00404541  -0.00524835    -0.00000000   0.00000000     0.00449735   0.00003255
  0.00000000  -0.00000000     0.00008996  -0.00044266     0.00000000   0.00000000
  0.00659493  -0.00091209     0.00000000   0.00000000     0.00498304  -0.00365202
    2    7
  0.00458285  -0.00116920     0.00000000   0.00000000     0.00140245  -0.00377520
 -0.00000000   0.00000000    -0.01450006  -0.00000178     0.00000000   0.00000000
 -0.00305610  -0.00000092     0.00000000   0.00000000    -0.00989114  -0.00236249
    3    1
  0.00025099  -0.00307047     0.00000000  -0.00000000    -0.07976142   0.02187624
  0.00000000  -0.00000000    -0.00444838  -0.00847776    -0.00000000   0.00000000
 -0.08436281   0.02231180     0.00000000   0.00000000    -0.02782507  -0.00297745
    3    2
  0.00025099   0.00307047     0.00000000   0.00000000    -0.07976142  -0.02187624
  0.00000000   0.00000000    -0.00444838   0.00847776    -0.00000000  -0.00000000
 -0.08436281  -0.02231180     0.00000000  -0.00000000    -0.02782507   0.00297745
    3    3
  0.73855570   0.00000000     0.00000000   0.00000000    -0.00681932   0.00000000
  0.00000000   0.00000000     0.69798664   0.00000000     0.00000000   0.00000000
 -0.00681932   0.00000000     0.00000000   0.00000000     0.44991912   0.00000000
    3    4
 -0.07320502  -0.00186074     0.00000000   0.00000000     0.01364281  -0.00000337
  0.00000000   0.00000000    -0.06085642  -0.00025161     0.00000000   0.00000000
  0.01358808   0.00520623     0.00000000   0.00000000    -0.10711405   0.00754243
    3    5
 -0.07320502   0.00186074     0.00000000   0.00000000     0.01364281   0.00000337
  0.00000000   0.00000000    -0.06085642   0.00025161     0.00000000   0.00000000
  0.01358808  -0.00520623     0.00000000   0.00000000    -0.10711405  -0.00754243
    3    6
 -0.06798403   0.00000000     0.00000000   0.00000000     0.00131848   0.00000000
 -0.00000000   0.00000000    -0.42042257   0.00000000     0.00000000   0.00000000
  0.00645795   0.00000000     0.00000000   0.00000000    -0.06564093   0.00000000
    3    7
 -0.06933189   0.21338163     0.00000000  -0.00000000     0.00017870  -0.00054999
  0.00000000  -0.00000000    -0.00545735   0.01679599    -0.00000000   0.00000000
 -0.00065980   0.00203066    -0.00000000   0.00000000    -0.01278214   0.03933940
    4    1
 -0.02332991  -0.00099424     0.00000000   0.00000000     0.00518558   0.00461119
  0.00000000  -0.00000000    -0.00656191   0.00002318     0.00000000  -0.00000000
  0.01054251   0.00490902    -0.00000000   0.00000000    -0.04192406  -0.00105202
    4    2
 -0.00187615   0.00811433     0.00000000  -0.00000000    -0.00870425  -0.00334198
  0.00000000   0.00000000     0.00002983   0.00072958     0.00000000   0.00000000
  0.03037259   0.00850087     0.00000000   0.00000000    -0.00152190   0.01164608
    4    3
 -0.07320502   0.00186074     0.00000000   0.00000000     0.01358808  -0.00520623
  0.00000000   0.00000000    -0.06085642   0.00025161     0.00000000  -0.00000000
  0.01364281   0.00000337     0.00000000   0.00000000    -0.10711405  -0.00754243
    4    4
  0.11724584  -0.00000000     0.00000000   0.00000000    -0.00395604   0.00351016
  0.00000000   0.00000000     0.07728839   0.00000000     0.00000000   0.00000000
 -0.00395604  -0.00351016     0.00000000   0.00000000     0.27765215  -0.00000000
    4    5
  0.01259716  -0.00099740     0.00000000   0.00000000    -0.03061391  -0.00788631
  0.00000000   0.00000000     0.01106852   0.00189999    -0.00000000  -0.00000000
 -0.03061391  -0.00788631     0.00000000  -0.00000000    -0.03124257   0.01188131
    4    6
  0.01565368  -0.00077206    -0.00000000   0.00000000    -0.00237066   0.00277533
  0.00000000   0.00000000    -0.00687273   0.00000668    -0.00000000  -0.00000000
 -0.01165715  -0.00427740     0.00000000   0.00000000    -0.01881901   0.00331157
    4    7
  0.00121158  -0.00026875     0.00000000   0.00000000     0.04465732   0.01560546
  0.00000000   0.00000000    -0.00025073  -0.00169682     0.00000000   0.00000000
 -0.00624667  -0.00427680    -0.00000000  -0.00000000     0.00339834   0.00780524
    5    1
 -0.00187615  -0.00811433     0.00000000   0.00000000    -0.00870425   0.00334198
  0.00000000   0.00000000     0.00002983  -0.00072958     0.00000000  -0.00000000
  0.03037259  -0.00850087     0.00000000  -0.00000000    -0.00152190  -0.01164608
    5    2
 -0.02332991   0.00099424     0.00000000   0.00000000     0.00518558  -0.00461119
  0.00000000   0.00000000    -0.00656191  -0.00002318     0.00000000   0.00000000
  0.01054251  -0.00490902    -0.00000000   0.00000000    -0.04192406   0.00105202
    5    3
 -0.07320502  -0.00186074     0.00000000   0.00000000     0.01358808   0.00520623
  0.00000000  -0.00000000    -0.06085642  -0.00025161     0.00000000   0.00000000
  0.01364281  -0.00000337     0.00000000   0.00000000    -0.10711405   0.00754243
    5    4
  0.01259716   0.00099740     0.00000000   0.00000000    -0.03061391   0.00788631
  0.00000000   0.00000000     0.01106852  -0.00189999    -0.00000000   0.00000000
 -0.03061391   0.00788631     0.00000000   0.00000000    -0.03124257  -0.01188131
    5    5
  0.11724584   0.00000000     0.00000000   0.00000000    -0.00395604  -0.00351016
  0.00000000   0.00000000     0.07728839   0.00000000     0.00000000   0.00000000
 -0.00395604   0.00351016     0.00000000   0.00000000     0.27765215   0.00000000
    5    6
  0.01565368   0.00077206    -0.00000000   0.00000000    -0.00237066  -0.00277533
  0.00000000   0.00000000    -0.00687273  -0.00000668    -0.00000000   0.00000000
 -0.01165715   0.00427740     0.00000000   0.00000000    -0.01881901  -0.00331157
    5    7
 -0.00082222  -0.00092957     0.00000000   0.00000000    -0.04530119  -0.01362383
  0.00000000   0.00000000     0.00120021  -0.00122538     0.00000000  -0.00000000
  0.00756750   0.00021170    -0.00000000  -0.00000000    -0.00733712   0.00431708
    6    1
 -0.00404541  -0.00524835    -0.00000000   0.00000000     0.00659493  -0.00091209
  0.00000000   0.00000000     0.00008996  -0.00044266    -0.00000000   0.00000000
  0.00449735   0.00003255     0.00000000   0.00000000     0.00498304  -0.00365202
    6    2
 -0.00404541   0.00524835    -0.00000000   0.00000000     0.00659493   0.00091209
  0.00000000   0.00000000     0.00008996   0.00044266    -0.00000000  -0.00000000
  0.00449735  -0.00003255     0.00000000  -0.00000000     0.00498304   0.00365202
    6    3
 -0.06798403   0.00000000    -0.00000000   0.00000000     0.00645795   0.00000000
  0.00000000   0.00000000    -0.42042257   0.00000000    -0.00000000   0.00000000
  0.00131848   0.00000000     0.00000000   0.00000000    -0.06564093   0.00000000
    6    4
  0.01565368   0.00077206    -0.00000000   0.00000000    -0.01165715   0.00427740
 -0.00000000   0.00000000    -0.00687273  -0.00000668     0.00000000   0.00000000
 -0.00237066  -0.00277533     0.00000000  -0.00000000    -0.01881901  -0.00331157
    6    5
  0.01565368  -0.00077206    -0.00000000   0.00000000    -0.01165715  -0.00427740
 -0.00000000  -0.00000000    -0.00687273   0.00000668     0.00000000   0.00000000
 -0.00237066   0.00277533     0.00000000   0.00000000    -0.01881901   0.00331157
    6    6
  0.12122177   0.00000000     0.00000000   0.00000000    -0.00099953   0.00000000
  0.00000000   0.00000000     0.48522260   0.00000000     0.00000000   0.00000000
 -0.00099953   0.00000000     0.00000000   0.00000000     0.10596939   0.00000000
    6    7
 -0.00414393   0.01275372     0.00000000   0.00000000    -0.00008342   0.00025674
  0.00000000   0.00000000    -0.00573047   0.01763657    -0.00000000   0.00000000
  0.00022056  -0.00067882    -0.00000000   0.00000000     0.00127269  -0.00391693
    7    1
 -0.00302037   0.00363964    -0.00000000   0.00000000     0.00247298  -0.00179558
  0.00000000  -0.00000000     0.01173184  -0.00852148     0.00000000   0.00000000
  0.00108441   0.00387854     0.00000000   0.00000000     0.00939073  -0.00390257
    7    2
  0.00458285   0.00116920    -0.00000000   0.00000000    -0.00305610   0.00000092
 -0.00000000   0.00000000    -0.01450006   0.00000178     0.00000000  -0.00000000
  0.00140245   0.00377520     0.00000000   0.00000000    -0.00989114   0.00236249
    7    3
 -0.06933189  -0.21338163    -0.00000000   0.00000000    -0.00065980  -0.00203066
 -0.00000000   0.00000000    -0.00545735  -0.01679599     0.00000000  -0.00000000
  0.00017870   0.00054999     0.00000000  -0.00000000    -0.01278214  -0.03933940
    7    4
  0.00121158   0.00026875     0.00000000   0.00000000    -0.00624667   0.00427680
 -0.00000000   0.00000000    -0.00025073   0.00169682     0.00000000  -0.00000000
  0.04465732  -0.01560546    -0.00000000  -0.00000000     0.00339834  -0.00780524
    7    5
 -0.00082222   0.00092957     0.00000000  -0.00000000     0.00756750  -0.00021170
 -0.00000000   0.00000000     0.00120021   0.00122538     0.00000000   0.00000000
 -0.04530119   0.01362383    -0.00000000   0.00000000    -0.00733712  -0.00431708
    7    6
 -0.00414393  -0.01275372    -0.00000000   0.00000000     0.00022056   0.00067882
  0.00000000   0.00000000    -0.00573047  -0.01763657     0.00000000   0.00000000
 -0.00008342  -0.00025674     0.00000000   0.00000000     0.00127269   0.00391693
    7    7
  0.70514687   0.00000000     0.00000000   0.00000000     0.00031145   0.00000000
  0.00000000   0.00000000     0.08905675   0.00000000     0.00000000   0.00000000
  0.00031145   0.00000000    -0.00000000   0.00000000     0.10451922   0.00000000

     Dynamical  Matrix in cartesian axes

     q = (    0.000000000   0.400000000  -0.121439799 ) 

    1    1
  0.06254646   0.00000000     0.00000000   0.00000000     0.00000000   0.00000000
  0.00000000   0.00000000     0.15589365   0.00000000    -0.00106595  -0.00511656
  0.00000000   0.00000000    -0.00106595   0.00511656     0.18207548   0.00000000
    1    2
 -0.00260184   0.00316741     0.00000000   0.00000000     0.00000000   0.00000000
  0.00000000   0.00000000    -0.00449193  -0.00284032     0.04574905   0.01569011
  0.00000000   0.00000000     0.04574905   0.01569011     0.01175033   0.02455117
    1    3
 -0.00444838   0.00847776     0.00000000  -0.00000000    -0.00000000   0.00000000
 -0.00000000  -0.00000000     0.00025099   0.00307047    -0.08436281  -0.02231180
 -0.00000000  -0.00000000    -0.07976142  -0.02187624    -0.02782507   0.00297745
    1    4
 -0.00656191  -0.00002318    -0.00000000  -0.00000000    -0.00000000  -0.00000000
 -0.00000000  -0.00000000    -0.02332991   0.00099424     0.01054251  -0.00490902
 -0.00000000  -0.00000000     0.00518558  -0.00461119    -0.04192406   0.00105202
    1    5
  0.00002983   0.00072958     0.00000000   0.00000000     0.00000000   0.00000000
  0.00000000   0.00000000    -0.00187615   0.00811433     0.03037259   0.00850087
  0.00000000   0.00000000    -0.00870425  -0.00334198    -0.00152190   0.01164608
    1    6
 -0.01450006   0.00000178     0.00000000   0.00000000     0.00000000  -0.00000000
  0.00000000   0.00000000     0.00458285   0.00116920     0.00140245   0.00377520
  0.00000000   0.00000000    -0.00305610   0.00000092    -0.00989114   0.00236249
    1    7
  0.00008996   0.00044266     0.00000000   0.00000000     0.00000000   0.00000000
  0.00000000   0.00000000    -0.00404541   0.00524835     0.00449735  -0.00003255
  0.00000000   0.00000000     0.00659493   0.00091209     0.00498304   0.00365202
    2    1
 -0.00260184  -0.00316741     0.00000000   0.00000000     0.00000000  -0.00000000
  0.00000000   0.00000000    -0.00449193   0.00284032     0.04574905  -0.01569011
  0.00000000  -0.00000000     0.04574905  -0.01569011     0.01175033  -0.02455117
    2    2
  0.06254646   0.00000000     0.00000000   0.00000000     0.00000000   0.00000000
  0.00000000   0.00000000     0.15589365   0.00000000    -0.00106595   0.00511656
  0.00000000   0.00000000    -0.00106595  -0.00511656     0.18207548   0.00000000
    2    3
 -0.00444838  -0.00847776     0.00000000   0.00000000    -0.00000000   0.00000000
 -0.00000000   0.00000000     0.00025099  -0.00307047    -0.08436281   0.02231180
 -0.00000000   0.00000000    -0.07976142   0.02187624    -0.02782507  -0.00297745
    2    4
  0.00002983  -0.00072958     0.00000000   0.00000000     0.00000000   0.00000000
  0.00000000   0.00000000    -0.00187615  -0.00811433     0.03037259  -0.00850087
  0.00000000   0.00000000    -0.00870425   0.00334198    -0.00152190  -0.01164608
    2    5
 -0.00656191   0.00002318    -0.00000000   0.00000000    -0.00000000   0.00000000
 -0.00000000   0.00000000    -0.02332991  -0.00099424     0.01054251   0.00490902
 -0.00000000   0.00000000     0.00518558   0.00461119    -0.04192406  -0.00105202
    2    6
  0.01173184  -0.00852148     0.00000000   0.00000000    -0.00000000   0.00000000
 -0.00000000   0.00000000    -0.00302037   0.00363964     0.00108441   0.00387854
 -0.00000000   0.00000000     0.00247298  -0.00179558     0.00939073  -0.00390257
    2    7
  0.00008996  -0.00044266     0.00000000   0.00000000     0.00000000   0.00000000
  0.00000000  -0.00000000    -0.00404541  -0.00524835     0.00449735   0.00003255
  0.00000000  -0.00000000     0.00659493  -0.00091209     0.00498304  -0.00365202
    3    1
 -0.00444838  -0.00847776     0.00000000   0.00000000     0.00000000   0.00000000
  0.00000000   0.00000000     0.00025099  -0.00307047    -0.07976142   0.02187624
  0.00000000   0.00000000    -0.08436281   0.02231180    -0.02782507  -0.00297745
    3    2
 -0.00444838   0.00847776     0.00000000  -0.00000000     0.00000000  -0.00000000
  0.00000000  -0.00000000     0.00025099   0.00307047    -0.07976142  -0.02187624
  0.00000000  -0.00000000    -0.08436281  -0.02231180    -0.02782507   0.00297745
    3    3
  0.69798664   0.00000000     0.00000000   0.00000000    -0.00000000   0.00000000
  0.00000000   0.00000000     0.73855570   0.00000000    -0.00681932   0.00000000
  0.00000000   0.00000000    -0.00681932   0.00000000     0.44991912   0.00000000
    3    4
 -0.06085642  -0.00025161     0.00000000   0.00000000     0.00000000   0.00000000
  0.00000000   0.00000000    -0.07320502  -0.00186074     0.01364281  -0.00000337
  0.00000000   0.00000000     0.01358808   0.00520623    -0.10711405   0.00754243
    3    5
 -0.06085642   0.00025161     0.00000000   0.00000000     0.00000000  -0.00000000
  0.00000000   0.00000000    -0.07320502   0.00186074     0.01364281   0.00000337
  0.00000000  -0.00000000     0.01358808  -0.00520623    -0.10711405  -0.00754243
    3    6
 -0.00545735  -0.01679599     0.00000000   0.00000000     0.00000000   0.00000000
  0.00000000   0.00000000    -0.06933189  -0.21338163     0.00017870   0.00054999
  0.00000000   0.00000000    -0.00065980  -0.00203066    -0.01278214  -0.03933940
    3    7
 -0.42042257   0.00000000     0.00000000   0.00000000     0.00000000   0.00000000
 -0.00000000   0.00000000    -0.06798403   0.00000000     0.00131848   0.00000000
 -0.00000000   0.00000000     0.00645795   0.00000000    -0.06564093   0.00000000
    4    1
 -0.00656191   0.00002318    -0.00000000   0.00000000    -0.00000000   0.00000000
 -0.00000000   0.00000000    -0.02332991  -0.00099424     0.00518558   0.00461119
 -0.00000000   0.00000000     0.01054251   0.00490902    -0.04192406  -0.00105202
    4    2
  0.00002983   0.00072958     0.00000000  -0.00000000     0.00000000  -0.00000000
  0.00000000   0.00000000    -0.00187615   0.00811433    -0.00870425  -0.00334198
 -0.00000000   0.00000000     0.03037259   0.00850087    -0.00152190   0.01164608
    4    3
 -0.06085642   0.00025161     0.00000000  -0.00000000     0.00000000  -0.00000000
  0.00000000   0.00000000    -0.07320502   0.00186074     0.01358808  -0.00520623
  0.00000000  -0.00000000     0.01364281   0.00000337    -0.10711405  -0.00754243
    4    4
  0.07728839   0.00000000     0.00000000   0.00000000    -0.00000000  -0.00000000
  0.00000000   0.00000000     0.11724584  -0.00000000    -0.00395604   0.00351016
 -0.00000000   0.00000000    -0.00395604  -0.00351016     0.27765215  -0.00000000
    4    5
  0.01106852   0.00189999    -0.00000000   0.00000000    -0.00000000   0.00000000
  0.00000000   0.00000000     0.01259716  -0.00099740    -0.03061391  -0.00788631
 -0.00000000   0.00000000    -0.03061391  -0.00788631    -0.03124257   0.01188131
    4    6
  0.00120021   0.00122538     0.00000000   0.00000000     0.00000000  -0.00000000
  0.00000000   0.00000000    -0.00082222   0.00092957    -0.04530119   0.01362383
 -0.00000000   0.00000000     0.00756750  -0.00021170    -0.00733712  -0.00431708
    4    7
 -0.00687273   0.00000668    -0.00000000   0.00000000    -0.00000000   0.00000000
  0.00000000   0.00000000     0.01565368  -0.00077206    -0.00237066   0.00277533
  0.00000000   0.00000000    -0.01165715  -0.00427740    -0.01881901   0.00331157
    5    1
  0.00002983  -0.00072958     0.00000000   0.00000000     0.00000000   0.00000000
  0.00000000   0.00000000    -0.00187615  -0.00811433    -0.00870425   0.00334198
 -0.00000000   0.00000000     0.03037259  -0.00850087    -0.00152190  -0.01164608
    5    2
 -0.00656191  -0.00002318    -0.00000000   0.00000000    -0.00000000  -0.00000000
 -0.00000000   0.00000000    -0.02332991   0.00099424     0.00518558  -0.00461119
 -0.00000000   0.00000000     0.01054251  -0.00490902    -0.04192406   0.00105202
    5    3
 -0.06085642  -0.00025161     0.00000000   0.00000000     0.00000000   0.00000000
  0.00000000   0.00000000    -0.07320502  -0.00186074     0.01358808   0.00520623
  0.00000000   0.00000000     0.01364281  -0.00000337    -0.10711405   0.00754243
    5    4
  0.01106852  -0.00189999    -0.00000000  -0.00000000    -0.00000000  -0.00000000
  0.00000000  -0.00000000     0.01259716   0.00099740    -0.03061391   0.00788631
 -0.00000000  -0.00000000    -0.03061391   0.00788631    -0.03124257  -0.01188131
    5    5
  0.07728839   0.00000000     0.00000000   0.00000000    -0.00000000   0.00000000
  0.00000000   0.00000000     0.11724584   0.00000000    -0.00395604  -0.00351016
 -0.00000000   0.00000000    -0.00395604   0.00351016     0.27765215   0.00000000
    5    6
 -0.00025073   0.00169682     0.00000000  -0.00000000    -0.00000000  -0.00000000
  0.00000000  -0.00000000     0.00121158   0.00026875     0.04465732  -0.01560546
 -0.00000000  -0.00000000    -0.00624667   0.00427680     0.00339834  -0.00780524
    5    7
 -0.00687273  -0.00000668    -0.00000000   0.00000000    -0.00000000  -0.00000000
  0.00000000   0.00000000     0.01565368   0.00077206    -0.00237066  -0.00277533
  0.00000000  -0.00000000    -0.01165715   0.00427740    -0.01881901  -0.00331157
    6    1
 -0.01450006  -0.00000178    -0.00000000   0.00000000     0.00000000   0.00000000
 -0.00000000   0.00000000     0.00458285  -0.00116920    -0.00305610  -0.00000092
 -0.00000000   0.00000000     0.00140245  -0.00377520    -0.00989114  -0.00236249
    6    2
  0.01173184   0.00852148    -0.00000000   0.00000000    -0.00000000   0.00000000
 -0.00000000  -0.00000000    -0.00302037  -0.00363964     0.00247298   0.00179558
 -0.00000000   0.00000000     0.00108441  -0.00387854     0.00939073   0.00390257
    6    3
 -0.00545735   0.01679599     0.00000000  -0.00000000     0.00000000   0.00000000
  0.00000000   0.00000000    -0.06933189   0.21338163    -0.00065980   0.00203066
  0.00000000   0.00000000     0.00017870  -0.00054999    -0.01278214   0.03933940
    6    4
  0.00120021  -0.00122538    -0.00000000   0.00000000    -0.00000000   0.00000000
 -0.00000000   0.00000000    -0.00082222  -0.00092957     0.00756750   0.00021170
 -0.00000000   0.00000000    -0.04530119  -0.01362383    -0.00733712   0.00431708
    6    5
 -0.00025073  -0.00169682     0.00000000   0.00000000    -0.00000000   0.00000000
  0.00000000   0.00000000     0.00121158  -0.00026875    -0.00624667  -0.00427680
  0.00000000   0.00000000     0.04465732   0.01560546     0.00339834   0.00780524
    6    6
  0.08905675   0.00000000     0.00000000   0.00000000     0.00000000   0.00000000
  0.00000000   0.00000000     0.70514687   0.00000000     0.00031145   0.00000000
 -0.00000000   0.00000000     0.00031145   0.00000000     0.10451922   0.00000000
    6    7
 -0.00573047   0.01763657     0.00000000   0.00000000    -0.00000000  -0.00000000
  0.00000000   0.00000000    -0.00414393   0.01275372     0.00022056  -0.00067882
 -0.00000000  -0.00000000    -0.00008342   0.00025674     0.00127269  -0.00391693
    7    1
  0.00008996  -0.00044266     0.00000000   0.00000000    -0.00000000  -0.00000000
  0.00000000   0.00000000    -0.00404541  -0.00524835     0.00659493  -0.00091209
  0.00000000   0.00000000     0.00449735   0.00003255     0.00498304  -0.00365202
    7    2
  0.00008996   0.00044266     0.00000000   0.00000000    -0.00000000   0.00000000
  0.00000000   0.00000000    -0.00404541   0.00524835     0.00659493   0.00091209
  0.00000000   0.00000000     0.00449735  -0.00003255     0.00498304   0.00365202
    7    3
 -0.42042257   0.00000000    -0.00000000   0.00000000    -0.00000000   0.00000000
  0.00000000   0.00000000    -0.06798403   0.00000000     0.00645795   0.00000000
  0.00000000   0.00000000     0.00131848   0.00000000    -0.06564093   0.00000000
    7    4
 -0.00687273  -0.00000668     0.00000000   0.00000000     0.00000000   0.00000000
  0.00000000   0.00000000     0.01565368   0.00077206    -0.01165715   0.00427740
  0.00000000   0.00000000    -0.00237066  -0.00277533    -0.01881901  -0.00331157
    7    5
 -0.00687273   0.00000668     0.00000000   0.00000000     0.00000000  -0.00000000
  0.00000000   0.00000000     0.01565368  -0.00077206    -0.01165715  -0.00427740
  0.00000000   0.00000000    -0.00237066   0.00277533    -0.01881901   0.00331157
    7    6
 -0.00573047  -0.01763657     0.00000000   0.00000000     0.00000000   0.00000000
  0.00000000   0.00000000    -0.00414393  -0.01275372    -0.00008342  -0.00025674
 -0.00000000   0.00000000     0.00022056   0.00067882     0.00127269   0.00391693
    7    7
  0.48522260   0.00000000    -0.00000000   0.00000000    -0.00000000   0.00000000
  0.00000000   0.00000000     0.12122177   0.00000000    -0.00099953   0.00000000
  0.00000000   0.00000000    -0.00099953   0.00000000     0.10596939   0.00000000

     Dynamical  Matrix in cartesian axes

     q = (    0.000000000  -0.400000000  -0.121439799 ) 

    1    1
  0.06254646   0.00000000     0.00000000   0.00000000     0.00000000   0.00000000
  0.00000000   0.00000000     0.15589365   0.00000000     0.00106595   0.00511656
  0.00000000   0.00000000     0.00106595  -0.00511656     0.18207548   0.00000000
    1    2
 -0.00260184   0.00316741     0.00000000   0.00000000     0.00000000   0.00000000
  0.00000000   0.00000000    -0.00449193  -0.00284032    -0.04574905  -0.01569011
  0.00000000   0.00000000    -0.04574905  -0.01569011     0.01175033   0.02455117
    1    3
 -0.00444838   0.00847776    -0.00000000  -0.00000000     0.00000000  -0.00000000
  0.00000000   0.00000000     0.00025099   0.00307047     0.08436281   0.02231180
  0.00000000  -0.00000000     0.07976142   0.02187624    -0.02782507   0.00297745
    1    4
 -0.00656191  -0.00002318     0.00000000   0.00000000     0.00000000   0.00000000
  0.00000000   0.00000000    -0.02332991   0.00099424    -0.01054251   0.00490902
  0.00000000   0.00000000    -0.00518558   0.00461119    -0.04192406   0.00105202
    1    5
  0.00002983   0.00072958     0.00000000  -0.00000000     0.00000000   0.00000000
  0.00000000  -0.00000000    -0.00187615   0.00811433    -0.03037259  -0.00850087
 -0.00000000  -0.00000000     0.00870425   0.00334198    -0.00152190   0.01164608
    1    6
  0.01173184   0.00852148     0.00000000  -0.00000000    -0.00000000  -0.00000000
  0.00000000  -0.00000000    -0.00302037  -0.00363964    -0.00108441   0.00387854
 -0.00000000  -0.00000000    -0.00247298  -0.00179558     0.00939073   0.00390257
    1    7
  0.00008996   0.00044266     0.00000000   0.00000000    -0.00000000   0.00000000
 -0.00000000   0.00000000    -0.00404541   0.00524835    -0.00449735   0.00003255
  0.00000000   0.00000000    -0.00659493  -0.00091209     0.00498304   0.00365202
    2    1
 -0.00260184  -0.00316741     0.00000000   0.00000000     0.00000000  -0.00000000
  0.00000000   0.00000000    -0.00449193   0.00284032    -0.04574905   0.01569011
  0.00000000  -0.00000000    -0.04574905   0.01569011     0.01175033  -0.02455117
    2    2
  0.06254646   0.00000000     0.00000000   0.00000000     0.00000000   0.00000000
  0.00000000   0.00000000     0.15589365   0.00000000     0.00106595  -0.00511656
  0.00000000   0.00000000     0.00106595   0.00511656     0.18207548   0.00000000
    2    3
 -0.00444838  -0.00847776    -0.00000000   0.00000000     0.00000000   0.00000000
  0.00000000   0.00000000     0.00025099  -0.00307047     0.08436281  -0.02231180
  0.00000000   0.00000000     0.07976142  -0.02187624    -0.02782507  -0.00297745
    2    4
  0.00002983  -0.00072958     0.00000000   0.00000000     0.00000000   0.00000000
  0.00000000   0.00000000    -0.00187615  -0.00811433    -0.03037259   0.00850087
 -0.00000000   0.00000000     0.00870425  -0.00334198    -0.00152190  -0.01164608
    2    5
 -0.00656191   0.00002318     0.00000000   0.00000000     0.00000000   0.00000000
  0.00000000   0.00000000    -0.02332991  -0.00099424    -0.01054251  -0.00490902
  0.00000000   0.00000000    -0.00518558  -0.00461119    -0.04192406  -0.00105202
    2    6
 -0.01450006  -0.00000178    -0.00000000   0.00000000    -0.00000000   0.00000000
  0.00000000   0.00000000     0.00458285  -0.00116920    -0.00140245   0.00377520
  0.00000000   0.00000000     0.00305610   0.00000092    -0.00989114  -0.00236249
    2    7
  0.00008996  -0.00044266     0.00000000  -0.00000000    -0.00000000   0.00000000
 -0.00000000   0.00000000    -0.00404541  -0.00524835    -0.00449735  -0.00003255
  0.00000000   0.00000000    -0.00659493   0.00091209     0.00498304  -0.00365202
    3    1
 -0.00444838  -0.00847776     0.00000000  -0.00000000     0.00000000  -0.00000000
  0.00000000  -0.00000000     0.00025099  -0.00307047     0.07976142  -0.02187624
  0.00000000  -0.00000000     0.08436281  -0.02231180    -0.02782507  -0.00297745
    3    2
 -0.00444838   0.00847776     0.00000000   0.00000000     0.00000000   0.00000000
  0.00000000   0.00000000     0.00025099   0.00307047     0.07976142   0.02187624
  0.00000000   0.00000000     0.08436281   0.02231180    -0.02782507   0.00297745
    3    3
  0.69798664   0.00000000     0.00000000   0.00000000     0.00000000   0.00000000
  0.00000000   0.00000000     0.73855570   0.00000000     0.00681932   0.00000000
  0.00000000   0.00000000     0.00681932   0.00000000     0.44991912   0.00000000
    3    4
 -0.06085642  -0.00025161     0.00000000   0.00000000     0.00000000   0.00000000
  0.00000000   0.00000000    -0.07320502  -0.00186074    -0.01364281   0.00000337
  0.00000000   0.00000000    -0.01358808  -0.00520623    -0.10711405   0.00754243
    3    5
 -0.06085642   0.00025161     0.00000000   0.00000000     0.00000000   0.00000000
  0.00000000   0.00000000    -0.07320502   0.00186074    -0.01364281  -0.00000337
  0.00000000   0.00000000    -0.01358808   0.00520623    -0.10711405  -0.00754243
    3    6
 -0.00545735   0.01679599     0.00000000  -0.00000000     0.00000000   0.00000000
  0.00000000  -0.00000000    -0.06933189   0.21338163    -0.00017870   0.00054999
  0.00000000  -0.00000000     0.00065980  -0.00203066    -0.01278214   0.03933940
    3    7
 -0.42042257   0.00000000    -0.00000000   0.00000000    -0.00000000   0.00000000
  0.00000000   0.00000000    -0.06798403   0.00000000    -0.00131848   0.00000000
  0.00000000   0.00000000    -0.00645795   0.00000000    -0.06564093   0.00000000
    4    1
 -0.00656191   0.00002318     0.00000000  -0.00000000     0.00000000   0.00000000
  0.00000000   0.00000000    -0.02332991  -0.00099424    -0.00518558  -0.00461119
  0.00000000   0.00000000    -0.01054251  -0.00490902    -0.04192406  -0.00105202
    4    2
  0.00002983   0.00072958     0.00000000   0.00000000    -0.00000000  -0.00000000
  0.00000000  -0.00000000    -0.00187615   0.00811433     0.00870425   0.00334198
  0.00000000  -0.00000000    -0.03037259  -0.00850087    -0.00152190   0.01164608
    4    3
 -0.06085642   0.00025161     0.00000000   0.00000000    -0.00000000   0.00000000
  0.00000000   0.00000000    -0.07320502   0.00186074    -0.01358808   0.00520623
  0.00000000   0.00000000    -0.01364281  -0.00000337    -0.10711405  -0.00754243
    4    4
  0.07728839   0.00000000     0.00000000   0.00000000    -0.00000000   0.00000000
  0.00000000   0.00000000     0.11724584  -0.00000000     0.00395604  -0.00351016
  0.00000000   0.00000000     0.00395604   0.00351016     0.27765215  -0.00000000
    4    5
  0.01106852   0.00189999     0.00000000   0.00000000     0.00000000   0.00000000
  0.00000000   0.00000000     0.01259716  -0.00099740     0.03061391   0.00788631
  0.00000000   0.00000000     0.03061391   0.00788631    -0.03124257   0.01188131
    4    6
 -0.00025073  -0.00169682     0.00000000   0.00000000     0.00000000   0.00000000
  0.00000000   0.00000000     0.00121158  -0.00026875    -0.04465732  -0.01560546
  0.00000000   0.00000000     0.00624667   0.00427680     0.00339834   0.00780524
    4    7
 -0.00687273   0.00000668     0.00000000   0.00000000     0.00000000   0.00000000
 -0.00000000   0.00000000     0.01565368  -0.00077206     0.00237066  -0.00277533
  0.00000000   0.00000000     0.01165715   0.00427740    -0.01881901   0.00331157
    5    1
  0.00002983  -0.00072958     0.00000000   0.00000000    -0.00000000   0.00000000
  0.00000000   0.00000000    -0.00187615  -0.00811433     0.00870425  -0.00334198
  0.00000000   0.00000000    -0.03037259   0.00850087    -0.00152190  -0.01164608
    5    2
 -0.00656191  -0.00002318     0.00000000   0.00000000     0.00000000   0.00000000
  0.00000000   0.00000000    -0.02332991   0.00099424    -0.00518558   0.00461119
  0.00000000   0.00000000    -0.01054251   0.00490902    -0.04192406   0.00105202
    5    3
 -0.06085642  -0.00025161     0.00000000  -0.00000000    -0.00000000  -0.00000000
  0.00000000   0.00000000    -0.07320502  -0.00186074    -0.01358808  -0.00520623
  0.00000000   0.00000000    -0.01364281   0.00000337    -0.10711405   0.00754243
    5    4
  0.01106852  -0.00189999     0.00000000   0.00000000     0.00000000  -0.00000000
  0.00000000   0.00000000     0.01259716   0.00099740     0.03061391  -0.00788631
  0.00000000  -0.00000000     0.03061391  -0.00788631    -0.03124257  -0.01188131
    5    5
  0.07728839   0.00000000     0.00000000   0.00000000    -0.00000000   0.00000000
  0.00000000   0.00000000     0.11724584   0.00000000     0.00395604   0.00351016
  0.00000000   0.00000000     0.00395604  -0.00351016     0.27765215   0.00000000
    5    6
  0.00120021  -0.00122538     0.00000000   0.00000000     0.00000000   0.00000000
  0.00000000   0.00000000    -0.00082222  -0.00092957     0.04530119   0.01362383
  0.00000000   0.00000000    -0.00756750  -0.00021170    -0.00733712   0.00431708
    5    7
 -0.00687273  -0.00000668     0.00000000   0.00000000     0.00000000  -0.00000000
 -0.00000000   0.00000000     0.01565368   0.00077206     0.00237066   0.00277533
  0.00000000   0.00000000     0.01165715  -0.00427740    -0.01881901  -0.00331157
    6    1
  0.01173184  -0.00852148     0.00000000  -0.00000000    -0.00000000  -0.00000000
 -0.00000000   0.00000000    -0.00302037   0.00363964    -0.00247298   0.00179558
 -0.00000000   0.00000000    -0.00108441  -0.00387854     0.00939073  -0.00390257
    6    2
 -0.01450006   0.00000178    -0.00000000   0.00000000    -0.00000000   0.00000000
 -0.00000000   0.00000000     0.00458285   0.00116920     0.00305610  -0.00000092
  0.00000000   0.00000000    -0.00140245  -0.00377520    -0.00989114   0.00236249
    6    3
 -0.00545735  -0.01679599    -0.00000000   0.00000000    -0.00000000   0.00000000
 -0.00000000   0.00000000    -0.06933189  -0.21338163     0.00065980   0.00203066
  0.00000000   0.00000000    -0.00017870  -0.00054999    -0.01278214  -0.03933940
    6    4
 -0.00025073   0.00169682    -0.00000000   0.00000000    -0.00000000   0.00000000
  0.00000000   0.00000000     0.00121158   0.00026875     0.00624667  -0.00427680
  0.00000000   0.00000000    -0.04465732   0.01560546     0.00339834  -0.00780524
    6    5
  0.00120021   0.00122538    -0.00000000   0.00000000     0.00000000  -0.00000000
  0.00000000  -0.00000000    -0.00082222   0.00092957    -0.00756750   0.00021170
  0.00000000  -0.00000000     0.04530119  -0.01362383    -0.00733712  -0.00431708
    6    6
  0.08905675   0.00000000     0.00000000   0.00000000     0.00000000   0.00000000
  0.00000000   0.00000000     0.70514687   0.00000000    -0.00031145   0.00000000
  0.00000000   0.00000000    -0.00031145   0.00000000     0.10451922   0.00000000
    6    7
 -0.00573047  -0.01763657     0.00000000   0.00000000    -0.00000000   0.00000000
 -0.00000000   0.00000000    -0.00414393  -0.01275372    -0.00022056  -0.00067882
 -0.00000000   0.00000000     0.00008342   0.00025674     0.00127269   0.00391693
    7    1
  0.00008996  -0.00044266     0.00000000   0.00000000     0.00000000  -0.00000000
 -0.00000000   0.00000000    -0.00404541  -0.00524835    -0.00659493   0.00091209
 -0.00000000  -0.00000000    -0.00449735  -0.00003255     0.00498304  -0.00365202
    7    2
  0.00008996   0.00044266     0.00000000   0.00000000     0.00000000   0.00000000
 -0.00000000   0.00000000    -0.00404541   0.00524835    -0.00659493  -0.00091209
 -0.00000000   0.00000000    -0.00449735   0.00003255     0.00498304   0.00365202
    7    3
 -0.42042257   0.00000000     0.00000000   0.00000000     0.00000000   0.00000000
 -0.00000000   0.00000000    -0.06798403   0.00000000    -0.00645795   0.00000000
 -0.00000000   0.00000000    -0.00131848   0.00000000    -0.06564093   0.00000000
    7    4
 -0.00687273  -0.00000668    -0.00000000   0.00000000    -0.00000000   0.00000000
 -0.00000000   0.00000000     0.01565368   0.00077206     0.01165715  -0.00427740
  0.00000000   0.00000000     0.00237066   0.00277533    -0.01881901  -0.00331157
    7    5
 -0.00687273   0.00000668    -0.00000000  -0.00000000    -0.00000000   0.00000000
 -0.00000000   0.00000000     0.01565368  -0.00077206     0.01165715   0.00427740
  0.00000000  -0.00000000     0.00237066  -0.00277533    -0.01881901   0.00331157
    7    6
 -0.00573047   0.01763657     0.00000000   0.00000000     0.00000000  -0.00000000
  0.00000000   0.00000000    -0.00414393   0.01275372     0.00008342  -0.00025674
  0.00000000   0.00000000    -0.00022056   0.00067882     0.00127269  -0.00391693
    7    7
  0.48522260   0.00000000     0.00000000   0.00000000     0.00000000   0.00000000
  0.00000000   0.00000000     0.12122177   0.00000000     0.00099953   0.00000000
 -0.00000000   0.00000000     0.00099953   0.00000000     0.10596939   0.00000000

     Diagonalizing the dynamical matrix

     q = (   -0.400000000   0.000000000   0.121439799 ) 

 **************************************************************************
     freq (    1) =       2.587605 [THz] =      86.313199 [cm-1]
 ( -0.000000 -0.000000  0.007277 -0.631917  0.000000 -0.000000 ) 
 ( -0.000000 -0.000000 -0.631692  0.018389  0.000000 -0.000000 ) 
 (  0.000000 -0.000000 -0.119475 -0.117392 -0.000000 -0.000000 ) 
 (  0.000000 -0.000000 -0.084679 -0.169217  0.000000 -0.000000 ) 
 ( -0.000000 -0.000000 -0.170680 -0.081690  0.000000 -0.000000 ) 
 (  0.000000  0.000000 -0.117240 -0.115196 -0.000000 -0.000000 ) 
 ( -0.000000 -0.000000 -0.242220  0.126113 -0.000000  0.000000 ) 
     freq (    2) =       2.944380 [THz] =      98.213949 [cm-1]
 ( -0.000000 -0.000000 -0.671857 -0.194537 -0.000000  0.000000 ) 
 (  0.000000 -0.000000  0.150640 -0.683040  0.000000  0.000000 ) 
 (  0.000000  0.000000  0.010979  0.018486 -0.000000 -0.000000 ) 
 ( -0.000000  0.000000 -0.052396  0.006615 -0.000000  0.000000 ) 
 (  0.000000 -0.000000  0.030879 -0.042844 -0.000000  0.000000 ) 
 (  0.000000  0.000000  0.012432  0.020932 -0.000000 -0.000000 ) 
 (  0.000000  0.000000  0.119052 -0.026845  0.000000  0.000000 ) 
     freq (    3) =       3.213487 [THz] =     107.190395 [cm-1]
 ( -0.037491  0.317050 -0.000000 -0.000000 -0.179167  0.211042 ) 
 (  0.216688  0.234462 -0.000000  0.000000  0.268997  0.065425 ) 
 (  0.015751  0.048477  0.000000 -0.000000  0.111536  0.343274 ) 
 ( -0.170579  0.173466  0.000000 -0.000000  0.020889  0.213364 ) 
 (  0.239962  0.040073  0.000000 -0.000000  0.108513  0.184894 ) 
 (  0.013458  0.041419  0.000000 -0.000000  0.098720  0.303828 ) 
 (  0.014887 -0.000000 -0.000000 -0.000000  0.442177  0.000000 ) 
     freq (    4) =       3.531126 [THz] =     117.785690 [cm-1]
 (  0.409564  0.336719  0.000000 -0.000000  0.053320 -0.412401 ) 
 ( -0.133425  0.513147  0.000000 -0.000000 -0.285540 -0.302299 ) 
 ( -0.031986 -0.098441 -0.000000  0.000000  0.033495  0.103088 ) 
 (  0.066854 -0.052548 -0.000000  0.000000 -0.000818 -0.123875 ) 
 ( -0.084973 -0.003216 -0.000000  0.000000 -0.072151 -0.100698 ) 
 ( -0.012962 -0.039892 -0.000000  0.000000  0.003476  0.010698 ) 
 ( -0.035336 -0.000000  0.000000  0.000000 -0.145498  0.000000 ) 
     freq (    5) =       4.105431 [THz] =     136.942428 [cm-1]
 (  0.333020 -0.200818 -0.000000 -0.000000  0.347445  0.217357 ) 
 ( -0.387457  0.033279 -0.000000  0.000000 -0.153330  0.380069 ) 
 (  0.044294  0.136323  0.000000  0.000000  0.091681  0.282166 ) 
 (  0.010959  0.126242  0.000000  0.000000  0.126232  0.204308 ) 
 (  0.065337  0.108574  0.000000  0.000000  0.017965  0.239486 ) 
 (  0.004851  0.014929  0.000000  0.000000  0.087432  0.269088 ) 
 (  0.051324 -0.000000  0.000000 -0.000000  0.150487  0.000000 ) 
     freq (    6) =       4.375538 [THz] =     145.952236 [cm-1]
 (  0.000000 -0.000000  0.092143  0.073221  0.000000  0.000000 ) 
 ( -0.000000  0.000000  0.049259 -0.106888  0.000000  0.000000 ) 
 (  0.000000  0.000000 -0.462690  0.110167  0.000000  0.000000 ) 
 ( -0.000000  0.000000 -0.487703  0.109484  0.000000  0.000000 ) 
 (  0.000000  0.000000 -0.484712  0.122049  0.000000  0.000000 ) 
 (  0.000000 -0.000000 -0.445343  0.106037  0.000000  0.000000 ) 
 (  0.000000 -0.000000 -0.015413  0.191268  0.000000  0.000000 ) 
     freq (    7) =       4.889833 [THz] =     163.107280 [cm-1]
 (  0.161607 -0.045728 -0.000000  0.000000 -0.216119  0.132670 ) 
 ( -0.157621  0.057995  0.000000 -0.000000  0.252825 -0.019699 ) 
 ( -0.009110 -0.028037 -0.000000  0.000000 -0.004114 -0.012662 ) 
 (  0.447591 -0.203363  0.000000 -0.000000 -0.060876  0.024806 ) 
 ( -0.481642  0.098563 -0.000000  0.000000  0.063830 -0.015714 ) 
 ( -0.007631 -0.023486 -0.000000  0.000000  0.001188  0.003657 ) 
 ( -0.008758 -0.000000 -0.000000  0.000000 -0.566736  0.000000 ) 
     freq (    8) =       5.401658 [THz] =     180.179918 [cm-1]
 (  0.096904 -0.226777 -0.000000  0.000000 -0.212094 -0.107666 ) 
 ( -0.211693 -0.126508  0.000000  0.000000  0.108304 -0.211769 ) 
 ( -0.049737 -0.153074  0.000000 -0.000000  0.033884  0.104284 ) 
 ( -0.373285 -0.075357 -0.000000 -0.000000  0.031052  0.064477 ) 
 (  0.257700 -0.280377  0.000000 -0.000000  0.012777  0.070415 ) 
 ( -0.021003 -0.064641  0.000000 -0.000000  0.060163  0.185163 ) 
 ( -0.050223 -0.000000 -0.000000 -0.000000  0.618023  0.000000 ) 
     freq (    9) =       6.280294 [THz] =     209.488068 [cm-1]
 (  0.167917  0.064993  0.000000 -0.000000 -0.044594  0.141031 ) 
 ( -0.097646  0.151279 -0.000000 -0.000000  0.118973  0.087884 ) 
 (  0.024900  0.076634 -0.000000 -0.000000 -0.091655 -0.282086 ) 
 ( -0.317281  0.150397 -0.000000  0.000000 -0.040829 -0.203306 ) 
 (  0.345086 -0.064819  0.000000 -0.000000 -0.086469 -0.188476 ) 
 ( -0.005138 -0.015812  0.000000 -0.000000 -0.167629 -0.515909 ) 
 (  0.031697  0.000000  0.000000  0.000000  0.410879  0.000000 ) 
     freq (   10) =       7.007107 [THz] =     233.731945 [cm-1]
 (  0.000000  0.000000 -0.010601  0.004421  0.000000  0.000000 ) 
 ( -0.000000  0.000000  0.011178 -0.002644  0.000000  0.000000 ) 
 (  0.000000 -0.000000  0.003250  0.010019 -0.000000 -0.000000 ) 
 ( -0.000000  0.000000  0.659302 -0.247992 -0.000000 -0.000000 ) 
 (  0.000000 -0.000000 -0.679321  0.186287 -0.000000 -0.000000 ) 
 (  0.000000 -0.000000  0.004083  0.012585 -0.000000 -0.000000 ) 
 ( -0.000000 -0.000000  0.084207  0.000038  0.000000  0.000000 ) 
     freq (   11) =       7.597390 [THz] =     253.421663 [cm-1]
 (  0.015408 -0.065151 -0.000000  0.000000 -0.118807 -0.133591 ) 
 ( -0.050761 -0.043652  0.000000 -0.000000  0.017594 -0.177910 ) 
 (  0.131780  0.405577 -0.000000 -0.000000 -0.007452 -0.022934 ) 
 (  0.154570  0.448562  0.000000 -0.000000  0.051131  0.062101 ) 
 (  0.138609  0.453748  0.000000  0.000000 -0.004864  0.080294 ) 
 (  0.143301  0.441034 -0.000000 -0.000000  0.061642  0.189714 ) 
 (  0.162367 -0.000000 -0.000000  0.000000  0.018177  0.000000 ) 
     freq (   12) =       8.079752 [THz] =     269.511532 [cm-1]
 ( -0.000000  0.000000 -0.030917  0.006281 -0.000000  0.000000 ) 
 ( -0.000000  0.000000  0.031220  0.004538 -0.000000  0.000000 ) 
 (  0.000000 -0.000000 -0.000410 -0.014622 -0.000000  0.000000 ) 
 ( -0.000000  0.000000  0.073508  0.275993  0.000000 -0.000000 ) 
 (  0.000000  0.000000 -0.057917  0.279680  0.000000 -0.000000 ) 
 (  0.000000 -0.000000 -0.001357 -0.048366 -0.000000 -0.000000 ) 
 ( -0.000000 -0.000000 -0.875221 -0.257473  0.000000  0.000000 ) 
     freq (   13) =       8.726707 [THz] =     291.091605 [cm-1]
 (  0.000167  0.008543  0.000000  0.000000  0.011606  0.008005 ) 
 (  0.004886  0.007010  0.000000 -0.000000 -0.004684  0.013298 ) 
 (  0.010794  0.033222  0.000000  0.000000  0.010725  0.033007 ) 
 ( -0.122186 -0.399679 -0.000000 -0.000000 -0.010648 -0.029231 ) 
 ( -0.136075 -0.395166 -0.000000 -0.000000 -0.008567 -0.029907 ) 
 (  0.244537  0.752609  0.000000  0.000000 -0.042013 -0.129301 ) 
 (  0.031793 -0.000000 -0.000000  0.000000  0.006063  0.000000 ) 
     freq (   14) =       9.119697 [THz] =     304.200349 [cm-1]
 ( -0.000000 -0.000000  0.010869 -0.003802 -0.000000  0.000000 ) 
 (  0.000000 -0.000000 -0.001800 -0.011373 -0.000000 -0.000000 ) 
 (  0.000000 -0.000000  0.105853 -0.177131 -0.000000  0.000000 ) 
 (  0.000000 -0.000000 -0.301473  0.536432  0.000000 -0.000000 ) 
 (  0.000000 -0.000000 -0.329619  0.519612  0.000000 -0.000000 ) 
 ( -0.000000  0.000000  0.097323 -0.162856  0.000000 -0.000000 ) 
 ( -0.000000  0.000000  0.266311  0.304875  0.000000  0.000000 ) 
     freq (   15) =       9.435997 [THz] =     314.750983 [cm-1]
 ( -0.026249 -0.032736  0.000000  0.000000 -0.014914 -0.034823 ) 
 (  0.001994 -0.041912 -0.000000  0.000000 -0.008402 -0.036939 ) 
 (  0.012154  0.037407 -0.000000  0.000000  0.057391  0.176632 ) 
 (  0.166194  0.023142 -0.000000 -0.000000  0.011430  0.031959 ) 
 ( -0.120851  0.116408  0.000000 -0.000000  0.009538  0.032574 ) 
 ( -0.042056 -0.129435 -0.000000  0.000000 -0.287337 -0.884333 ) 
 (  0.012823 -0.000000  0.000000 -0.000000  0.125135  0.000000 ) 
     freq (   16) =      11.116483 [THz] =     370.805975 [cm-1]
 ( -0.006051 -0.009446  0.000000  0.000000 -0.024321 -0.009920 ) 
 ( -0.000657 -0.011199  0.000000  0.000000  0.013845 -0.022321 ) 
 (  0.063855  0.196526  0.000000 -0.000000  0.026164  0.080524 ) 
 ( -0.387459 -0.264627  0.000000  0.000000 -0.017830 -0.211181 ) 
 (  0.157917 -0.441830 -0.000000  0.000000 -0.109704 -0.181329 ) 
 ( -0.146527 -0.450962 -0.000000 -0.000000  0.006686  0.020578 ) 
 (  0.079987  0.000000  0.000000 -0.000000 -0.432045  0.000000 ) 
     freq (   17) =      11.353766 [THz] =     378.720859 [cm-1]
 ( -0.008172  0.016948  0.000000 -0.000000  0.017422 -0.011720 ) 
 (  0.016573  0.008908 -0.000000 -0.000000 -0.020983  0.000758 ) 
 (  0.038627  0.118881 -0.000000 -0.000000 -0.012432 -0.038262 ) 
 (  0.307757 -0.357875 -0.000000  0.000000 -0.154371 -0.068493 ) 
 ( -0.459334 -0.108632  0.000000  0.000000  0.084630 -0.146149 ) 
 ( -0.085629 -0.263538 -0.000000 -0.000000  0.057642  0.177403 ) 
 (  0.040877  0.000000  0.000000  0.000000  0.604398  0.000000 ) 
     freq (   18) =      14.405353 [THz] =     480.510865 [cm-1]
 ( -0.012766 -0.020756 -0.000000 -0.000000 -0.003804  0.025025 ) 
 ( -0.001872 -0.024295  0.000000  0.000000  0.017786  0.018010 ) 
 ( -0.015899 -0.048932  0.000000  0.000000  0.029573  0.091017 ) 
 (  0.119008  0.142032 -0.000000 -0.000000  0.050711 -0.661984 ) 
 ( -0.012795  0.184858 -0.000000 -0.000000 -0.430130 -0.505749 ) 
 (  0.042799  0.131722  0.000000 -0.000000  0.032194  0.099083 ) 
 ( -0.008143  0.000000 -0.000000 -0.000000  0.073229  0.000000 ) 
     freq (   19) =      15.437972 [THz] =     514.955333 [cm-1]
 ( -0.003595  0.017393  0.000000  0.000000 -0.012822  0.002393 ) 
 (  0.013132  0.011959  0.000000  0.000000  0.011780 -0.005601 ) 
 (  0.004981  0.015331 -0.000000 -0.000000 -0.013022 -0.040079 ) 
 (  0.059306 -0.121326  0.000000  0.000000  0.688571  0.007944 ) 
 ( -0.119293 -0.063295 -0.000000  0.000000 -0.552397  0.411159 ) 
 ( -0.024628 -0.075798  0.000000  0.000000  0.000310  0.000953 ) 
 (  0.028162  0.000000 -0.000000  0.000000  0.070613  0.000000 ) 
     freq (   20) =      20.195604 [THz] =     673.652851 [cm-1]
 (  0.000000  0.000000 -0.000147 -0.000510  0.000000  0.000000 ) 
 (  0.000000  0.000000 -0.000417  0.000329 -0.000000  0.000000 ) 
 ( -0.000000  0.000000  0.142596  0.045847  0.000000 -0.000000 ) 
 ( -0.000000 -0.000000 -0.004690 -0.001492  0.000000  0.000000 ) 
 (  0.000000 -0.000000 -0.004681 -0.001521  0.000000  0.000000 ) 
 ( -0.000000  0.000000 -0.940683 -0.302442 -0.000000  0.000000 ) 
 ( -0.000000 -0.000000  0.019928 -0.027607 -0.000000  0.000000 ) 
     freq (   21) =      23.099277 [THz] =     770.508927 [cm-1]
 ( -0.000786  0.000905 -0.000000  0.000000  0.001532  0.000462 ) 
 (  0.001168  0.000271  0.000000  0.000000 -0.000968  0.001274 ) 
 ( -0.018215 -0.056060  0.000000 -0.000000 -0.000150 -0.000462 ) 
 (  0.003353  0.007449 -0.000000 -0.000000 -0.016091  0.007552 ) 
 (  0.001666  0.007997 -0.000000 -0.000000  0.017457 -0.003348 ) 
 ( -0.004667 -0.014362 -0.000000  0.000000  0.000239  0.000734 ) 
 (  0.997759 -0.000000  0.000000 -0.000000  0.000284  0.000000 ) 
 **************************************************************************
