Dynamical matrix file
Sr2RuO4                                                                    
  3    7   7   7.3000120   0.0000000   3.2938131   0.0000000   0.0000000   0.0000000
           1  'Sr     '    79860.7445811805     
           2  'Ru     '    92119.6696509919     
           3  'O      '    14582.1964454954     
    1    1      0.0000000000      0.0000000000      1.1602701746
    2    1      0.0000000000      0.0000000000     -1.1602701746
    3    2      0.0000000000      0.0000000000      0.0000000000
    4    3      0.0000000000      0.0000000000      0.5380857149
    5    3      0.0000000000      0.0000000000     -0.5380857149
    6    3      0.0000000000     -0.5000000000      0.0000000000
    7    3      0.5000000000      0.0000000000      0.0000000000

     Dynamical  Matrix in cartesian axes

     q = (   -0.200000000   0.200000000   0.121439799 ) 

    1    1
  0.09670973   0.00000000    -0.00902782  -0.00000000    -0.00090868   0.00706706
 -0.00902782  -0.00000000     0.09670973   0.00000000     0.00090868  -0.00706706
 -0.00090868  -0.00706706     0.00090868   0.00706706     0.18553362   0.00000000
    1    2
 -0.00418476  -0.00403751    -0.00295175  -0.01200512     0.02434637  -0.00922193
 -0.00295175  -0.01200512    -0.00418476  -0.00403751    -0.02434637   0.00922193
  0.02434637  -0.00922193    -0.02434637   0.00922193     0.00575012  -0.03939527
    1    3
 -0.00615544  -0.01649053    -0.01112797  -0.03085145    -0.04454156   0.00714915
 -0.01112797  -0.03085145    -0.00615544  -0.01649053     0.04454156  -0.00714915
 -0.03897148   0.00891156     0.03897148  -0.00891156    -0.03263243  -0.00616854
    1    4
 -0.01251998  -0.00056909     0.00406814   0.00149038     0.00622510   0.00902266
  0.00406814   0.00149038    -0.01251998  -0.00056909    -0.00622510  -0.00902266
  0.00248492   0.00761962    -0.00248492  -0.00761962    -0.03913283  -0.00251625
    1    5
 -0.00162464  -0.00635858     0.00480010   0.01528053     0.01690162  -0.00314613
  0.00480010   0.01528053    -0.00162464  -0.00635858    -0.01690162   0.00314613
 -0.00607255   0.00244554     0.00607255  -0.00244554    -0.00543406  -0.02780190
    1    6
  0.00296705  -0.01186369     0.00107607  -0.00368078     0.00078777   0.00227071
 -0.00029786   0.00386015     0.00047605   0.00041995    -0.00421479  -0.00337272
  0.00053390   0.00206367     0.00151320   0.00156683     0.00872656  -0.00560597
    1    7
  0.00047605   0.00041995    -0.00029786   0.00386015     0.00421479   0.00337272
  0.00107607  -0.00368078     0.00296705  -0.01186369    -0.00078777  -0.00227071
 -0.00151320  -0.00156683    -0.00053390  -0.00206367     0.00872656  -0.00560597
    2    1
 -0.00418476   0.00403751    -0.00295175   0.01200512     0.02434637   0.00922193
 -0.00295175   0.01200512    -0.00418476   0.00403751    -0.02434637  -0.00922193
  0.02434637   0.00922193    -0.02434637  -0.00922193     0.00575012   0.03939527
    2    2
  0.09670973  -0.00000000    -0.00902782   0.00000000    -0.00090868  -0.00706706
 -0.00902782   0.00000000     0.09670973  -0.00000000     0.00090868   0.00706706
 -0.00090868   0.00706706     0.00090868  -0.00706706     0.18553362   0.00000000
    2    3
 -0.00615544   0.01649053    -0.01112797   0.03085145    -0.04454156  -0.00714915
 -0.01112797   0.03085145    -0.00615544   0.01649053     0.04454156   0.00714915
 -0.03897148  -0.00891156     0.03897148   0.00891156    -0.03263243   0.00616854
    2    4
 -0.00162464   0.00635858     0.00480010  -0.01528053     0.01690162   0.00314613
  0.00480010  -0.01528053    -0.00162464   0.00635858    -0.01690162  -0.00314613
 -0.00607255  -0.00244554     0.00607255   0.00244554    -0.00543406   0.02780190
    2    5
 -0.01251998   0.00056909     0.00406814  -0.00149038     0.00622510  -0.00902266
  0.00406814  -0.00149038    -0.01251998   0.00056909    -0.00622510   0.00902266
  0.00248492  -0.00761962    -0.00248492   0.00761962    -0.03913283   0.00251625
    2    6
 -0.01036617   0.00648792    -0.00316810   0.00216083     0.00240301   0.00004753
  0.00357917  -0.00147613     0.00054650   0.00032298    -0.00451009  -0.00296628
  0.00212765  -0.00012994     0.00195775   0.00095496    -0.00263494   0.01003179
    2    7
  0.00054650   0.00032298     0.00357917  -0.00147613     0.00451009   0.00296628
 -0.00316810   0.00216083    -0.01036617   0.00648792    -0.00240301  -0.00004753
 -0.00195775  -0.00095496    -0.00212765   0.00012994    -0.00263494   0.01003179
    3    1
 -0.00615544   0.01649053    -0.01112797   0.03085145    -0.03897148  -0.00891156
 -0.01112797   0.03085145    -0.00615544   0.01649053     0.03897148   0.00891156
 -0.04454156  -0.00714915     0.04454156   0.00714915    -0.03263243   0.00616854
    3    2
 -0.00615544  -0.01649053    -0.01112797  -0.03085145    -0.03897148   0.00891156
 -0.01112797  -0.03085145    -0.00615544  -0.01649053     0.03897148  -0.00891156
 -0.04454156   0.00714915     0.04454156  -0.00714915    -0.03263243  -0.00616854
    3    3
  0.74627563   0.00000000    -0.02532311   0.00000000    -0.00456721   0.00000000
 -0.02532311   0.00000000     0.74627563   0.00000000     0.00456721   0.00000000
 -0.00456721   0.00000000     0.00456721   0.00000000     0.48600585   0.00000000
    3    4
 -0.06857029   0.00143522     0.00374842  -0.00007393     0.00740340   0.00187061
  0.00374842  -0.00007393    -0.06857029   0.00143522    -0.00740340  -0.00187061
  0.00851898  -0.00623196    -0.00851898   0.00623196    -0.11244317  -0.01679372
    3    5
 -0.06857029  -0.00143522     0.00374842   0.00007393     0.00740340  -0.00187061
  0.00374842   0.00007393    -0.06857029  -0.00143522    -0.00740340   0.00187061
  0.00851898   0.00623196    -0.00851898  -0.00623196    -0.11244317   0.01679372
    3    6
 -0.03313711  -0.02407552    -0.02019571  -0.01467304     0.00100343   0.00072903
  0.00141386   0.00102723    -0.34362772  -0.24966015    -0.00076790  -0.00055791
  0.00357628   0.00259832     0.00103788   0.00075407    -0.05773297  -0.04194546
    3    7
 -0.34362772  -0.24966015     0.00141386   0.00102723     0.00076790   0.00055791
 -0.02019571  -0.01467304    -0.03313711  -0.02407552    -0.00100343  -0.00072903
 -0.00103788  -0.00075407    -0.00357628  -0.00259832    -0.05773297  -0.04194546
    4    1
 -0.01251998   0.00056909     0.00406814  -0.00149038     0.00248492  -0.00761962
  0.00406814  -0.00149038    -0.01251998   0.00056909    -0.00248492   0.00761962
  0.00622510  -0.00902266    -0.00622510   0.00902266    -0.03913283   0.00251625
    4    2
 -0.00162464  -0.00635858     0.00480010   0.01528053    -0.00607255   0.00244554
  0.00480010   0.01528053    -0.00162464  -0.00635858     0.00607255  -0.00244554
  0.01690162  -0.00314613    -0.01690162   0.00314613    -0.00543406  -0.02780190
    4    3
 -0.06857029  -0.00143522     0.00374842   0.00007393     0.00851898   0.00623196
  0.00374842   0.00007393    -0.06857029  -0.00143522    -0.00851898  -0.00623196
  0.00740340  -0.00187061    -0.00740340   0.00187061    -0.11244317   0.01679372
    4    4
  0.08678358   0.00000000    -0.01107627   0.00000000    -0.00257085  -0.00538955
 -0.01107627   0.00000000     0.08678358   0.00000000     0.00257085   0.00538955
 -0.00257085   0.00538955     0.00257085  -0.00538955     0.28475914   0.00000000
    4    5
  0.01155684  -0.00221311    -0.00260024  -0.00661772    -0.01751219   0.00360373
 -0.00260024  -0.00661772     0.01155684  -0.00221311     0.01751219  -0.00360373
 -0.01751219   0.00360373     0.01751219  -0.00360373    -0.03566825  -0.02499234
    4    6
  0.00538565   0.00518071     0.00038928   0.00088292     0.00120696  -0.00409995
 -0.00247315  -0.00231937    -0.00388738  -0.00305763    -0.01457890   0.02282792
 -0.00733222  -0.00219954    -0.00231787   0.00117262    -0.00689251  -0.01435935
    4    7
 -0.00388738  -0.00305763    -0.00247315  -0.00231937     0.01457890  -0.02282792
  0.00038928   0.00088292     0.00538565   0.00518071    -0.00120696   0.00409995
  0.00231787  -0.00117262     0.00733222   0.00219954    -0.00689251  -0.01435935
    5    1
 -0.00162464   0.00635858     0.00480010  -0.01528053    -0.00607255  -0.00244554
  0.00480010  -0.01528053    -0.00162464   0.00635858     0.00607255   0.00244554
  0.01690162   0.00314613    -0.01690162  -0.00314613    -0.00543406   0.02780190
    5    2
 -0.01251998  -0.00056909     0.00406814   0.00149038     0.00248492   0.00761962
  0.00406814   0.00149038    -0.01251998  -0.00056909    -0.00248492  -0.00761962
  0.00622510   0.00902266    -0.00622510  -0.00902266    -0.03913283  -0.00251625
    5    3
 -0.06857029   0.00143522     0.00374842  -0.00007393     0.00851898  -0.00623196
  0.00374842  -0.00007393    -0.06857029   0.00143522    -0.00851898   0.00623196
  0.00740340   0.00187061    -0.00740340  -0.00187061    -0.11244317  -0.01679372
    5    4
  0.01155684   0.00221311    -0.00260024   0.00661772    -0.01751219  -0.00360373
 -0.00260024   0.00661772     0.01155684   0.00221311     0.01751219   0.00360373
 -0.01751219  -0.00360373     0.01751219   0.00360373    -0.03566825   0.02499234
    5    5
  0.08678358   0.00000000    -0.01107627   0.00000000    -0.00257085   0.00538955
 -0.01107627   0.00000000     0.08678358   0.00000000     0.00257085  -0.00538955
 -0.00257085  -0.00538955     0.00257085   0.00538955     0.28475914   0.00000000
    5    6
  0.00659140   0.00352113     0.00096000   0.00009739    -0.00352631   0.00241484
 -0.00297010  -0.00163538    -0.00410924  -0.00275226     0.01720551  -0.02091957
 -0.00435767  -0.00629366     0.00039896  -0.00256678    -0.01578645  -0.00211788
    5    7
 -0.00410924  -0.00275226    -0.00297010  -0.00163538    -0.01720551   0.02091957
  0.00096000   0.00009739     0.00659140   0.00352113     0.00352631  -0.00241484
 -0.00039896   0.00256678     0.00435767   0.00629366    -0.01578645  -0.00211788
    6    1
  0.00296705   0.01186369    -0.00029786  -0.00386015     0.00053390  -0.00206367
  0.00107607   0.00368078     0.00047605  -0.00041995     0.00151320  -0.00156683
  0.00078777  -0.00227071    -0.00421479   0.00337272     0.00872656   0.00560597
    6    2
 -0.01036617  -0.00648792     0.00357917   0.00147613     0.00212765   0.00012994
 -0.00316810  -0.00216083     0.00054650  -0.00032298     0.00195775  -0.00095496
  0.00240301  -0.00004753    -0.00451009   0.00296628    -0.00263494  -0.01003179
    6    3
 -0.03313711   0.02407552     0.00141386  -0.00102723     0.00357628  -0.00259832
 -0.02019571   0.01467304    -0.34362772   0.24966015     0.00103788  -0.00075407
  0.00100343  -0.00072903    -0.00076790   0.00055791    -0.05773297   0.04194546
    6    4
  0.00538565  -0.00518071    -0.00247315   0.00231937    -0.00733222   0.00219954
  0.00038928  -0.00088292    -0.00388738   0.00305763    -0.00231787  -0.00117262
  0.00120696   0.00409995    -0.01457890  -0.02282792    -0.00689251   0.01435935
    6    5
  0.00659140  -0.00352113    -0.00297010   0.00163538    -0.00435767   0.00629366
  0.00096000  -0.00009739    -0.00410924   0.00275226     0.00039896   0.00256678
 -0.00352631  -0.00241484     0.01720551   0.02091957    -0.01578645   0.00211788
    6    6
  0.10203679   0.00000000     0.00778982   0.00000000    -0.00073687   0.00000000
  0.00778982   0.00000000     0.58948909   0.00000000    -0.00019865   0.00000000
 -0.00073687   0.00000000    -0.00019865   0.00000000     0.10788573   0.00000000
    6    7
 -0.03289995   0.00000000    -0.03055489   0.00000000    -0.00058078   0.00000000
 -0.01342617   0.00000000    -0.03289995   0.00000000    -0.00046972   0.00000000
  0.00046972   0.00000000     0.00058078   0.00000000     0.00967926   0.00000000
    7    1
  0.00047605  -0.00041995     0.00107607   0.00368078    -0.00151320   0.00156683
 -0.00029786  -0.00386015     0.00296705   0.01186369    -0.00053390   0.00206367
  0.00421479  -0.00337272    -0.00078777   0.00227071     0.00872656   0.00560597
    7    2
  0.00054650  -0.00032298    -0.00316810  -0.00216083    -0.00195775   0.00095496
  0.00357917   0.00147613    -0.01036617  -0.00648792    -0.00212765  -0.00012994
  0.00451009  -0.00296628    -0.00240301   0.00004753    -0.00263494  -0.01003179
    7    3
 -0.34362772   0.24966015    -0.02019571   0.01467304    -0.00103788   0.00075407
  0.00141386  -0.00102723    -0.03313711   0.02407552    -0.00357628   0.00259832
  0.00076790  -0.00055791    -0.00100343   0.00072903    -0.05773297   0.04194546
    7    4
 -0.00388738   0.00305763     0.00038928  -0.00088292     0.00231787   0.00117262
 -0.00247315   0.00231937     0.00538565  -0.00518071     0.00733222  -0.00219954
  0.01457890   0.02282792    -0.00120696  -0.00409995    -0.00689251   0.01435935
    7    5
 -0.00410924   0.00275226     0.00096000  -0.00009739    -0.00039896  -0.00256678
 -0.00297010   0.00163538     0.00659140  -0.00352113     0.00435767  -0.00629366
 -0.01720551  -0.02091957     0.00352631   0.00241484    -0.01578645   0.00211788
    7    6
 -0.03289995   0.00000000    -0.01342617   0.00000000     0.00046972   0.00000000
 -0.03055489   0.00000000    -0.03289995   0.00000000     0.00058078   0.00000000
 -0.00058078   0.00000000    -0.00046972   0.00000000     0.00967926   0.00000000
    7    7
  0.58948909   0.00000000     0.00778982   0.00000000     0.00019865   0.00000000
  0.00778982   0.00000000     0.10203679   0.00000000     0.00073687   0.00000000
  0.00019865   0.00000000     0.00073687   0.00000000     0.10788573   0.00000000

     Dynamical  Matrix in cartesian axes

     q = (   -0.200000000  -0.200000000  -0.121439799 ) 

    1    1
  0.09670973  -0.00000000     0.00902782   0.00000000     0.00090868   0.00706706
  0.00902782  -0.00000000     0.09670973   0.00000000     0.00090868   0.00706706
  0.00090868  -0.00706706     0.00090868  -0.00706706     0.18553362   0.00000000
    1    2
 -0.00418476   0.00403751     0.00295175  -0.01200512    -0.02434637  -0.00922193
  0.00295175  -0.01200512    -0.00418476   0.00403751    -0.02434637  -0.00922193
 -0.02434637  -0.00922193    -0.02434637  -0.00922193     0.00575012   0.03939527
    1    3
 -0.00615544   0.01649053     0.01112797  -0.03085145     0.04454156   0.00714915
  0.01112797  -0.03085145    -0.00615544   0.01649053     0.04454156   0.00714915
  0.03897148   0.00891156     0.03897148   0.00891156    -0.03263243   0.00616854
    1    4
 -0.01251998   0.00056909    -0.00406814   0.00149038    -0.00622510   0.00902266
 -0.00406814   0.00149038    -0.01251998   0.00056909    -0.00622510   0.00902266
 -0.00248492   0.00761962    -0.00248492   0.00761962    -0.03913283   0.00251625
    1    5
 -0.00162464   0.00635858    -0.00480010   0.01528053    -0.01690162  -0.00314613
 -0.00480010   0.01528053    -0.00162464   0.00635858    -0.01690162  -0.00314613
  0.00607255   0.00244554     0.00607255   0.00244554    -0.00543406   0.02780190
    1    6
  0.00296705   0.01186369    -0.00107607  -0.00368078    -0.00078777   0.00227071
  0.00029786   0.00386015     0.00047605  -0.00041995    -0.00421479   0.00337272
 -0.00053390   0.00206367     0.00151320  -0.00156683     0.00872656   0.00560597
    1    7
  0.00054650   0.00032298    -0.00357917   0.00147613    -0.00451009  -0.00296628
  0.00316810  -0.00216083    -0.01036617   0.00648792    -0.00240301  -0.00004753
  0.00195775   0.00095496    -0.00212765   0.00012994    -0.00263494   0.01003179
    2    1
 -0.00418476  -0.00403751     0.00295175   0.01200512    -0.02434637   0.00922193
  0.00295175   0.01200512    -0.00418476  -0.00403751    -0.02434637   0.00922193
 -0.02434637   0.00922193    -0.02434637   0.00922193     0.00575012  -0.03939527
    2    2
  0.09670973   0.00000000     0.00902782   0.00000000     0.00090868  -0.00706706
  0.00902782   0.00000000     0.09670973   0.00000000     0.00090868  -0.00706706
  0.00090868   0.00706706     0.00090868   0.00706706     0.18553362  -0.00000000
    2    3
 -0.00615544  -0.01649053     0.01112797   0.03085145     0.04454156  -0.00714915
  0.01112797   0.03085145    -0.00615544  -0.01649053     0.04454156  -0.00714915
  0.03897148  -0.00891156     0.03897148  -0.00891156    -0.03263243  -0.00616854
    2    4
 -0.00162464  -0.00635858    -0.00480010  -0.01528053    -0.01690162   0.00314613
 -0.00480010  -0.01528053    -0.00162464  -0.00635858    -0.01690162   0.00314613
  0.00607255  -0.00244554     0.00607255  -0.00244554    -0.00543406  -0.02780190
    2    5
 -0.01251998  -0.00056909    -0.00406814  -0.00149038    -0.00622510  -0.00902266
 -0.00406814  -0.00149038    -0.01251998  -0.00056909    -0.00622510  -0.00902266
 -0.00248492  -0.00761962    -0.00248492  -0.00761962    -0.03913283  -0.00251625
    2    6
 -0.01036617  -0.00648792     0.00316810   0.00216083    -0.00240301   0.00004753
 -0.00357917  -0.00147613     0.00054650  -0.00032298    -0.00451009   0.00296628
 -0.00212765  -0.00012994     0.00195775  -0.00095496    -0.00263494  -0.01003179
    2    7
  0.00047605   0.00041995     0.00029786  -0.00386015    -0.00421479  -0.00337272
 -0.00107607   0.00368078     0.00296705  -0.01186369    -0.00078777  -0.00227071
  0.00151320   0.00156683    -0.00053390  -0.00206367     0.00872656  -0.00560597
    3    1
 -0.00615544  -0.01649053     0.01112797   0.03085145     0.03897148  -0.00891156
  0.01112797   0.03085145    -0.00615544  -0.01649053     0.03897148  -0.00891156
  0.04454156  -0.00714915     0.04454156  -0.00714915    -0.03263243  -0.00616854
    3    2
 -0.00615544   0.01649053     0.01112797  -0.03085145     0.03897148   0.00891156
  0.01112797  -0.03085145    -0.00615544   0.01649053     0.03897148   0.00891156
  0.04454156   0.00714915     0.04454156   0.00714915    -0.03263243   0.00616854
    3    3
  0.74627563   0.00000000     0.02532311   0.00000000     0.00456721   0.00000000
  0.02532311   0.00000000     0.74627563   0.00000000     0.00456721   0.00000000
  0.00456721   0.00000000     0.00456721   0.00000000     0.48600585   0.00000000
    3    4
 -0.06857029  -0.00143522    -0.00374842  -0.00007393    -0.00740340   0.00187061
 -0.00374842  -0.00007393    -0.06857029  -0.00143522    -0.00740340   0.00187061
 -0.00851898  -0.00623196    -0.00851898  -0.00623196    -0.11244317   0.01679372
    3    5
 -0.06857029   0.00143522    -0.00374842   0.00007393    -0.00740340  -0.00187061
 -0.00374842   0.00007393    -0.06857029   0.00143522    -0.00740340  -0.00187061
 -0.00851898   0.00623196    -0.00851898   0.00623196    -0.11244317  -0.01679372
    3    6
 -0.03313711   0.02407552     0.02019571  -0.01467304    -0.00100343   0.00072903
 -0.00141386   0.00102723    -0.34362772   0.24966015    -0.00076790   0.00055791
 -0.00357628   0.00259832     0.00103788  -0.00075407    -0.05773297   0.04194546
    3    7
 -0.34362772  -0.24966015    -0.00141386  -0.00102723    -0.00076790  -0.00055791
  0.02019571   0.01467304    -0.03313711  -0.02407552    -0.00100343  -0.00072903
  0.00103788   0.00075407    -0.00357628  -0.00259832    -0.05773297  -0.04194546
    4    1
 -0.01251998  -0.00056909    -0.00406814  -0.00149038    -0.00248492  -0.00761962
 -0.00406814  -0.00149038    -0.01251998  -0.00056909    -0.00248492  -0.00761962
 -0.00622510  -0.00902266    -0.00622510  -0.00902266    -0.03913283  -0.00251625
    4    2
 -0.00162464   0.00635858    -0.00480010   0.01528053     0.00607255   0.00244554
 -0.00480010   0.01528053    -0.00162464   0.00635858     0.00607255   0.00244554
 -0.01690162  -0.00314613    -0.01690162  -0.00314613    -0.00543406   0.02780190
    4    3
 -0.06857029   0.00143522    -0.00374842   0.00007393    -0.00851898   0.00623196
 -0.00374842   0.00007393    -0.06857029   0.00143522    -0.00851898   0.00623196
 -0.00740340  -0.00187061    -0.00740340  -0.00187061    -0.11244317  -0.01679372
    4    4
  0.08678358   0.00000000     0.01107627   0.00000000     0.00257085  -0.00538955
  0.01107627   0.00000000     0.08678358   0.00000000     0.00257085  -0.00538955
  0.00257085   0.00538955     0.00257085   0.00538955     0.28475914   0.00000000
    4    5
  0.01155684   0.00221311     0.00260024  -0.00661772     0.01751219   0.00360373
  0.00260024  -0.00661772     0.01155684   0.00221311     0.01751219   0.00360373
  0.01751219   0.00360373     0.01751219   0.00360373    -0.03566825   0.02499234
    4    6
  0.00538565  -0.00518071    -0.00038928   0.00088292    -0.00120696  -0.00409995
  0.00247315  -0.00231937    -0.00388738   0.00305763    -0.01457890  -0.02282792
  0.00733222  -0.00219954    -0.00231787  -0.00117262    -0.00689251   0.01435935
    4    7
 -0.00410924  -0.00275226     0.00297010   0.00163538     0.01720551  -0.02091957
 -0.00096000  -0.00009739     0.00659140   0.00352113     0.00352631  -0.00241484
  0.00039896  -0.00256678     0.00435767   0.00629366    -0.01578645  -0.00211788
    5    1
 -0.00162464  -0.00635858    -0.00480010  -0.01528053     0.00607255  -0.00244554
 -0.00480010  -0.01528053    -0.00162464  -0.00635858     0.00607255  -0.00244554
 -0.01690162   0.00314613    -0.01690162   0.00314613    -0.00543406  -0.02780190
    5    2
 -0.01251998   0.00056909    -0.00406814   0.00149038    -0.00248492   0.00761962
 -0.00406814   0.00149038    -0.01251998   0.00056909    -0.00248492   0.00761962
 -0.00622510   0.00902266    -0.00622510   0.00902266    -0.03913283   0.00251625
    5    3
 -0.06857029  -0.00143522    -0.00374842  -0.00007393    -0.00851898  -0.00623196
 -0.00374842  -0.00007393    -0.06857029  -0.00143522    -0.00851898  -0.00623196
 -0.00740340   0.00187061    -0.00740340   0.00187061    -0.11244317   0.01679372
    5    4
  0.01155684  -0.00221311     0.00260024   0.00661772     0.01751219  -0.00360373
  0.00260024   0.00661772     0.01155684  -0.00221311     0.01751219  -0.00360373
  0.01751219  -0.00360373     0.01751219  -0.00360373    -0.03566825  -0.02499234
    5    5
  0.08678358   0.00000000     0.01107627   0.00000000     0.00257085   0.00538955
  0.01107627   0.00000000     0.08678358  -0.00000000     0.00257085   0.00538955
  0.00257085  -0.00538955     0.00257085  -0.00538955     0.28475914  -0.00000000
    5    6
  0.00659140  -0.00352113    -0.00096000   0.00009739     0.00352631   0.00241484
  0.00297010  -0.00163538    -0.00410924   0.00275226     0.01720551   0.02091957
  0.00435767  -0.00629366     0.00039896   0.00256678    -0.01578645   0.00211788
    5    7
 -0.00388738  -0.00305763     0.00247315   0.00231937    -0.01457890   0.02282792
 -0.00038928  -0.00088292     0.00538565   0.00518071    -0.00120696   0.00409995
 -0.00231787   0.00117262     0.00733222   0.00219954    -0.00689251  -0.01435935
    6    1
  0.00296705  -0.01186369     0.00029786  -0.00386015    -0.00053390  -0.00206367
 -0.00107607   0.00368078     0.00047605   0.00041995     0.00151320   0.00156683
 -0.00078777  -0.00227071    -0.00421479  -0.00337272     0.00872656  -0.00560597
    6    2
 -0.01036617   0.00648792    -0.00357917   0.00147613    -0.00212765   0.00012994
  0.00316810  -0.00216083     0.00054650   0.00032298     0.00195775   0.00095496
 -0.00240301  -0.00004753    -0.00451009  -0.00296628    -0.00263494   0.01003179
    6    3
 -0.03313711  -0.02407552    -0.00141386  -0.00102723    -0.00357628  -0.00259832
  0.02019571   0.01467304    -0.34362772  -0.24966015     0.00103788   0.00075407
 -0.00100343  -0.00072903    -0.00076790  -0.00055791    -0.05773297  -0.04194546
    6    4
  0.00538565   0.00518071     0.00247315   0.00231937     0.00733222   0.00219954
 -0.00038928  -0.00088292    -0.00388738  -0.00305763    -0.00231787   0.00117262
 -0.00120696   0.00409995    -0.01457890   0.02282792    -0.00689251  -0.01435935
    6    5
  0.00659140   0.00352113     0.00297010   0.00163538     0.00435767   0.00629366
 -0.00096000  -0.00009739    -0.00410924  -0.00275226     0.00039896  -0.00256678
  0.00352631  -0.00241484     0.01720551  -0.02091957    -0.01578645  -0.00211788
    6    6
  0.10203679   0.00000000    -0.00778982   0.00000000     0.00073687   0.00000000
 -0.00778982   0.00000000     0.58948909   0.00000000    -0.00019865   0.00000000
  0.00073687   0.00000000    -0.00019865   0.00000000     0.10788573   0.00000000
    6    7
 -0.01016664  -0.03128971     0.00944198   0.02905943     0.00017947   0.00055236
  0.00414891   0.01276904    -0.01016664  -0.03128971    -0.00014515  -0.00044673
 -0.00014515  -0.00044673     0.00017947   0.00055236     0.00299106   0.00920552
    7    1
  0.00054650  -0.00032298     0.00316810   0.00216083     0.00195775  -0.00095496
 -0.00357917  -0.00147613    -0.01036617  -0.00648792    -0.00212765  -0.00012994
 -0.00451009   0.00296628    -0.00240301   0.00004753    -0.00263494  -0.01003179
    7    2
  0.00047605  -0.00041995    -0.00107607  -0.00368078     0.00151320  -0.00156683
  0.00029786   0.00386015     0.00296705   0.01186369    -0.00053390   0.00206367
 -0.00421479   0.00337272    -0.00078777   0.00227071     0.00872656   0.00560597
    7    3
 -0.34362772   0.24966015     0.02019571  -0.01467304     0.00103788  -0.00075407
 -0.00141386   0.00102723    -0.03313711   0.02407552    -0.00357628   0.00259832
 -0.00076790   0.00055791    -0.00100343   0.00072903    -0.05773297   0.04194546
    7    4
 -0.00410924   0.00275226    -0.00096000   0.00009739     0.00039896   0.00256678
  0.00297010  -0.00163538     0.00659140  -0.00352113     0.00435767  -0.00629366
  0.01720551   0.02091957     0.00352631   0.00241484    -0.01578645   0.00211788
    7    5
 -0.00388738   0.00305763    -0.00038928   0.00088292    -0.00231787  -0.00117262
  0.00247315  -0.00231937     0.00538565  -0.00518071     0.00733222  -0.00219954
 -0.01457890  -0.02282792    -0.00120696  -0.00409995    -0.00689251   0.01435935
    7    6
 -0.01016664   0.03128971     0.00414891  -0.01276904    -0.00014515   0.00044673
  0.00944198  -0.02905943    -0.01016664   0.03128971     0.00017947  -0.00055236
  0.00017947  -0.00055236    -0.00014515   0.00044673     0.00299106  -0.00920552
    7    7
  0.58948909   0.00000000    -0.00778982   0.00000000    -0.00019865   0.00000000
 -0.00778982   0.00000000     0.10203679   0.00000000     0.00073687   0.00000000
 -0.00019865   0.00000000     0.00073687   0.00000000     0.10788573   0.00000000

     Dynamical  Matrix in cartesian axes

     q = (   -0.200000000   0.200000000  -0.121439799 ) 

    1    1
  0.09670973   0.00000000    -0.00902782   0.00000000     0.00090868   0.00706706
 -0.00902782   0.00000000     0.09670973   0.00000000    -0.00090868  -0.00706706
  0.00090868  -0.00706706    -0.00090868   0.00706706     0.18553362   0.00000000
    1    2
 -0.00418476   0.00403751    -0.00295175   0.01200512    -0.02434637  -0.00922193
 -0.00295175   0.01200512    -0.00418476   0.00403751     0.02434637   0.00922193
 -0.02434637  -0.00922193     0.02434637   0.00922193     0.00575012   0.03939527
    1    3
 -0.00615544   0.01649053    -0.01112797   0.03085145     0.04454156   0.00714915
 -0.01112797   0.03085145    -0.00615544   0.01649053    -0.04454156  -0.00714915
  0.03897148   0.00891156    -0.03897148  -0.00891156    -0.03263243   0.00616854
    1    4
 -0.01251998   0.00056909     0.00406814  -0.00149038    -0.00622510   0.00902266
  0.00406814  -0.00149038    -0.01251998   0.00056909     0.00622510  -0.00902266
 -0.00248492   0.00761962     0.00248492  -0.00761962    -0.03913283   0.00251625
    1    5
 -0.00162464   0.00635858     0.00480010  -0.01528053    -0.01690162  -0.00314613
  0.00480010  -0.01528053    -0.00162464   0.00635858     0.01690162   0.00314613
  0.00607255   0.00244554    -0.00607255  -0.00244554    -0.00543406   0.02780190
    1    6
 -0.01036617   0.00648792    -0.00316810   0.00216083    -0.00240301  -0.00004753
  0.00357917  -0.00147613     0.00054650   0.00032298     0.00451009   0.00296628
 -0.00212765   0.00012994    -0.00195775  -0.00095496    -0.00263494   0.01003179
    1    7
  0.00054650   0.00032298     0.00357917  -0.00147613    -0.00451009  -0.00296628
 -0.00316810   0.00216083    -0.01036617   0.00648792     0.00240301   0.00004753
  0.00195775   0.00095496     0.00212765  -0.00012994    -0.00263494   0.01003179
    2    1
 -0.00418476  -0.00403751    -0.00295175  -0.01200512    -0.02434637   0.00922193
 -0.00295175  -0.01200512    -0.00418476  -0.00403751     0.02434637  -0.00922193
 -0.02434637   0.00922193     0.02434637  -0.00922193     0.00575012  -0.03939527
    2    2
  0.09670973   0.00000000    -0.00902782   0.00000000     0.00090868  -0.00706706
 -0.00902782   0.00000000     0.09670973   0.00000000    -0.00090868   0.00706706
  0.00090868   0.00706706    -0.00090868  -0.00706706     0.18553362   0.00000000
    2    3
 -0.00615544  -0.01649053    -0.01112797  -0.03085145     0.04454156  -0.00714915
 -0.01112797  -0.03085145    -0.00615544  -0.01649053    -0.04454156   0.00714915
  0.03897148  -0.00891156    -0.03897148   0.00891156    -0.03263243  -0.00616854
    2    4
 -0.00162464  -0.00635858     0.00480010   0.01528053    -0.01690162   0.00314613
  0.00480010   0.01528053    -0.00162464  -0.00635858     0.01690162  -0.00314613
  0.00607255  -0.00244554    -0.00607255   0.00244554    -0.00543406  -0.02780190
    2    5
 -0.01251998  -0.00056909     0.00406814   0.00149038    -0.00622510  -0.00902266
  0.00406814   0.00149038    -0.01251998  -0.00056909     0.00622510   0.00902266
 -0.00248492  -0.00761962     0.00248492   0.00761962    -0.03913283  -0.00251625
    2    6
  0.00296705  -0.01186369     0.00107607  -0.00368078    -0.00078777  -0.00227071
 -0.00029786   0.00386015     0.00047605   0.00041995     0.00421479   0.00337272
 -0.00053390  -0.00206367    -0.00151320  -0.00156683     0.00872656  -0.00560597
    2    7
  0.00047605   0.00041995    -0.00029786   0.00386015    -0.00421479  -0.00337272
  0.00107607  -0.00368078     0.00296705  -0.01186369     0.00078777   0.00227071
  0.00151320   0.00156683     0.00053390   0.00206367     0.00872656  -0.00560597
    3    1
 -0.00615544  -0.01649053    -0.01112797  -0.03085145     0.03897148  -0.00891156
 -0.01112797  -0.03085145    -0.00615544  -0.01649053    -0.03897148   0.00891156
  0.04454156  -0.00714915    -0.04454156   0.00714915    -0.03263243  -0.00616854
    3    2
 -0.00615544   0.01649053    -0.01112797   0.03085145     0.03897148   0.00891156
 -0.01112797   0.03085145    -0.00615544   0.01649053    -0.03897148  -0.00891156
  0.04454156   0.00714915    -0.04454156  -0.00714915    -0.03263243   0.00616854
    3    3
  0.74627563   0.00000000    -0.02532311   0.00000000     0.00456721   0.00000000
 -0.02532311   0.00000000     0.74627563   0.00000000    -0.00456721   0.00000000
  0.00456721   0.00000000    -0.00456721   0.00000000     0.48600585   0.00000000
    3    4
 -0.06857029  -0.00143522     0.00374842   0.00007393    -0.00740340   0.00187061
  0.00374842   0.00007393    -0.06857029  -0.00143522     0.00740340  -0.00187061
 -0.00851898  -0.00623196     0.00851898   0.00623196    -0.11244317   0.01679372
    3    5
 -0.06857029   0.00143522     0.00374842  -0.00007393    -0.00740340  -0.00187061
  0.00374842  -0.00007393    -0.06857029   0.00143522     0.00740340   0.00187061
 -0.00851898   0.00623196     0.00851898  -0.00623196    -0.11244317  -0.01679372
    3    6
 -0.03313711  -0.02407552    -0.02019571  -0.01467304    -0.00100343  -0.00072903
  0.00141386   0.00102723    -0.34362772  -0.24966015     0.00076790   0.00055791
 -0.00357628  -0.00259832    -0.00103788  -0.00075407    -0.05773297  -0.04194546
    3    7
 -0.34362772  -0.24966015     0.00141386   0.00102723    -0.00076790  -0.00055791
 -0.02019571  -0.01467304    -0.03313711  -0.02407552     0.00100343   0.00072903
  0.00103788   0.00075407     0.00357628   0.00259832    -0.05773297  -0.04194546
    4    1
 -0.01251998  -0.00056909     0.00406814   0.00149038    -0.00248492  -0.00761962
  0.00406814   0.00149038    -0.01251998  -0.00056909     0.00248492   0.00761962
 -0.00622510  -0.00902266     0.00622510   0.00902266    -0.03913283  -0.00251625
    4    2
 -0.00162464   0.00635858     0.00480010  -0.01528053     0.00607255   0.00244554
  0.00480010  -0.01528053    -0.00162464   0.00635858    -0.00607255  -0.00244554
 -0.01690162  -0.00314613     0.01690162   0.00314613    -0.00543406   0.02780190
    4    3
 -0.06857029   0.00143522     0.00374842  -0.00007393    -0.00851898   0.00623196
  0.00374842  -0.00007393    -0.06857029   0.00143522     0.00851898  -0.00623196
 -0.00740340  -0.00187061     0.00740340   0.00187061    -0.11244317  -0.01679372
    4    4
  0.08678358   0.00000000    -0.01107627  -0.00000000     0.00257085  -0.00538955
 -0.01107627  -0.00000000     0.08678358   0.00000000    -0.00257085   0.00538955
  0.00257085   0.00538955    -0.00257085  -0.00538955     0.28475914   0.00000000
    4    5
  0.01155684   0.00221311    -0.00260024   0.00661772     0.01751219   0.00360373
 -0.00260024   0.00661772     0.01155684   0.00221311    -0.01751219  -0.00360373
  0.01751219   0.00360373    -0.01751219  -0.00360373    -0.03566825   0.02499234
    4    6
  0.00659140   0.00352113     0.00096000   0.00009739     0.00352631  -0.00241484
 -0.00297010  -0.00163538    -0.00410924  -0.00275226    -0.01720551   0.02091957
  0.00435767   0.00629366    -0.00039896   0.00256678    -0.01578645  -0.00211788
    4    7
 -0.00410924  -0.00275226    -0.00297010  -0.00163538     0.01720551  -0.02091957
  0.00096000   0.00009739     0.00659140   0.00352113    -0.00352631   0.00241484
  0.00039896  -0.00256678    -0.00435767  -0.00629366    -0.01578645  -0.00211788
    5    1
 -0.00162464  -0.00635858     0.00480010   0.01528053     0.00607255  -0.00244554
  0.00480010   0.01528053    -0.00162464  -0.00635858    -0.00607255   0.00244554
 -0.01690162   0.00314613     0.01690162  -0.00314613    -0.00543406  -0.02780190
    5    2
 -0.01251998   0.00056909     0.00406814  -0.00149038    -0.00248492   0.00761962
  0.00406814  -0.00149038    -0.01251998   0.00056909     0.00248492  -0.00761962
 -0.00622510   0.00902266     0.00622510  -0.00902266    -0.03913283   0.00251625
    5    3
 -0.06857029  -0.00143522     0.00374842   0.00007393    -0.00851898  -0.00623196
  0.00374842   0.00007393    -0.06857029  -0.00143522     0.00851898   0.00623196
 -0.00740340   0.00187061     0.00740340  -0.00187061    -0.11244317   0.01679372
    5    4
  0.01155684  -0.00221311    -0.00260024  -0.00661772     0.01751219  -0.00360373
 -0.00260024  -0.00661772     0.01155684  -0.00221311    -0.01751219   0.00360373
  0.01751219  -0.00360373    -0.01751219   0.00360373    -0.03566825  -0.02499234
    5    5
  0.08678358  -0.00000000    -0.01107627   0.00000000     0.00257085   0.00538955
 -0.01107627   0.00000000     0.08678358  -0.00000000    -0.00257085  -0.00538955
  0.00257085  -0.00538955    -0.00257085   0.00538955     0.28475914   0.00000000
    5    6
  0.00538565   0.00518071     0.00038928   0.00088292    -0.00120696   0.00409995
 -0.00247315  -0.00231937    -0.00388738  -0.00305763     0.01457890  -0.02282792
  0.00733222   0.00219954     0.00231787  -0.00117262    -0.00689251  -0.01435935
    5    7
 -0.00388738  -0.00305763    -0.00247315  -0.00231937    -0.01457890   0.02282792
  0.00038928   0.00088292     0.00538565   0.00518071     0.00120696  -0.00409995
 -0.00231787   0.00117262    -0.00733222  -0.00219954    -0.00689251  -0.01435935
    6    1
 -0.01036617  -0.00648792     0.00357917   0.00147613    -0.00212765  -0.00012994
 -0.00316810  -0.00216083     0.00054650  -0.00032298    -0.00195775   0.00095496
 -0.00240301   0.00004753     0.00451009  -0.00296628    -0.00263494  -0.01003179
    6    2
  0.00296705   0.01186369    -0.00029786  -0.00386015    -0.00053390   0.00206367
  0.00107607   0.00368078     0.00047605  -0.00041995    -0.00151320   0.00156683
 -0.00078777   0.00227071     0.00421479  -0.00337272     0.00872656   0.00560597
    6    3
 -0.03313711   0.02407552     0.00141386  -0.00102723    -0.00357628   0.00259832
 -0.02019571   0.01467304    -0.34362772   0.24966015    -0.00103788   0.00075407
 -0.00100343   0.00072903     0.00076790  -0.00055791    -0.05773297   0.04194546
    6    4
  0.00659140  -0.00352113    -0.00297010   0.00163538     0.00435767  -0.00629366
  0.00096000  -0.00009739    -0.00410924   0.00275226    -0.00039896  -0.00256678
  0.00352631   0.00241484    -0.01720551  -0.02091957    -0.01578645   0.00211788
    6    5
  0.00538565  -0.00518071    -0.00247315   0.00231937     0.00733222  -0.00219954
  0.00038928  -0.00088292    -0.00388738   0.00305763     0.00231787   0.00117262
 -0.00120696  -0.00409995     0.01457890   0.02282792    -0.00689251   0.01435935
    6    6
  0.10203679   0.00000000     0.00778982   0.00000000     0.00073687   0.00000000
  0.00778982   0.00000000     0.58948909   0.00000000     0.00019865   0.00000000
  0.00073687   0.00000000     0.00019865   0.00000000     0.10788573   0.00000000
    6    7
 -0.03289995   0.00000000    -0.03055489   0.00000000     0.00058078   0.00000000
 -0.01342617   0.00000000    -0.03289995   0.00000000     0.00046972   0.00000000
 -0.00046972   0.00000000    -0.00058078   0.00000000     0.00967926   0.00000000
    7    1
  0.00054650  -0.00032298    -0.00316810  -0.00216083     0.00195775  -0.00095496
  0.00357917   0.00147613    -0.01036617  -0.00648792     0.00212765   0.00012994
 -0.00451009   0.00296628     0.00240301  -0.00004753    -0.00263494  -0.01003179
    7    2
  0.00047605  -0.00041995     0.00107607   0.00368078     0.00151320  -0.00156683
 -0.00029786  -0.00386015     0.00296705   0.01186369     0.00053390  -0.00206367
 -0.00421479   0.00337272     0.00078777  -0.00227071     0.00872656   0.00560597
    7    3
 -0.34362772   0.24966015    -0.02019571   0.01467304     0.00103788  -0.00075407
  0.00141386  -0.00102723    -0.03313711   0.02407552     0.00357628  -0.00259832
 -0.00076790   0.00055791     0.00100343  -0.00072903    -0.05773297   0.04194546
    7    4
 -0.00410924   0.00275226     0.00096000  -0.00009739     0.00039896   0.00256678
 -0.00297010   0.00163538     0.00659140  -0.00352113    -0.00435767   0.00629366
  0.01720551   0.02091957    -0.00352631  -0.00241484    -0.01578645   0.00211788
    7    5
 -0.00388738   0.00305763     0.00038928  -0.00088292    -0.00231787  -0.00117262
 -0.00247315   0.00231937     0.00538565  -0.00518071    -0.00733222   0.00219954
 -0.01457890  -0.02282792     0.00120696   0.00409995    -0.00689251   0.01435935
    7    6
 -0.03289995   0.00000000    -0.01342617   0.00000000    -0.00046972   0.00000000
 -0.03055489   0.00000000    -0.03289995   0.00000000    -0.00058078   0.00000000
  0.00058078   0.00000000     0.00046972   0.00000000     0.00967926   0.00000000
    7    7
  0.58948909   0.00000000     0.00778982   0.00000000    -0.00019865   0.00000000
  0.00778982   0.00000000     0.10203679   0.00000000    -0.00073687   0.00000000
 -0.00019865   0.00000000    -0.00073687   0.00000000     0.10788573   0.00000000

     Dynamical  Matrix in cartesian axes

     q = (    0.200000000  -0.200000000   0.121439799 ) 

    1    1
  0.09670973   0.00000000    -0.00902782   0.00000000     0.00090868  -0.00706706
 -0.00902782   0.00000000     0.09670973   0.00000000    -0.00090868   0.00706706
  0.00090868   0.00706706    -0.00090868  -0.00706706     0.18553362   0.00000000
    1    2
 -0.00418476  -0.00403751    -0.00295175  -0.01200512    -0.02434637   0.00922193
 -0.00295175  -0.01200512    -0.00418476  -0.00403751     0.02434637  -0.00922193
 -0.02434637   0.00922193     0.02434637  -0.00922193     0.00575012  -0.03939527
    1    3
 -0.00615544  -0.01649053    -0.01112797  -0.03085145     0.04454156  -0.00714915
 -0.01112797  -0.03085145    -0.00615544  -0.01649053    -0.04454156   0.00714915
  0.03897148  -0.00891156    -0.03897148   0.00891156    -0.03263243  -0.00616854
    1    4
 -0.01251998  -0.00056909     0.00406814   0.00149038    -0.00622510  -0.00902266
  0.00406814   0.00149038    -0.01251998  -0.00056909     0.00622510   0.00902266
 -0.00248492  -0.00761962     0.00248492   0.00761962    -0.03913283  -0.00251625
    1    5
 -0.00162464  -0.00635858     0.00480010   0.01528053    -0.01690162   0.00314613
  0.00480010   0.01528053    -0.00162464  -0.00635858     0.01690162  -0.00314613
  0.00607255  -0.00244554    -0.00607255   0.00244554    -0.00543406  -0.02780190
    1    6
 -0.01036617  -0.00648792    -0.00316810  -0.00216083    -0.00240301   0.00004753
  0.00357917   0.00147613     0.00054650  -0.00032298     0.00451009  -0.00296628
 -0.00212765  -0.00012994    -0.00195775   0.00095496    -0.00263494  -0.01003179
    1    7
  0.00054650  -0.00032298     0.00357917   0.00147613    -0.00451009   0.00296628
 -0.00316810  -0.00216083    -0.01036617  -0.00648792     0.00240301  -0.00004753
  0.00195775  -0.00095496     0.00212765   0.00012994    -0.00263494  -0.01003179
    2    1
 -0.00418476   0.00403751    -0.00295175   0.01200512    -0.02434637  -0.00922193
 -0.00295175   0.01200512    -0.00418476   0.00403751     0.02434637   0.00922193
 -0.02434637  -0.00922193     0.02434637   0.00922193     0.00575012   0.03939527
    2    2
  0.09670973   0.00000000    -0.00902782   0.00000000     0.00090868   0.00706706
 -0.00902782   0.00000000     0.09670973   0.00000000    -0.00090868  -0.00706706
  0.00090868  -0.00706706    -0.00090868   0.00706706     0.18553362   0.00000000
    2    3
 -0.00615544   0.01649053    -0.01112797   0.03085145     0.04454156   0.00714915
 -0.01112797   0.03085145    -0.00615544   0.01649053    -0.04454156  -0.00714915
  0.03897148   0.00891156    -0.03897148  -0.00891156    -0.03263243   0.00616854
    2    4
 -0.00162464   0.00635858     0.00480010  -0.01528053    -0.01690162  -0.00314613
  0.00480010  -0.01528053    -0.00162464   0.00635858     0.01690162   0.00314613
  0.00607255   0.00244554    -0.00607255  -0.00244554    -0.00543406   0.02780190
    2    5
 -0.01251998   0.00056909     0.00406814  -0.00149038    -0.00622510   0.00902266
  0.00406814  -0.00149038    -0.01251998   0.00056909     0.00622510  -0.00902266
 -0.00248492   0.00761962     0.00248492  -0.00761962    -0.03913283   0.00251625
    2    6
  0.00296705   0.01186369     0.00107607   0.00368078    -0.00078777   0.00227071
 -0.00029786  -0.00386015     0.00047605  -0.00041995     0.00421479  -0.00337272
 -0.00053390   0.00206367    -0.00151320   0.00156683     0.00872656   0.00560597
    2    7
  0.00047605  -0.00041995    -0.00029786  -0.00386015    -0.00421479   0.00337272
  0.00107607   0.00368078     0.00296705   0.01186369     0.00078777  -0.00227071
  0.00151320  -0.00156683     0.00053390  -0.00206367     0.00872656   0.00560597
    3    1
 -0.00615544   0.01649053    -0.01112797   0.03085145     0.03897148   0.00891156
 -0.01112797   0.03085145    -0.00615544   0.01649053    -0.03897148  -0.00891156
  0.04454156   0.00714915    -0.04454156  -0.00714915    -0.03263243   0.00616854
    3    2
 -0.00615544  -0.01649053    -0.01112797  -0.03085145     0.03897148  -0.00891156
 -0.01112797  -0.03085145    -0.00615544  -0.01649053    -0.03897148   0.00891156
  0.04454156  -0.00714915    -0.04454156   0.00714915    -0.03263243  -0.00616854
    3    3
  0.74627563   0.00000000    -0.02532311   0.00000000     0.00456721   0.00000000
 -0.02532311   0.00000000     0.74627563   0.00000000    -0.00456721   0.00000000
  0.00456721   0.00000000    -0.00456721   0.00000000     0.48600585   0.00000000
    3    4
 -0.06857029   0.00143522     0.00374842  -0.00007393    -0.00740340  -0.00187061
  0.00374842  -0.00007393    -0.06857029   0.00143522     0.00740340   0.00187061
 -0.00851898   0.00623196     0.00851898  -0.00623196    -0.11244317  -0.01679372
    3    5
 -0.06857029  -0.00143522     0.00374842   0.00007393    -0.00740340   0.00187061
  0.00374842   0.00007393    -0.06857029  -0.00143522     0.00740340  -0.00187061
 -0.00851898  -0.00623196     0.00851898   0.00623196    -0.11244317   0.01679372
    3    6
 -0.03313711   0.02407552    -0.02019571   0.01467304    -0.00100343   0.00072903
  0.00141386  -0.00102723    -0.34362772   0.24966015     0.00076790  -0.00055791
 -0.00357628   0.00259832    -0.00103788   0.00075407    -0.05773297   0.04194546
    3    7
 -0.34362772   0.24966015     0.00141386  -0.00102723    -0.00076790   0.00055791
 -0.02019571   0.01467304    -0.03313711   0.02407552     0.00100343  -0.00072903
  0.00103788  -0.00075407     0.00357628  -0.00259832    -0.05773297   0.04194546
    4    1
 -0.01251998   0.00056909     0.00406814  -0.00149038    -0.00248492   0.00761962
  0.00406814  -0.00149038    -0.01251998   0.00056909     0.00248492  -0.00761962
 -0.00622510   0.00902266     0.00622510  -0.00902266    -0.03913283   0.00251625
    4    2
 -0.00162464  -0.00635858     0.00480010   0.01528053     0.00607255  -0.00244554
  0.00480010   0.01528053    -0.00162464  -0.00635858    -0.00607255   0.00244554
 -0.01690162   0.00314613     0.01690162  -0.00314613    -0.00543406  -0.02780190
    4    3
 -0.06857029  -0.00143522     0.00374842   0.00007393    -0.00851898  -0.00623196
  0.00374842   0.00007393    -0.06857029  -0.00143522     0.00851898   0.00623196
 -0.00740340   0.00187061     0.00740340  -0.00187061    -0.11244317   0.01679372
    4    4
  0.08678358  -0.00000000    -0.01107627   0.00000000     0.00257085   0.00538955
 -0.01107627   0.00000000     0.08678358  -0.00000000    -0.00257085  -0.00538955
  0.00257085  -0.00538955    -0.00257085   0.00538955     0.28475914   0.00000000
    4    5
  0.01155684  -0.00221311    -0.00260024  -0.00661772     0.01751219  -0.00360373
 -0.00260024  -0.00661772     0.01155684  -0.00221311    -0.01751219   0.00360373
  0.01751219  -0.00360373    -0.01751219   0.00360373    -0.03566825  -0.02499234
    4    6
  0.00659140  -0.00352113     0.00096000  -0.00009739     0.00352631   0.00241484
 -0.00297010   0.00163538    -0.00410924   0.00275226    -0.01720551  -0.02091957
  0.00435767  -0.00629366    -0.00039896  -0.00256678    -0.01578645   0.00211788
    4    7
 -0.00410924   0.00275226    -0.00297010   0.00163538     0.01720551   0.02091957
  0.00096000  -0.00009739     0.00659140  -0.00352113    -0.00352631  -0.00241484
  0.00039896   0.00256678    -0.00435767   0.00629366    -0.01578645   0.00211788
    5    1
 -0.00162464   0.00635858     0.00480010  -0.01528053     0.00607255   0.00244554
  0.00480010  -0.01528053    -0.00162464   0.00635858    -0.00607255  -0.00244554
 -0.01690162  -0.00314613     0.01690162   0.00314613    -0.00543406   0.02780190
    5    2
 -0.01251998  -0.00056909     0.00406814   0.00149038    -0.00248492  -0.00761962
  0.00406814   0.00149038    -0.01251998  -0.00056909     0.00248492   0.00761962
 -0.00622510  -0.00902266     0.00622510   0.00902266    -0.03913283  -0.00251625
    5    3
 -0.06857029   0.00143522     0.00374842  -0.00007393    -0.00851898   0.00623196
  0.00374842  -0.00007393    -0.06857029   0.00143522     0.00851898  -0.00623196
 -0.00740340  -0.00187061     0.00740340   0.00187061    -0.11244317  -0.01679372
    5    4
  0.01155684   0.00221311    -0.00260024   0.00661772     0.01751219   0.00360373
 -0.00260024   0.00661772     0.01155684   0.00221311    -0.01751219  -0.00360373
  0.01751219   0.00360373    -0.01751219  -0.00360373    -0.03566825   0.02499234
    5    5
  0.08678358   0.00000000    -0.01107627  -0.00000000     0.00257085  -0.00538955
 -0.01107627  -0.00000000     0.08678358   0.00000000    -0.00257085   0.00538955
  0.00257085   0.00538955    -0.00257085  -0.00538955     0.28475914   0.00000000
    5    6
  0.00538565  -0.00518071     0.00038928  -0.00088292    -0.00120696  -0.00409995
 -0.00247315   0.00231937    -0.00388738   0.00305763     0.01457890   0.02282792
  0.00733222  -0.00219954     0.00231787   0.00117262    -0.00689251   0.01435935
    5    7
 -0.00388738   0.00305763    -0.00247315   0.00231937    -0.01457890  -0.02282792
  0.00038928  -0.00088292     0.00538565  -0.00518071     0.00120696   0.00409995
 -0.00231787  -0.00117262    -0.00733222   0.00219954    -0.00689251   0.01435935
    6    1
 -0.01036617   0.00648792     0.00357917  -0.00147613    -0.00212765   0.00012994
 -0.00316810   0.00216083     0.00054650   0.00032298    -0.00195775  -0.00095496
 -0.00240301  -0.00004753     0.00451009   0.00296628    -0.00263494   0.01003179
    6    2
  0.00296705  -0.01186369    -0.00029786   0.00386015    -0.00053390  -0.00206367
  0.00107607  -0.00368078     0.00047605   0.00041995    -0.00151320  -0.00156683
 -0.00078777  -0.00227071     0.00421479   0.00337272     0.00872656  -0.00560597
    6    3
 -0.03313711  -0.02407552     0.00141386   0.00102723    -0.00357628  -0.00259832
 -0.02019571  -0.01467304    -0.34362772  -0.24966015    -0.00103788  -0.00075407
 -0.00100343  -0.00072903     0.00076790   0.00055791    -0.05773297  -0.04194546
    6    4
  0.00659140   0.00352113    -0.00297010  -0.00163538     0.00435767   0.00629366
  0.00096000   0.00009739    -0.00410924  -0.00275226    -0.00039896   0.00256678
  0.00352631  -0.00241484    -0.01720551   0.02091957    -0.01578645  -0.00211788
    6    5
  0.00538565   0.00518071    -0.00247315  -0.00231937     0.00733222   0.00219954
  0.00038928   0.00088292    -0.00388738  -0.00305763     0.00231787  -0.00117262
 -0.00120696   0.00409995     0.01457890  -0.02282792    -0.00689251  -0.01435935
    6    6
  0.10203679   0.00000000     0.00778982   0.00000000     0.00073687   0.00000000
  0.00778982   0.00000000     0.58948909   0.00000000     0.00019865   0.00000000
  0.00073687   0.00000000     0.00019865   0.00000000     0.10788573   0.00000000
    6    7
 -0.03289995   0.00000000    -0.03055489   0.00000000     0.00058078   0.00000000
 -0.01342617   0.00000000    -0.03289995   0.00000000     0.00046972   0.00000000
 -0.00046972   0.00000000    -0.00058078   0.00000000     0.00967926   0.00000000
    7    1
  0.00054650   0.00032298    -0.00316810   0.00216083     0.00195775   0.00095496
  0.00357917  -0.00147613    -0.01036617   0.00648792     0.00212765  -0.00012994
 -0.00451009  -0.00296628     0.00240301   0.00004753    -0.00263494   0.01003179
    7    2
  0.00047605   0.00041995     0.00107607  -0.00368078     0.00151320   0.00156683
 -0.00029786   0.00386015     0.00296705  -0.01186369     0.00053390   0.00206367
 -0.00421479  -0.00337272     0.00078777   0.00227071     0.00872656  -0.00560597
    7    3
 -0.34362772  -0.24966015    -0.02019571  -0.01467304     0.00103788   0.00075407
  0.00141386   0.00102723    -0.03313711  -0.02407552     0.00357628   0.00259832
 -0.00076790  -0.00055791     0.00100343   0.00072903    -0.05773297  -0.04194546
    7    4
 -0.00410924  -0.00275226     0.00096000   0.00009739     0.00039896  -0.00256678
 -0.00297010  -0.00163538     0.00659140   0.00352113    -0.00435767  -0.00629366
  0.01720551  -0.02091957    -0.00352631   0.00241484    -0.01578645  -0.00211788
    7    5
 -0.00388738  -0.00305763     0.00038928   0.00088292    -0.00231787   0.00117262
 -0.00247315  -0.00231937     0.00538565   0.00518071    -0.00733222  -0.00219954
 -0.01457890   0.02282792     0.00120696  -0.00409995    -0.00689251  -0.01435935
    7    6
 -0.03289995   0.00000000    -0.01342617   0.00000000    -0.00046972   0.00000000
 -0.03055489   0.00000000    -0.03289995   0.00000000    -0.00058078   0.00000000
  0.00058078   0.00000000     0.00046972   0.00000000     0.00967926   0.00000000
    7    7
  0.58948909   0.00000000     0.00778982   0.00000000    -0.00019865   0.00000000
  0.00778982   0.00000000     0.10203679   0.00000000    -0.00073687   0.00000000
 -0.00019865   0.00000000    -0.00073687   0.00000000     0.10788573   0.00000000

     Dynamical  Matrix in cartesian axes

     q = (    0.200000000   0.200000000   0.121439799 ) 

    1    1
  0.09670973   0.00000000     0.00902782   0.00000000     0.00090868  -0.00706706
  0.00902782   0.00000000     0.09670973   0.00000000     0.00090868  -0.00706706
  0.00090868   0.00706706     0.00090868   0.00706706     0.18553362  -0.00000000
    1    2
 -0.00418476  -0.00403751     0.00295175   0.01200512    -0.02434637   0.00922193
  0.00295175   0.01200512    -0.00418476  -0.00403751    -0.02434637   0.00922193
 -0.02434637   0.00922193    -0.02434637   0.00922193     0.00575012  -0.03939527
    1    3
 -0.00615544  -0.01649053     0.01112797   0.03085145     0.04454156  -0.00714915
  0.01112797   0.03085145    -0.00615544  -0.01649053     0.04454156  -0.00714915
  0.03897148  -0.00891156     0.03897148  -0.00891156    -0.03263243  -0.00616854
    1    4
 -0.01251998  -0.00056909    -0.00406814  -0.00149038    -0.00622510  -0.00902266
 -0.00406814  -0.00149038    -0.01251998  -0.00056909    -0.00622510  -0.00902266
 -0.00248492  -0.00761962    -0.00248492  -0.00761962    -0.03913283  -0.00251625
    1    5
 -0.00162464  -0.00635858    -0.00480010  -0.01528053    -0.01690162   0.00314613
 -0.00480010  -0.01528053    -0.00162464  -0.00635858    -0.01690162   0.00314613
  0.00607255  -0.00244554     0.00607255  -0.00244554    -0.00543406  -0.02780190
    1    6
  0.00296705  -0.01186369    -0.00107607   0.00368078    -0.00078777  -0.00227071
  0.00029786  -0.00386015     0.00047605   0.00041995    -0.00421479  -0.00337272
 -0.00053390  -0.00206367     0.00151320   0.00156683     0.00872656  -0.00560597
    1    7
  0.00054650  -0.00032298    -0.00357917  -0.00147613    -0.00451009   0.00296628
  0.00316810   0.00216083    -0.01036617  -0.00648792    -0.00240301   0.00004753
  0.00195775  -0.00095496    -0.00212765  -0.00012994    -0.00263494  -0.01003179
    2    1
 -0.00418476   0.00403751     0.00295175  -0.01200512    -0.02434637  -0.00922193
  0.00295175  -0.01200512    -0.00418476   0.00403751    -0.02434637  -0.00922193
 -0.02434637  -0.00922193    -0.02434637  -0.00922193     0.00575012   0.03939527
    2    2
  0.09670973  -0.00000000     0.00902782   0.00000000     0.00090868   0.00706706
  0.00902782  -0.00000000     0.09670973   0.00000000     0.00090868   0.00706706
  0.00090868  -0.00706706     0.00090868  -0.00706706     0.18553362   0.00000000
    2    3
 -0.00615544   0.01649053     0.01112797  -0.03085145     0.04454156   0.00714915
  0.01112797  -0.03085145    -0.00615544   0.01649053     0.04454156   0.00714915
  0.03897148   0.00891156     0.03897148   0.00891156    -0.03263243   0.00616854
    2    4
 -0.00162464   0.00635858    -0.00480010   0.01528053    -0.01690162  -0.00314613
 -0.00480010   0.01528053    -0.00162464   0.00635858    -0.01690162  -0.00314613
  0.00607255   0.00244554     0.00607255   0.00244554    -0.00543406   0.02780190
    2    5
 -0.01251998   0.00056909    -0.00406814   0.00149038    -0.00622510   0.00902266
 -0.00406814   0.00149038    -0.01251998   0.00056909    -0.00622510   0.00902266
 -0.00248492   0.00761962    -0.00248492   0.00761962    -0.03913283   0.00251625
    2    6
 -0.01036617   0.00648792     0.00316810  -0.00216083    -0.00240301  -0.00004753
 -0.00357917   0.00147613     0.00054650   0.00032298    -0.00451009  -0.00296628
 -0.00212765   0.00012994     0.00195775   0.00095496    -0.00263494   0.01003179
    2    7
  0.00047605  -0.00041995     0.00029786   0.00386015    -0.00421479   0.00337272
 -0.00107607  -0.00368078     0.00296705   0.01186369    -0.00078777   0.00227071
  0.00151320  -0.00156683    -0.00053390   0.00206367     0.00872656   0.00560597
    3    1
 -0.00615544   0.01649053     0.01112797  -0.03085145     0.03897148   0.00891156
  0.01112797  -0.03085145    -0.00615544   0.01649053     0.03897148   0.00891156
  0.04454156   0.00714915     0.04454156   0.00714915    -0.03263243   0.00616854
    3    2
 -0.00615544  -0.01649053     0.01112797   0.03085145     0.03897148  -0.00891156
  0.01112797   0.03085145    -0.00615544  -0.01649053     0.03897148  -0.00891156
  0.04454156  -0.00714915     0.04454156  -0.00714915    -0.03263243  -0.00616854
    3    3
  0.74627563   0.00000000     0.02532311   0.00000000     0.00456721   0.00000000
  0.02532311   0.00000000     0.74627563   0.00000000     0.00456721   0.00000000
  0.00456721   0.00000000     0.00456721   0.00000000     0.48600585   0.00000000
    3    4
 -0.06857029   0.00143522    -0.00374842   0.00007393    -0.00740340  -0.00187061
 -0.00374842   0.00007393    -0.06857029   0.00143522    -0.00740340  -0.00187061
 -0.00851898   0.00623196    -0.00851898   0.00623196    -0.11244317  -0.01679372
    3    5
 -0.06857029  -0.00143522    -0.00374842  -0.00007393    -0.00740340   0.00187061
 -0.00374842  -0.00007393    -0.06857029  -0.00143522    -0.00740340   0.00187061
 -0.00851898  -0.00623196    -0.00851898  -0.00623196    -0.11244317   0.01679372
    3    6
 -0.03313711  -0.02407552     0.02019571   0.01467304    -0.00100343  -0.00072903
 -0.00141386  -0.00102723    -0.34362772  -0.24966015    -0.00076790  -0.00055791
 -0.00357628  -0.00259832     0.00103788   0.00075407    -0.05773297  -0.04194546
    3    7
 -0.34362772   0.24966015    -0.00141386   0.00102723    -0.00076790   0.00055791
  0.02019571  -0.01467304    -0.03313711   0.02407552    -0.00100343   0.00072903
  0.00103788  -0.00075407    -0.00357628   0.00259832    -0.05773297   0.04194546
    4    1
 -0.01251998   0.00056909    -0.00406814   0.00149038    -0.00248492   0.00761962
 -0.00406814   0.00149038    -0.01251998   0.00056909    -0.00248492   0.00761962
 -0.00622510   0.00902266    -0.00622510   0.00902266    -0.03913283   0.00251625
    4    2
 -0.00162464  -0.00635858    -0.00480010  -0.01528053     0.00607255  -0.00244554
 -0.00480010  -0.01528053    -0.00162464  -0.00635858     0.00607255  -0.00244554
 -0.01690162   0.00314613    -0.01690162   0.00314613    -0.00543406  -0.02780190
    4    3
 -0.06857029  -0.00143522    -0.00374842  -0.00007393    -0.00851898  -0.00623196
 -0.00374842  -0.00007393    -0.06857029  -0.00143522    -0.00851898  -0.00623196
 -0.00740340   0.00187061    -0.00740340   0.00187061    -0.11244317   0.01679372
    4    4
  0.08678358   0.00000000     0.01107627   0.00000000     0.00257085   0.00538955
  0.01107627   0.00000000     0.08678358  -0.00000000     0.00257085   0.00538955
  0.00257085  -0.00538955     0.00257085  -0.00538955     0.28475914  -0.00000000
    4    5
  0.01155684  -0.00221311     0.00260024   0.00661772     0.01751219  -0.00360373
  0.00260024   0.00661772     0.01155684  -0.00221311     0.01751219  -0.00360373
  0.01751219  -0.00360373     0.01751219  -0.00360373    -0.03566825  -0.02499234
    4    6
  0.00538565   0.00518071    -0.00038928  -0.00088292    -0.00120696   0.00409995
  0.00247315   0.00231937    -0.00388738  -0.00305763    -0.01457890   0.02282792
  0.00733222   0.00219954    -0.00231787   0.00117262    -0.00689251  -0.01435935
    4    7
 -0.00410924   0.00275226     0.00297010  -0.00163538     0.01720551   0.02091957
 -0.00096000   0.00009739     0.00659140  -0.00352113     0.00352631   0.00241484
  0.00039896   0.00256678     0.00435767  -0.00629366    -0.01578645   0.00211788
    5    1
 -0.00162464   0.00635858    -0.00480010   0.01528053     0.00607255   0.00244554
 -0.00480010   0.01528053    -0.00162464   0.00635858     0.00607255   0.00244554
 -0.01690162  -0.00314613    -0.01690162  -0.00314613    -0.00543406   0.02780190
    5    2
 -0.01251998  -0.00056909    -0.00406814  -0.00149038    -0.00248492  -0.00761962
 -0.00406814  -0.00149038    -0.01251998  -0.00056909    -0.00248492  -0.00761962
 -0.00622510  -0.00902266    -0.00622510  -0.00902266    -0.03913283  -0.00251625
    5    3
 -0.06857029   0.00143522    -0.00374842   0.00007393    -0.00851898   0.00623196
 -0.00374842   0.00007393    -0.06857029   0.00143522    -0.00851898   0.00623196
 -0.00740340  -0.00187061    -0.00740340  -0.00187061    -0.11244317  -0.01679372
    5    4
  0.01155684   0.00221311     0.00260024  -0.00661772     0.01751219   0.00360373
  0.00260024  -0.00661772     0.01155684   0.00221311     0.01751219   0.00360373
  0.01751219   0.00360373     0.01751219   0.00360373    -0.03566825   0.02499234
    5    5
  0.08678358   0.00000000     0.01107627   0.00000000     0.00257085  -0.00538955
  0.01107627   0.00000000     0.08678358   0.00000000     0.00257085  -0.00538955
  0.00257085   0.00538955     0.00257085   0.00538955     0.28475914   0.00000000
    5    6
  0.00659140   0.00352113    -0.00096000  -0.00009739     0.00352631  -0.00241484
  0.00297010   0.00163538    -0.00410924  -0.00275226     0.01720551  -0.02091957
  0.00435767   0.00629366     0.00039896  -0.00256678    -0.01578645  -0.00211788
    5    7
 -0.00388738   0.00305763     0.00247315  -0.00231937    -0.01457890  -0.02282792
 -0.00038928   0.00088292     0.00538565  -0.00518071    -0.00120696  -0.00409995
 -0.00231787  -0.00117262     0.00733222  -0.00219954    -0.00689251   0.01435935
    6    1
  0.00296705   0.01186369     0.00029786   0.00386015    -0.00053390   0.00206367
 -0.00107607  -0.00368078     0.00047605  -0.00041995     0.00151320  -0.00156683
 -0.00078777   0.00227071    -0.00421479   0.00337272     0.00872656   0.00560597
    6    2
 -0.01036617  -0.00648792    -0.00357917  -0.00147613    -0.00212765  -0.00012994
  0.00316810   0.00216083     0.00054650  -0.00032298     0.00195775  -0.00095496
 -0.00240301   0.00004753    -0.00451009   0.00296628    -0.00263494  -0.01003179
    6    3
 -0.03313711   0.02407552    -0.00141386   0.00102723    -0.00357628   0.00259832
  0.02019571  -0.01467304    -0.34362772   0.24966015     0.00103788  -0.00075407
 -0.00100343   0.00072903    -0.00076790   0.00055791    -0.05773297   0.04194546
    6    4
  0.00538565  -0.00518071     0.00247315  -0.00231937     0.00733222  -0.00219954
 -0.00038928   0.00088292    -0.00388738   0.00305763    -0.00231787  -0.00117262
 -0.00120696  -0.00409995    -0.01457890  -0.02282792    -0.00689251   0.01435935
    6    5
  0.00659140  -0.00352113     0.00297010  -0.00163538     0.00435767  -0.00629366
 -0.00096000   0.00009739    -0.00410924   0.00275226     0.00039896   0.00256678
  0.00352631   0.00241484     0.01720551   0.02091957    -0.01578645   0.00211788
    6    6
  0.10203679   0.00000000    -0.00778982   0.00000000     0.00073687   0.00000000
 -0.00778982   0.00000000     0.58948909   0.00000000    -0.00019865   0.00000000
  0.00073687   0.00000000    -0.00019865   0.00000000     0.10788573   0.00000000
    6    7
 -0.01016664   0.03128971     0.00944198  -0.02905943     0.00017947  -0.00055236
  0.00414891  -0.01276904    -0.01016664   0.03128971    -0.00014515   0.00044673
 -0.00014515   0.00044673     0.00017947  -0.00055236     0.00299106  -0.00920552
    7    1
  0.00054650   0.00032298     0.00316810  -0.00216083     0.00195775   0.00095496
 -0.00357917   0.00147613    -0.01036617   0.00648792    -0.00212765   0.00012994
 -0.00451009  -0.00296628    -0.00240301  -0.00004753    -0.00263494   0.01003179
    7    2
  0.00047605   0.00041995    -0.00107607   0.00368078     0.00151320   0.00156683
  0.00029786  -0.00386015     0.00296705  -0.01186369    -0.00053390  -0.00206367
 -0.00421479  -0.00337272    -0.00078777  -0.00227071     0.00872656  -0.00560597
    7    3
 -0.34362772  -0.24966015     0.02019571   0.01467304     0.00103788   0.00075407
 -0.00141386  -0.00102723    -0.03313711  -0.02407552    -0.00357628  -0.00259832
 -0.00076790  -0.00055791    -0.00100343  -0.00072903    -0.05773297  -0.04194546
    7    4
 -0.00410924  -0.00275226    -0.00096000  -0.00009739     0.00039896  -0.00256678
  0.00297010   0.00163538     0.00659140   0.00352113     0.00435767   0.00629366
  0.01720551  -0.02091957     0.00352631  -0.00241484    -0.01578645  -0.00211788
    7    5
 -0.00388738  -0.00305763    -0.00038928  -0.00088292    -0.00231787   0.00117262
  0.00247315   0.00231937     0.00538565   0.00518071     0.00733222   0.00219954
 -0.01457890   0.02282792    -0.00120696   0.00409995    -0.00689251  -0.01435935
    7    6
 -0.01016664  -0.03128971     0.00414891   0.01276904    -0.00014515  -0.00044673
  0.00944198   0.02905943    -0.01016664  -0.03128971     0.00017947   0.00055236
  0.00017947   0.00055236    -0.00014515  -0.00044673     0.00299106   0.00920552
    7    7
  0.58948909   0.00000000    -0.00778982   0.00000000    -0.00019865   0.00000000
 -0.00778982   0.00000000     0.10203679   0.00000000     0.00073687   0.00000000
 -0.00019865   0.00000000     0.00073687   0.00000000     0.10788573   0.00000000

     Dynamical  Matrix in cartesian axes

     q = (    0.200000000  -0.200000000  -0.121439799 ) 

    1    1
  0.09670973  -0.00000000    -0.00902782   0.00000000    -0.00090868  -0.00706706
 -0.00902782   0.00000000     0.09670973  -0.00000000     0.00090868   0.00706706
 -0.00090868   0.00706706     0.00090868  -0.00706706     0.18553362   0.00000000
    1    2
 -0.00418476   0.00403751    -0.00295175   0.01200512     0.02434637   0.00922193
 -0.00295175   0.01200512    -0.00418476   0.00403751    -0.02434637  -0.00922193
  0.02434637   0.00922193    -0.02434637  -0.00922193     0.00575012   0.03939527
    1    3
 -0.00615544   0.01649053    -0.01112797   0.03085145    -0.04454156  -0.00714915
 -0.01112797   0.03085145    -0.00615544   0.01649053     0.04454156   0.00714915
 -0.03897148  -0.00891156     0.03897148   0.00891156    -0.03263243   0.00616854
    1    4
 -0.01251998   0.00056909     0.00406814  -0.00149038     0.00622510  -0.00902266
  0.00406814  -0.00149038    -0.01251998   0.00056909    -0.00622510   0.00902266
  0.00248492  -0.00761962    -0.00248492   0.00761962    -0.03913283   0.00251625
    1    5
 -0.00162464   0.00635858     0.00480010  -0.01528053     0.01690162   0.00314613
  0.00480010  -0.01528053    -0.00162464   0.00635858    -0.01690162  -0.00314613
 -0.00607255  -0.00244554     0.00607255   0.00244554    -0.00543406   0.02780190
    1    6
  0.00296705   0.01186369     0.00107607   0.00368078     0.00078777  -0.00227071
 -0.00029786  -0.00386015     0.00047605  -0.00041995    -0.00421479   0.00337272
  0.00053390  -0.00206367     0.00151320  -0.00156683     0.00872656   0.00560597
    1    7
  0.00047605  -0.00041995    -0.00029786  -0.00386015     0.00421479  -0.00337272
  0.00107607   0.00368078     0.00296705   0.01186369    -0.00078777   0.00227071
 -0.00151320   0.00156683    -0.00053390   0.00206367     0.00872656   0.00560597
    2    1
 -0.00418476  -0.00403751    -0.00295175  -0.01200512     0.02434637  -0.00922193
 -0.00295175  -0.01200512    -0.00418476  -0.00403751    -0.02434637   0.00922193
  0.02434637  -0.00922193    -0.02434637   0.00922193     0.00575012  -0.03939527
    2    2
  0.09670973   0.00000000    -0.00902782  -0.00000000    -0.00090868   0.00706706
 -0.00902782  -0.00000000     0.09670973   0.00000000     0.00090868  -0.00706706
 -0.00090868  -0.00706706     0.00090868   0.00706706     0.18553362   0.00000000
    2    3
 -0.00615544  -0.01649053    -0.01112797  -0.03085145    -0.04454156   0.00714915
 -0.01112797  -0.03085145    -0.00615544  -0.01649053     0.04454156  -0.00714915
 -0.03897148   0.00891156     0.03897148  -0.00891156    -0.03263243  -0.00616854
    2    4
 -0.00162464  -0.00635858     0.00480010   0.01528053     0.01690162  -0.00314613
  0.00480010   0.01528053    -0.00162464  -0.00635858    -0.01690162   0.00314613
 -0.00607255   0.00244554     0.00607255  -0.00244554    -0.00543406  -0.02780190
    2    5
 -0.01251998  -0.00056909     0.00406814   0.00149038     0.00622510   0.00902266
  0.00406814   0.00149038    -0.01251998  -0.00056909    -0.00622510  -0.00902266
  0.00248492   0.00761962    -0.00248492  -0.00761962    -0.03913283  -0.00251625
    2    6
 -0.01036617  -0.00648792    -0.00316810  -0.00216083     0.00240301  -0.00004753
  0.00357917   0.00147613     0.00054650  -0.00032298    -0.00451009   0.00296628
  0.00212765   0.00012994     0.00195775  -0.00095496    -0.00263494  -0.01003179
    2    7
  0.00054650  -0.00032298     0.00357917   0.00147613     0.00451009  -0.00296628
 -0.00316810  -0.00216083    -0.01036617  -0.00648792    -0.00240301   0.00004753
 -0.00195775   0.00095496    -0.00212765  -0.00012994    -0.00263494  -0.01003179
    3    1
 -0.00615544  -0.01649053    -0.01112797  -0.03085145    -0.03897148   0.00891156
 -0.01112797  -0.03085145    -0.00615544  -0.01649053     0.03897148  -0.00891156
 -0.04454156   0.00714915     0.04454156  -0.00714915    -0.03263243  -0.00616854
    3    2
 -0.00615544   0.01649053    -0.01112797   0.03085145    -0.03897148  -0.00891156
 -0.01112797   0.03085145    -0.00615544   0.01649053     0.03897148   0.00891156
 -0.04454156  -0.00714915     0.04454156   0.00714915    -0.03263243   0.00616854
    3    3
  0.74627563   0.00000000    -0.02532311   0.00000000    -0.00456721   0.00000000
 -0.02532311   0.00000000     0.74627563   0.00000000     0.00456721   0.00000000
 -0.00456721   0.00000000     0.00456721   0.00000000     0.48600585   0.00000000
    3    4
 -0.06857029  -0.00143522     0.00374842   0.00007393     0.00740340  -0.00187061
  0.00374842   0.00007393    -0.06857029  -0.00143522    -0.00740340   0.00187061
  0.00851898   0.00623196    -0.00851898  -0.00623196    -0.11244317   0.01679372
    3    5
 -0.06857029   0.00143522     0.00374842  -0.00007393     0.00740340   0.00187061
  0.00374842  -0.00007393    -0.06857029   0.00143522    -0.00740340  -0.00187061
  0.00851898  -0.00623196    -0.00851898   0.00623196    -0.11244317  -0.01679372
    3    6
 -0.03313711   0.02407552    -0.02019571   0.01467304     0.00100343  -0.00072903
  0.00141386  -0.00102723    -0.34362772   0.24966015    -0.00076790   0.00055791
  0.00357628  -0.00259832     0.00103788  -0.00075407    -0.05773297   0.04194546
    3    7
 -0.34362772   0.24966015     0.00141386  -0.00102723     0.00076790  -0.00055791
 -0.02019571   0.01467304    -0.03313711   0.02407552    -0.00100343   0.00072903
 -0.00103788   0.00075407    -0.00357628   0.00259832    -0.05773297   0.04194546
    4    1
 -0.01251998  -0.00056909     0.00406814   0.00149038     0.00248492   0.00761962
  0.00406814   0.00149038    -0.01251998  -0.00056909    -0.00248492  -0.00761962
  0.00622510   0.00902266    -0.00622510  -0.00902266    -0.03913283  -0.00251625
    4    2
 -0.00162464   0.00635858     0.00480010  -0.01528053    -0.00607255  -0.00244554
  0.00480010  -0.01528053    -0.00162464   0.00635858     0.00607255   0.00244554
  0.01690162   0.00314613    -0.01690162  -0.00314613    -0.00543406   0.02780190
    4    3
 -0.06857029   0.00143522     0.00374842  -0.00007393     0.00851898  -0.00623196
  0.00374842  -0.00007393    -0.06857029   0.00143522    -0.00851898   0.00623196
  0.00740340   0.00187061    -0.00740340  -0.00187061    -0.11244317  -0.01679372
    4    4
  0.08678358   0.00000000    -0.01107627   0.00000000    -0.00257085   0.00538955
 -0.01107627   0.00000000     0.08678358   0.00000000     0.00257085  -0.00538955
 -0.00257085  -0.00538955     0.00257085   0.00538955     0.28475914   0.00000000
    4    5
  0.01155684   0.00221311    -0.00260024   0.00661772    -0.01751219  -0.00360373
 -0.00260024   0.00661772     0.01155684   0.00221311     0.01751219   0.00360373
 -0.01751219  -0.00360373     0.01751219   0.00360373    -0.03566825   0.02499234
    4    6
  0.00538565  -0.00518071     0.00038928  -0.00088292     0.00120696   0.00409995
 -0.00247315   0.00231937    -0.00388738   0.00305763    -0.01457890  -0.02282792
 -0.00733222   0.00219954    -0.00231787  -0.00117262    -0.00689251   0.01435935
    4    7
 -0.00388738   0.00305763    -0.00247315   0.00231937     0.01457890   0.02282792
  0.00038928  -0.00088292     0.00538565  -0.00518071    -0.00120696  -0.00409995
  0.00231787   0.00117262     0.00733222  -0.00219954    -0.00689251   0.01435935
    5    1
 -0.00162464  -0.00635858     0.00480010   0.01528053    -0.00607255   0.00244554
  0.00480010   0.01528053    -0.00162464  -0.00635858     0.00607255  -0.00244554
  0.01690162  -0.00314613    -0.01690162   0.00314613    -0.00543406  -0.02780190
    5    2
 -0.01251998   0.00056909     0.00406814  -0.00149038     0.00248492  -0.00761962
  0.00406814  -0.00149038    -0.01251998   0.00056909    -0.00248492   0.00761962
  0.00622510  -0.00902266    -0.00622510   0.00902266    -0.03913283   0.00251625
    5    3
 -0.06857029  -0.00143522     0.00374842   0.00007393     0.00851898   0.00623196
  0.00374842   0.00007393    -0.06857029  -0.00143522    -0.00851898  -0.00623196
  0.00740340  -0.00187061    -0.00740340   0.00187061    -0.11244317   0.01679372
    5    4
  0.01155684  -0.00221311    -0.00260024  -0.00661772    -0.01751219   0.00360373
 -0.00260024  -0.00661772     0.01155684  -0.00221311     0.01751219  -0.00360373
 -0.01751219   0.00360373     0.01751219  -0.00360373    -0.03566825  -0.02499234
    5    5
  0.08678358   0.00000000    -0.01107627   0.00000000    -0.00257085  -0.00538955
 -0.01107627   0.00000000     0.08678358   0.00000000     0.00257085   0.00538955
 -0.00257085   0.00538955     0.00257085  -0.00538955     0.28475914   0.00000000
    5    6
  0.00659140  -0.00352113     0.00096000  -0.00009739    -0.00352631  -0.00241484
 -0.00297010   0.00163538    -0.00410924   0.00275226     0.01720551   0.02091957
 -0.00435767   0.00629366     0.00039896   0.00256678    -0.01578645   0.00211788
    5    7
 -0.00410924   0.00275226    -0.00297010   0.00163538    -0.01720551  -0.02091957
  0.00096000  -0.00009739     0.00659140  -0.00352113     0.00352631   0.00241484
 -0.00039896  -0.00256678     0.00435767  -0.00629366    -0.01578645   0.00211788
    6    1
  0.00296705  -0.01186369    -0.00029786   0.00386015     0.00053390   0.00206367
  0.00107607  -0.00368078     0.00047605   0.00041995     0.00151320   0.00156683
  0.00078777   0.00227071    -0.00421479  -0.00337272     0.00872656  -0.00560597
    6    2
 -0.01036617   0.00648792     0.00357917  -0.00147613     0.00212765  -0.00012994
 -0.00316810   0.00216083     0.00054650   0.00032298     0.00195775   0.00095496
  0.00240301   0.00004753    -0.00451009  -0.00296628    -0.00263494   0.01003179
    6    3
 -0.03313711  -0.02407552     0.00141386   0.00102723     0.00357628   0.00259832
 -0.02019571  -0.01467304    -0.34362772  -0.24966015     0.00103788   0.00075407
  0.00100343   0.00072903    -0.00076790  -0.00055791    -0.05773297  -0.04194546
    6    4
  0.00538565   0.00518071    -0.00247315  -0.00231937    -0.00733222  -0.00219954
  0.00038928   0.00088292    -0.00388738  -0.00305763    -0.00231787   0.00117262
  0.00120696  -0.00409995    -0.01457890   0.02282792    -0.00689251  -0.01435935
    6    5
  0.00659140   0.00352113    -0.00297010  -0.00163538    -0.00435767  -0.00629366
  0.00096000   0.00009739    -0.00410924  -0.00275226     0.00039896  -0.00256678
 -0.00352631   0.00241484     0.01720551  -0.02091957    -0.01578645  -0.00211788
    6    6
  0.10203679   0.00000000     0.00778982   0.00000000    -0.00073687   0.00000000
  0.00778982   0.00000000     0.58948909   0.00000000    -0.00019865   0.00000000
 -0.00073687   0.00000000    -0.00019865   0.00000000     0.10788573   0.00000000
    6    7
 -0.03289995   0.00000000    -0.03055489   0.00000000    -0.00058078   0.00000000
 -0.01342617   0.00000000    -0.03289995   0.00000000    -0.00046972   0.00000000
  0.00046972   0.00000000     0.00058078   0.00000000     0.00967926   0.00000000
    7    1
  0.00047605   0.00041995     0.00107607  -0.00368078    -0.00151320  -0.00156683
 -0.00029786   0.00386015     0.00296705  -0.01186369    -0.00053390  -0.00206367
  0.00421479   0.00337272    -0.00078777  -0.00227071     0.00872656  -0.00560597
    7    2
  0.00054650   0.00032298    -0.00316810   0.00216083    -0.00195775  -0.00095496
  0.00357917  -0.00147613    -0.01036617   0.00648792    -0.00212765   0.00012994
  0.00451009   0.00296628    -0.00240301  -0.00004753    -0.00263494   0.01003179
    7    3
 -0.34362772  -0.24966015    -0.02019571  -0.01467304    -0.00103788  -0.00075407
  0.00141386   0.00102723    -0.03313711  -0.02407552    -0.00357628  -0.00259832
  0.00076790   0.00055791    -0.00100343  -0.00072903    -0.05773297  -0.04194546
    7    4
 -0.00388738  -0.00305763     0.00038928   0.00088292     0.00231787  -0.00117262
 -0.00247315  -0.00231937     0.00538565   0.00518071     0.00733222   0.00219954
  0.01457890  -0.02282792    -0.00120696   0.00409995    -0.00689251  -0.01435935
    7    5
 -0.00410924  -0.00275226     0.00096000   0.00009739    -0.00039896   0.00256678
 -0.00297010  -0.00163538     0.00659140   0.00352113     0.00435767   0.00629366
 -0.01720551   0.02091957     0.00352631  -0.00241484    -0.01578645  -0.00211788
    7    6
 -0.03289995   0.00000000    -0.01342617   0.00000000     0.00046972   0.00000000
 -0.03055489   0.00000000    -0.03289995   0.00000000     0.00058078   0.00000000
 -0.00058078   0.00000000    -0.00046972   0.00000000     0.00967926   0.00000000
    7    7
  0.58948909   0.00000000     0.00778982   0.00000000     0.00019865   0.00000000
  0.00778982   0.00000000     0.10203679   0.00000000     0.00073687   0.00000000
  0.00019865   0.00000000     0.00073687   0.00000000     0.10788573   0.00000000

     Dynamical  Matrix in cartesian axes

     q = (    0.200000000   0.200000000  -0.121439799 ) 

    1    1
  0.09670973   0.00000000     0.00902782  -0.00000000    -0.00090868  -0.00706706
  0.00902782   0.00000000     0.09670973  -0.00000000    -0.00090868  -0.00706706
 -0.00090868   0.00706706    -0.00090868   0.00706706     0.18553362   0.00000000
    1    2
 -0.00418476   0.00403751     0.00295175  -0.01200512     0.02434637   0.00922193
  0.00295175  -0.01200512    -0.00418476   0.00403751     0.02434637   0.00922193
  0.02434637   0.00922193     0.02434637   0.00922193     0.00575012   0.03939527
    1    3
 -0.00615544   0.01649053     0.01112797  -0.03085145    -0.04454156  -0.00714915
  0.01112797  -0.03085145    -0.00615544   0.01649053    -0.04454156  -0.00714915
 -0.03897148  -0.00891156    -0.03897148  -0.00891156    -0.03263243   0.00616854
    1    4
 -0.01251998   0.00056909    -0.00406814   0.00149038     0.00622510  -0.00902266
 -0.00406814   0.00149038    -0.01251998   0.00056909     0.00622510  -0.00902266
  0.00248492  -0.00761962     0.00248492  -0.00761962    -0.03913283   0.00251625
    1    5
 -0.00162464   0.00635858    -0.00480010   0.01528053     0.01690162   0.00314613
 -0.00480010   0.01528053    -0.00162464   0.00635858     0.01690162   0.00314613
 -0.00607255  -0.00244554    -0.00607255  -0.00244554    -0.00543406   0.02780190
    1    6
 -0.01036617   0.00648792     0.00316810  -0.00216083     0.00240301   0.00004753
 -0.00357917   0.00147613     0.00054650   0.00032298     0.00451009   0.00296628
  0.00212765  -0.00012994    -0.00195775  -0.00095496    -0.00263494   0.01003179
    1    7
  0.00047605  -0.00041995     0.00029786   0.00386015     0.00421479  -0.00337272
 -0.00107607  -0.00368078     0.00296705   0.01186369     0.00078777  -0.00227071
 -0.00151320   0.00156683     0.00053390  -0.00206367     0.00872656   0.00560597
    2    1
 -0.00418476  -0.00403751     0.00295175   0.01200512     0.02434637  -0.00922193
  0.00295175   0.01200512    -0.00418476  -0.00403751     0.02434637  -0.00922193
  0.02434637  -0.00922193     0.02434637  -0.00922193     0.00575012  -0.03939527
    2    2
  0.09670973   0.00000000     0.00902782   0.00000000    -0.00090868   0.00706706
  0.00902782   0.00000000     0.09670973   0.00000000    -0.00090868   0.00706706
 -0.00090868  -0.00706706    -0.00090868  -0.00706706     0.18553362  -0.00000000
    2    3
 -0.00615544  -0.01649053     0.01112797   0.03085145    -0.04454156   0.00714915
  0.01112797   0.03085145    -0.00615544  -0.01649053    -0.04454156   0.00714915
 -0.03897148   0.00891156    -0.03897148   0.00891156    -0.03263243  -0.00616854
    2    4
 -0.00162464  -0.00635858    -0.00480010  -0.01528053     0.01690162  -0.00314613
 -0.00480010  -0.01528053    -0.00162464  -0.00635858     0.01690162  -0.00314613
 -0.00607255   0.00244554    -0.00607255   0.00244554    -0.00543406  -0.02780190
    2    5
 -0.01251998  -0.00056909    -0.00406814  -0.00149038     0.00622510   0.00902266
 -0.00406814  -0.00149038    -0.01251998  -0.00056909     0.00622510   0.00902266
  0.00248492   0.00761962     0.00248492   0.00761962    -0.03913283  -0.00251625
    2    6
  0.00296705  -0.01186369    -0.00107607   0.00368078     0.00078777   0.00227071
  0.00029786  -0.00386015     0.00047605   0.00041995     0.00421479   0.00337272
  0.00053390   0.00206367    -0.00151320  -0.00156683     0.00872656  -0.00560597
    2    7
  0.00054650  -0.00032298    -0.00357917  -0.00147613     0.00451009  -0.00296628
  0.00316810   0.00216083    -0.01036617  -0.00648792     0.00240301  -0.00004753
 -0.00195775   0.00095496     0.00212765   0.00012994    -0.00263494  -0.01003179
    3    1
 -0.00615544  -0.01649053     0.01112797   0.03085145    -0.03897148   0.00891156
  0.01112797   0.03085145    -0.00615544  -0.01649053    -0.03897148   0.00891156
 -0.04454156   0.00714915    -0.04454156   0.00714915    -0.03263243  -0.00616854
    3    2
 -0.00615544   0.01649053     0.01112797  -0.03085145    -0.03897148  -0.00891156
  0.01112797  -0.03085145    -0.00615544   0.01649053    -0.03897148  -0.00891156
 -0.04454156  -0.00714915    -0.04454156  -0.00714915    -0.03263243   0.00616854
    3    3
  0.74627563   0.00000000     0.02532311   0.00000000    -0.00456721   0.00000000
  0.02532311   0.00000000     0.74627563   0.00000000    -0.00456721   0.00000000
 -0.00456721   0.00000000    -0.00456721   0.00000000     0.48600585   0.00000000
    3    4
 -0.06857029  -0.00143522    -0.00374842  -0.00007393     0.00740340  -0.00187061
 -0.00374842  -0.00007393    -0.06857029  -0.00143522     0.00740340  -0.00187061
  0.00851898   0.00623196     0.00851898   0.00623196    -0.11244317   0.01679372
    3    5
 -0.06857029   0.00143522    -0.00374842   0.00007393     0.00740340   0.00187061
 -0.00374842   0.00007393    -0.06857029   0.00143522     0.00740340   0.00187061
  0.00851898  -0.00623196     0.00851898  -0.00623196    -0.11244317  -0.01679372
    3    6
 -0.03313711  -0.02407552     0.02019571   0.01467304     0.00100343   0.00072903
 -0.00141386  -0.00102723    -0.34362772  -0.24966015     0.00076790   0.00055791
  0.00357628   0.00259832    -0.00103788  -0.00075407    -0.05773297  -0.04194546
    3    7
 -0.34362772   0.24966015    -0.00141386   0.00102723     0.00076790  -0.00055791
  0.02019571  -0.01467304    -0.03313711   0.02407552     0.00100343  -0.00072903
 -0.00103788   0.00075407     0.00357628  -0.00259832    -0.05773297   0.04194546
    4    1
 -0.01251998  -0.00056909    -0.00406814  -0.00149038     0.00248492   0.00761962
 -0.00406814  -0.00149038    -0.01251998  -0.00056909     0.00248492   0.00761962
  0.00622510   0.00902266     0.00622510   0.00902266    -0.03913283  -0.00251625
    4    2
 -0.00162464   0.00635858    -0.00480010   0.01528053    -0.00607255  -0.00244554
 -0.00480010   0.01528053    -0.00162464   0.00635858    -0.00607255  -0.00244554
  0.01690162   0.00314613     0.01690162   0.00314613    -0.00543406   0.02780190
    4    3
 -0.06857029   0.00143522    -0.00374842   0.00007393     0.00851898  -0.00623196
 -0.00374842   0.00007393    -0.06857029   0.00143522     0.00851898  -0.00623196
  0.00740340   0.00187061     0.00740340   0.00187061    -0.11244317  -0.01679372
    4    4
  0.08678358   0.00000000     0.01107627   0.00000000    -0.00257085   0.00538955
  0.01107627   0.00000000     0.08678358   0.00000000    -0.00257085   0.00538955
 -0.00257085  -0.00538955    -0.00257085  -0.00538955     0.28475914   0.00000000
    4    5
  0.01155684   0.00221311     0.00260024  -0.00661772    -0.01751219  -0.00360373
  0.00260024  -0.00661772     0.01155684   0.00221311    -0.01751219  -0.00360373
 -0.01751219  -0.00360373    -0.01751219  -0.00360373    -0.03566825   0.02499234
    4    6
  0.00659140   0.00352113    -0.00096000  -0.00009739    -0.00352631   0.00241484
  0.00297010   0.00163538    -0.00410924  -0.00275226    -0.01720551   0.02091957
 -0.00435767  -0.00629366    -0.00039896   0.00256678    -0.01578645  -0.00211788
    4    7
 -0.00388738   0.00305763     0.00247315  -0.00231937     0.01457890   0.02282792
 -0.00038928   0.00088292     0.00538565  -0.00518071     0.00120696   0.00409995
  0.00231787   0.00117262    -0.00733222   0.00219954    -0.00689251   0.01435935
    5    1
 -0.00162464  -0.00635858    -0.00480010  -0.01528053    -0.00607255   0.00244554
 -0.00480010  -0.01528053    -0.00162464  -0.00635858    -0.00607255   0.00244554
  0.01690162  -0.00314613     0.01690162  -0.00314613    -0.00543406  -0.02780190
    5    2
 -0.01251998   0.00056909    -0.00406814   0.00149038     0.00248492  -0.00761962
 -0.00406814   0.00149038    -0.01251998   0.00056909     0.00248492  -0.00761962
  0.00622510  -0.00902266     0.00622510  -0.00902266    -0.03913283   0.00251625
    5    3
 -0.06857029  -0.00143522    -0.00374842  -0.00007393     0.00851898   0.00623196
 -0.00374842  -0.00007393    -0.06857029  -0.00143522     0.00851898   0.00623196
  0.00740340  -0.00187061     0.00740340  -0.00187061    -0.11244317   0.01679372
    5    4
  0.01155684  -0.00221311     0.00260024   0.00661772    -0.01751219   0.00360373
  0.00260024   0.00661772     0.01155684  -0.00221311    -0.01751219   0.00360373
 -0.01751219   0.00360373    -0.01751219   0.00360373    -0.03566825  -0.02499234
    5    5
  0.08678358  -0.00000000     0.01107627   0.00000000    -0.00257085  -0.00538955
  0.01107627   0.00000000     0.08678358   0.00000000    -0.00257085  -0.00538955
 -0.00257085   0.00538955    -0.00257085   0.00538955     0.28475914  -0.00000000
    5    6
  0.00538565   0.00518071    -0.00038928  -0.00088292     0.00120696  -0.00409995
  0.00247315   0.00231937    -0.00388738  -0.00305763     0.01457890  -0.02282792
 -0.00733222  -0.00219954     0.00231787  -0.00117262    -0.00689251  -0.01435935
    5    7
 -0.00410924   0.00275226     0.00297010  -0.00163538    -0.01720551  -0.02091957
 -0.00096000   0.00009739     0.00659140  -0.00352113    -0.00352631  -0.00241484
 -0.00039896  -0.00256678    -0.00435767   0.00629366    -0.01578645   0.00211788
    6    1
 -0.01036617  -0.00648792    -0.00357917  -0.00147613     0.00212765   0.00012994
  0.00316810   0.00216083     0.00054650  -0.00032298    -0.00195775   0.00095496
  0.00240301  -0.00004753     0.00451009  -0.00296628    -0.00263494  -0.01003179
    6    2
  0.00296705   0.01186369     0.00029786   0.00386015     0.00053390  -0.00206367
 -0.00107607  -0.00368078     0.00047605  -0.00041995    -0.00151320   0.00156683
  0.00078777  -0.00227071     0.00421479  -0.00337272     0.00872656   0.00560597
    6    3
 -0.03313711   0.02407552    -0.00141386   0.00102723     0.00357628  -0.00259832
  0.02019571  -0.01467304    -0.34362772   0.24966015    -0.00103788   0.00075407
  0.00100343  -0.00072903     0.00076790  -0.00055791    -0.05773297   0.04194546
    6    4
  0.00659140  -0.00352113     0.00297010  -0.00163538    -0.00435767   0.00629366
 -0.00096000   0.00009739    -0.00410924   0.00275226    -0.00039896  -0.00256678
 -0.00352631  -0.00241484    -0.01720551  -0.02091957    -0.01578645   0.00211788
    6    5
  0.00538565  -0.00518071     0.00247315  -0.00231937    -0.00733222   0.00219954
 -0.00038928   0.00088292    -0.00388738   0.00305763     0.00231787   0.00117262
  0.00120696   0.00409995     0.01457890   0.02282792    -0.00689251   0.01435935
    6    6
  0.10203679   0.00000000    -0.00778982   0.00000000    -0.00073687   0.00000000
 -0.00778982   0.00000000     0.58948909   0.00000000     0.00019865   0.00000000
 -0.00073687   0.00000000     0.00019865   0.00000000     0.10788573   0.00000000
    6    7
 -0.01016664   0.03128971     0.00944198  -0.02905943    -0.00017947   0.00055236
  0.00414891  -0.01276904    -0.01016664   0.03128971     0.00014515  -0.00044673
  0.00014515  -0.00044673    -0.00017947   0.00055236     0.00299106  -0.00920552
    7    1
  0.00047605   0.00041995    -0.00107607   0.00368078    -0.00151320  -0.00156683
  0.00029786  -0.00386015     0.00296705  -0.01186369     0.00053390   0.00206367
  0.00421479   0.00337272     0.00078777   0.00227071     0.00872656  -0.00560597
    7    2
  0.00054650   0.00032298     0.00316810  -0.00216083    -0.00195775  -0.00095496
 -0.00357917   0.00147613    -0.01036617   0.00648792     0.00212765  -0.00012994
  0.00451009   0.00296628     0.00240301   0.00004753    -0.00263494   0.01003179
    7    3
 -0.34362772  -0.24966015     0.02019571   0.01467304    -0.00103788  -0.00075407
 -0.00141386  -0.00102723    -0.03313711  -0.02407552     0.00357628   0.00259832
  0.00076790   0.00055791     0.00100343   0.00072903    -0.05773297  -0.04194546
    7    4
 -0.00388738  -0.00305763    -0.00038928  -0.00088292     0.00231787  -0.00117262
  0.00247315   0.00231937     0.00538565   0.00518071    -0.00733222  -0.00219954
  0.01457890  -0.02282792     0.00120696  -0.00409995    -0.00689251  -0.01435935
    7    5
 -0.00410924  -0.00275226    -0.00096000  -0.00009739    -0.00039896   0.00256678
  0.00297010   0.00163538     0.00659140   0.00352113    -0.00435767  -0.00629366
 -0.01720551   0.02091957    -0.00352631   0.00241484    -0.01578645  -0.00211788
    7    6
 -0.01016664  -0.03128971     0.00414891   0.01276904     0.00014515   0.00044673
  0.00944198   0.02905943    -0.01016664  -0.03128971    -0.00017947  -0.00055236
 -0.00017947  -0.00055236     0.00014515   0.00044673     0.00299106   0.00920552
    7    7
  0.58948909   0.00000000    -0.00778982   0.00000000     0.00019865   0.00000000
 -0.00778982   0.00000000     0.10203679   0.00000000    -0.00073687   0.00000000
  0.00019865   0.00000000    -0.00073687   0.00000000     0.10788573   0.00000000

     Dynamical  Matrix in cartesian axes

     q = (   -0.200000000  -0.200000000   0.121439799 ) 

    1    1
  0.09670973   0.00000000     0.00902782   0.00000000    -0.00090868   0.00706706
  0.00902782   0.00000000     0.09670973   0.00000000    -0.00090868   0.00706706
 -0.00090868  -0.00706706    -0.00090868  -0.00706706     0.18553362  -0.00000000
    1    2
 -0.00418476  -0.00403751     0.00295175   0.01200512     0.02434637  -0.00922193
  0.00295175   0.01200512    -0.00418476  -0.00403751     0.02434637  -0.00922193
  0.02434637  -0.00922193     0.02434637  -0.00922193     0.00575012  -0.03939527
    1    3
 -0.00615544  -0.01649053     0.01112797   0.03085145    -0.04454156   0.00714915
  0.01112797   0.03085145    -0.00615544  -0.01649053    -0.04454156   0.00714915
 -0.03897148   0.00891156    -0.03897148   0.00891156    -0.03263243  -0.00616854
    1    4
 -0.01251998  -0.00056909    -0.00406814  -0.00149038     0.00622510   0.00902266
 -0.00406814  -0.00149038    -0.01251998  -0.00056909     0.00622510   0.00902266
  0.00248492   0.00761962     0.00248492   0.00761962    -0.03913283  -0.00251625
    1    5
 -0.00162464  -0.00635858    -0.00480010  -0.01528053     0.01690162  -0.00314613
 -0.00480010  -0.01528053    -0.00162464  -0.00635858     0.01690162  -0.00314613
 -0.00607255   0.00244554    -0.00607255   0.00244554    -0.00543406  -0.02780190
    1    6
 -0.01036617  -0.00648792     0.00316810   0.00216083     0.00240301  -0.00004753
 -0.00357917  -0.00147613     0.00054650  -0.00032298     0.00451009  -0.00296628
  0.00212765   0.00012994    -0.00195775   0.00095496    -0.00263494  -0.01003179
    1    7
  0.00047605   0.00041995     0.00029786  -0.00386015     0.00421479   0.00337272
 -0.00107607   0.00368078     0.00296705  -0.01186369     0.00078777   0.00227071
 -0.00151320  -0.00156683     0.00053390   0.00206367     0.00872656  -0.00560597
    2    1
 -0.00418476   0.00403751     0.00295175  -0.01200512     0.02434637   0.00922193
  0.00295175  -0.01200512    -0.00418476   0.00403751     0.02434637   0.00922193
  0.02434637   0.00922193     0.02434637   0.00922193     0.00575012   0.03939527
    2    2
  0.09670973   0.00000000     0.00902782  -0.00000000    -0.00090868  -0.00706706
  0.00902782   0.00000000     0.09670973  -0.00000000    -0.00090868  -0.00706706
 -0.00090868   0.00706706    -0.00090868   0.00706706     0.18553362   0.00000000
    2    3
 -0.00615544   0.01649053     0.01112797  -0.03085145    -0.04454156  -0.00714915
  0.01112797  -0.03085145    -0.00615544   0.01649053    -0.04454156  -0.00714915
 -0.03897148  -0.00891156    -0.03897148  -0.00891156    -0.03263243   0.00616854
    2    4
 -0.00162464   0.00635858    -0.00480010   0.01528053     0.01690162   0.00314613
 -0.00480010   0.01528053    -0.00162464   0.00635858     0.01690162   0.00314613
 -0.00607255  -0.00244554    -0.00607255  -0.00244554    -0.00543406   0.02780190
    2    5
 -0.01251998   0.00056909    -0.00406814   0.00149038     0.00622510  -0.00902266
 -0.00406814   0.00149038    -0.01251998   0.00056909     0.00622510  -0.00902266
  0.00248492  -0.00761962     0.00248492  -0.00761962    -0.03913283   0.00251625
    2    6
  0.00296705   0.01186369    -0.00107607  -0.00368078     0.00078777  -0.00227071
  0.00029786   0.00386015     0.00047605  -0.00041995     0.00421479  -0.00337272
  0.00053390  -0.00206367    -0.00151320   0.00156683     0.00872656   0.00560597
    2    7
  0.00054650   0.00032298    -0.00357917   0.00147613     0.00451009   0.00296628
  0.00316810  -0.00216083    -0.01036617   0.00648792     0.00240301   0.00004753
 -0.00195775  -0.00095496     0.00212765  -0.00012994    -0.00263494   0.01003179
    3    1
 -0.00615544   0.01649053     0.01112797  -0.03085145    -0.03897148  -0.00891156
  0.01112797  -0.03085145    -0.00615544   0.01649053    -0.03897148  -0.00891156
 -0.04454156  -0.00714915    -0.04454156  -0.00714915    -0.03263243   0.00616854
    3    2
 -0.00615544  -0.01649053     0.01112797   0.03085145    -0.03897148   0.00891156
  0.01112797   0.03085145    -0.00615544  -0.01649053    -0.03897148   0.00891156
 -0.04454156   0.00714915    -0.04454156   0.00714915    -0.03263243  -0.00616854
    3    3
  0.74627563   0.00000000     0.02532311   0.00000000    -0.00456721   0.00000000
  0.02532311   0.00000000     0.74627563   0.00000000    -0.00456721   0.00000000
 -0.00456721   0.00000000    -0.00456721   0.00000000     0.48600585   0.00000000
    3    4
 -0.06857029   0.00143522    -0.00374842   0.00007393     0.00740340   0.00187061
 -0.00374842   0.00007393    -0.06857029   0.00143522     0.00740340   0.00187061
  0.00851898  -0.00623196     0.00851898  -0.00623196    -0.11244317  -0.01679372
    3    5
 -0.06857029  -0.00143522    -0.00374842  -0.00007393     0.00740340  -0.00187061
 -0.00374842  -0.00007393    -0.06857029  -0.00143522     0.00740340  -0.00187061
  0.00851898   0.00623196     0.00851898   0.00623196    -0.11244317   0.01679372
    3    6
 -0.03313711   0.02407552     0.02019571  -0.01467304     0.00100343  -0.00072903
 -0.00141386   0.00102723    -0.34362772   0.24966015     0.00076790  -0.00055791
  0.00357628  -0.00259832    -0.00103788   0.00075407    -0.05773297   0.04194546
    3    7
 -0.34362772  -0.24966015    -0.00141386  -0.00102723     0.00076790   0.00055791
  0.02019571   0.01467304    -0.03313711  -0.02407552     0.00100343   0.00072903
 -0.00103788  -0.00075407     0.00357628   0.00259832    -0.05773297  -0.04194546
    4    1
 -0.01251998   0.00056909    -0.00406814   0.00149038     0.00248492  -0.00761962
 -0.00406814   0.00149038    -0.01251998   0.00056909     0.00248492  -0.00761962
  0.00622510  -0.00902266     0.00622510  -0.00902266    -0.03913283   0.00251625
    4    2
 -0.00162464  -0.00635858    -0.00480010  -0.01528053    -0.00607255   0.00244554
 -0.00480010  -0.01528053    -0.00162464  -0.00635858    -0.00607255   0.00244554
  0.01690162  -0.00314613     0.01690162  -0.00314613    -0.00543406  -0.02780190
    4    3
 -0.06857029  -0.00143522    -0.00374842  -0.00007393     0.00851898   0.00623196
 -0.00374842  -0.00007393    -0.06857029  -0.00143522     0.00851898   0.00623196
  0.00740340  -0.00187061     0.00740340  -0.00187061    -0.11244317   0.01679372
    4    4
  0.08678358  -0.00000000     0.01107627   0.00000000    -0.00257085  -0.00538955
  0.01107627   0.00000000     0.08678358   0.00000000    -0.00257085  -0.00538955
 -0.00257085   0.00538955    -0.00257085   0.00538955     0.28475914  -0.00000000
    4    5
  0.01155684  -0.00221311     0.00260024   0.00661772    -0.01751219   0.00360373
  0.00260024   0.00661772     0.01155684  -0.00221311    -0.01751219   0.00360373
 -0.01751219   0.00360373    -0.01751219   0.00360373    -0.03566825  -0.02499234
    4    6
  0.00659140  -0.00352113    -0.00096000   0.00009739    -0.00352631  -0.00241484
  0.00297010  -0.00163538    -0.00410924   0.00275226    -0.01720551  -0.02091957
 -0.00435767   0.00629366    -0.00039896  -0.00256678    -0.01578645   0.00211788
    4    7
 -0.00388738  -0.00305763     0.00247315   0.00231937     0.01457890  -0.02282792
 -0.00038928  -0.00088292     0.00538565   0.00518071     0.00120696  -0.00409995
  0.00231787  -0.00117262    -0.00733222  -0.00219954    -0.00689251  -0.01435935
    5    1
 -0.00162464   0.00635858    -0.00480010   0.01528053    -0.00607255  -0.00244554
 -0.00480010   0.01528053    -0.00162464   0.00635858    -0.00607255  -0.00244554
  0.01690162   0.00314613     0.01690162   0.00314613    -0.00543406   0.02780190
    5    2
 -0.01251998  -0.00056909    -0.00406814  -0.00149038     0.00248492   0.00761962
 -0.00406814  -0.00149038    -0.01251998  -0.00056909     0.00248492   0.00761962
  0.00622510   0.00902266     0.00622510   0.00902266    -0.03913283  -0.00251625
    5    3
 -0.06857029   0.00143522    -0.00374842   0.00007393     0.00851898  -0.00623196
 -0.00374842   0.00007393    -0.06857029   0.00143522     0.00851898  -0.00623196
  0.00740340   0.00187061     0.00740340   0.00187061    -0.11244317  -0.01679372
    5    4
  0.01155684   0.00221311     0.00260024  -0.00661772    -0.01751219  -0.00360373
  0.00260024  -0.00661772     0.01155684   0.00221311    -0.01751219  -0.00360373
 -0.01751219  -0.00360373    -0.01751219  -0.00360373    -0.03566825   0.02499234
    5    5
  0.08678358   0.00000000     0.01107627   0.00000000    -0.00257085   0.00538955
  0.01107627   0.00000000     0.08678358   0.00000000    -0.00257085   0.00538955
 -0.00257085  -0.00538955    -0.00257085  -0.00538955     0.28475914   0.00000000
    5    6
  0.00538565  -0.00518071    -0.00038928   0.00088292     0.00120696   0.00409995
  0.00247315  -0.00231937    -0.00388738   0.00305763     0.01457890   0.02282792
 -0.00733222   0.00219954     0.00231787   0.00117262    -0.00689251   0.01435935
    5    7
 -0.00410924  -0.00275226     0.00297010   0.00163538    -0.01720551   0.02091957
 -0.00096000  -0.00009739     0.00659140   0.00352113    -0.00352631   0.00241484
 -0.00039896   0.00256678    -0.00435767  -0.00629366    -0.01578645  -0.00211788
    6    1
 -0.01036617   0.00648792    -0.00357917   0.00147613     0.00212765  -0.00012994
  0.00316810  -0.00216083     0.00054650   0.00032298    -0.00195775  -0.00095496
  0.00240301   0.00004753     0.00451009   0.00296628    -0.00263494   0.01003179
    6    2
  0.00296705  -0.01186369     0.00029786  -0.00386015     0.00053390   0.00206367
 -0.00107607   0.00368078     0.00047605   0.00041995    -0.00151320  -0.00156683
  0.00078777   0.00227071     0.00421479   0.00337272     0.00872656  -0.00560597
    6    3
 -0.03313711  -0.02407552    -0.00141386  -0.00102723     0.00357628   0.00259832
  0.02019571   0.01467304    -0.34362772  -0.24966015    -0.00103788  -0.00075407
  0.00100343   0.00072903     0.00076790   0.00055791    -0.05773297  -0.04194546
    6    4
  0.00659140   0.00352113     0.00297010   0.00163538    -0.00435767  -0.00629366
 -0.00096000  -0.00009739    -0.00410924  -0.00275226    -0.00039896   0.00256678
 -0.00352631   0.00241484    -0.01720551   0.02091957    -0.01578645  -0.00211788
    6    5
  0.00538565   0.00518071     0.00247315   0.00231937    -0.00733222  -0.00219954
 -0.00038928  -0.00088292    -0.00388738  -0.00305763     0.00231787  -0.00117262
  0.00120696  -0.00409995     0.01457890  -0.02282792    -0.00689251  -0.01435935
    6    6
  0.10203679   0.00000000    -0.00778982   0.00000000    -0.00073687   0.00000000
 -0.00778982   0.00000000     0.58948909   0.00000000     0.00019865   0.00000000
 -0.00073687   0.00000000     0.00019865   0.00000000     0.10788573   0.00000000
    6    7
 -0.01016664  -0.03128971     0.00944198   0.02905943    -0.00017947  -0.00055236
  0.00414891   0.01276904    -0.01016664  -0.03128971     0.00014515   0.00044673
  0.00014515   0.00044673    -0.00017947  -0.00055236     0.00299106   0.00920552
    7    1
  0.00047605  -0.00041995    -0.00107607  -0.00368078    -0.00151320   0.00156683
  0.00029786   0.00386015     0.00296705   0.01186369     0.00053390  -0.00206367
  0.00421479  -0.00337272     0.00078777  -0.00227071     0.00872656   0.00560597
    7    2
  0.00054650  -0.00032298     0.00316810   0.00216083    -0.00195775   0.00095496
 -0.00357917  -0.00147613    -0.01036617  -0.00648792     0.00212765   0.00012994
  0.00451009  -0.00296628     0.00240301  -0.00004753    -0.00263494  -0.01003179
    7    3
 -0.34362772   0.24966015     0.02019571  -0.01467304    -0.00103788   0.00075407
 -0.00141386   0.00102723    -0.03313711   0.02407552     0.00357628  -0.00259832
  0.00076790  -0.00055791     0.00100343  -0.00072903    -0.05773297   0.04194546
    7    4
 -0.00388738   0.00305763    -0.00038928   0.00088292     0.00231787   0.00117262
  0.00247315  -0.00231937     0.00538565  -0.00518071    -0.00733222   0.00219954
  0.01457890   0.02282792     0.00120696   0.00409995    -0.00689251   0.01435935
    7    5
 -0.00410924   0.00275226    -0.00096000   0.00009739    -0.00039896  -0.00256678
  0.00297010  -0.00163538     0.00659140  -0.00352113    -0.00435767   0.00629366
 -0.01720551  -0.02091957    -0.00352631  -0.00241484    -0.01578645   0.00211788
    7    6
 -0.01016664   0.03128971     0.00414891  -0.01276904     0.00014515  -0.00044673
  0.00944198  -0.02905943    -0.01016664   0.03128971    -0.00017947   0.00055236
 -0.00017947   0.00055236     0.00014515  -0.00044673     0.00299106  -0.00920552
    7    7
  0.58948909   0.00000000    -0.00778982   0.00000000     0.00019865   0.00000000
 -0.00778982   0.00000000     0.10203679   0.00000000    -0.00073687   0.00000000
  0.00019865   0.00000000    -0.00073687   0.00000000     0.10788573   0.00000000

     Diagonalizing the dynamical matrix

     q = (   -0.200000000   0.200000000   0.121439799 ) 

 **************************************************************************
     freq (    1) =       2.182869 [THz] =      72.812664 [cm-1]
 ( -0.010443 -0.352750 -0.010443 -0.352750  0.000000  0.000000 ) 
 ( -0.338712  0.099074 -0.338712  0.099074  0.000000 -0.000000 ) 
 ( -0.191260 -0.138959 -0.191260 -0.138959  0.000000  0.000000 ) 
 ( -0.108088 -0.154769 -0.108088 -0.154769  0.000000  0.000000 ) 
 ( -0.180595 -0.054972 -0.180595 -0.054972  0.000000 -0.000000 ) 
 ( -0.284445  0.000000 -0.205677  0.000000  0.023287 -0.000000 ) 
 ( -0.205677  0.000000 -0.284445  0.000000 -0.023287  0.000000 ) 
     freq (    2) =       2.409843 [THz] =      80.383700 [cm-1]
 (  0.106656  0.160733 -0.106656 -0.160733  0.018686  0.282507 ) 
 (  0.185825  0.051767 -0.185825 -0.051767  0.274454 -0.069528 ) 
 (  0.038336  0.027853 -0.038336 -0.027853  0.271401  0.197184 ) 
 ( -0.023624  0.185045  0.023624 -0.185045  0.166656  0.191111 ) 
 (  0.168687 -0.079650 -0.168687  0.079650  0.233257  0.099443 ) 
 (  0.052920  0.000000 -0.036891  0.000000  0.385805 -0.000000 ) 
 (  0.036891  0.000000 -0.052920  0.000000  0.385805  0.000000 ) 
     freq (    3) =       3.181214 [THz] =     106.113862 [cm-1]
 (  0.419184  0.012267 -0.419184 -0.012267 -0.137841 -0.302113 ) 
 (  0.141201  0.394877 -0.141201 -0.394877 -0.329922 -0.037736 ) 
 ( -0.047468 -0.034487  0.047468  0.034487  0.027183  0.019750 ) 
 ( -0.059051  0.015977  0.059051 -0.015977 -0.077794 -0.116255 ) 
 ( -0.003052 -0.061098  0.003052  0.061098 -0.134604 -0.038062 ) 
 ( -0.054533 -0.000000  0.045574  0.000000 -0.043447 -0.000000 ) 
 ( -0.045574 -0.000000  0.054533  0.000000 -0.043447  0.000000 ) 
     freq (    4) =       3.495085 [THz] =     116.583499 [cm-1]
 ( -0.435467 -0.042898 -0.435467 -0.042898  0.000000 -0.000000 ) 
 ( -0.175365 -0.400897 -0.175365 -0.400897 -0.000000 -0.000000 ) 
 (  0.068640  0.049870  0.068640  0.049870  0.000000  0.000000 ) 
 ( -0.074468  0.173076 -0.074468  0.173076  0.000000 -0.000000 ) 
 (  0.141593 -0.124307  0.141593 -0.124307  0.000000 -0.000000 ) 
 (  0.114263  0.000000  0.075708  0.000000 -0.141666 -0.000000 ) 
 (  0.075708 -0.000000  0.114263  0.000000  0.141666  0.000000 ) 
     freq (    5) =       3.579270 [THz] =     119.391591 [cm-1]
 (  0.094456 -0.387005 -0.094456  0.387005  0.214984  0.113663 ) 
 ( -0.338876  0.209424  0.338876 -0.209424  0.174533  0.169338 ) 
 (  0.048038  0.034901 -0.048038 -0.034901  0.168441  0.122379 ) 
 ( -0.034918 -0.004014  0.034918  0.004014  0.167898  0.118270 ) 
 ( -0.014608 -0.031969  0.014608  0.031969  0.164365  0.123133 ) 
 ( -0.054127 -0.000000 -0.042889 -0.000000  0.221032  0.000000 ) 
 (  0.042889 -0.000000  0.054127  0.000000  0.221032  0.000000 ) 
     freq (    6) =       4.694058 [THz] =     156.576924 [cm-1]
 ( -0.068516  0.168023 -0.068516  0.168023  0.000000 -0.000000 ) 
 (  0.138627 -0.117084  0.138627 -0.117084  0.000000  0.000000 ) 
 ( -0.212035 -0.154052 -0.212035 -0.154052 -0.000000 -0.000000 ) 
 ( -0.238891 -0.262539 -0.238891 -0.262539 -0.000000 -0.000000 ) 
 ( -0.323511 -0.146070 -0.323511 -0.146070 -0.000000  0.000000 ) 
 ( -0.241297 -0.000000 -0.229589 -0.000000  0.050298  0.000000 ) 
 ( -0.229589 -0.000000 -0.241297 -0.000000 -0.050298  0.000000 ) 
     freq (    7) =       4.792432 [THz] =     159.858329 [cm-1]
 ( -0.016731 -0.083280  0.016731  0.083280 -0.355186  0.184211 ) 
 ( -0.084374  0.009823  0.084374 -0.009823  0.065436 -0.394726 ) 
 ( -0.204980 -0.148927  0.204980  0.148927  0.026394  0.019176 ) 
 ( -0.218694 -0.217858  0.218694  0.217858 -0.011077  0.042858 ) 
 ( -0.274775 -0.140668  0.274775  0.140668  0.037338 -0.023779 ) 
 ( -0.146186 -0.000000  0.193253  0.000000  0.097449 -0.000000 ) 
 ( -0.193253 -0.000000  0.146186  0.000000  0.097449  0.000000 ) 
     freq (    8) =       5.237133 [THz] =     174.691966 [cm-1]
 (  0.102490  0.001532 -0.102490 -0.001532  0.006972  0.247913 ) 
 (  0.033128  0.097000 -0.033128 -0.097000  0.237934 -0.069978 ) 
 (  0.065174  0.047352 -0.065174 -0.047352 -0.191374 -0.139041 ) 
 (  0.206496 -0.197476 -0.206496  0.197476 -0.135002 -0.040838 ) 
 ( -0.124000  0.257413  0.124000 -0.257413 -0.080557 -0.115775 ) 
 (  0.024187 -0.000000 -0.061543  0.000000 -0.442119  0.000000 ) 
 (  0.061543 -0.000000 -0.024187  0.000000 -0.442119  0.000000 ) 
     freq (    9) =       5.872879 [THz] =     195.898164 [cm-1]
 (  0.033301  0.009202  0.033301  0.009202  0.000000 -0.000000 ) 
 (  0.019042  0.028828  0.019042  0.028828 -0.000000  0.000000 ) 
 ( -0.034359 -0.024964 -0.034359 -0.024964 -0.000000 -0.000000 ) 
 ( -0.206663  0.358126 -0.206663  0.358126 -0.000000 -0.000000 ) 
 (  0.276735 -0.307215  0.276735 -0.307215 -0.000000 -0.000000 ) 
 ( -0.146742  0.000000 -0.042708  0.000000 -0.361282  0.000000 ) 
 ( -0.042708 -0.000000 -0.146742  0.000000  0.361282  0.000000 ) 
     freq (   10) =       6.511782 [THz] =     217.209675 [cm-1]
 (  0.031049  0.070900 -0.031049 -0.070900  0.334633  0.036692 ) 
 (  0.077024  0.007620 -0.077024 -0.007620  0.138303  0.306916 ) 
 ( -0.228214 -0.165807  0.228214  0.165807 -0.014299 -0.010389 ) 
 ( -0.242469 -0.169057  0.242469  0.169057 -0.059632 -0.022446 ) 
 ( -0.235710 -0.178360  0.235710  0.178360 -0.039775 -0.049777 ) 
 ( -0.191839  0.000000  0.225526  0.000000 -0.168809 -0.000000 ) 
 ( -0.225526 -0.000000  0.191839  0.000000 -0.168809  0.000000 ) 
     freq (   11) =       7.223678 [THz] =     240.955967 [cm-1]
 (  0.019583 -0.016683 -0.019583  0.016683  0.003502  0.065671 ) 
 ( -0.009816  0.023780  0.009816 -0.023780  0.063539 -0.016963 ) 
 (  0.013249  0.009626 -0.013249 -0.009626 -0.206914 -0.150332 ) 
 ( -0.289670  0.357861  0.289670 -0.357861 -0.081367 -0.095049 ) 
 (  0.250833 -0.386077 -0.250833  0.386077 -0.115541 -0.048013 ) 
 ( -0.013456 -0.000000 -0.012105 -0.000000  0.146453  0.000000 ) 
 (  0.012105  0.000000  0.013456 -0.000000  0.146453  0.000000 ) 
     freq (   12) =       7.246076 [THz] =     241.703080 [cm-1]
 ( -0.017814  0.016414 -0.017814  0.016414 -0.000000 -0.000000 ) 
 (  0.010106 -0.022014  0.010106 -0.022014 -0.000000  0.000000 ) 
 (  0.021405  0.015551  0.021405  0.015551  0.000000 -0.000000 ) 
 (  0.230361  0.079966  0.230361  0.079966  0.000000 -0.000000 ) 
 (  0.147238  0.194376  0.147238  0.194376  0.000000 -0.000000 ) 
 ( -0.606169 -0.000000 -0.002435 -0.000000  0.108431  0.000000 ) 
 ( -0.002435  0.000000 -0.606169 -0.000000 -0.108431  0.000000 ) 
     freq (   13) =       8.929626 [THz] =     297.860268 [cm-1]
 ( -0.001905 -0.006204  0.001905  0.006204 -0.004798  0.006759 ) 
 ( -0.006489  0.000105  0.006489 -0.000105  0.004945 -0.006652 ) 
 ( -0.048387 -0.035156  0.048387  0.035156 -0.022164 -0.016103 ) 
 (  0.281972  0.193595 -0.281972 -0.193595  0.037503  0.016011 ) 
 (  0.271254  0.208348 -0.271254 -0.208348  0.026817  0.030719 ) 
 ( -0.502566 -0.000000  0.081860  0.000000  0.031356  0.000000 ) 
 ( -0.081860 -0.000000  0.502566  0.000000  0.031356  0.000000 ) 
     freq (   14) =       9.214258 [THz] =     307.354564 [cm-1]
 ( -0.007934  0.009984 -0.007934  0.009984 -0.000000 -0.000000 ) 
 (  0.007043 -0.010631  0.007043 -0.010631 -0.000000 -0.000000 ) 
 ( -0.110899 -0.080573 -0.110899 -0.080573  0.000000 -0.000000 ) 
 (  0.168746  0.300039  0.168746  0.300039  0.000000  0.000000 ) 
 (  0.337499  0.067769  0.337499  0.067769  0.000000  0.000000 ) 
 (  0.249070 -0.000000 -0.114643 -0.000000  0.410741 -0.000000 ) 
 ( -0.114643 -0.000000  0.249070  0.000000 -0.410741  0.000000 ) 
     freq (   15) =       9.484066 [THz] =     316.354403 [cm-1]
 ( -0.008997  0.010746 -0.008997  0.010746  0.000000  0.000000 ) 
 (  0.007440 -0.011877  0.007440 -0.011877  0.000000  0.000000 ) 
 ( -0.070655 -0.051334 -0.070655 -0.051334  0.000000 -0.000000 ) 
 (  0.336259 -0.056855  0.336259 -0.056855 -0.000000  0.000000 ) 
 (  0.049837  0.337371  0.049837  0.337371 -0.000000 -0.000000 ) 
 (  0.136081  0.000000 -0.073698 -0.000000 -0.485206 -0.000000 ) 
 ( -0.073698 -0.000000  0.136081  0.000000  0.485206  0.000000 ) 
     freq (   16) =      10.693467 [THz] =     356.695665 [cm-1]
 ( -0.015861  0.008955  0.015861 -0.008955 -0.024422  0.000866 ) 
 (  0.003615 -0.017852 -0.003615  0.017852 -0.006723 -0.023494 ) 
 (  0.098176  0.071329 -0.098176 -0.071329  0.114097  0.082896 ) 
 ( -0.253689 -0.019189  0.253689  0.019189 -0.074096 -0.109596 ) 
 ( -0.096644 -0.235343  0.096644  0.235343 -0.127129 -0.036602 ) 
 ( -0.454670  0.000000 -0.062437  0.000000 -0.341307  0.000000 ) 
 (  0.062437 -0.000000  0.454670 -0.000000 -0.341307  0.000000 ) 
     freq (   17) =      11.087449 [THz] =     369.837478 [cm-1]
 (  0.007798  0.021683 -0.007798 -0.021683  0.022448 -0.013226 ) 
 (  0.023032  0.000716 -0.023032 -0.000716 -0.005642  0.025436 ) 
 (  0.061816  0.044912 -0.061816 -0.044912 -0.084942 -0.061714 ) 
 ( -0.029525 -0.265718  0.029525  0.265718 -0.158540  0.025173 ) 
 ( -0.261837  0.054031  0.261837 -0.054031 -0.025051 -0.158559 ) 
 ( -0.269315  0.000000 -0.039858  0.000000  0.494030  0.000000 ) 
 (  0.039858  0.000000  0.269315 -0.000000  0.494030  0.000000 ) 
     freq (   18) =      14.158710 [THz] =     472.283745 [cm-1]
 (  0.007709  0.008550 -0.007709 -0.008550 -0.008611 -0.031554 ) 
 (  0.010514  0.004690 -0.010514 -0.004690 -0.032671  0.001561 ) 
 (  0.017211  0.012504 -0.017211 -0.012504 -0.076075 -0.055271 ) 
 ( -0.081743 -0.024399  0.081743  0.024399  0.312435  0.603814 ) 
 ( -0.048465 -0.070202  0.048465  0.070202  0.670809  0.110555 ) 
 ( -0.079543  0.000000 -0.012339  0.000000 -0.102714 -0.000000 ) 
 (  0.012339 -0.000000  0.079543  0.000000 -0.102714  0.000000 ) 
     freq (   19) =      15.870710 [THz] =     529.389897 [cm-1]
 (  0.005495  0.011642 -0.005495 -0.011642 -0.000555  0.006830 ) 
 (  0.012770  0.001629 -0.012770 -0.001629  0.006324 -0.002638 ) 
 (  0.011373  0.008263 -0.011373 -0.008263 -0.046701 -0.033930 ) 
 ( -0.021448 -0.075100  0.021448  0.075100  0.597826 -0.352230 ) 
 ( -0.078052  0.002809  0.078052 -0.002809 -0.150252  0.677412 ) 
 ( -0.047227  0.000000  0.003211  0.000000  0.043068 -0.000000 ) 
 ( -0.003211 -0.000000  0.047227  0.000000  0.043068  0.000000 ) 
     freq (   20) =      21.759941 [THz] =     725.833488 [cm-1]
 (  0.000105 -0.000745  0.000105 -0.000745  0.000000  0.000000 ) 
 ( -0.000676  0.000330 -0.000676  0.000330  0.000000 -0.000000 ) 
 (  0.076951  0.055908  0.076951  0.055908  0.000000  0.000000 ) 
 ( -0.004383 -0.003779 -0.004383 -0.003779 -0.000000 -0.000000 ) 
 ( -0.004949 -0.003001 -0.004949 -0.003001 -0.000000 -0.000000 ) 
 (  0.024393 -0.000000 -0.700207  0.000000 -0.000351 -0.000000 ) 
 ( -0.700207  0.000000  0.024393 -0.000000  0.000351  0.000000 ) 
     freq (   21) =      22.016885 [THz] =     734.404220 [cm-1]
 ( -0.000020  0.000762  0.000020 -0.000762  0.001173  0.000132 ) 
 (  0.000719 -0.000254 -0.000719  0.000254  0.000488  0.001074 ) 
 ( -0.067121 -0.048766  0.067121  0.048766 -0.000613 -0.000446 ) 
 (  0.002483  0.000453 -0.002483 -0.000453  0.008531 -0.006078 ) 
 (  0.001198  0.002222 -0.001198 -0.002222 -0.003144  0.009991 ) 
 ( -0.048104  0.000000 -0.700483  0.000000  0.001013  0.000000 ) 
 (  0.700483 -0.000000  0.048104 -0.000000  0.001013  0.000000 ) 
 **************************************************************************
