Dynamical matrix file
Sr2RuO4                                                                    
  3    7   7   7.3000120   0.0000000   3.2938131   0.0000000   0.0000000   0.0000000
           1  'Sr     '    79860.7445811805     
           2  'Ru     '    92119.6696509919     
           3  'O      '    14582.1964454954     
    1    1      0.0000000000      0.0000000000      1.1602701746
    2    1      0.0000000000      0.0000000000     -1.1602701746
    3    2      0.0000000000      0.0000000000      0.0000000000
    4    3      0.0000000000      0.0000000000      0.5380857149
    5    3      0.0000000000      0.0000000000     -0.5380857149
    6    3      0.0000000000     -0.5000000000      0.0000000000
    7    3      0.5000000000      0.0000000000      0.0000000000

     Dynamical  Matrix in cartesian axes

     q = (   -0.400000000   0.200000000   0.182159698 ) 

    1    1
  0.14264603  -0.00000000    -0.00458276  -0.00001683    -0.00063625   0.00362872
 -0.00458276   0.00001683     0.08609658  -0.00000000     0.00012610  -0.00274113
 -0.00063625  -0.00362872     0.00012610   0.00274113     0.17761389   0.00000000
    1    2
 -0.00328264  -0.00354763     0.00525580  -0.01491466     0.03682564   0.01127076
  0.00525580  -0.01491466    -0.00115549  -0.00420652    -0.00952169  -0.00165810
  0.03682564   0.01127076    -0.00952169  -0.00165810     0.01845253   0.00060592
    1    3
  0.00153168  -0.00391372     0.01491220  -0.04729123    -0.06692798  -0.02543897
  0.01393209  -0.04474979     0.00028525  -0.00603195     0.01515906   0.00789103
 -0.06392299  -0.02406736     0.01505532   0.00660776    -0.02490491  -0.00168560
    1    4
 -0.01876306  -0.00065576     0.00099841   0.00189196     0.00809132   0.00889430
  0.00101617   0.00219208    -0.00909014  -0.00011568    -0.00159334  -0.00561351
  0.00390345   0.00585790    -0.00082719  -0.00414219    -0.04258689  -0.00090314
    1    5
  0.00202325  -0.00469503    -0.00621571   0.01889899     0.02391235   0.00873079
 -0.00618530   0.01888214     0.00072818  -0.00142095    -0.00589038  -0.00284038
 -0.00689905  -0.00187109     0.00176585   0.00049469     0.00589680  -0.01164496
    1    6
  0.00263643  -0.00392547     0.00398547  -0.00270383    -0.00034670   0.00109435
 -0.00297493   0.00273231     0.00055891   0.00002996    -0.00082931  -0.00179426
  0.00181078   0.00389296     0.00035878   0.00091685     0.00669877   0.00055238
    1    7
 -0.00238284   0.00088287    -0.00155991   0.00096429    -0.00067989   0.00333681
  0.00270208  -0.00005729     0.01239397  -0.00022041     0.00039339   0.00364269
  0.00255862  -0.00184573     0.00047221   0.00029770     0.00927872   0.00198504
    2    1
 -0.00328264   0.00354763     0.00525580   0.01491466     0.03682564  -0.01127076
  0.00525580   0.01491466    -0.00115549   0.00420652    -0.00952169   0.00165810
  0.03682564  -0.01127076    -0.00952169   0.00165810     0.01845253  -0.00060592
    2    2
  0.14264603   0.00000000    -0.00458276   0.00001683    -0.00063625  -0.00362872
 -0.00458276  -0.00001683     0.08609658   0.00000000     0.00012610   0.00274113
 -0.00063625   0.00362872     0.00012610  -0.00274113     0.17761389  -0.00000000
    2    3
  0.00153168   0.00391372     0.01491220   0.04729123    -0.06692798   0.02543897
  0.01393209   0.04474979     0.00028525   0.00603195     0.01515906  -0.00789103
 -0.06392299   0.02406736     0.01505532  -0.00660776    -0.02490491   0.00168560
    2    4
  0.00202325   0.00469503    -0.00621571  -0.01889899     0.02391235  -0.00873079
 -0.00618530  -0.01888214     0.00072818   0.00142095    -0.00589038   0.00284038
 -0.00689905   0.00187109     0.00176585  -0.00049469     0.00589680   0.01164496
    2    5
 -0.01876306   0.00065576     0.00099841  -0.00189196     0.00809132  -0.00889430
  0.00101617  -0.00219208    -0.00909014   0.00011568    -0.00159334   0.00561351
  0.00390345  -0.00585790    -0.00082719   0.00414219    -0.04258689   0.00090314
    2    6
 -0.00291864   0.00372043    -0.00133992   0.00462594     0.00093366  -0.00066791
  0.00167928  -0.00367366     0.00020120   0.00052230    -0.00196271  -0.00023426
  0.00426199   0.00051917     0.00098284   0.00005790     0.00259537   0.00620021
    2    7
  0.00244670  -0.00068634     0.00182879  -0.00013677     0.00251137   0.00229991
 -0.00221971   0.00154189    -0.01015648   0.00710668     0.00182286   0.00317822
 -0.00315486   0.00001069    -0.00020704   0.00051841    -0.00633986   0.00705983
    3    1
  0.00153168   0.00391372     0.01393209   0.04474979    -0.06392299   0.02406736
  0.01491220   0.04729123     0.00028525   0.00603195     0.01505532  -0.00660776
 -0.06692798   0.02543897     0.01515906  -0.00789103    -0.02490491   0.00168560
    3    2
  0.00153168  -0.00391372     0.01393209  -0.04474979    -0.06392299  -0.02406736
  0.01491220  -0.04729123     0.00028525  -0.00603195     0.01505532   0.00660776
 -0.06692798  -0.02543897     0.01515906   0.00789103    -0.02490491  -0.00168560
    3    3
  0.73376904   0.00000000    -0.01677458   0.00000000    -0.00549039   0.00000000
 -0.01677458   0.00000000     0.77739826   0.00000000     0.00121769   0.00000000
 -0.00549039   0.00000000     0.00121769   0.00000000     0.48379983   0.00000000
    3    4
 -0.06708357   0.00124913     0.00272068   0.00075435     0.01133220  -0.00758055
  0.00262622   0.00061697    -0.06470351   0.00037959    -0.00229900   0.00132630
  0.01065858  -0.00991269    -0.00253642   0.00072661    -0.11116472  -0.00604197
    3    5
 -0.06708357  -0.00124913     0.00272068  -0.00075435     0.01133220   0.00758055
  0.00262622  -0.00061697    -0.06470351  -0.00037959    -0.00229900  -0.00132630
  0.01065858   0.00991269    -0.00253642  -0.00072661    -0.11116472   0.00604197
    3    6
 -0.04405012  -0.03200429    -0.02119857  -0.01540166     0.00088163   0.00064054
  0.00047167   0.00034269    -0.34011925  -0.24711110    -0.00018539  -0.00013470
  0.00463693   0.00336893     0.00002276   0.00001654    -0.05509731  -0.04003054
    3    7
 -0.06944638  -0.21373399    -0.00131236  -0.00403904     0.00012809   0.00039421
 -0.00911126  -0.02804157    -0.00782340  -0.02407795    -0.00026096  -0.00080316
 -0.00047010  -0.00144683    -0.00091046  -0.00280212    -0.01311836  -0.04037417
    4    1
 -0.01876306   0.00065576     0.00101617  -0.00219208     0.00390345  -0.00585790
  0.00099841  -0.00189196    -0.00909014   0.00011568    -0.00082719   0.00414219
  0.00809132  -0.00889430    -0.00159334   0.00561351    -0.04258689   0.00090314
    4    2
  0.00202325  -0.00469503    -0.00618530   0.01888214    -0.00689905  -0.00187109
 -0.00621571   0.01889899     0.00072818  -0.00142095     0.00176585   0.00049469
  0.02391235   0.00873079    -0.00589038  -0.00284038     0.00589680  -0.01164496
    4    3
 -0.06708357  -0.00124913     0.00262622  -0.00061697     0.01065858   0.00991269
  0.00272068  -0.00075435    -0.06470351  -0.00037959    -0.00253642  -0.00072661
  0.01133220   0.00758055    -0.00229900  -0.00132630    -0.11116472   0.00604197
    4    4
  0.10634116   0.00000000    -0.00625684   0.00000509    -0.00300267  -0.00345188
 -0.00625684  -0.00000509     0.08271137  -0.00000000     0.00063536   0.00163127
 -0.00300267   0.00345188     0.00063536  -0.00163127     0.27575641   0.00000000
    4    5
  0.01151859  -0.00006094     0.00229123  -0.00803065    -0.02463045  -0.00963526
  0.00229123  -0.00803065     0.01233073  -0.00136806     0.00597902   0.00247464
 -0.02463045  -0.00963526     0.00597902   0.00247464    -0.02413486  -0.00944540
    4    6
  0.00922038   0.00735333     0.00080426   0.00118376     0.00066115  -0.00285638
 -0.00133730  -0.00105075    -0.00337213  -0.00238008    -0.01309221   0.01870013
 -0.00749036  -0.00797999    -0.00306623   0.00427142    -0.00933033  -0.01012998
    4    7
  0.00123937   0.00169666    -0.00127500  -0.00438340     0.04230911  -0.01450434
 -0.00015716   0.00114210     0.00000978   0.00233920    -0.00094077  -0.00006064
 -0.00550119   0.00337992     0.00064268   0.00566743     0.00341814  -0.00417081
    5    1
  0.00202325   0.00469503    -0.00618530  -0.01888214    -0.00689905   0.00187109
 -0.00621571  -0.01889899     0.00072818   0.00142095     0.00176585  -0.00049469
  0.02391235  -0.00873079    -0.00589038   0.00284038     0.00589680   0.01164496
    5    2
 -0.01876306  -0.00065576     0.00101617   0.00219208     0.00390345   0.00585790
  0.00099841   0.00189196    -0.00909014  -0.00011568    -0.00082719  -0.00414219
  0.00809132   0.00889430    -0.00159334  -0.00561351    -0.04258689  -0.00090314
    5    3
 -0.06708357   0.00124913     0.00262622   0.00061697     0.01065858  -0.00991269
  0.00272068   0.00075435    -0.06470351   0.00037959    -0.00253642   0.00072661
  0.01133220  -0.00758055    -0.00229900   0.00132630    -0.11116472  -0.00604197
    5    4
  0.01151859   0.00006094     0.00229123   0.00803065    -0.02463045   0.00963526
  0.00229123   0.00803065     0.01233073   0.00136806     0.00597902  -0.00247464
 -0.02463045   0.00963526     0.00597902  -0.00247464    -0.02413486   0.00944540
    5    5
  0.10634116  -0.00000000    -0.00625684  -0.00000509    -0.00300267   0.00345188
 -0.00625684   0.00000509     0.08271137   0.00000000     0.00063536  -0.00163127
 -0.00300267  -0.00345188     0.00063536   0.00163127     0.27575641  -0.00000000
    5    6
  0.00984268   0.00649680     0.00137435   0.00039910    -0.00251227   0.00151146
 -0.00141257  -0.00094715    -0.00330564  -0.00247160     0.01373917  -0.01823009
 -0.00990407  -0.00465780     0.00311484  -0.00423610    -0.01251742  -0.00574333
    5    7
 -0.00000540   0.00210111    -0.00154500  -0.00429567    -0.04275423   0.01313442
  0.00079846   0.00083160     0.00136704   0.00189820     0.00072545  -0.00060203
  0.00643723  -0.00049911     0.00281129   0.00496280    -0.00521687  -0.00136513
    6    1
  0.00263643   0.00392547    -0.00297493  -0.00273231     0.00181078  -0.00389296
  0.00398547   0.00270383     0.00055891  -0.00002996     0.00035878  -0.00091685
 -0.00034670  -0.00109435    -0.00082931   0.00179426     0.00669877  -0.00055238
    6    2
 -0.00291864  -0.00372043     0.00167928   0.00367366     0.00426199  -0.00051917
 -0.00133992  -0.00462594     0.00020120  -0.00052230     0.00098284  -0.00005790
  0.00093366   0.00066791    -0.00196271   0.00023426     0.00259537  -0.00620021
    6    3
 -0.04405012   0.03200429     0.00047167  -0.00034269     0.00463693  -0.00336893
 -0.02119857   0.01540166    -0.34011925   0.24711110     0.00002276  -0.00001654
  0.00088163  -0.00064054    -0.00018539   0.00013470    -0.05509731   0.04003054
    6    4
  0.00922038  -0.00735333    -0.00133730   0.00105075    -0.00749036   0.00797999
  0.00080426  -0.00118376    -0.00337213   0.00238008    -0.00306623  -0.00427142
  0.00066115   0.00285638    -0.01309221  -0.01870013    -0.00933033   0.01012998
    6    5
  0.00984268  -0.00649680    -0.00141257   0.00094715    -0.00990407   0.00465780
  0.00137435  -0.00039910    -0.00330564   0.00247160     0.00311484   0.00423610
 -0.00251227  -0.00151146     0.01373917   0.01823009    -0.01251742   0.00574333
    6    6
  0.11155784   0.00000000     0.00519759   0.00000000    -0.00071023   0.00000000
  0.00519759   0.00000000     0.58871883   0.00000000     0.00002950   0.00000000
 -0.00071023   0.00000000     0.00002950   0.00000000     0.10379714   0.00000000
    6    7
 -0.00877927  -0.00637851    -0.03927997  -0.02853857    -0.00013355  -0.00009703
 -0.01120644  -0.00814196    -0.00999497  -0.00726177    -0.00006649  -0.00004831
  0.00035901   0.00026084     0.00018753   0.00013625     0.00257963   0.00187421
    7    1
 -0.00238284  -0.00088287     0.00270208   0.00005729     0.00255862   0.00184573
 -0.00155991  -0.00096429     0.01239397   0.00022041     0.00047221  -0.00029770
 -0.00067989  -0.00333681     0.00039339  -0.00364269     0.00927872  -0.00198504
    7    2
  0.00244670   0.00068634    -0.00221971  -0.00154189    -0.00315486  -0.00001069
  0.00182879   0.00013677    -0.01015648  -0.00710668    -0.00020704  -0.00051841
  0.00251137  -0.00229991     0.00182286  -0.00317822    -0.00633986  -0.00705983
    7    3
 -0.06944638   0.21373399    -0.00911126   0.02804157    -0.00047010   0.00144683
 -0.00131236   0.00403904    -0.00782340   0.02407795    -0.00091046   0.00280212
  0.00012809  -0.00039421    -0.00026096   0.00080316    -0.01311836   0.04037417
    7    4
  0.00123937  -0.00169666    -0.00015716  -0.00114210    -0.00550119  -0.00337992
 -0.00127500   0.00438340     0.00000978  -0.00233920     0.00064268  -0.00566743
  0.04230911   0.01450434    -0.00094077   0.00006064     0.00341814   0.00417081
    7    5
 -0.00000540  -0.00210111     0.00079846  -0.00083160     0.00643723   0.00049911
 -0.00154500   0.00429567     0.00136704  -0.00189820     0.00281129  -0.00496280
 -0.04275423  -0.01313442     0.00072545   0.00060203    -0.00521687   0.00136513
    7    6
 -0.00877927   0.00637851    -0.01120644   0.00814196     0.00035901  -0.00026084
 -0.03927997   0.02853857    -0.00999497   0.00726177     0.00018753  -0.00013625
 -0.00013355   0.00009703    -0.00006649   0.00004831     0.00257963  -0.00187421
    7    7
  0.69958718   0.00000000     0.00342822   0.00000000     0.00021407   0.00000000
  0.00342822   0.00000000     0.09638443   0.00000000     0.00016495   0.00000000
  0.00021407   0.00000000     0.00016495   0.00000000     0.10402377   0.00000000

     Dynamical  Matrix in cartesian axes

     q = (   -0.200000000   0.400000000   0.182159698 ) 

    1    1
  0.08609658  -0.00000000    -0.00458276   0.00001683    -0.00012610   0.00274113
 -0.00458276  -0.00001683     0.14264603  -0.00000000     0.00063625  -0.00362872
 -0.00012610  -0.00274113     0.00063625   0.00362872     0.17761389   0.00000000
    1    2
 -0.00115549  -0.00420652     0.00525580  -0.01491466     0.00952169   0.00165810
  0.00525580  -0.01491466    -0.00328264  -0.00354763    -0.03682564  -0.01127076
  0.00952169   0.00165810    -0.03682564  -0.01127076     0.01845253   0.00060592
    1    3
  0.00028525  -0.00603195     0.01393209  -0.04474979    -0.01515906  -0.00789103
  0.01491220  -0.04729123     0.00153168  -0.00391372     0.06692798   0.02543897
 -0.01505532  -0.00660776     0.06392299   0.02406736    -0.02490491  -0.00168560
    1    4
 -0.00909014  -0.00011568     0.00101617   0.00219208     0.00159334   0.00561351
  0.00099841   0.00189196    -0.01876306  -0.00065576    -0.00809132  -0.00889430
  0.00082719   0.00414219    -0.00390345  -0.00585790    -0.04258689  -0.00090314
    1    5
  0.00072818  -0.00142095    -0.00618530   0.01888214     0.00589038   0.00284038
 -0.00621571   0.01889899     0.00202325  -0.00469503    -0.02391235  -0.00873079
 -0.00176585  -0.00049469     0.00689905   0.00187109     0.00589680  -0.01164496
    1    6
  0.01239397  -0.00022041     0.00270208  -0.00005729    -0.00039339  -0.00364269
 -0.00155991   0.00096429    -0.00238284   0.00088287     0.00067989  -0.00333681
 -0.00047221  -0.00029770    -0.00255862   0.00184573     0.00927872   0.00198504
    1    7
  0.00055891   0.00002996    -0.00297493   0.00273231     0.00082931   0.00179426
  0.00398547  -0.00270383     0.00263643  -0.00392547     0.00034670  -0.00109435
 -0.00035878  -0.00091685    -0.00181078  -0.00389296     0.00669877   0.00055238
    2    1
 -0.00115549   0.00420652     0.00525580   0.01491466     0.00952169  -0.00165810
  0.00525580   0.01491466    -0.00328264   0.00354763    -0.03682564   0.01127076
  0.00952169  -0.00165810    -0.03682564   0.01127076     0.01845253  -0.00060592
    2    2
  0.08609658   0.00000000    -0.00458276  -0.00001683    -0.00012610  -0.00274113
 -0.00458276   0.00001683     0.14264603   0.00000000     0.00063625   0.00362872
 -0.00012610   0.00274113     0.00063625  -0.00362872     0.17761389   0.00000000
    2    3
  0.00028525   0.00603195     0.01393209   0.04474979    -0.01515906   0.00789103
  0.01491220   0.04729123     0.00153168   0.00391372     0.06692798  -0.02543897
 -0.01505532   0.00660776     0.06392299  -0.02406736    -0.02490491   0.00168560
    2    4
  0.00072818   0.00142095    -0.00618530  -0.01888214     0.00589038  -0.00284038
 -0.00621571  -0.01889899     0.00202325   0.00469503    -0.02391235   0.00873079
 -0.00176585   0.00049469     0.00689905  -0.00187109     0.00589680   0.01164496
    2    5
 -0.00909014   0.00011568     0.00101617  -0.00219208     0.00159334  -0.00561351
  0.00099841  -0.00189196    -0.01876306   0.00065576    -0.00809132   0.00889430
  0.00082719  -0.00414219    -0.00390345   0.00585790    -0.04258689   0.00090314
    2    6
 -0.01015648   0.00710668    -0.00221971   0.00154189    -0.00182286  -0.00317822
  0.00182879  -0.00013677     0.00244670  -0.00068634    -0.00251137  -0.00229991
  0.00020704  -0.00051841     0.00315486  -0.00001069    -0.00633986   0.00705983
    2    7
  0.00020120   0.00052230     0.00167928  -0.00367366     0.00196271   0.00023426
 -0.00133992   0.00462594    -0.00291864   0.00372043    -0.00093366   0.00066791
 -0.00098284  -0.00005790    -0.00426199  -0.00051917     0.00259537   0.00620021
    3    1
  0.00028525   0.00603195     0.01491220   0.04729123    -0.01505532   0.00660776
  0.01393209   0.04474979     0.00153168   0.00391372     0.06392299  -0.02406736
 -0.01515906   0.00789103     0.06692798  -0.02543897    -0.02490491   0.00168560
    3    2
  0.00028525  -0.00603195     0.01491220  -0.04729123    -0.01505532  -0.00660776
  0.01393209  -0.04474979     0.00153168  -0.00391372     0.06392299   0.02406736
 -0.01515906  -0.00789103     0.06692798   0.02543897    -0.02490491  -0.00168560
    3    3
  0.77739826   0.00000000    -0.01677458   0.00000000    -0.00121769   0.00000000
 -0.01677458   0.00000000     0.73376904   0.00000000     0.00549039   0.00000000
 -0.00121769   0.00000000     0.00549039   0.00000000     0.48379983   0.00000000
    3    4
 -0.06470351   0.00037959     0.00262622   0.00061697     0.00229900  -0.00132630
  0.00272068   0.00075435    -0.06708357   0.00124913    -0.01133220   0.00758055
  0.00253642  -0.00072661    -0.01065858   0.00991269    -0.11116472  -0.00604197
    3    5
 -0.06470351  -0.00037959     0.00262622  -0.00061697     0.00229900   0.00132630
  0.00272068  -0.00075435    -0.06708357  -0.00124913    -0.01133220  -0.00758055
  0.00253642   0.00072661    -0.01065858  -0.00991269    -0.11116472   0.00604197
    3    6
 -0.00782340  -0.02407795    -0.00911126  -0.02804157     0.00026096   0.00080316
 -0.00131236  -0.00403904    -0.06944638  -0.21373399    -0.00012809  -0.00039421
  0.00091046   0.00280212     0.00047010   0.00144683    -0.01311836  -0.04037417
    3    7
 -0.34011925  -0.24711110     0.00047167   0.00034269     0.00018539   0.00013470
 -0.02119857  -0.01540166    -0.04405012  -0.03200429    -0.00088163  -0.00064054
 -0.00002276  -0.00001654    -0.00463693  -0.00336893    -0.05509731  -0.04003054
    4    1
 -0.00909014   0.00011568     0.00099841  -0.00189196     0.00082719  -0.00414219
  0.00101617  -0.00219208    -0.01876306   0.00065576    -0.00390345   0.00585790
  0.00159334  -0.00561351    -0.00809132   0.00889430    -0.04258689   0.00090314
    4    2
  0.00072818  -0.00142095    -0.00621571   0.01889899    -0.00176585  -0.00049469
 -0.00618530   0.01888214     0.00202325  -0.00469503     0.00689905   0.00187109
  0.00589038   0.00284038    -0.02391235  -0.00873079     0.00589680  -0.01164496
    4    3
 -0.06470351  -0.00037959     0.00272068  -0.00075435     0.00253642   0.00072661
  0.00262622  -0.00061697    -0.06708357  -0.00124913    -0.01065858  -0.00991269
  0.00229900   0.00132630    -0.01133220  -0.00758055    -0.11116472   0.00604197
    4    4
  0.08271137  -0.00000000    -0.00625684  -0.00000509    -0.00063536  -0.00163127
 -0.00625684   0.00000509     0.10634116   0.00000000     0.00300267   0.00345188
 -0.00063536   0.00163127     0.00300267  -0.00345188     0.27575641  -0.00000000
    4    5
  0.01233073  -0.00136806     0.00229123  -0.00803065    -0.00597902  -0.00247464
  0.00229123  -0.00803065     0.01151859  -0.00006094     0.02463045   0.00963526
 -0.00597902  -0.00247464     0.02463045   0.00963526    -0.02413486  -0.00944540
    4    6
  0.00000978   0.00233920    -0.00015716   0.00114210     0.00094077   0.00006064
 -0.00127500  -0.00438340     0.00123937   0.00169666    -0.04230911   0.01450434
 -0.00064268  -0.00566743     0.00550119  -0.00337992     0.00341814  -0.00417081
    4    7
 -0.00337213  -0.00238008    -0.00133730  -0.00105075     0.01309221  -0.01870013
  0.00080426   0.00118376     0.00922038   0.00735333    -0.00066115   0.00285638
  0.00306623  -0.00427142     0.00749036   0.00797999    -0.00933033  -0.01012998
    5    1
  0.00072818   0.00142095    -0.00621571  -0.01889899    -0.00176585   0.00049469
 -0.00618530  -0.01888214     0.00202325   0.00469503     0.00689905  -0.00187109
  0.00589038  -0.00284038    -0.02391235   0.00873079     0.00589680   0.01164496
    5    2
 -0.00909014  -0.00011568     0.00099841   0.00189196     0.00082719   0.00414219
  0.00101617   0.00219208    -0.01876306  -0.00065576    -0.00390345  -0.00585790
  0.00159334   0.00561351    -0.00809132  -0.00889430    -0.04258689  -0.00090314
    5    3
 -0.06470351   0.00037959     0.00272068   0.00075435     0.00253642  -0.00072661
  0.00262622   0.00061697    -0.06708357   0.00124913    -0.01065858   0.00991269
  0.00229900  -0.00132630    -0.01133220   0.00758055    -0.11116472  -0.00604197
    5    4
  0.01233073   0.00136806     0.00229123   0.00803065    -0.00597902   0.00247464
  0.00229123   0.00803065     0.01151859   0.00006094     0.02463045  -0.00963526
 -0.00597902   0.00247464     0.02463045  -0.00963526    -0.02413486   0.00944540
    5    5
  0.08271137   0.00000000    -0.00625684   0.00000509    -0.00063536   0.00163127
 -0.00625684  -0.00000509     0.10634116  -0.00000000     0.00300267  -0.00345188
 -0.00063536  -0.00163127     0.00300267   0.00345188     0.27575641   0.00000000
    5    6
  0.00136704   0.00189820     0.00079846   0.00083160    -0.00072545   0.00060203
 -0.00154500  -0.00429567    -0.00000540   0.00210111     0.04275423  -0.01313442
 -0.00281129  -0.00496280    -0.00643723   0.00049911    -0.00521687  -0.00136513
    5    7
 -0.00330564  -0.00247160    -0.00141257  -0.00094715    -0.01373917   0.01823009
  0.00137435   0.00039910     0.00984268   0.00649680     0.00251227  -0.00151146
 -0.00311484   0.00423610     0.00990407   0.00465780    -0.01251742  -0.00574333
    6    1
  0.01239397   0.00022041    -0.00155991  -0.00096429    -0.00047221   0.00029770
  0.00270208   0.00005729    -0.00238284  -0.00088287    -0.00255862  -0.00184573
 -0.00039339   0.00364269     0.00067989   0.00333681     0.00927872  -0.00198504
    6    2
 -0.01015648  -0.00710668     0.00182879   0.00013677     0.00020704   0.00051841
 -0.00221971  -0.00154189     0.00244670   0.00068634     0.00315486   0.00001069
 -0.00182286   0.00317822    -0.00251137   0.00229991    -0.00633986  -0.00705983
    6    3
 -0.00782340   0.02407795    -0.00131236   0.00403904     0.00091046  -0.00280212
 -0.00911126   0.02804157    -0.06944638   0.21373399     0.00047010  -0.00144683
  0.00026096  -0.00080316    -0.00012809   0.00039421    -0.01311836   0.04037417
    6    4
  0.00000978  -0.00233920    -0.00127500   0.00438340    -0.00064268   0.00566743
 -0.00015716  -0.00114210     0.00123937  -0.00169666     0.00550119   0.00337992
  0.00094077  -0.00006064    -0.04230911  -0.01450434     0.00341814   0.00417081
    6    5
  0.00136704  -0.00189820    -0.00154500   0.00429567    -0.00281129   0.00496280
  0.00079846  -0.00083160    -0.00000540  -0.00210111    -0.00643723  -0.00049911
 -0.00072545  -0.00060203     0.04275423   0.01313442    -0.00521687   0.00136513
    6    6
  0.09638443   0.00000000     0.00342822   0.00000000    -0.00016495   0.00000000
  0.00342822   0.00000000     0.69958718   0.00000000    -0.00021407   0.00000000
 -0.00016495   0.00000000    -0.00021407   0.00000000     0.10402377   0.00000000
    6    7
 -0.00999497   0.00726177    -0.03927997   0.02853857    -0.00018753   0.00013625
 -0.01120644   0.00814196    -0.00877927   0.00637851    -0.00035901   0.00026084
  0.00006649  -0.00004831     0.00013355  -0.00009703     0.00257963  -0.00187421
    7    1
  0.00055891  -0.00002996     0.00398547   0.00270383    -0.00035878   0.00091685
 -0.00297493  -0.00273231     0.00263643   0.00392547    -0.00181078   0.00389296
  0.00082931  -0.00179426     0.00034670   0.00109435     0.00669877  -0.00055238
    7    2
  0.00020120  -0.00052230    -0.00133992  -0.00462594    -0.00098284   0.00005790
  0.00167928   0.00367366    -0.00291864  -0.00372043    -0.00426199   0.00051917
  0.00196271  -0.00023426    -0.00093366  -0.00066791     0.00259537  -0.00620021
    7    3
 -0.34011925   0.24711110    -0.02119857   0.01540166    -0.00002276   0.00001654
  0.00047167  -0.00034269    -0.04405012   0.03200429    -0.00463693   0.00336893
  0.00018539  -0.00013470    -0.00088163   0.00064054    -0.05509731   0.04003054
    7    4
 -0.00337213   0.00238008     0.00080426  -0.00118376     0.00306623   0.00427142
 -0.00133730   0.00105075     0.00922038  -0.00735333     0.00749036  -0.00797999
  0.01309221   0.01870013    -0.00066115  -0.00285638    -0.00933033   0.01012998
    7    5
 -0.00330564   0.00247160     0.00137435  -0.00039910    -0.00311484  -0.00423610
 -0.00141257   0.00094715     0.00984268  -0.00649680     0.00990407  -0.00465780
 -0.01373917  -0.01823009     0.00251227   0.00151146    -0.01251742   0.00574333
    7    6
 -0.00999497  -0.00726177    -0.01120644  -0.00814196     0.00006649   0.00004831
 -0.03927997  -0.02853857    -0.00877927  -0.00637851     0.00013355   0.00009703
 -0.00018753  -0.00013625    -0.00035901  -0.00026084     0.00257963   0.00187421
    7    7
  0.58871883   0.00000000     0.00519759   0.00000000    -0.00002950   0.00000000
  0.00519759   0.00000000     0.11155784   0.00000000     0.00071023   0.00000000
 -0.00002950   0.00000000     0.00071023   0.00000000     0.10379714   0.00000000

     Dynamical  Matrix in cartesian axes

     q = (   -0.400000000  -0.200000000  -0.182159698 ) 

    1    1
  0.14264603   0.00000000     0.00458276  -0.00001683     0.00063625   0.00362872
  0.00458276   0.00001683     0.08609658   0.00000000     0.00012610   0.00274113
  0.00063625  -0.00362872     0.00012610  -0.00274113     0.17761389  -0.00000000
    1    2
 -0.00328264   0.00354763    -0.00525580  -0.01491466    -0.03682564   0.01127076
 -0.00525580  -0.01491466    -0.00115549   0.00420652    -0.00952169   0.00165810
 -0.03682564   0.01127076    -0.00952169   0.00165810     0.01845253  -0.00060592
    1    3
  0.00153168   0.00391372    -0.01491220  -0.04729123     0.06692798  -0.02543897
 -0.01393209  -0.04474979     0.00028525   0.00603195     0.01515906  -0.00789103
  0.06392299  -0.02406736     0.01505532  -0.00660776    -0.02490491   0.00168560
    1    4
 -0.01876306   0.00065576    -0.00099841   0.00189196    -0.00809132   0.00889430
 -0.00101617   0.00219208    -0.00909014   0.00011568    -0.00159334   0.00561351
 -0.00390345   0.00585790    -0.00082719   0.00414219    -0.04258689   0.00090314
    1    5
  0.00202325   0.00469503     0.00621571   0.01889899    -0.02391235   0.00873079
  0.00618530   0.01888214     0.00072818   0.00142095    -0.00589038   0.00284038
  0.00689905  -0.00187109     0.00176585  -0.00049469     0.00589680   0.01164496
    1    6
  0.00263643   0.00392547    -0.00398547  -0.00270383     0.00034670   0.00109435
  0.00297493   0.00273231     0.00055891  -0.00002996    -0.00082931   0.00179426
 -0.00181078   0.00389296     0.00035878  -0.00091685     0.00669877  -0.00055238
    1    7
  0.00244670  -0.00068634    -0.00182879   0.00013677    -0.00251137  -0.00229991
  0.00221971  -0.00154189    -0.01015648   0.00710668     0.00182286   0.00317822
  0.00315486  -0.00001069    -0.00020704   0.00051841    -0.00633986   0.00705983
    2    1
 -0.00328264  -0.00354763    -0.00525580   0.01491466    -0.03682564  -0.01127076
 -0.00525580   0.01491466    -0.00115549  -0.00420652    -0.00952169  -0.00165810
 -0.03682564  -0.01127076    -0.00952169  -0.00165810     0.01845253   0.00060592
    2    2
  0.14264603  -0.00000000     0.00458276   0.00001683     0.00063625  -0.00362872
  0.00458276  -0.00001683     0.08609658  -0.00000000     0.00012610  -0.00274113
  0.00063625   0.00362872     0.00012610   0.00274113     0.17761389   0.00000000
    2    3
  0.00153168  -0.00391372    -0.01491220   0.04729123     0.06692798   0.02543897
 -0.01393209   0.04474979     0.00028525  -0.00603195     0.01515906   0.00789103
  0.06392299   0.02406736     0.01505532   0.00660776    -0.02490491  -0.00168560
    2    4
  0.00202325  -0.00469503     0.00621571  -0.01889899    -0.02391235  -0.00873079
  0.00618530  -0.01888214     0.00072818  -0.00142095    -0.00589038  -0.00284038
  0.00689905   0.00187109     0.00176585   0.00049469     0.00589680  -0.01164496
    2    5
 -0.01876306  -0.00065576    -0.00099841  -0.00189196    -0.00809132  -0.00889430
 -0.00101617  -0.00219208    -0.00909014  -0.00011568    -0.00159334  -0.00561351
 -0.00390345  -0.00585790    -0.00082719  -0.00414219    -0.04258689  -0.00090314
    2    6
 -0.00291864  -0.00372043     0.00133992   0.00462594    -0.00093366  -0.00066791
 -0.00167928  -0.00367366     0.00020120  -0.00052230    -0.00196271   0.00023426
 -0.00426199   0.00051917     0.00098284  -0.00005790     0.00259537  -0.00620021
    2    7
 -0.00238284   0.00088287     0.00155991  -0.00096429     0.00067989  -0.00333681
 -0.00270208   0.00005729     0.01239397  -0.00022041     0.00039339   0.00364269
 -0.00255862   0.00184573     0.00047221   0.00029770     0.00927872   0.00198504
    3    1
  0.00153168  -0.00391372    -0.01393209   0.04474979     0.06392299   0.02406736
 -0.01491220   0.04729123     0.00028525  -0.00603195     0.01505532   0.00660776
  0.06692798   0.02543897     0.01515906   0.00789103    -0.02490491  -0.00168560
    3    2
  0.00153168   0.00391372    -0.01393209  -0.04474979     0.06392299  -0.02406736
 -0.01491220  -0.04729123     0.00028525   0.00603195     0.01505532  -0.00660776
  0.06692798  -0.02543897     0.01515906  -0.00789103    -0.02490491   0.00168560
    3    3
  0.73376904   0.00000000     0.01677458   0.00000000     0.00549039   0.00000000
  0.01677458   0.00000000     0.77739826   0.00000000     0.00121769   0.00000000
  0.00549039   0.00000000     0.00121769   0.00000000     0.48379983   0.00000000
    3    4
 -0.06708357  -0.00124913    -0.00272068   0.00075435    -0.01133220  -0.00758055
 -0.00262622   0.00061697    -0.06470351  -0.00037959    -0.00229900  -0.00132630
 -0.01065858  -0.00991269    -0.00253642  -0.00072661    -0.11116472   0.00604197
    3    5
 -0.06708357   0.00124913    -0.00272068  -0.00075435    -0.01133220   0.00758055
 -0.00262622  -0.00061697    -0.06470351   0.00037959    -0.00229900   0.00132630
 -0.01065858   0.00991269    -0.00253642   0.00072661    -0.11116472  -0.00604197
    3    6
 -0.04405012   0.03200429     0.02119857  -0.01540166    -0.00088163   0.00064054
 -0.00047167   0.00034269    -0.34011925   0.24711110    -0.00018539   0.00013470
 -0.00463693   0.00336893     0.00002276  -0.00001654    -0.05509731   0.04003054
    3    7
 -0.06944638  -0.21373399     0.00131236   0.00403904    -0.00012809  -0.00039421
  0.00911126   0.02804157    -0.00782340  -0.02407795    -0.00026096  -0.00080316
  0.00047010   0.00144683    -0.00091046  -0.00280212    -0.01311836  -0.04037417
    4    1
 -0.01876306  -0.00065576    -0.00101617  -0.00219208    -0.00390345  -0.00585790
 -0.00099841  -0.00189196    -0.00909014  -0.00011568    -0.00082719  -0.00414219
 -0.00809132  -0.00889430    -0.00159334  -0.00561351    -0.04258689  -0.00090314
    4    2
  0.00202325   0.00469503     0.00618530   0.01888214     0.00689905  -0.00187109
  0.00621571   0.01889899     0.00072818   0.00142095     0.00176585  -0.00049469
 -0.02391235   0.00873079    -0.00589038   0.00284038     0.00589680   0.01164496
    4    3
 -0.06708357   0.00124913    -0.00262622  -0.00061697    -0.01065858   0.00991269
 -0.00272068  -0.00075435    -0.06470351   0.00037959    -0.00253642   0.00072661
 -0.01133220   0.00758055    -0.00229900   0.00132630    -0.11116472  -0.00604197
    4    4
  0.10634116   0.00000000     0.00625684   0.00000509     0.00300267  -0.00345188
  0.00625684  -0.00000509     0.08271137  -0.00000000     0.00063536  -0.00163127
  0.00300267   0.00345188     0.00063536   0.00163127     0.27575641  -0.00000000
    4    5
  0.01151859   0.00006094    -0.00229123  -0.00803065     0.02463045  -0.00963526
 -0.00229123  -0.00803065     0.01233073   0.00136806     0.00597902  -0.00247464
  0.02463045  -0.00963526     0.00597902  -0.00247464    -0.02413486   0.00944540
    4    6
  0.00922038  -0.00735333    -0.00080426   0.00118376    -0.00066115  -0.00285638
  0.00133730  -0.00105075    -0.00337213   0.00238008    -0.01309221  -0.01870013
  0.00749036  -0.00797999    -0.00306623  -0.00427142    -0.00933033   0.01012998
    4    7
 -0.00000540   0.00210111     0.00154500   0.00429567     0.04275423  -0.01313442
 -0.00079846  -0.00083160     0.00136704   0.00189820     0.00072545  -0.00060203
 -0.00643723   0.00049911     0.00281129   0.00496280    -0.00521687  -0.00136513
    5    1
  0.00202325  -0.00469503     0.00618530  -0.01888214     0.00689905   0.00187109
  0.00621571  -0.01889899     0.00072818  -0.00142095     0.00176585   0.00049469
 -0.02391235  -0.00873079    -0.00589038  -0.00284038     0.00589680  -0.01164496
    5    2
 -0.01876306   0.00065576    -0.00101617   0.00219208    -0.00390345   0.00585790
 -0.00099841   0.00189196    -0.00909014   0.00011568    -0.00082719   0.00414219
 -0.00809132   0.00889430    -0.00159334   0.00561351    -0.04258689   0.00090314
    5    3
 -0.06708357  -0.00124913    -0.00262622   0.00061697    -0.01065858  -0.00991269
 -0.00272068   0.00075435    -0.06470351  -0.00037959    -0.00253642  -0.00072661
 -0.01133220  -0.00758055    -0.00229900  -0.00132630    -0.11116472   0.00604197
    5    4
  0.01151859  -0.00006094    -0.00229123   0.00803065     0.02463045   0.00963526
 -0.00229123   0.00803065     0.01233073  -0.00136806     0.00597902   0.00247464
  0.02463045   0.00963526     0.00597902   0.00247464    -0.02413486  -0.00944540
    5    5
  0.10634116  -0.00000000     0.00625684  -0.00000509     0.00300267   0.00345188
  0.00625684   0.00000509     0.08271137   0.00000000     0.00063536   0.00163127
  0.00300267  -0.00345188     0.00063536  -0.00163127     0.27575641   0.00000000
    5    6
  0.00984268  -0.00649680    -0.00137435   0.00039910     0.00251227   0.00151146
  0.00141257  -0.00094715    -0.00330564   0.00247160     0.01373917   0.01823009
  0.00990407  -0.00465780     0.00311484   0.00423610    -0.01251742   0.00574333
    5    7
  0.00123937   0.00169666     0.00127500   0.00438340    -0.04230911   0.01450434
  0.00015716  -0.00114210     0.00000978   0.00233920    -0.00094077  -0.00006064
  0.00550119  -0.00337992     0.00064268   0.00566743     0.00341814  -0.00417081
    6    1
  0.00263643  -0.00392547     0.00297493  -0.00273231    -0.00181078  -0.00389296
 -0.00398547   0.00270383     0.00055891   0.00002996     0.00035878   0.00091685
  0.00034670  -0.00109435    -0.00082931  -0.00179426     0.00669877   0.00055238
    6    2
 -0.00291864   0.00372043    -0.00167928   0.00367366    -0.00426199  -0.00051917
  0.00133992  -0.00462594     0.00020120   0.00052230     0.00098284   0.00005790
 -0.00093366   0.00066791    -0.00196271  -0.00023426     0.00259537   0.00620021
    6    3
 -0.04405012  -0.03200429    -0.00047167  -0.00034269    -0.00463693  -0.00336893
  0.02119857   0.01540166    -0.34011925  -0.24711110     0.00002276   0.00001654
 -0.00088163  -0.00064054    -0.00018539  -0.00013470    -0.05509731  -0.04003054
    6    4
  0.00922038   0.00735333     0.00133730   0.00105075     0.00749036   0.00797999
 -0.00080426  -0.00118376    -0.00337213  -0.00238008    -0.00306623   0.00427142
 -0.00066115   0.00285638    -0.01309221   0.01870013    -0.00933033  -0.01012998
    6    5
  0.00984268   0.00649680     0.00141257   0.00094715     0.00990407   0.00465780
 -0.00137435  -0.00039910    -0.00330564  -0.00247160     0.00311484  -0.00423610
  0.00251227  -0.00151146     0.01373917  -0.01823009    -0.01251742  -0.00574333
    6    6
  0.11155784   0.00000000    -0.00519759   0.00000000     0.00071023   0.00000000
 -0.00519759   0.00000000     0.58871883   0.00000000     0.00002950   0.00000000
  0.00071023   0.00000000     0.00002950   0.00000000     0.10379714   0.00000000
    6    7
  0.00335338  -0.01032065    -0.01500361   0.04617638    -0.00005101   0.00015700
 -0.00428048   0.01317396     0.00381774  -0.01174980     0.00002540  -0.00007816
  0.00013713  -0.00042205    -0.00007163   0.00022045    -0.00098533   0.00303254
    7    1
  0.00244670   0.00068634     0.00221971   0.00154189     0.00315486   0.00001069
 -0.00182879  -0.00013677    -0.01015648  -0.00710668    -0.00020704  -0.00051841
 -0.00251137   0.00229991     0.00182286  -0.00317822    -0.00633986  -0.00705983
    7    2
 -0.00238284  -0.00088287    -0.00270208  -0.00005729    -0.00255862  -0.00184573
  0.00155991   0.00096429     0.01239397   0.00022041     0.00047221  -0.00029770
  0.00067989   0.00333681     0.00039339  -0.00364269     0.00927872  -0.00198504
    7    3
 -0.06944638   0.21373399     0.00911126  -0.02804157     0.00047010  -0.00144683
  0.00131236  -0.00403904    -0.00782340   0.02407795    -0.00091046   0.00280212
 -0.00012809   0.00039421    -0.00026096   0.00080316    -0.01311836   0.04037417
    7    4
 -0.00000540  -0.00210111    -0.00079846   0.00083160    -0.00643723  -0.00049911
  0.00154500  -0.00429567     0.00136704  -0.00189820     0.00281129  -0.00496280
  0.04275423   0.01313442     0.00072545   0.00060203    -0.00521687   0.00136513
    7    5
  0.00123937  -0.00169666     0.00015716   0.00114210     0.00550119   0.00337992
  0.00127500  -0.00438340     0.00000978  -0.00233920     0.00064268  -0.00566743
 -0.04230911  -0.01450434    -0.00094077   0.00006064     0.00341814   0.00417081
    7    6
  0.00335338   0.01032065    -0.00428048  -0.01317396     0.00013713   0.00042205
 -0.01500361  -0.04617638     0.00381774   0.01174980    -0.00007163  -0.00022045
 -0.00005101  -0.00015700     0.00002540   0.00007816    -0.00098533  -0.00303254
    7    7
  0.69958718   0.00000000    -0.00342822   0.00000000    -0.00021407   0.00000000
 -0.00342822   0.00000000     0.09638443   0.00000000     0.00016495   0.00000000
 -0.00021407   0.00000000     0.00016495   0.00000000     0.10402377   0.00000000

     Dynamical  Matrix in cartesian axes

     q = (   -0.400000000   0.200000000  -0.182159698 ) 

    1    1
  0.14264603   0.00000000    -0.00458276   0.00001683     0.00063625   0.00362872
 -0.00458276  -0.00001683     0.08609658   0.00000000    -0.00012610  -0.00274113
  0.00063625  -0.00362872    -0.00012610   0.00274113     0.17761389   0.00000000
    1    2
 -0.00328264   0.00354763     0.00525580   0.01491466    -0.03682564   0.01127076
  0.00525580   0.01491466    -0.00115549   0.00420652     0.00952169  -0.00165810
 -0.03682564   0.01127076     0.00952169  -0.00165810     0.01845253  -0.00060592
    1    3
  0.00153168   0.00391372     0.01491220   0.04729123     0.06692798  -0.02543897
  0.01393209   0.04474979     0.00028525   0.00603195    -0.01515906   0.00789103
  0.06392299  -0.02406736    -0.01505532   0.00660776    -0.02490491   0.00168560
    1    4
 -0.01876306   0.00065576     0.00099841  -0.00189196    -0.00809132   0.00889430
  0.00101617  -0.00219208    -0.00909014   0.00011568     0.00159334  -0.00561351
 -0.00390345   0.00585790     0.00082719  -0.00414219    -0.04258689   0.00090314
    1    5
  0.00202325   0.00469503    -0.00621571  -0.01889899    -0.02391235   0.00873079
 -0.00618530  -0.01888214     0.00072818   0.00142095     0.00589038  -0.00284038
  0.00689905  -0.00187109    -0.00176585   0.00049469     0.00589680   0.01164496
    1    6
 -0.00291864   0.00372043    -0.00133992   0.00462594    -0.00093366   0.00066791
  0.00167928  -0.00367366     0.00020120   0.00052230     0.00196271   0.00023426
 -0.00426199  -0.00051917    -0.00098284  -0.00005790     0.00259537   0.00620021
    1    7
  0.00244670  -0.00068634     0.00182879  -0.00013677    -0.00251137  -0.00229991
 -0.00221971   0.00154189    -0.01015648   0.00710668    -0.00182286  -0.00317822
  0.00315486  -0.00001069     0.00020704  -0.00051841    -0.00633986   0.00705983
    2    1
 -0.00328264  -0.00354763     0.00525580  -0.01491466    -0.03682564  -0.01127076
  0.00525580  -0.01491466    -0.00115549  -0.00420652     0.00952169   0.00165810
 -0.03682564  -0.01127076     0.00952169   0.00165810     0.01845253   0.00060592
    2    2
  0.14264603  -0.00000000    -0.00458276  -0.00001683     0.00063625  -0.00362872
 -0.00458276   0.00001683     0.08609658  -0.00000000    -0.00012610   0.00274113
  0.00063625   0.00362872    -0.00012610  -0.00274113     0.17761389   0.00000000
    2    3
  0.00153168  -0.00391372     0.01491220  -0.04729123     0.06692798   0.02543897
  0.01393209  -0.04474979     0.00028525  -0.00603195    -0.01515906  -0.00789103
  0.06392299   0.02406736    -0.01505532  -0.00660776    -0.02490491  -0.00168560
    2    4
  0.00202325  -0.00469503    -0.00621571   0.01889899    -0.02391235  -0.00873079
 -0.00618530   0.01888214     0.00072818  -0.00142095     0.00589038   0.00284038
  0.00689905   0.00187109    -0.00176585  -0.00049469     0.00589680  -0.01164496
    2    5
 -0.01876306  -0.00065576     0.00099841   0.00189196    -0.00809132  -0.00889430
  0.00101617   0.00219208    -0.00909014  -0.00011568     0.00159334   0.00561351
 -0.00390345  -0.00585790     0.00082719   0.00414219    -0.04258689  -0.00090314
    2    6
  0.00263643  -0.00392547     0.00398547  -0.00270383     0.00034670  -0.00109435
 -0.00297493   0.00273231     0.00055891   0.00002996     0.00082931   0.00179426
 -0.00181078  -0.00389296    -0.00035878  -0.00091685     0.00669877   0.00055238
    2    7
 -0.00238284   0.00088287    -0.00155991   0.00096429     0.00067989  -0.00333681
  0.00270208  -0.00005729     0.01239397  -0.00022041    -0.00039339  -0.00364269
 -0.00255862   0.00184573    -0.00047221  -0.00029770     0.00927872   0.00198504
    3    1
  0.00153168  -0.00391372     0.01393209  -0.04474979     0.06392299   0.02406736
  0.01491220  -0.04729123     0.00028525  -0.00603195    -0.01505532  -0.00660776
  0.06692798   0.02543897    -0.01515906  -0.00789103    -0.02490491  -0.00168560
    3    2
  0.00153168   0.00391372     0.01393209   0.04474979     0.06392299  -0.02406736
  0.01491220   0.04729123     0.00028525   0.00603195    -0.01505532   0.00660776
  0.06692798  -0.02543897    -0.01515906   0.00789103    -0.02490491   0.00168560
    3    3
  0.73376904   0.00000000    -0.01677458   0.00000000     0.00549039   0.00000000
 -0.01677458   0.00000000     0.77739826   0.00000000    -0.00121769   0.00000000
  0.00549039   0.00000000    -0.00121769   0.00000000     0.48379983   0.00000000
    3    4
 -0.06708357  -0.00124913     0.00272068  -0.00075435    -0.01133220  -0.00758055
  0.00262622  -0.00061697    -0.06470351  -0.00037959     0.00229900   0.00132630
 -0.01065858  -0.00991269     0.00253642   0.00072661    -0.11116472   0.00604197
    3    5
 -0.06708357   0.00124913     0.00272068   0.00075435    -0.01133220   0.00758055
  0.00262622   0.00061697    -0.06470351   0.00037959     0.00229900  -0.00132630
 -0.01065858   0.00991269     0.00253642  -0.00072661    -0.11116472  -0.00604197
    3    6
 -0.04405012  -0.03200429    -0.02119857  -0.01540166    -0.00088163  -0.00064054
  0.00047167   0.00034269    -0.34011925  -0.24711110     0.00018539   0.00013470
 -0.00463693  -0.00336893    -0.00002276  -0.00001654    -0.05509731  -0.04003054
    3    7
 -0.06944638  -0.21373399    -0.00131236  -0.00403904    -0.00012809  -0.00039421
 -0.00911126  -0.02804157    -0.00782340  -0.02407795     0.00026096   0.00080316
  0.00047010   0.00144683     0.00091046   0.00280212    -0.01311836  -0.04037417
    4    1
 -0.01876306  -0.00065576     0.00101617   0.00219208    -0.00390345  -0.00585790
  0.00099841   0.00189196    -0.00909014  -0.00011568     0.00082719   0.00414219
 -0.00809132  -0.00889430     0.00159334   0.00561351    -0.04258689  -0.00090314
    4    2
  0.00202325   0.00469503    -0.00618530  -0.01888214     0.00689905  -0.00187109
 -0.00621571  -0.01889899     0.00072818   0.00142095    -0.00176585   0.00049469
 -0.02391235   0.00873079     0.00589038  -0.00284038     0.00589680   0.01164496
    4    3
 -0.06708357   0.00124913     0.00262622   0.00061697    -0.01065858   0.00991269
  0.00272068   0.00075435    -0.06470351   0.00037959     0.00253642  -0.00072661
 -0.01133220   0.00758055     0.00229900  -0.00132630    -0.11116472  -0.00604197
    4    4
  0.10634116  -0.00000000    -0.00625684  -0.00000509     0.00300267  -0.00345188
 -0.00625684   0.00000509     0.08271137  -0.00000000    -0.00063536   0.00163127
  0.00300267   0.00345188    -0.00063536  -0.00163127     0.27575641   0.00000000
    4    5
  0.01151859   0.00006094     0.00229123   0.00803065     0.02463045  -0.00963526
  0.00229123   0.00803065     0.01233073   0.00136806    -0.00597902   0.00247464
  0.02463045  -0.00963526    -0.00597902   0.00247464    -0.02413486   0.00944540
    4    6
  0.00984268   0.00649680     0.00137435   0.00039910     0.00251227  -0.00151146
 -0.00141257  -0.00094715    -0.00330564  -0.00247160    -0.01373917   0.01823009
  0.00990407   0.00465780    -0.00311484   0.00423610    -0.01251742  -0.00574333
    4    7
 -0.00000540   0.00210111    -0.00154500  -0.00429567     0.04275423  -0.01313442
  0.00079846   0.00083160     0.00136704   0.00189820    -0.00072545   0.00060203
 -0.00643723   0.00049911    -0.00281129  -0.00496280    -0.00521687  -0.00136513
    5    1
  0.00202325  -0.00469503    -0.00618530   0.01888214     0.00689905   0.00187109
 -0.00621571   0.01889899     0.00072818  -0.00142095    -0.00176585  -0.00049469
 -0.02391235  -0.00873079     0.00589038   0.00284038     0.00589680  -0.01164496
    5    2
 -0.01876306   0.00065576     0.00101617  -0.00219208    -0.00390345   0.00585790
  0.00099841  -0.00189196    -0.00909014   0.00011568     0.00082719  -0.00414219
 -0.00809132   0.00889430     0.00159334  -0.00561351    -0.04258689   0.00090314
    5    3
 -0.06708357  -0.00124913     0.00262622  -0.00061697    -0.01065858  -0.00991269
  0.00272068  -0.00075435    -0.06470351  -0.00037959     0.00253642   0.00072661
 -0.01133220  -0.00758055     0.00229900   0.00132630    -0.11116472   0.00604197
    5    4
  0.01151859  -0.00006094     0.00229123  -0.00803065     0.02463045   0.00963526
  0.00229123  -0.00803065     0.01233073  -0.00136806    -0.00597902  -0.00247464
  0.02463045   0.00963526    -0.00597902  -0.00247464    -0.02413486  -0.00944540
    5    5
  0.10634116   0.00000000    -0.00625684   0.00000509     0.00300267   0.00345188
 -0.00625684  -0.00000509     0.08271137   0.00000000    -0.00063536  -0.00163127
  0.00300267  -0.00345188    -0.00063536   0.00163127     0.27575641  -0.00000000
    5    6
  0.00922038   0.00735333     0.00080426   0.00118376    -0.00066115   0.00285638
 -0.00133730  -0.00105075    -0.00337213  -0.00238008     0.01309221  -0.01870013
  0.00749036   0.00797999     0.00306623  -0.00427142    -0.00933033  -0.01012998
    5    7
  0.00123937   0.00169666    -0.00127500  -0.00438340    -0.04230911   0.01450434
 -0.00015716   0.00114210     0.00000978   0.00233920     0.00094077   0.00006064
  0.00550119  -0.00337992    -0.00064268  -0.00566743     0.00341814  -0.00417081
    6    1
 -0.00291864  -0.00372043     0.00167928   0.00367366    -0.00426199   0.00051917
 -0.00133992  -0.00462594     0.00020120  -0.00052230    -0.00098284   0.00005790
 -0.00093366  -0.00066791     0.00196271  -0.00023426     0.00259537  -0.00620021
    6    2
  0.00263643   0.00392547    -0.00297493  -0.00273231    -0.00181078   0.00389296
  0.00398547   0.00270383     0.00055891  -0.00002996    -0.00035878   0.00091685
  0.00034670   0.00109435     0.00082931  -0.00179426     0.00669877  -0.00055238
    6    3
 -0.04405012   0.03200429     0.00047167  -0.00034269    -0.00463693   0.00336893
 -0.02119857   0.01540166    -0.34011925   0.24711110    -0.00002276   0.00001654
 -0.00088163   0.00064054     0.00018539  -0.00013470    -0.05509731   0.04003054
    6    4
  0.00984268  -0.00649680    -0.00141257   0.00094715     0.00990407  -0.00465780
  0.00137435  -0.00039910    -0.00330564   0.00247160    -0.00311484  -0.00423610
  0.00251227   0.00151146    -0.01373917  -0.01823009    -0.01251742   0.00574333
    6    5
  0.00922038  -0.00735333    -0.00133730   0.00105075     0.00749036  -0.00797999
  0.00080426  -0.00118376    -0.00337213   0.00238008     0.00306623   0.00427142
 -0.00066115  -0.00285638     0.01309221   0.01870013    -0.00933033   0.01012998
    6    6
  0.11155784   0.00000000     0.00519759   0.00000000     0.00071023   0.00000000
  0.00519759   0.00000000     0.58871883   0.00000000    -0.00002950   0.00000000
  0.00071023   0.00000000    -0.00002950   0.00000000     0.10379714   0.00000000
    6    7
 -0.00877927  -0.00637851    -0.03927997  -0.02853857     0.00013355   0.00009703
 -0.01120644  -0.00814196    -0.00999497  -0.00726177     0.00006649   0.00004831
 -0.00035901  -0.00026084    -0.00018753  -0.00013625     0.00257963   0.00187421
    7    1
  0.00244670   0.00068634    -0.00221971  -0.00154189     0.00315486   0.00001069
  0.00182879   0.00013677    -0.01015648  -0.00710668     0.00020704   0.00051841
 -0.00251137   0.00229991    -0.00182286   0.00317822    -0.00633986  -0.00705983
    7    2
 -0.00238284  -0.00088287     0.00270208   0.00005729    -0.00255862  -0.00184573
 -0.00155991  -0.00096429     0.01239397   0.00022041    -0.00047221   0.00029770
  0.00067989   0.00333681    -0.00039339   0.00364269     0.00927872  -0.00198504
    7    3
 -0.06944638   0.21373399    -0.00911126   0.02804157     0.00047010  -0.00144683
 -0.00131236   0.00403904    -0.00782340   0.02407795     0.00091046  -0.00280212
 -0.00012809   0.00039421     0.00026096  -0.00080316    -0.01311836   0.04037417
    7    4
 -0.00000540  -0.00210111     0.00079846  -0.00083160    -0.00643723  -0.00049911
 -0.00154500   0.00429567     0.00136704  -0.00189820    -0.00281129   0.00496280
  0.04275423   0.01313442    -0.00072545  -0.00060203    -0.00521687   0.00136513
    7    5
  0.00123937  -0.00169666    -0.00015716  -0.00114210     0.00550119   0.00337992
 -0.00127500   0.00438340     0.00000978  -0.00233920    -0.00064268   0.00566743
 -0.04230911  -0.01450434     0.00094077  -0.00006064     0.00341814   0.00417081
    7    6
 -0.00877927   0.00637851    -0.01120644   0.00814196    -0.00035901   0.00026084
 -0.03927997   0.02853857    -0.00999497   0.00726177    -0.00018753   0.00013625
  0.00013355  -0.00009703     0.00006649  -0.00004831     0.00257963  -0.00187421
    7    7
  0.69958718   0.00000000     0.00342822   0.00000000    -0.00021407   0.00000000
  0.00342822   0.00000000     0.09638443   0.00000000    -0.00016495   0.00000000
 -0.00021407   0.00000000    -0.00016495   0.00000000     0.10402377   0.00000000

     Dynamical  Matrix in cartesian axes

     q = (    0.400000000  -0.200000000   0.182159698 ) 

    1    1
  0.14264603  -0.00000000    -0.00458276  -0.00001683     0.00063625  -0.00362872
 -0.00458276   0.00001683     0.08609658  -0.00000000    -0.00012610   0.00274113
  0.00063625   0.00362872    -0.00012610  -0.00274113     0.17761389   0.00000000
    1    2
 -0.00328264  -0.00354763     0.00525580  -0.01491466    -0.03682564  -0.01127076
  0.00525580  -0.01491466    -0.00115549  -0.00420652     0.00952169   0.00165810
 -0.03682564  -0.01127076     0.00952169   0.00165810     0.01845253   0.00060592
    1    3
  0.00153168  -0.00391372     0.01491220  -0.04729123     0.06692798   0.02543897
  0.01393209  -0.04474979     0.00028525  -0.00603195    -0.01515906  -0.00789103
  0.06392299   0.02406736    -0.01505532  -0.00660776    -0.02490491  -0.00168560
    1    4
 -0.01876306  -0.00065576     0.00099841   0.00189196    -0.00809132  -0.00889430
  0.00101617   0.00219208    -0.00909014  -0.00011568     0.00159334   0.00561351
 -0.00390345  -0.00585790     0.00082719   0.00414219    -0.04258689  -0.00090314
    1    5
  0.00202325  -0.00469503    -0.00621571   0.01889899    -0.02391235  -0.00873079
 -0.00618530   0.01888214     0.00072818  -0.00142095     0.00589038   0.00284038
  0.00689905   0.00187109    -0.00176585  -0.00049469     0.00589680  -0.01164496
    1    6
 -0.00291864  -0.00372043    -0.00133992  -0.00462594    -0.00093366  -0.00066791
  0.00167928   0.00367366     0.00020120  -0.00052230     0.00196271  -0.00023426
 -0.00426199   0.00051917    -0.00098284   0.00005790     0.00259537  -0.00620021
    1    7
  0.00244670   0.00068634     0.00182879   0.00013677    -0.00251137   0.00229991
 -0.00221971  -0.00154189    -0.01015648  -0.00710668    -0.00182286   0.00317822
  0.00315486   0.00001069     0.00020704   0.00051841    -0.00633986  -0.00705983
    2    1
 -0.00328264   0.00354763     0.00525580   0.01491466    -0.03682564   0.01127076
  0.00525580   0.01491466    -0.00115549   0.00420652     0.00952169  -0.00165810
 -0.03682564   0.01127076     0.00952169  -0.00165810     0.01845253  -0.00060592
    2    2
  0.14264603   0.00000000    -0.00458276   0.00001683     0.00063625   0.00362872
 -0.00458276  -0.00001683     0.08609658   0.00000000    -0.00012610  -0.00274113
  0.00063625  -0.00362872    -0.00012610   0.00274113     0.17761389   0.00000000
    2    3
  0.00153168   0.00391372     0.01491220   0.04729123     0.06692798  -0.02543897
  0.01393209   0.04474979     0.00028525   0.00603195    -0.01515906   0.00789103
  0.06392299  -0.02406736    -0.01505532   0.00660776    -0.02490491   0.00168560
    2    4
  0.00202325   0.00469503    -0.00621571  -0.01889899    -0.02391235   0.00873079
 -0.00618530  -0.01888214     0.00072818   0.00142095     0.00589038  -0.00284038
  0.00689905  -0.00187109    -0.00176585   0.00049469     0.00589680   0.01164496
    2    5
 -0.01876306   0.00065576     0.00099841  -0.00189196    -0.00809132   0.00889430
  0.00101617  -0.00219208    -0.00909014   0.00011568     0.00159334  -0.00561351
 -0.00390345   0.00585790     0.00082719  -0.00414219    -0.04258689   0.00090314
    2    6
  0.00263643   0.00392547     0.00398547   0.00270383     0.00034670   0.00109435
 -0.00297493  -0.00273231     0.00055891  -0.00002996     0.00082931  -0.00179426
 -0.00181078   0.00389296    -0.00035878   0.00091685     0.00669877  -0.00055238
    2    7
 -0.00238284  -0.00088287    -0.00155991  -0.00096429     0.00067989   0.00333681
  0.00270208   0.00005729     0.01239397   0.00022041    -0.00039339   0.00364269
 -0.00255862  -0.00184573    -0.00047221   0.00029770     0.00927872  -0.00198504
    3    1
  0.00153168   0.00391372     0.01393209   0.04474979     0.06392299  -0.02406736
  0.01491220   0.04729123     0.00028525   0.00603195    -0.01505532   0.00660776
  0.06692798  -0.02543897    -0.01515906   0.00789103    -0.02490491   0.00168560
    3    2
  0.00153168  -0.00391372     0.01393209  -0.04474979     0.06392299   0.02406736
  0.01491220  -0.04729123     0.00028525  -0.00603195    -0.01505532  -0.00660776
  0.06692798   0.02543897    -0.01515906  -0.00789103    -0.02490491  -0.00168560
    3    3
  0.73376904   0.00000000    -0.01677458   0.00000000     0.00549039   0.00000000
 -0.01677458   0.00000000     0.77739826   0.00000000    -0.00121769   0.00000000
  0.00549039   0.00000000    -0.00121769   0.00000000     0.48379983   0.00000000
    3    4
 -0.06708357   0.00124913     0.00272068   0.00075435    -0.01133220   0.00758055
  0.00262622   0.00061697    -0.06470351   0.00037959     0.00229900  -0.00132630
 -0.01065858   0.00991269     0.00253642  -0.00072661    -0.11116472  -0.00604197
    3    5
 -0.06708357  -0.00124913     0.00272068  -0.00075435    -0.01133220  -0.00758055
  0.00262622  -0.00061697    -0.06470351  -0.00037959     0.00229900   0.00132630
 -0.01065858  -0.00991269     0.00253642   0.00072661    -0.11116472   0.00604197
    3    6
 -0.04405012   0.03200429    -0.02119857   0.01540166    -0.00088163   0.00064054
  0.00047167  -0.00034269    -0.34011925   0.24711110     0.00018539  -0.00013470
 -0.00463693   0.00336893    -0.00002276   0.00001654    -0.05509731   0.04003054
    3    7
 -0.06944638   0.21373399    -0.00131236   0.00403904    -0.00012809   0.00039421
 -0.00911126   0.02804157    -0.00782340   0.02407795     0.00026096  -0.00080316
  0.00047010  -0.00144683     0.00091046  -0.00280212    -0.01311836   0.04037417
    4    1
 -0.01876306   0.00065576     0.00101617  -0.00219208    -0.00390345   0.00585790
  0.00099841  -0.00189196    -0.00909014   0.00011568     0.00082719  -0.00414219
 -0.00809132   0.00889430     0.00159334  -0.00561351    -0.04258689   0.00090314
    4    2
  0.00202325  -0.00469503    -0.00618530   0.01888214     0.00689905   0.00187109
 -0.00621571   0.01889899     0.00072818  -0.00142095    -0.00176585  -0.00049469
 -0.02391235  -0.00873079     0.00589038   0.00284038     0.00589680  -0.01164496
    4    3
 -0.06708357  -0.00124913     0.00262622  -0.00061697    -0.01065858  -0.00991269
  0.00272068  -0.00075435    -0.06470351  -0.00037959     0.00253642   0.00072661
 -0.01133220  -0.00758055     0.00229900   0.00132630    -0.11116472   0.00604197
    4    4
  0.10634116   0.00000000    -0.00625684   0.00000509     0.00300267   0.00345188
 -0.00625684  -0.00000509     0.08271137   0.00000000    -0.00063536  -0.00163127
  0.00300267  -0.00345188    -0.00063536   0.00163127     0.27575641  -0.00000000
    4    5
  0.01151859  -0.00006094     0.00229123  -0.00803065     0.02463045   0.00963526
  0.00229123  -0.00803065     0.01233073  -0.00136806    -0.00597902  -0.00247464
  0.02463045   0.00963526    -0.00597902  -0.00247464    -0.02413486  -0.00944540
    4    6
  0.00984268  -0.00649680     0.00137435  -0.00039910     0.00251227   0.00151146
 -0.00141257   0.00094715    -0.00330564   0.00247160    -0.01373917  -0.01823009
  0.00990407  -0.00465780    -0.00311484  -0.00423610    -0.01251742   0.00574333
    4    7
 -0.00000540  -0.00210111    -0.00154500   0.00429567     0.04275423   0.01313442
  0.00079846  -0.00083160     0.00136704  -0.00189820    -0.00072545  -0.00060203
 -0.00643723  -0.00049911    -0.00281129   0.00496280    -0.00521687   0.00136513
    5    1
  0.00202325   0.00469503    -0.00618530  -0.01888214     0.00689905  -0.00187109
 -0.00621571  -0.01889899     0.00072818   0.00142095    -0.00176585   0.00049469
 -0.02391235   0.00873079     0.00589038  -0.00284038     0.00589680   0.01164496
    5    2
 -0.01876306  -0.00065576     0.00101617   0.00219208    -0.00390345  -0.00585790
  0.00099841   0.00189196    -0.00909014  -0.00011568     0.00082719   0.00414219
 -0.00809132  -0.00889430     0.00159334   0.00561351    -0.04258689  -0.00090314
    5    3
 -0.06708357   0.00124913     0.00262622   0.00061697    -0.01065858   0.00991269
  0.00272068   0.00075435    -0.06470351   0.00037959     0.00253642  -0.00072661
 -0.01133220   0.00758055     0.00229900  -0.00132630    -0.11116472  -0.00604197
    5    4
  0.01151859   0.00006094     0.00229123   0.00803065     0.02463045  -0.00963526
  0.00229123   0.00803065     0.01233073   0.00136806    -0.00597902   0.00247464
  0.02463045  -0.00963526    -0.00597902   0.00247464    -0.02413486   0.00944540
    5    5
  0.10634116  -0.00000000    -0.00625684  -0.00000509     0.00300267  -0.00345188
 -0.00625684   0.00000509     0.08271137  -0.00000000    -0.00063536   0.00163127
  0.00300267   0.00345188    -0.00063536  -0.00163127     0.27575641   0.00000000
    5    6
  0.00922038  -0.00735333     0.00080426  -0.00118376    -0.00066115  -0.00285638
 -0.00133730   0.00105075    -0.00337213   0.00238008     0.01309221   0.01870013
  0.00749036  -0.00797999     0.00306623   0.00427142    -0.00933033   0.01012998
    5    7
  0.00123937  -0.00169666    -0.00127500   0.00438340    -0.04230911  -0.01450434
 -0.00015716  -0.00114210     0.00000978  -0.00233920     0.00094077  -0.00006064
  0.00550119   0.00337992    -0.00064268   0.00566743     0.00341814   0.00417081
    6    1
 -0.00291864   0.00372043     0.00167928  -0.00367366    -0.00426199  -0.00051917
 -0.00133992   0.00462594     0.00020120   0.00052230    -0.00098284  -0.00005790
 -0.00093366   0.00066791     0.00196271   0.00023426     0.00259537   0.00620021
    6    2
  0.00263643  -0.00392547    -0.00297493   0.00273231    -0.00181078  -0.00389296
  0.00398547  -0.00270383     0.00055891   0.00002996    -0.00035878  -0.00091685
  0.00034670  -0.00109435     0.00082931   0.00179426     0.00669877   0.00055238
    6    3
 -0.04405012  -0.03200429     0.00047167   0.00034269    -0.00463693  -0.00336893
 -0.02119857  -0.01540166    -0.34011925  -0.24711110    -0.00002276  -0.00001654
 -0.00088163  -0.00064054     0.00018539   0.00013470    -0.05509731  -0.04003054
    6    4
  0.00984268   0.00649680    -0.00141257  -0.00094715     0.00990407   0.00465780
  0.00137435   0.00039910    -0.00330564  -0.00247160    -0.00311484   0.00423610
  0.00251227  -0.00151146    -0.01373917   0.01823009    -0.01251742  -0.00574333
    6    5
  0.00922038   0.00735333    -0.00133730  -0.00105075     0.00749036   0.00797999
  0.00080426   0.00118376    -0.00337213  -0.00238008     0.00306623  -0.00427142
 -0.00066115   0.00285638     0.01309221  -0.01870013    -0.00933033  -0.01012998
    6    6
  0.11155784   0.00000000     0.00519759   0.00000000     0.00071023   0.00000000
  0.00519759   0.00000000     0.58871883   0.00000000    -0.00002950   0.00000000
  0.00071023   0.00000000    -0.00002950   0.00000000     0.10379714   0.00000000
    6    7
 -0.00877927   0.00637851    -0.03927997   0.02853857     0.00013355  -0.00009703
 -0.01120644   0.00814196    -0.00999497   0.00726177     0.00006649  -0.00004831
 -0.00035901   0.00026084    -0.00018753   0.00013625     0.00257963  -0.00187421
    7    1
  0.00244670  -0.00068634    -0.00221971   0.00154189     0.00315486  -0.00001069
  0.00182879  -0.00013677    -0.01015648   0.00710668     0.00020704  -0.00051841
 -0.00251137  -0.00229991    -0.00182286  -0.00317822    -0.00633986   0.00705983
    7    2
 -0.00238284   0.00088287     0.00270208  -0.00005729    -0.00255862   0.00184573
 -0.00155991   0.00096429     0.01239397  -0.00022041    -0.00047221  -0.00029770
  0.00067989  -0.00333681    -0.00039339  -0.00364269     0.00927872   0.00198504
    7    3
 -0.06944638  -0.21373399    -0.00911126  -0.02804157     0.00047010   0.00144683
 -0.00131236  -0.00403904    -0.00782340  -0.02407795     0.00091046   0.00280212
 -0.00012809  -0.00039421     0.00026096   0.00080316    -0.01311836  -0.04037417
    7    4
 -0.00000540   0.00210111     0.00079846   0.00083160    -0.00643723   0.00049911
 -0.00154500  -0.00429567     0.00136704   0.00189820    -0.00281129  -0.00496280
  0.04275423  -0.01313442    -0.00072545   0.00060203    -0.00521687  -0.00136513
    7    5
  0.00123937   0.00169666    -0.00015716   0.00114210     0.00550119  -0.00337992
 -0.00127500  -0.00438340     0.00000978   0.00233920    -0.00064268  -0.00566743
 -0.04230911   0.01450434     0.00094077   0.00006064     0.00341814  -0.00417081
    7    6
 -0.00877927  -0.00637851    -0.01120644  -0.00814196    -0.00035901  -0.00026084
 -0.03927997  -0.02853857    -0.00999497  -0.00726177    -0.00018753  -0.00013625
  0.00013355   0.00009703     0.00006649   0.00004831     0.00257963   0.00187421
    7    7
  0.69958718   0.00000000     0.00342822   0.00000000    -0.00021407   0.00000000
  0.00342822   0.00000000     0.09638443   0.00000000    -0.00016495   0.00000000
 -0.00021407   0.00000000    -0.00016495   0.00000000     0.10402377   0.00000000

     Dynamical  Matrix in cartesian axes

     q = (    0.400000000   0.200000000   0.182159698 ) 

    1    1
  0.14264603  -0.00000000     0.00458276   0.00001683     0.00063625  -0.00362872
  0.00458276  -0.00001683     0.08609658  -0.00000000     0.00012610  -0.00274113
  0.00063625   0.00362872     0.00012610   0.00274113     0.17761389   0.00000000
    1    2
 -0.00328264  -0.00354763    -0.00525580   0.01491466    -0.03682564  -0.01127076
 -0.00525580   0.01491466    -0.00115549  -0.00420652    -0.00952169  -0.00165810
 -0.03682564  -0.01127076    -0.00952169  -0.00165810     0.01845253   0.00060592
    1    3
  0.00153168  -0.00391372    -0.01491220   0.04729123     0.06692798   0.02543897
 -0.01393209   0.04474979     0.00028525  -0.00603195     0.01515906   0.00789103
  0.06392299   0.02406736     0.01505532   0.00660776    -0.02490491  -0.00168560
    1    4
 -0.01876306  -0.00065576    -0.00099841  -0.00189196    -0.00809132  -0.00889430
 -0.00101617  -0.00219208    -0.00909014  -0.00011568    -0.00159334  -0.00561351
 -0.00390345  -0.00585790    -0.00082719  -0.00414219    -0.04258689  -0.00090314
    1    5
  0.00202325  -0.00469503     0.00621571  -0.01889899    -0.02391235  -0.00873079
  0.00618530  -0.01888214     0.00072818  -0.00142095    -0.00589038  -0.00284038
  0.00689905   0.00187109     0.00176585   0.00049469     0.00589680  -0.01164496
    1    6
  0.00263643  -0.00392547    -0.00398547   0.00270383     0.00034670  -0.00109435
  0.00297493  -0.00273231     0.00055891   0.00002996    -0.00082931  -0.00179426
 -0.00181078  -0.00389296     0.00035878   0.00091685     0.00669877   0.00055238
    1    7
  0.00244670   0.00068634    -0.00182879  -0.00013677    -0.00251137   0.00229991
  0.00221971   0.00154189    -0.01015648  -0.00710668     0.00182286  -0.00317822
  0.00315486   0.00001069    -0.00020704  -0.00051841    -0.00633986  -0.00705983
    2    1
 -0.00328264   0.00354763    -0.00525580  -0.01491466    -0.03682564   0.01127076
 -0.00525580  -0.01491466    -0.00115549   0.00420652    -0.00952169   0.00165810
 -0.03682564   0.01127076    -0.00952169   0.00165810     0.01845253  -0.00060592
    2    2
  0.14264603   0.00000000     0.00458276  -0.00001683     0.00063625   0.00362872
  0.00458276   0.00001683     0.08609658   0.00000000     0.00012610   0.00274113
  0.00063625  -0.00362872     0.00012610  -0.00274113     0.17761389  -0.00000000
    2    3
  0.00153168   0.00391372    -0.01491220  -0.04729123     0.06692798  -0.02543897
 -0.01393209  -0.04474979     0.00028525   0.00603195     0.01515906  -0.00789103
  0.06392299  -0.02406736     0.01505532  -0.00660776    -0.02490491   0.00168560
    2    4
  0.00202325   0.00469503     0.00621571   0.01889899    -0.02391235   0.00873079
  0.00618530   0.01888214     0.00072818   0.00142095    -0.00589038   0.00284038
  0.00689905  -0.00187109     0.00176585  -0.00049469     0.00589680   0.01164496
    2    5
 -0.01876306   0.00065576    -0.00099841   0.00189196    -0.00809132   0.00889430
 -0.00101617   0.00219208    -0.00909014   0.00011568    -0.00159334   0.00561351
 -0.00390345   0.00585790    -0.00082719   0.00414219    -0.04258689   0.00090314
    2    6
 -0.00291864   0.00372043     0.00133992  -0.00462594    -0.00093366   0.00066791
 -0.00167928   0.00367366     0.00020120   0.00052230    -0.00196271  -0.00023426
 -0.00426199  -0.00051917     0.00098284   0.00005790     0.00259537   0.00620021
    2    7
 -0.00238284  -0.00088287     0.00155991   0.00096429     0.00067989   0.00333681
 -0.00270208  -0.00005729     0.01239397   0.00022041     0.00039339  -0.00364269
 -0.00255862  -0.00184573     0.00047221  -0.00029770     0.00927872  -0.00198504
    3    1
  0.00153168   0.00391372    -0.01393209  -0.04474979     0.06392299  -0.02406736
 -0.01491220  -0.04729123     0.00028525   0.00603195     0.01505532  -0.00660776
  0.06692798  -0.02543897     0.01515906  -0.00789103    -0.02490491   0.00168560
    3    2
  0.00153168  -0.00391372    -0.01393209   0.04474979     0.06392299   0.02406736
 -0.01491220   0.04729123     0.00028525  -0.00603195     0.01505532   0.00660776
  0.06692798   0.02543897     0.01515906   0.00789103    -0.02490491  -0.00168560
    3    3
  0.73376904   0.00000000     0.01677458   0.00000000     0.00549039   0.00000000
  0.01677458   0.00000000     0.77739826   0.00000000     0.00121769   0.00000000
  0.00549039   0.00000000     0.00121769   0.00000000     0.48379983   0.00000000
    3    4
 -0.06708357   0.00124913    -0.00272068  -0.00075435    -0.01133220   0.00758055
 -0.00262622  -0.00061697    -0.06470351   0.00037959    -0.00229900   0.00132630
 -0.01065858   0.00991269    -0.00253642   0.00072661    -0.11116472  -0.00604197
    3    5
 -0.06708357  -0.00124913    -0.00272068   0.00075435    -0.01133220  -0.00758055
 -0.00262622   0.00061697    -0.06470351  -0.00037959    -0.00229900  -0.00132630
 -0.01065858  -0.00991269    -0.00253642  -0.00072661    -0.11116472   0.00604197
    3    6
 -0.04405012  -0.03200429     0.02119857   0.01540166    -0.00088163  -0.00064054
 -0.00047167  -0.00034269    -0.34011925  -0.24711110    -0.00018539  -0.00013470
 -0.00463693  -0.00336893     0.00002276   0.00001654    -0.05509731  -0.04003054
    3    7
 -0.06944638   0.21373399     0.00131236  -0.00403904    -0.00012809   0.00039421
  0.00911126  -0.02804157    -0.00782340   0.02407795    -0.00026096   0.00080316
  0.00047010  -0.00144683    -0.00091046   0.00280212    -0.01311836   0.04037417
    4    1
 -0.01876306   0.00065576    -0.00101617   0.00219208    -0.00390345   0.00585790
 -0.00099841   0.00189196    -0.00909014   0.00011568    -0.00082719   0.00414219
 -0.00809132   0.00889430    -0.00159334   0.00561351    -0.04258689   0.00090314
    4    2
  0.00202325  -0.00469503     0.00618530  -0.01888214     0.00689905   0.00187109
  0.00621571  -0.01889899     0.00072818  -0.00142095     0.00176585   0.00049469
 -0.02391235  -0.00873079    -0.00589038  -0.00284038     0.00589680  -0.01164496
    4    3
 -0.06708357  -0.00124913    -0.00262622   0.00061697    -0.01065858  -0.00991269
 -0.00272068   0.00075435    -0.06470351  -0.00037959    -0.00253642  -0.00072661
 -0.01133220  -0.00758055    -0.00229900  -0.00132630    -0.11116472   0.00604197
    4    4
  0.10634116  -0.00000000     0.00625684  -0.00000509     0.00300267   0.00345188
  0.00625684   0.00000509     0.08271137   0.00000000     0.00063536   0.00163127
  0.00300267  -0.00345188     0.00063536  -0.00163127     0.27575641   0.00000000
    4    5
  0.01151859  -0.00006094    -0.00229123   0.00803065     0.02463045   0.00963526
 -0.00229123   0.00803065     0.01233073  -0.00136806     0.00597902   0.00247464
  0.02463045   0.00963526     0.00597902   0.00247464    -0.02413486  -0.00944540
    4    6
  0.00922038   0.00735333    -0.00080426  -0.00118376    -0.00066115   0.00285638
  0.00133730   0.00105075    -0.00337213  -0.00238008    -0.01309221   0.01870013
  0.00749036   0.00797999    -0.00306623   0.00427142    -0.00933033  -0.01012998
    4    7
 -0.00000540  -0.00210111     0.00154500  -0.00429567     0.04275423   0.01313442
 -0.00079846   0.00083160     0.00136704  -0.00189820     0.00072545   0.00060203
 -0.00643723  -0.00049911     0.00281129  -0.00496280    -0.00521687   0.00136513
    5    1
  0.00202325   0.00469503     0.00618530   0.01888214     0.00689905  -0.00187109
  0.00621571   0.01889899     0.00072818   0.00142095     0.00176585  -0.00049469
 -0.02391235   0.00873079    -0.00589038   0.00284038     0.00589680   0.01164496
    5    2
 -0.01876306  -0.00065576    -0.00101617  -0.00219208    -0.00390345  -0.00585790
 -0.00099841  -0.00189196    -0.00909014  -0.00011568    -0.00082719  -0.00414219
 -0.00809132  -0.00889430    -0.00159334  -0.00561351    -0.04258689  -0.00090314
    5    3
 -0.06708357   0.00124913    -0.00262622  -0.00061697    -0.01065858   0.00991269
 -0.00272068  -0.00075435    -0.06470351   0.00037959    -0.00253642   0.00072661
 -0.01133220   0.00758055    -0.00229900   0.00132630    -0.11116472  -0.00604197
    5    4
  0.01151859   0.00006094    -0.00229123  -0.00803065     0.02463045  -0.00963526
 -0.00229123  -0.00803065     0.01233073   0.00136806     0.00597902  -0.00247464
  0.02463045  -0.00963526     0.00597902  -0.00247464    -0.02413486   0.00944540
    5    5
  0.10634116   0.00000000     0.00625684   0.00000509     0.00300267  -0.00345188
  0.00625684  -0.00000509     0.08271137  -0.00000000     0.00063536  -0.00163127
  0.00300267   0.00345188     0.00063536   0.00163127     0.27575641  -0.00000000
    5    6
  0.00984268   0.00649680    -0.00137435  -0.00039910     0.00251227  -0.00151146
  0.00141257   0.00094715    -0.00330564  -0.00247160     0.01373917  -0.01823009
  0.00990407   0.00465780     0.00311484  -0.00423610    -0.01251742  -0.00574333
    5    7
  0.00123937  -0.00169666     0.00127500  -0.00438340    -0.04230911  -0.01450434
  0.00015716   0.00114210     0.00000978  -0.00233920    -0.00094077   0.00006064
  0.00550119   0.00337992     0.00064268  -0.00566743     0.00341814   0.00417081
    6    1
  0.00263643   0.00392547     0.00297493   0.00273231    -0.00181078   0.00389296
 -0.00398547  -0.00270383     0.00055891  -0.00002996     0.00035878  -0.00091685
  0.00034670   0.00109435    -0.00082931   0.00179426     0.00669877  -0.00055238
    6    2
 -0.00291864  -0.00372043    -0.00167928  -0.00367366    -0.00426199   0.00051917
  0.00133992   0.00462594     0.00020120  -0.00052230     0.00098284  -0.00005790
 -0.00093366  -0.00066791    -0.00196271   0.00023426     0.00259537  -0.00620021
    6    3
 -0.04405012   0.03200429    -0.00047167   0.00034269    -0.00463693   0.00336893
  0.02119857  -0.01540166    -0.34011925   0.24711110     0.00002276  -0.00001654
 -0.00088163   0.00064054    -0.00018539   0.00013470    -0.05509731   0.04003054
    6    4
  0.00922038  -0.00735333     0.00133730  -0.00105075     0.00749036  -0.00797999
 -0.00080426   0.00118376    -0.00337213   0.00238008    -0.00306623  -0.00427142
 -0.00066115  -0.00285638    -0.01309221  -0.01870013    -0.00933033   0.01012998
    6    5
  0.00984268  -0.00649680     0.00141257  -0.00094715     0.00990407  -0.00465780
 -0.00137435   0.00039910    -0.00330564   0.00247160     0.00311484   0.00423610
  0.00251227   0.00151146     0.01373917   0.01823009    -0.01251742   0.00574333
    6    6
  0.11155784   0.00000000    -0.00519759   0.00000000     0.00071023   0.00000000
 -0.00519759   0.00000000     0.58871883   0.00000000     0.00002950   0.00000000
  0.00071023   0.00000000     0.00002950   0.00000000     0.10379714   0.00000000
    6    7
  0.00335338   0.01032065    -0.01500361  -0.04617638    -0.00005101  -0.00015700
 -0.00428048  -0.01317396     0.00381774   0.01174980     0.00002540   0.00007816
  0.00013713   0.00042205    -0.00007163  -0.00022045    -0.00098533  -0.00303254
    7    1
  0.00244670  -0.00068634     0.00221971  -0.00154189     0.00315486  -0.00001069
 -0.00182879   0.00013677    -0.01015648   0.00710668    -0.00020704   0.00051841
 -0.00251137  -0.00229991     0.00182286   0.00317822    -0.00633986   0.00705983
    7    2
 -0.00238284   0.00088287    -0.00270208   0.00005729    -0.00255862   0.00184573
  0.00155991  -0.00096429     0.01239397  -0.00022041     0.00047221   0.00029770
  0.00067989  -0.00333681     0.00039339   0.00364269     0.00927872   0.00198504
    7    3
 -0.06944638  -0.21373399     0.00911126   0.02804157     0.00047010   0.00144683
  0.00131236   0.00403904    -0.00782340  -0.02407795    -0.00091046  -0.00280212
 -0.00012809  -0.00039421    -0.00026096  -0.00080316    -0.01311836  -0.04037417
    7    4
 -0.00000540   0.00210111    -0.00079846  -0.00083160    -0.00643723   0.00049911
  0.00154500   0.00429567     0.00136704   0.00189820     0.00281129   0.00496280
  0.04275423  -0.01313442     0.00072545  -0.00060203    -0.00521687  -0.00136513
    7    5
  0.00123937   0.00169666     0.00015716  -0.00114210     0.00550119  -0.00337992
  0.00127500   0.00438340     0.00000978   0.00233920     0.00064268   0.00566743
 -0.04230911   0.01450434    -0.00094077  -0.00006064     0.00341814  -0.00417081
    7    6
  0.00335338  -0.01032065    -0.00428048   0.01317396     0.00013713  -0.00042205
 -0.01500361   0.04617638     0.00381774  -0.01174980    -0.00007163   0.00022045
 -0.00005101   0.00015700     0.00002540  -0.00007816    -0.00098533   0.00303254
    7    7
  0.69958718   0.00000000    -0.00342822   0.00000000    -0.00021407   0.00000000
 -0.00342822   0.00000000     0.09638443   0.00000000     0.00016495   0.00000000
 -0.00021407   0.00000000     0.00016495   0.00000000     0.10402377   0.00000000

     Dynamical  Matrix in cartesian axes

     q = (    0.200000000  -0.400000000   0.182159698 ) 

    1    1
  0.08609658  -0.00000000    -0.00458276   0.00001683     0.00012610  -0.00274113
 -0.00458276  -0.00001683     0.14264603  -0.00000000    -0.00063625   0.00362872
  0.00012610   0.00274113    -0.00063625  -0.00362872     0.17761389   0.00000000
    1    2
 -0.00115549  -0.00420652     0.00525580  -0.01491466    -0.00952169  -0.00165810
  0.00525580  -0.01491466    -0.00328264  -0.00354763     0.03682564   0.01127076
 -0.00952169  -0.00165810     0.03682564   0.01127076     0.01845253   0.00060592
    1    3
  0.00028525  -0.00603195     0.01393209  -0.04474979     0.01515906   0.00789103
  0.01491220  -0.04729123     0.00153168  -0.00391372    -0.06692798  -0.02543897
  0.01505532   0.00660776    -0.06392299  -0.02406736    -0.02490491  -0.00168560
    1    4
 -0.00909014  -0.00011568     0.00101617   0.00219208    -0.00159334  -0.00561351
  0.00099841   0.00189196    -0.01876306  -0.00065576     0.00809132   0.00889430
 -0.00082719  -0.00414219     0.00390345   0.00585790    -0.04258689  -0.00090314
    1    5
  0.00072818  -0.00142095    -0.00618530   0.01888214    -0.00589038  -0.00284038
 -0.00621571   0.01889899     0.00202325  -0.00469503     0.02391235   0.00873079
  0.00176585   0.00049469    -0.00689905  -0.00187109     0.00589680  -0.01164496
    1    6
 -0.01015648  -0.00710668    -0.00221971  -0.00154189     0.00182286  -0.00317822
  0.00182879   0.00013677     0.00244670   0.00068634     0.00251137  -0.00229991
 -0.00020704  -0.00051841    -0.00315486  -0.00001069    -0.00633986  -0.00705983
    1    7
  0.00020120  -0.00052230     0.00167928   0.00367366    -0.00196271   0.00023426
 -0.00133992  -0.00462594    -0.00291864  -0.00372043     0.00093366   0.00066791
  0.00098284  -0.00005790     0.00426199  -0.00051917     0.00259537  -0.00620021
    2    1
 -0.00115549   0.00420652     0.00525580   0.01491466    -0.00952169   0.00165810
  0.00525580   0.01491466    -0.00328264   0.00354763     0.03682564  -0.01127076
 -0.00952169   0.00165810     0.03682564  -0.01127076     0.01845253  -0.00060592
    2    2
  0.08609658   0.00000000    -0.00458276  -0.00001683     0.00012610   0.00274113
 -0.00458276   0.00001683     0.14264603   0.00000000    -0.00063625  -0.00362872
  0.00012610  -0.00274113    -0.00063625   0.00362872     0.17761389  -0.00000000
    2    3
  0.00028525   0.00603195     0.01393209   0.04474979     0.01515906  -0.00789103
  0.01491220   0.04729123     0.00153168   0.00391372    -0.06692798   0.02543897
  0.01505532  -0.00660776    -0.06392299   0.02406736    -0.02490491   0.00168560
    2    4
  0.00072818   0.00142095    -0.00618530  -0.01888214    -0.00589038   0.00284038
 -0.00621571  -0.01889899     0.00202325   0.00469503     0.02391235  -0.00873079
  0.00176585  -0.00049469    -0.00689905   0.00187109     0.00589680   0.01164496
    2    5
 -0.00909014   0.00011568     0.00101617  -0.00219208    -0.00159334   0.00561351
  0.00099841  -0.00189196    -0.01876306   0.00065576     0.00809132  -0.00889430
 -0.00082719   0.00414219     0.00390345  -0.00585790    -0.04258689   0.00090314
    2    6
  0.01239397   0.00022041     0.00270208   0.00005729     0.00039339  -0.00364269
 -0.00155991  -0.00096429    -0.00238284  -0.00088287    -0.00067989  -0.00333681
  0.00047221  -0.00029770     0.00255862   0.00184573     0.00927872  -0.00198504
    2    7
  0.00055891  -0.00002996    -0.00297493  -0.00273231    -0.00082931   0.00179426
  0.00398547   0.00270383     0.00263643   0.00392547    -0.00034670  -0.00109435
  0.00035878  -0.00091685     0.00181078  -0.00389296     0.00669877  -0.00055238
    3    1
  0.00028525   0.00603195     0.01491220   0.04729123     0.01505532  -0.00660776
  0.01393209   0.04474979     0.00153168   0.00391372    -0.06392299   0.02406736
  0.01515906  -0.00789103    -0.06692798   0.02543897    -0.02490491   0.00168560
    3    2
  0.00028525  -0.00603195     0.01491220  -0.04729123     0.01505532   0.00660776
  0.01393209  -0.04474979     0.00153168  -0.00391372    -0.06392299  -0.02406736
  0.01515906   0.00789103    -0.06692798  -0.02543897    -0.02490491  -0.00168560
    3    3
  0.77739826   0.00000000    -0.01677458   0.00000000     0.00121769   0.00000000
 -0.01677458   0.00000000     0.73376904   0.00000000    -0.00549039   0.00000000
  0.00121769   0.00000000    -0.00549039   0.00000000     0.48379983   0.00000000
    3    4
 -0.06470351   0.00037959     0.00262622   0.00061697    -0.00229900   0.00132630
  0.00272068   0.00075435    -0.06708357   0.00124913     0.01133220  -0.00758055
 -0.00253642   0.00072661     0.01065858  -0.00991269    -0.11116472  -0.00604197
    3    5
 -0.06470351  -0.00037959     0.00262622  -0.00061697    -0.00229900  -0.00132630
  0.00272068  -0.00075435    -0.06708357  -0.00124913     0.01133220   0.00758055
 -0.00253642  -0.00072661     0.01065858   0.00991269    -0.11116472   0.00604197
    3    6
 -0.00782340   0.02407795    -0.00911126   0.02804157    -0.00026096   0.00080316
 -0.00131236   0.00403904    -0.06944638   0.21373399     0.00012809  -0.00039421
 -0.00091046   0.00280212    -0.00047010   0.00144683    -0.01311836   0.04037417
    3    7
 -0.34011925   0.24711110     0.00047167  -0.00034269    -0.00018539   0.00013470
 -0.02119857   0.01540166    -0.04405012   0.03200429     0.00088163  -0.00064054
  0.00002276  -0.00001654     0.00463693  -0.00336893    -0.05509731   0.04003054
    4    1
 -0.00909014   0.00011568     0.00099841  -0.00189196    -0.00082719   0.00414219
  0.00101617  -0.00219208    -0.01876306   0.00065576     0.00390345  -0.00585790
 -0.00159334   0.00561351     0.00809132  -0.00889430    -0.04258689   0.00090314
    4    2
  0.00072818  -0.00142095    -0.00621571   0.01889899     0.00176585   0.00049469
 -0.00618530   0.01888214     0.00202325  -0.00469503    -0.00689905  -0.00187109
 -0.00589038  -0.00284038     0.02391235   0.00873079     0.00589680  -0.01164496
    4    3
 -0.06470351  -0.00037959     0.00272068  -0.00075435    -0.00253642  -0.00072661
  0.00262622  -0.00061697    -0.06708357  -0.00124913     0.01065858   0.00991269
 -0.00229900  -0.00132630     0.01133220   0.00758055    -0.11116472   0.00604197
    4    4
  0.08271137   0.00000000    -0.00625684  -0.00000509     0.00063536   0.00163127
 -0.00625684   0.00000509     0.10634116   0.00000000    -0.00300267  -0.00345188
  0.00063536  -0.00163127    -0.00300267   0.00345188     0.27575641   0.00000000
    4    5
  0.01233073  -0.00136806     0.00229123  -0.00803065     0.00597902   0.00247464
  0.00229123  -0.00803065     0.01151859  -0.00006094    -0.02463045  -0.00963526
  0.00597902   0.00247464    -0.02463045  -0.00963526    -0.02413486  -0.00944540
    4    6
  0.00136704  -0.00189820     0.00079846  -0.00083160     0.00072545   0.00060203
 -0.00154500   0.00429567    -0.00000540  -0.00210111    -0.04275423  -0.01313442
  0.00281129  -0.00496280     0.00643723   0.00049911    -0.00521687   0.00136513
    4    7
 -0.00330564   0.00247160    -0.00141257   0.00094715     0.01373917   0.01823009
  0.00137435  -0.00039910     0.00984268  -0.00649680    -0.00251227  -0.00151146
  0.00311484   0.00423610    -0.00990407   0.00465780    -0.01251742   0.00574333
    5    1
  0.00072818   0.00142095    -0.00621571  -0.01889899     0.00176585  -0.00049469
 -0.00618530  -0.01888214     0.00202325   0.00469503    -0.00689905   0.00187109
 -0.00589038   0.00284038     0.02391235  -0.00873079     0.00589680   0.01164496
    5    2
 -0.00909014  -0.00011568     0.00099841   0.00189196    -0.00082719  -0.00414219
  0.00101617   0.00219208    -0.01876306  -0.00065576     0.00390345   0.00585790
 -0.00159334  -0.00561351     0.00809132   0.00889430    -0.04258689  -0.00090314
    5    3
 -0.06470351   0.00037959     0.00272068   0.00075435    -0.00253642   0.00072661
  0.00262622   0.00061697    -0.06708357   0.00124913     0.01065858  -0.00991269
 -0.00229900   0.00132630     0.01133220  -0.00758055    -0.11116472  -0.00604197
    5    4
  0.01233073   0.00136806     0.00229123   0.00803065     0.00597902  -0.00247464
  0.00229123   0.00803065     0.01151859   0.00006094    -0.02463045   0.00963526
  0.00597902  -0.00247464    -0.02463045   0.00963526    -0.02413486   0.00944540
    5    5
  0.08271137  -0.00000000    -0.00625684   0.00000509     0.00063536  -0.00163127
 -0.00625684  -0.00000509     0.10634116  -0.00000000    -0.00300267   0.00345188
  0.00063536   0.00163127    -0.00300267  -0.00345188     0.27575641  -0.00000000
    5    6
  0.00000978  -0.00233920    -0.00015716  -0.00114210    -0.00094077   0.00006064
 -0.00127500   0.00438340     0.00123937  -0.00169666     0.04230911   0.01450434
  0.00064268  -0.00566743    -0.00550119  -0.00337992     0.00341814   0.00417081
    5    7
 -0.00337213   0.00238008    -0.00133730   0.00105075    -0.01309221  -0.01870013
  0.00080426  -0.00118376     0.00922038  -0.00735333     0.00066115   0.00285638
 -0.00306623  -0.00427142    -0.00749036   0.00797999    -0.00933033   0.01012998
    6    1
 -0.01015648   0.00710668     0.00182879  -0.00013677    -0.00020704   0.00051841
 -0.00221971   0.00154189     0.00244670  -0.00068634    -0.00315486   0.00001069
  0.00182286   0.00317822     0.00251137   0.00229991    -0.00633986   0.00705983
    6    2
  0.01239397  -0.00022041    -0.00155991   0.00096429     0.00047221   0.00029770
  0.00270208  -0.00005729    -0.00238284   0.00088287     0.00255862  -0.00184573
  0.00039339   0.00364269    -0.00067989   0.00333681     0.00927872   0.00198504
    6    3
 -0.00782340  -0.02407795    -0.00131236  -0.00403904    -0.00091046  -0.00280212
 -0.00911126  -0.02804157    -0.06944638  -0.21373399    -0.00047010  -0.00144683
 -0.00026096  -0.00080316     0.00012809   0.00039421    -0.01311836  -0.04037417
    6    4
  0.00136704   0.00189820    -0.00154500  -0.00429567     0.00281129   0.00496280
  0.00079846   0.00083160    -0.00000540   0.00210111     0.00643723  -0.00049911
  0.00072545  -0.00060203    -0.04275423   0.01313442    -0.00521687  -0.00136513
    6    5
  0.00000978   0.00233920    -0.00127500  -0.00438340     0.00064268   0.00566743
 -0.00015716   0.00114210     0.00123937   0.00169666    -0.00550119   0.00337992
 -0.00094077  -0.00006064     0.04230911  -0.01450434     0.00341814  -0.00417081
    6    6
  0.09638443   0.00000000     0.00342822   0.00000000     0.00016495   0.00000000
  0.00342822   0.00000000     0.69958718   0.00000000     0.00021407   0.00000000
  0.00016495   0.00000000     0.00021407   0.00000000     0.10402377   0.00000000
    6    7
 -0.00999497  -0.00726177    -0.03927997  -0.02853857     0.00018753   0.00013625
 -0.01120644  -0.00814196    -0.00877927  -0.00637851     0.00035901   0.00026084
 -0.00006649  -0.00004831    -0.00013355  -0.00009703     0.00257963   0.00187421
    7    1
  0.00020120   0.00052230    -0.00133992   0.00462594     0.00098284   0.00005790
  0.00167928  -0.00367366    -0.00291864   0.00372043     0.00426199   0.00051917
 -0.00196271  -0.00023426     0.00093366  -0.00066791     0.00259537   0.00620021
    7    2
  0.00055891   0.00002996     0.00398547  -0.00270383     0.00035878   0.00091685
 -0.00297493   0.00273231     0.00263643  -0.00392547     0.00181078   0.00389296
 -0.00082931  -0.00179426    -0.00034670   0.00109435     0.00669877   0.00055238
    7    3
 -0.34011925  -0.24711110    -0.02119857  -0.01540166     0.00002276   0.00001654
  0.00047167   0.00034269    -0.04405012  -0.03200429     0.00463693   0.00336893
 -0.00018539  -0.00013470     0.00088163   0.00064054    -0.05509731  -0.04003054
    7    4
 -0.00330564  -0.00247160     0.00137435   0.00039910     0.00311484  -0.00423610
 -0.00141257  -0.00094715     0.00984268   0.00649680    -0.00990407  -0.00465780
  0.01373917  -0.01823009    -0.00251227   0.00151146    -0.01251742  -0.00574333
    7    5
 -0.00337213  -0.00238008     0.00080426   0.00118376    -0.00306623   0.00427142
 -0.00133730  -0.00105075     0.00922038   0.00735333    -0.00749036  -0.00797999
 -0.01309221   0.01870013     0.00066115  -0.00285638    -0.00933033  -0.01012998
    7    6
 -0.00999497   0.00726177    -0.01120644   0.00814196    -0.00006649   0.00004831
 -0.03927997   0.02853857    -0.00877927   0.00637851    -0.00013355   0.00009703
  0.00018753  -0.00013625     0.00035901  -0.00026084     0.00257963  -0.00187421
    7    7
  0.58871883   0.00000000     0.00519759   0.00000000     0.00002950   0.00000000
  0.00519759   0.00000000     0.11155784   0.00000000    -0.00071023   0.00000000
  0.00002950   0.00000000    -0.00071023   0.00000000     0.10379714   0.00000000

     Dynamical  Matrix in cartesian axes

     q = (    0.200000000   0.400000000   0.182159698 ) 

    1    1
  0.08609658  -0.00000000     0.00458276  -0.00001683     0.00012610  -0.00274113
  0.00458276   0.00001683     0.14264603  -0.00000000     0.00063625  -0.00362872
  0.00012610   0.00274113     0.00063625   0.00362872     0.17761389   0.00000000
    1    2
 -0.00115549  -0.00420652    -0.00525580   0.01491466    -0.00952169  -0.00165810
 -0.00525580   0.01491466    -0.00328264  -0.00354763    -0.03682564  -0.01127076
 -0.00952169  -0.00165810    -0.03682564  -0.01127076     0.01845253   0.00060592
    1    3
  0.00028525  -0.00603195    -0.01393209   0.04474979     0.01515906   0.00789103
 -0.01491220   0.04729123     0.00153168  -0.00391372     0.06692798   0.02543897
  0.01505532   0.00660776     0.06392299   0.02406736    -0.02490491  -0.00168560
    1    4
 -0.00909014  -0.00011568    -0.00101617  -0.00219208    -0.00159334  -0.00561351
 -0.00099841  -0.00189196    -0.01876306  -0.00065576    -0.00809132  -0.00889430
 -0.00082719  -0.00414219    -0.00390345  -0.00585790    -0.04258689  -0.00090314
    1    5
  0.00072818  -0.00142095     0.00618530  -0.01888214    -0.00589038  -0.00284038
  0.00621571  -0.01889899     0.00202325  -0.00469503    -0.02391235  -0.00873079
  0.00176585   0.00049469     0.00689905   0.00187109     0.00589680  -0.01164496
    1    6
  0.01239397  -0.00022041    -0.00270208   0.00005729     0.00039339   0.00364269
  0.00155991  -0.00096429    -0.00238284   0.00088287     0.00067989  -0.00333681
  0.00047221   0.00029770    -0.00255862   0.00184573     0.00927872   0.00198504
    1    7
  0.00020120  -0.00052230    -0.00167928  -0.00367366    -0.00196271   0.00023426
  0.00133992   0.00462594    -0.00291864  -0.00372043    -0.00093366  -0.00066791
  0.00098284  -0.00005790    -0.00426199   0.00051917     0.00259537  -0.00620021
    2    1
 -0.00115549   0.00420652    -0.00525580  -0.01491466    -0.00952169   0.00165810
 -0.00525580  -0.01491466    -0.00328264   0.00354763    -0.03682564   0.01127076
 -0.00952169   0.00165810    -0.03682564   0.01127076     0.01845253  -0.00060592
    2    2
  0.08609658   0.00000000     0.00458276   0.00001683     0.00012610   0.00274113
  0.00458276  -0.00001683     0.14264603   0.00000000     0.00063625   0.00362872
  0.00012610  -0.00274113     0.00063625  -0.00362872     0.17761389  -0.00000000
    2    3
  0.00028525   0.00603195    -0.01393209  -0.04474979     0.01515906  -0.00789103
 -0.01491220  -0.04729123     0.00153168   0.00391372     0.06692798  -0.02543897
  0.01505532  -0.00660776     0.06392299  -0.02406736    -0.02490491   0.00168560
    2    4
  0.00072818   0.00142095     0.00618530   0.01888214    -0.00589038   0.00284038
  0.00621571   0.01889899     0.00202325   0.00469503    -0.02391235   0.00873079
  0.00176585  -0.00049469     0.00689905  -0.00187109     0.00589680   0.01164496
    2    5
 -0.00909014   0.00011568    -0.00101617   0.00219208    -0.00159334   0.00561351
 -0.00099841   0.00189196    -0.01876306   0.00065576    -0.00809132   0.00889430
 -0.00082719   0.00414219    -0.00390345   0.00585790    -0.04258689   0.00090314
    2    6
 -0.01015648   0.00710668     0.00221971  -0.00154189     0.00182286   0.00317822
 -0.00182879   0.00013677     0.00244670  -0.00068634    -0.00251137  -0.00229991
 -0.00020704   0.00051841     0.00315486  -0.00001069    -0.00633986   0.00705983
    2    7
  0.00055891  -0.00002996     0.00297493   0.00273231    -0.00082931   0.00179426
 -0.00398547  -0.00270383     0.00263643   0.00392547     0.00034670   0.00109435
  0.00035878  -0.00091685    -0.00181078   0.00389296     0.00669877  -0.00055238
    3    1
  0.00028525   0.00603195    -0.01491220  -0.04729123     0.01505532  -0.00660776
 -0.01393209  -0.04474979     0.00153168   0.00391372     0.06392299  -0.02406736
  0.01515906  -0.00789103     0.06692798  -0.02543897    -0.02490491   0.00168560
    3    2
  0.00028525  -0.00603195    -0.01491220   0.04729123     0.01505532   0.00660776
 -0.01393209   0.04474979     0.00153168  -0.00391372     0.06392299   0.02406736
  0.01515906   0.00789103     0.06692798   0.02543897    -0.02490491  -0.00168560
    3    3
  0.77739826   0.00000000     0.01677458   0.00000000     0.00121769   0.00000000
  0.01677458   0.00000000     0.73376904   0.00000000     0.00549039   0.00000000
  0.00121769   0.00000000     0.00549039   0.00000000     0.48379983   0.00000000
    3    4
 -0.06470351   0.00037959    -0.00262622  -0.00061697    -0.00229900   0.00132630
 -0.00272068  -0.00075435    -0.06708357   0.00124913    -0.01133220   0.00758055
 -0.00253642   0.00072661    -0.01065858   0.00991269    -0.11116472  -0.00604197
    3    5
 -0.06470351  -0.00037959    -0.00262622   0.00061697    -0.00229900  -0.00132630
 -0.00272068   0.00075435    -0.06708357  -0.00124913    -0.01133220  -0.00758055
 -0.00253642  -0.00072661    -0.01065858  -0.00991269    -0.11116472   0.00604197
    3    6
 -0.00782340  -0.02407795     0.00911126   0.02804157    -0.00026096  -0.00080316
  0.00131236   0.00403904    -0.06944638  -0.21373399    -0.00012809  -0.00039421
 -0.00091046  -0.00280212     0.00047010   0.00144683    -0.01311836  -0.04037417
    3    7
 -0.34011925   0.24711110    -0.00047167   0.00034269    -0.00018539   0.00013470
  0.02119857  -0.01540166    -0.04405012   0.03200429    -0.00088163   0.00064054
  0.00002276  -0.00001654    -0.00463693   0.00336893    -0.05509731   0.04003054
    4    1
 -0.00909014   0.00011568    -0.00099841   0.00189196    -0.00082719   0.00414219
 -0.00101617   0.00219208    -0.01876306   0.00065576    -0.00390345   0.00585790
 -0.00159334   0.00561351    -0.00809132   0.00889430    -0.04258689   0.00090314
    4    2
  0.00072818  -0.00142095     0.00621571  -0.01889899     0.00176585   0.00049469
  0.00618530  -0.01888214     0.00202325  -0.00469503     0.00689905   0.00187109
 -0.00589038  -0.00284038    -0.02391235  -0.00873079     0.00589680  -0.01164496
    4    3
 -0.06470351  -0.00037959    -0.00272068   0.00075435    -0.00253642  -0.00072661
 -0.00262622   0.00061697    -0.06708357  -0.00124913    -0.01065858  -0.00991269
 -0.00229900  -0.00132630    -0.01133220  -0.00758055    -0.11116472   0.00604197
    4    4
  0.08271137  -0.00000000     0.00625684   0.00000509     0.00063536   0.00163127
  0.00625684  -0.00000509     0.10634116   0.00000000     0.00300267   0.00345188
  0.00063536  -0.00163127     0.00300267  -0.00345188     0.27575641   0.00000000
    4    5
  0.01233073  -0.00136806    -0.00229123   0.00803065     0.00597902   0.00247464
 -0.00229123   0.00803065     0.01151859  -0.00006094     0.02463045   0.00963526
  0.00597902   0.00247464     0.02463045   0.00963526    -0.02413486  -0.00944540
    4    6
  0.00000978   0.00233920     0.00015716  -0.00114210    -0.00094077  -0.00006064
  0.00127500   0.00438340     0.00123937   0.00169666    -0.04230911   0.01450434
  0.00064268   0.00566743     0.00550119  -0.00337992     0.00341814  -0.00417081
    4    7
 -0.00330564   0.00247160     0.00141257  -0.00094715     0.01373917   0.01823009
 -0.00137435   0.00039910     0.00984268  -0.00649680     0.00251227   0.00151146
  0.00311484   0.00423610     0.00990407  -0.00465780    -0.01251742   0.00574333
    5    1
  0.00072818   0.00142095     0.00621571   0.01889899     0.00176585  -0.00049469
  0.00618530   0.01888214     0.00202325   0.00469503     0.00689905  -0.00187109
 -0.00589038   0.00284038    -0.02391235   0.00873079     0.00589680   0.01164496
    5    2
 -0.00909014  -0.00011568    -0.00099841  -0.00189196    -0.00082719  -0.00414219
 -0.00101617  -0.00219208    -0.01876306  -0.00065576    -0.00390345  -0.00585790
 -0.00159334  -0.00561351    -0.00809132  -0.00889430    -0.04258689  -0.00090314
    5    3
 -0.06470351   0.00037959    -0.00272068  -0.00075435    -0.00253642   0.00072661
 -0.00262622  -0.00061697    -0.06708357   0.00124913    -0.01065858   0.00991269
 -0.00229900   0.00132630    -0.01133220   0.00758055    -0.11116472  -0.00604197
    5    4
  0.01233073   0.00136806    -0.00229123  -0.00803065     0.00597902  -0.00247464
 -0.00229123  -0.00803065     0.01151859   0.00006094     0.02463045  -0.00963526
  0.00597902  -0.00247464     0.02463045  -0.00963526    -0.02413486   0.00944540
    5    5
  0.08271137   0.00000000     0.00625684  -0.00000509     0.00063536  -0.00163127
  0.00625684   0.00000509     0.10634116  -0.00000000     0.00300267  -0.00345188
  0.00063536   0.00163127     0.00300267   0.00345188     0.27575641  -0.00000000
    5    6
  0.00136704   0.00189820    -0.00079846  -0.00083160     0.00072545  -0.00060203
  0.00154500   0.00429567    -0.00000540   0.00210111     0.04275423  -0.01313442
  0.00281129   0.00496280    -0.00643723   0.00049911    -0.00521687  -0.00136513
    5    7
 -0.00337213   0.00238008     0.00133730  -0.00105075    -0.01309221  -0.01870013
 -0.00080426   0.00118376     0.00922038  -0.00735333    -0.00066115  -0.00285638
 -0.00306623  -0.00427142     0.00749036  -0.00797999    -0.00933033   0.01012998
    6    1
  0.01239397   0.00022041     0.00155991   0.00096429     0.00047221  -0.00029770
 -0.00270208  -0.00005729    -0.00238284  -0.00088287    -0.00255862  -0.00184573
  0.00039339  -0.00364269     0.00067989   0.00333681     0.00927872  -0.00198504
    6    2
 -0.01015648  -0.00710668    -0.00182879  -0.00013677    -0.00020704  -0.00051841
  0.00221971   0.00154189     0.00244670   0.00068634     0.00315486   0.00001069
  0.00182286  -0.00317822    -0.00251137   0.00229991    -0.00633986  -0.00705983
    6    3
 -0.00782340   0.02407795     0.00131236  -0.00403904    -0.00091046   0.00280212
  0.00911126  -0.02804157    -0.06944638   0.21373399     0.00047010  -0.00144683
 -0.00026096   0.00080316    -0.00012809   0.00039421    -0.01311836   0.04037417
    6    4
  0.00000978  -0.00233920     0.00127500  -0.00438340     0.00064268  -0.00566743
  0.00015716   0.00114210     0.00123937  -0.00169666     0.00550119   0.00337992
 -0.00094077   0.00006064    -0.04230911  -0.01450434     0.00341814   0.00417081
    6    5
  0.00136704  -0.00189820     0.00154500  -0.00429567     0.00281129  -0.00496280
 -0.00079846   0.00083160    -0.00000540  -0.00210111    -0.00643723  -0.00049911
  0.00072545   0.00060203     0.04275423   0.01313442    -0.00521687   0.00136513
    6    6
  0.09638443   0.00000000    -0.00342822   0.00000000     0.00016495   0.00000000
 -0.00342822   0.00000000     0.69958718   0.00000000    -0.00021407   0.00000000
  0.00016495   0.00000000    -0.00021407   0.00000000     0.10402377   0.00000000
    6    7
  0.00381774   0.01174980    -0.01500361  -0.04617638    -0.00007163  -0.00022045
 -0.00428048  -0.01317396     0.00335338   0.01032065     0.00013713   0.00042205
  0.00002540   0.00007816    -0.00005101  -0.00015700    -0.00098533  -0.00303254
    7    1
  0.00020120   0.00052230     0.00133992  -0.00462594     0.00098284   0.00005790
 -0.00167928   0.00367366    -0.00291864   0.00372043    -0.00426199  -0.00051917
 -0.00196271  -0.00023426    -0.00093366   0.00066791     0.00259537   0.00620021
    7    2
  0.00055891   0.00002996    -0.00398547   0.00270383     0.00035878   0.00091685
  0.00297493  -0.00273231     0.00263643  -0.00392547    -0.00181078  -0.00389296
 -0.00082931  -0.00179426     0.00034670  -0.00109435     0.00669877   0.00055238
    7    3
 -0.34011925  -0.24711110     0.02119857   0.01540166     0.00002276   0.00001654
 -0.00047167  -0.00034269    -0.04405012  -0.03200429    -0.00463693  -0.00336893
 -0.00018539  -0.00013470    -0.00088163  -0.00064054    -0.05509731  -0.04003054
    7    4
 -0.00330564  -0.00247160    -0.00137435  -0.00039910     0.00311484  -0.00423610
  0.00141257   0.00094715     0.00984268   0.00649680     0.00990407   0.00465780
  0.01373917  -0.01823009     0.00251227  -0.00151146    -0.01251742  -0.00574333
    7    5
 -0.00337213  -0.00238008    -0.00080426  -0.00118376    -0.00306623   0.00427142
  0.00133730   0.00105075     0.00922038   0.00735333     0.00749036   0.00797999
 -0.01309221   0.01870013    -0.00066115   0.00285638    -0.00933033  -0.01012998
    7    6
  0.00381774  -0.01174980    -0.00428048   0.01317396     0.00002540  -0.00007816
 -0.01500361   0.04617638     0.00335338  -0.01032065    -0.00005101   0.00015700
 -0.00007163   0.00022045     0.00013713  -0.00042205    -0.00098533   0.00303254
    7    7
  0.58871883   0.00000000    -0.00519759   0.00000000     0.00002950   0.00000000
 -0.00519759   0.00000000     0.11155784   0.00000000     0.00071023   0.00000000
  0.00002950   0.00000000     0.00071023   0.00000000     0.10379714   0.00000000

     Dynamical  Matrix in cartesian axes

     q = (    0.400000000  -0.200000000  -0.182159698 ) 

    1    1
  0.14264603   0.00000000    -0.00458276   0.00001683    -0.00063625  -0.00362872
 -0.00458276  -0.00001683     0.08609658   0.00000000     0.00012610   0.00274113
 -0.00063625   0.00362872     0.00012610  -0.00274113     0.17761389  -0.00000000
    1    2
 -0.00328264   0.00354763     0.00525580   0.01491466     0.03682564  -0.01127076
  0.00525580   0.01491466    -0.00115549   0.00420652    -0.00952169   0.00165810
  0.03682564  -0.01127076    -0.00952169   0.00165810     0.01845253  -0.00060592
    1    3
  0.00153168   0.00391372     0.01491220   0.04729123    -0.06692798   0.02543897
  0.01393209   0.04474979     0.00028525   0.00603195     0.01515906  -0.00789103
 -0.06392299   0.02406736     0.01505532  -0.00660776    -0.02490491   0.00168560
    1    4
 -0.01876306   0.00065576     0.00099841  -0.00189196     0.00809132  -0.00889430
  0.00101617  -0.00219208    -0.00909014   0.00011568    -0.00159334   0.00561351
  0.00390345  -0.00585790    -0.00082719   0.00414219    -0.04258689   0.00090314
    1    5
  0.00202325   0.00469503    -0.00621571  -0.01889899     0.02391235  -0.00873079
 -0.00618530  -0.01888214     0.00072818   0.00142095    -0.00589038   0.00284038
 -0.00689905   0.00187109     0.00176585  -0.00049469     0.00589680   0.01164496
    1    6
  0.00263643   0.00392547     0.00398547   0.00270383    -0.00034670  -0.00109435
 -0.00297493  -0.00273231     0.00055891  -0.00002996    -0.00082931   0.00179426
  0.00181078  -0.00389296     0.00035878  -0.00091685     0.00669877  -0.00055238
    1    7
 -0.00238284  -0.00088287    -0.00155991  -0.00096429    -0.00067989  -0.00333681
  0.00270208   0.00005729     0.01239397   0.00022041     0.00039339  -0.00364269
  0.00255862   0.00184573     0.00047221  -0.00029770     0.00927872  -0.00198504
    2    1
 -0.00328264  -0.00354763     0.00525580  -0.01491466     0.03682564   0.01127076
  0.00525580  -0.01491466    -0.00115549  -0.00420652    -0.00952169  -0.00165810
  0.03682564   0.01127076    -0.00952169  -0.00165810     0.01845253   0.00060592
    2    2
  0.14264603  -0.00000000    -0.00458276  -0.00001683    -0.00063625   0.00362872
 -0.00458276   0.00001683     0.08609658  -0.00000000     0.00012610  -0.00274113
 -0.00063625  -0.00362872     0.00012610   0.00274113     0.17761389   0.00000000
    2    3
  0.00153168  -0.00391372     0.01491220  -0.04729123    -0.06692798  -0.02543897
  0.01393209  -0.04474979     0.00028525  -0.00603195     0.01515906   0.00789103
 -0.06392299  -0.02406736     0.01505532   0.00660776    -0.02490491  -0.00168560
    2    4
  0.00202325  -0.00469503    -0.00621571   0.01889899     0.02391235   0.00873079
 -0.00618530   0.01888214     0.00072818  -0.00142095    -0.00589038  -0.00284038
 -0.00689905  -0.00187109     0.00176585   0.00049469     0.00589680  -0.01164496
    2    5
 -0.01876306  -0.00065576     0.00099841   0.00189196     0.00809132   0.00889430
  0.00101617   0.00219208    -0.00909014  -0.00011568    -0.00159334  -0.00561351
  0.00390345   0.00585790    -0.00082719  -0.00414219    -0.04258689  -0.00090314
    2    6
 -0.00291864  -0.00372043    -0.00133992  -0.00462594     0.00093366   0.00066791
  0.00167928   0.00367366     0.00020120  -0.00052230    -0.00196271   0.00023426
  0.00426199  -0.00051917     0.00098284  -0.00005790     0.00259537  -0.00620021
    2    7
  0.00244670   0.00068634     0.00182879   0.00013677     0.00251137  -0.00229991
 -0.00221971  -0.00154189    -0.01015648  -0.00710668     0.00182286  -0.00317822
 -0.00315486  -0.00001069    -0.00020704  -0.00051841    -0.00633986  -0.00705983
    3    1
  0.00153168  -0.00391372     0.01393209  -0.04474979    -0.06392299  -0.02406736
  0.01491220  -0.04729123     0.00028525  -0.00603195     0.01505532   0.00660776
 -0.06692798  -0.02543897     0.01515906   0.00789103    -0.02490491  -0.00168560
    3    2
  0.00153168   0.00391372     0.01393209   0.04474979    -0.06392299   0.02406736
  0.01491220   0.04729123     0.00028525   0.00603195     0.01505532  -0.00660776
 -0.06692798   0.02543897     0.01515906  -0.00789103    -0.02490491   0.00168560
    3    3
  0.73376904   0.00000000    -0.01677458   0.00000000    -0.00549039   0.00000000
 -0.01677458   0.00000000     0.77739826   0.00000000     0.00121769   0.00000000
 -0.00549039   0.00000000     0.00121769   0.00000000     0.48379983   0.00000000
    3    4
 -0.06708357  -0.00124913     0.00272068  -0.00075435     0.01133220   0.00758055
  0.00262622  -0.00061697    -0.06470351  -0.00037959    -0.00229900  -0.00132630
  0.01065858   0.00991269    -0.00253642  -0.00072661    -0.11116472   0.00604197
    3    5
 -0.06708357   0.00124913     0.00272068   0.00075435     0.01133220  -0.00758055
  0.00262622   0.00061697    -0.06470351   0.00037959    -0.00229900   0.00132630
  0.01065858  -0.00991269    -0.00253642   0.00072661    -0.11116472  -0.00604197
    3    6
 -0.04405012   0.03200429    -0.02119857   0.01540166     0.00088163  -0.00064054
  0.00047167  -0.00034269    -0.34011925   0.24711110    -0.00018539   0.00013470
  0.00463693  -0.00336893     0.00002276  -0.00001654    -0.05509731   0.04003054
    3    7
 -0.06944638   0.21373399    -0.00131236   0.00403904     0.00012809  -0.00039421
 -0.00911126   0.02804157    -0.00782340   0.02407795    -0.00026096   0.00080316
 -0.00047010   0.00144683    -0.00091046   0.00280212    -0.01311836   0.04037417
    4    1
 -0.01876306  -0.00065576     0.00101617   0.00219208     0.00390345   0.00585790
  0.00099841   0.00189196    -0.00909014  -0.00011568    -0.00082719  -0.00414219
  0.00809132   0.00889430    -0.00159334  -0.00561351    -0.04258689  -0.00090314
    4    2
  0.00202325   0.00469503    -0.00618530  -0.01888214    -0.00689905   0.00187109
 -0.00621571  -0.01889899     0.00072818   0.00142095     0.00176585  -0.00049469
  0.02391235  -0.00873079    -0.00589038   0.00284038     0.00589680   0.01164496
    4    3
 -0.06708357   0.00124913     0.00262622   0.00061697     0.01065858  -0.00991269
  0.00272068   0.00075435    -0.06470351   0.00037959    -0.00253642   0.00072661
  0.01133220  -0.00758055    -0.00229900   0.00132630    -0.11116472  -0.00604197
    4    4
  0.10634116  -0.00000000    -0.00625684  -0.00000509    -0.00300267   0.00345188
 -0.00625684   0.00000509     0.08271137   0.00000000     0.00063536  -0.00163127
 -0.00300267  -0.00345188     0.00063536   0.00163127     0.27575641  -0.00000000
    4    5
  0.01151859   0.00006094     0.00229123   0.00803065    -0.02463045   0.00963526
  0.00229123   0.00803065     0.01233073   0.00136806     0.00597902  -0.00247464
 -0.02463045   0.00963526     0.00597902  -0.00247464    -0.02413486   0.00944540
    4    6
  0.00922038  -0.00735333     0.00080426  -0.00118376     0.00066115   0.00285638
 -0.00133730   0.00105075    -0.00337213   0.00238008    -0.01309221  -0.01870013
 -0.00749036   0.00797999    -0.00306623  -0.00427142    -0.00933033   0.01012998
    4    7
  0.00123937  -0.00169666    -0.00127500   0.00438340     0.04230911   0.01450434
 -0.00015716  -0.00114210     0.00000978  -0.00233920    -0.00094077   0.00006064
 -0.00550119  -0.00337992     0.00064268  -0.00566743     0.00341814   0.00417081
    5    1
  0.00202325  -0.00469503    -0.00618530   0.01888214    -0.00689905  -0.00187109
 -0.00621571   0.01889899     0.00072818  -0.00142095     0.00176585   0.00049469
  0.02391235   0.00873079    -0.00589038  -0.00284038     0.00589680  -0.01164496
    5    2
 -0.01876306   0.00065576     0.00101617  -0.00219208     0.00390345  -0.00585790
  0.00099841  -0.00189196    -0.00909014   0.00011568    -0.00082719   0.00414219
  0.00809132  -0.00889430    -0.00159334   0.00561351    -0.04258689   0.00090314
    5    3
 -0.06708357  -0.00124913     0.00262622  -0.00061697     0.01065858   0.00991269
  0.00272068  -0.00075435    -0.06470351  -0.00037959    -0.00253642  -0.00072661
  0.01133220   0.00758055    -0.00229900  -0.00132630    -0.11116472   0.00604197
    5    4
  0.01151859  -0.00006094     0.00229123  -0.00803065    -0.02463045  -0.00963526
  0.00229123  -0.00803065     0.01233073  -0.00136806     0.00597902   0.00247464
 -0.02463045  -0.00963526     0.00597902   0.00247464    -0.02413486  -0.00944540
    5    5
  0.10634116   0.00000000    -0.00625684   0.00000509    -0.00300267  -0.00345188
 -0.00625684  -0.00000509     0.08271137  -0.00000000     0.00063536   0.00163127
 -0.00300267   0.00345188     0.00063536  -0.00163127     0.27575641   0.00000000
    5    6
  0.00984268  -0.00649680     0.00137435  -0.00039910    -0.00251227  -0.00151146
 -0.00141257   0.00094715    -0.00330564   0.00247160     0.01373917   0.01823009
 -0.00990407   0.00465780     0.00311484   0.00423610    -0.01251742   0.00574333
    5    7
 -0.00000540  -0.00210111    -0.00154500   0.00429567    -0.04275423  -0.01313442
  0.00079846  -0.00083160     0.00136704  -0.00189820     0.00072545   0.00060203
  0.00643723   0.00049911     0.00281129  -0.00496280    -0.00521687   0.00136513
    6    1
  0.00263643  -0.00392547    -0.00297493   0.00273231     0.00181078   0.00389296
  0.00398547  -0.00270383     0.00055891   0.00002996     0.00035878   0.00091685
 -0.00034670   0.00109435    -0.00082931  -0.00179426     0.00669877   0.00055238
    6    2
 -0.00291864   0.00372043     0.00167928  -0.00367366     0.00426199   0.00051917
 -0.00133992   0.00462594     0.00020120   0.00052230     0.00098284   0.00005790
  0.00093366  -0.00066791    -0.00196271  -0.00023426     0.00259537   0.00620021
    6    3
 -0.04405012  -0.03200429     0.00047167   0.00034269     0.00463693   0.00336893
 -0.02119857  -0.01540166    -0.34011925  -0.24711110     0.00002276   0.00001654
  0.00088163   0.00064054    -0.00018539  -0.00013470    -0.05509731  -0.04003054
    6    4
  0.00922038   0.00735333    -0.00133730  -0.00105075    -0.00749036  -0.00797999
  0.00080426   0.00118376    -0.00337213  -0.00238008    -0.00306623   0.00427142
  0.00066115  -0.00285638    -0.01309221   0.01870013    -0.00933033  -0.01012998
    6    5
  0.00984268   0.00649680    -0.00141257  -0.00094715    -0.00990407  -0.00465780
  0.00137435   0.00039910    -0.00330564  -0.00247160     0.00311484  -0.00423610
 -0.00251227   0.00151146     0.01373917  -0.01823009    -0.01251742  -0.00574333
    6    6
  0.11155784   0.00000000     0.00519759   0.00000000    -0.00071023   0.00000000
  0.00519759   0.00000000     0.58871883   0.00000000     0.00002950   0.00000000
 -0.00071023   0.00000000     0.00002950   0.00000000     0.10379714   0.00000000
    6    7
 -0.00877927   0.00637851    -0.03927997   0.02853857    -0.00013355   0.00009703
 -0.01120644   0.00814196    -0.00999497   0.00726177    -0.00006649   0.00004831
  0.00035901  -0.00026084     0.00018753  -0.00013625     0.00257963  -0.00187421
    7    1
 -0.00238284   0.00088287     0.00270208  -0.00005729     0.00255862  -0.00184573
 -0.00155991   0.00096429     0.01239397  -0.00022041     0.00047221   0.00029770
 -0.00067989   0.00333681     0.00039339   0.00364269     0.00927872   0.00198504
    7    2
  0.00244670  -0.00068634    -0.00221971   0.00154189    -0.00315486   0.00001069
  0.00182879  -0.00013677    -0.01015648   0.00710668    -0.00020704   0.00051841
  0.00251137   0.00229991     0.00182286   0.00317822    -0.00633986   0.00705983
    7    3
 -0.06944638  -0.21373399    -0.00911126  -0.02804157    -0.00047010  -0.00144683
 -0.00131236  -0.00403904    -0.00782340  -0.02407795    -0.00091046  -0.00280212
  0.00012809   0.00039421    -0.00026096  -0.00080316    -0.01311836  -0.04037417
    7    4
  0.00123937   0.00169666    -0.00015716   0.00114210    -0.00550119   0.00337992
 -0.00127500  -0.00438340     0.00000978   0.00233920     0.00064268   0.00566743
  0.04230911  -0.01450434    -0.00094077  -0.00006064     0.00341814  -0.00417081
    7    5
 -0.00000540   0.00210111     0.00079846   0.00083160     0.00643723  -0.00049911
 -0.00154500  -0.00429567     0.00136704   0.00189820     0.00281129   0.00496280
 -0.04275423   0.01313442     0.00072545  -0.00060203    -0.00521687  -0.00136513
    7    6
 -0.00877927  -0.00637851    -0.01120644  -0.00814196     0.00035901   0.00026084
 -0.03927997  -0.02853857    -0.00999497  -0.00726177     0.00018753   0.00013625
 -0.00013355  -0.00009703    -0.00006649  -0.00004831     0.00257963   0.00187421
    7    7
  0.69958718   0.00000000     0.00342822   0.00000000     0.00021407   0.00000000
  0.00342822   0.00000000     0.09638443   0.00000000     0.00016495   0.00000000
  0.00021407   0.00000000     0.00016495   0.00000000     0.10402377   0.00000000

     Dynamical  Matrix in cartesian axes

     q = (    0.400000000   0.200000000  -0.182159698 ) 

    1    1
  0.14264603   0.00000000     0.00458276  -0.00001683    -0.00063625  -0.00362872
  0.00458276   0.00001683     0.08609658   0.00000000    -0.00012610  -0.00274113
 -0.00063625   0.00362872    -0.00012610   0.00274113     0.17761389  -0.00000000
    1    2
 -0.00328264   0.00354763    -0.00525580  -0.01491466     0.03682564  -0.01127076
 -0.00525580  -0.01491466    -0.00115549   0.00420652     0.00952169  -0.00165810
  0.03682564  -0.01127076     0.00952169  -0.00165810     0.01845253  -0.00060592
    1    3
  0.00153168   0.00391372    -0.01491220  -0.04729123    -0.06692798   0.02543897
 -0.01393209  -0.04474979     0.00028525   0.00603195    -0.01515906   0.00789103
 -0.06392299   0.02406736    -0.01505532   0.00660776    -0.02490491   0.00168560
    1    4
 -0.01876306   0.00065576    -0.00099841   0.00189196     0.00809132  -0.00889430
 -0.00101617   0.00219208    -0.00909014   0.00011568     0.00159334  -0.00561351
  0.00390345  -0.00585790     0.00082719  -0.00414219    -0.04258689   0.00090314
    1    5
  0.00202325   0.00469503     0.00621571   0.01889899     0.02391235  -0.00873079
  0.00618530   0.01888214     0.00072818   0.00142095     0.00589038  -0.00284038
 -0.00689905   0.00187109    -0.00176585   0.00049469     0.00589680   0.01164496
    1    6
 -0.00291864   0.00372043     0.00133992  -0.00462594     0.00093366  -0.00066791
 -0.00167928   0.00367366     0.00020120   0.00052230     0.00196271   0.00023426
  0.00426199   0.00051917    -0.00098284  -0.00005790     0.00259537   0.00620021
    1    7
 -0.00238284  -0.00088287     0.00155991   0.00096429    -0.00067989  -0.00333681
 -0.00270208  -0.00005729     0.01239397   0.00022041    -0.00039339   0.00364269
  0.00255862   0.00184573    -0.00047221   0.00029770     0.00927872  -0.00198504
    2    1
 -0.00328264  -0.00354763    -0.00525580   0.01491466     0.03682564   0.01127076
 -0.00525580   0.01491466    -0.00115549  -0.00420652     0.00952169   0.00165810
  0.03682564   0.01127076     0.00952169   0.00165810     0.01845253   0.00060592
    2    2
  0.14264603  -0.00000000     0.00458276   0.00001683    -0.00063625   0.00362872
  0.00458276  -0.00001683     0.08609658  -0.00000000    -0.00012610   0.00274113
 -0.00063625  -0.00362872    -0.00012610  -0.00274113     0.17761389   0.00000000
    2    3
  0.00153168  -0.00391372    -0.01491220   0.04729123    -0.06692798  -0.02543897
 -0.01393209   0.04474979     0.00028525  -0.00603195    -0.01515906  -0.00789103
 -0.06392299  -0.02406736    -0.01505532  -0.00660776    -0.02490491  -0.00168560
    2    4
  0.00202325  -0.00469503     0.00621571  -0.01889899     0.02391235   0.00873079
  0.00618530  -0.01888214     0.00072818  -0.00142095     0.00589038   0.00284038
 -0.00689905  -0.00187109    -0.00176585  -0.00049469     0.00589680  -0.01164496
    2    5
 -0.01876306  -0.00065576    -0.00099841  -0.00189196     0.00809132   0.00889430
 -0.00101617  -0.00219208    -0.00909014  -0.00011568     0.00159334   0.00561351
  0.00390345   0.00585790     0.00082719   0.00414219    -0.04258689  -0.00090314
    2    6
  0.00263643  -0.00392547    -0.00398547   0.00270383    -0.00034670   0.00109435
  0.00297493  -0.00273231     0.00055891   0.00002996     0.00082931   0.00179426
  0.00181078   0.00389296    -0.00035878  -0.00091685     0.00669877   0.00055238
    2    7
  0.00244670   0.00068634    -0.00182879  -0.00013677     0.00251137  -0.00229991
  0.00221971   0.00154189    -0.01015648  -0.00710668    -0.00182286   0.00317822
 -0.00315486  -0.00001069     0.00020704   0.00051841    -0.00633986  -0.00705983
    3    1
  0.00153168  -0.00391372    -0.01393209   0.04474979    -0.06392299  -0.02406736
 -0.01491220   0.04729123     0.00028525  -0.00603195    -0.01505532  -0.00660776
 -0.06692798  -0.02543897    -0.01515906  -0.00789103    -0.02490491  -0.00168560
    3    2
  0.00153168   0.00391372    -0.01393209  -0.04474979    -0.06392299   0.02406736
 -0.01491220  -0.04729123     0.00028525   0.00603195    -0.01505532   0.00660776
 -0.06692798   0.02543897    -0.01515906   0.00789103    -0.02490491   0.00168560
    3    3
  0.73376904   0.00000000     0.01677458   0.00000000    -0.00549039   0.00000000
  0.01677458   0.00000000     0.77739826   0.00000000    -0.00121769   0.00000000
 -0.00549039   0.00000000    -0.00121769   0.00000000     0.48379983   0.00000000
    3    4
 -0.06708357  -0.00124913    -0.00272068   0.00075435     0.01133220   0.00758055
 -0.00262622   0.00061697    -0.06470351  -0.00037959     0.00229900   0.00132630
  0.01065858   0.00991269     0.00253642   0.00072661    -0.11116472   0.00604197
    3    5
 -0.06708357   0.00124913    -0.00272068  -0.00075435     0.01133220  -0.00758055
 -0.00262622  -0.00061697    -0.06470351   0.00037959     0.00229900  -0.00132630
  0.01065858  -0.00991269     0.00253642  -0.00072661    -0.11116472  -0.00604197
    3    6
 -0.04405012  -0.03200429     0.02119857   0.01540166     0.00088163   0.00064054
 -0.00047167  -0.00034269    -0.34011925  -0.24711110     0.00018539   0.00013470
  0.00463693   0.00336893    -0.00002276  -0.00001654    -0.05509731  -0.04003054
    3    7
 -0.06944638   0.21373399     0.00131236  -0.00403904     0.00012809  -0.00039421
  0.00911126  -0.02804157    -0.00782340   0.02407795     0.00026096  -0.00080316
 -0.00047010   0.00144683     0.00091046  -0.00280212    -0.01311836   0.04037417
    4    1
 -0.01876306  -0.00065576    -0.00101617  -0.00219208     0.00390345   0.00585790
 -0.00099841  -0.00189196    -0.00909014  -0.00011568     0.00082719   0.00414219
  0.00809132   0.00889430     0.00159334   0.00561351    -0.04258689  -0.00090314
    4    2
  0.00202325   0.00469503     0.00618530   0.01888214    -0.00689905   0.00187109
  0.00621571   0.01889899     0.00072818   0.00142095    -0.00176585   0.00049469
  0.02391235  -0.00873079     0.00589038  -0.00284038     0.00589680   0.01164496
    4    3
 -0.06708357   0.00124913    -0.00262622  -0.00061697     0.01065858  -0.00991269
 -0.00272068  -0.00075435    -0.06470351   0.00037959     0.00253642  -0.00072661
  0.01133220  -0.00758055     0.00229900  -0.00132630    -0.11116472  -0.00604197
    4    4
  0.10634116  -0.00000000     0.00625684   0.00000509    -0.00300267   0.00345188
  0.00625684  -0.00000509     0.08271137   0.00000000    -0.00063536   0.00163127
 -0.00300267  -0.00345188    -0.00063536  -0.00163127     0.27575641  -0.00000000
    4    5
  0.01151859   0.00006094    -0.00229123  -0.00803065    -0.02463045   0.00963526
 -0.00229123  -0.00803065     0.01233073   0.00136806    -0.00597902   0.00247464
 -0.02463045   0.00963526    -0.00597902   0.00247464    -0.02413486   0.00944540
    4    6
  0.00984268   0.00649680    -0.00137435  -0.00039910    -0.00251227   0.00151146
  0.00141257   0.00094715    -0.00330564  -0.00247160    -0.01373917   0.01823009
 -0.00990407  -0.00465780    -0.00311484   0.00423610    -0.01251742  -0.00574333
    4    7
  0.00123937  -0.00169666     0.00127500  -0.00438340     0.04230911   0.01450434
  0.00015716   0.00114210     0.00000978  -0.00233920     0.00094077  -0.00006064
 -0.00550119  -0.00337992    -0.00064268   0.00566743     0.00341814   0.00417081
    5    1
  0.00202325  -0.00469503     0.00618530  -0.01888214    -0.00689905  -0.00187109
  0.00621571  -0.01889899     0.00072818  -0.00142095    -0.00176585  -0.00049469
  0.02391235   0.00873079     0.00589038   0.00284038     0.00589680  -0.01164496
    5    2
 -0.01876306   0.00065576    -0.00101617   0.00219208     0.00390345  -0.00585790
 -0.00099841   0.00189196    -0.00909014   0.00011568     0.00082719  -0.00414219
  0.00809132  -0.00889430     0.00159334  -0.00561351    -0.04258689   0.00090314
    5    3
 -0.06708357  -0.00124913    -0.00262622   0.00061697     0.01065858   0.00991269
 -0.00272068   0.00075435    -0.06470351  -0.00037959     0.00253642   0.00072661
  0.01133220   0.00758055     0.00229900   0.00132630    -0.11116472   0.00604197
    5    4
  0.01151859  -0.00006094    -0.00229123   0.00803065    -0.02463045  -0.00963526
 -0.00229123   0.00803065     0.01233073  -0.00136806    -0.00597902  -0.00247464
 -0.02463045  -0.00963526    -0.00597902  -0.00247464    -0.02413486  -0.00944540
    5    5
  0.10634116   0.00000000     0.00625684  -0.00000509    -0.00300267  -0.00345188
  0.00625684   0.00000509     0.08271137  -0.00000000    -0.00063536  -0.00163127
 -0.00300267   0.00345188    -0.00063536   0.00163127     0.27575641   0.00000000
    5    6
  0.00922038   0.00735333    -0.00080426  -0.00118376     0.00066115  -0.00285638
  0.00133730   0.00105075    -0.00337213  -0.00238008     0.01309221  -0.01870013
 -0.00749036  -0.00797999     0.00306623  -0.00427142    -0.00933033  -0.01012998
    5    7
 -0.00000540  -0.00210111     0.00154500  -0.00429567    -0.04275423  -0.01313442
 -0.00079846   0.00083160     0.00136704  -0.00189820    -0.00072545  -0.00060203
  0.00643723   0.00049911    -0.00281129   0.00496280    -0.00521687   0.00136513
    6    1
 -0.00291864  -0.00372043    -0.00167928  -0.00367366     0.00426199  -0.00051917
  0.00133992   0.00462594     0.00020120  -0.00052230    -0.00098284   0.00005790
  0.00093366   0.00066791     0.00196271  -0.00023426     0.00259537  -0.00620021
    6    2
  0.00263643   0.00392547     0.00297493   0.00273231     0.00181078  -0.00389296
 -0.00398547  -0.00270383     0.00055891  -0.00002996    -0.00035878   0.00091685
 -0.00034670  -0.00109435     0.00082931  -0.00179426     0.00669877  -0.00055238
    6    3
 -0.04405012   0.03200429    -0.00047167   0.00034269     0.00463693  -0.00336893
  0.02119857  -0.01540166    -0.34011925   0.24711110    -0.00002276   0.00001654
  0.00088163  -0.00064054     0.00018539  -0.00013470    -0.05509731   0.04003054
    6    4
  0.00984268  -0.00649680     0.00141257  -0.00094715    -0.00990407   0.00465780
 -0.00137435   0.00039910    -0.00330564   0.00247160    -0.00311484  -0.00423610
 -0.00251227  -0.00151146    -0.01373917  -0.01823009    -0.01251742   0.00574333
    6    5
  0.00922038  -0.00735333     0.00133730  -0.00105075    -0.00749036   0.00797999
 -0.00080426   0.00118376    -0.00337213   0.00238008     0.00306623   0.00427142
  0.00066115   0.00285638     0.01309221   0.01870013    -0.00933033   0.01012998
    6    6
  0.11155784   0.00000000    -0.00519759   0.00000000    -0.00071023   0.00000000
 -0.00519759   0.00000000     0.58871883   0.00000000    -0.00002950   0.00000000
 -0.00071023   0.00000000    -0.00002950   0.00000000     0.10379714   0.00000000
    6    7
  0.00335338   0.01032065    -0.01500361  -0.04617638     0.00005101   0.00015700
 -0.00428048  -0.01317396     0.00381774   0.01174980    -0.00002540  -0.00007816
 -0.00013713  -0.00042205     0.00007163   0.00022045    -0.00098533  -0.00303254
    7    1
 -0.00238284   0.00088287    -0.00270208   0.00005729     0.00255862  -0.00184573
  0.00155991  -0.00096429     0.01239397  -0.00022041    -0.00047221  -0.00029770
 -0.00067989   0.00333681    -0.00039339  -0.00364269     0.00927872   0.00198504
    7    2
  0.00244670  -0.00068634     0.00221971  -0.00154189    -0.00315486   0.00001069
 -0.00182879   0.00013677    -0.01015648   0.00710668     0.00020704  -0.00051841
  0.00251137   0.00229991    -0.00182286  -0.00317822    -0.00633986   0.00705983
    7    3
 -0.06944638  -0.21373399     0.00911126   0.02804157    -0.00047010  -0.00144683
  0.00131236   0.00403904    -0.00782340  -0.02407795     0.00091046   0.00280212
  0.00012809   0.00039421     0.00026096   0.00080316    -0.01311836  -0.04037417
    7    4
  0.00123937   0.00169666     0.00015716  -0.00114210    -0.00550119   0.00337992
  0.00127500   0.00438340     0.00000978   0.00233920    -0.00064268  -0.00566743
  0.04230911  -0.01450434     0.00094077   0.00006064     0.00341814  -0.00417081
    7    5
 -0.00000540   0.00210111    -0.00079846  -0.00083160     0.00643723  -0.00049911
  0.00154500   0.00429567     0.00136704   0.00189820    -0.00281129  -0.00496280
 -0.04275423   0.01313442    -0.00072545   0.00060203    -0.00521687  -0.00136513
    7    6
  0.00335338  -0.01032065    -0.00428048   0.01317396    -0.00013713   0.00042205
 -0.01500361   0.04617638     0.00381774  -0.01174980     0.00007163  -0.00022045
  0.00005101  -0.00015700    -0.00002540   0.00007816    -0.00098533   0.00303254
    7    7
  0.69958718   0.00000000    -0.00342822   0.00000000     0.00021407   0.00000000
 -0.00342822   0.00000000     0.09638443   0.00000000    -0.00016495   0.00000000
  0.00021407   0.00000000    -0.00016495   0.00000000     0.10402377   0.00000000

     Dynamical  Matrix in cartesian axes

     q = (   -0.200000000   0.400000000  -0.182159698 ) 

    1    1
  0.08609658   0.00000000    -0.00458276  -0.00001683     0.00012610   0.00274113
 -0.00458276   0.00001683     0.14264603   0.00000000    -0.00063625  -0.00362872
  0.00012610  -0.00274113    -0.00063625   0.00362872     0.17761389  -0.00000000
    1    2
 -0.00115549   0.00420652     0.00525580   0.01491466    -0.00952169   0.00165810
  0.00525580   0.01491466    -0.00328264   0.00354763     0.03682564  -0.01127076
 -0.00952169   0.00165810     0.03682564  -0.01127076     0.01845253  -0.00060592
    1    3
  0.00028525   0.00603195     0.01393209   0.04474979     0.01515906  -0.00789103
  0.01491220   0.04729123     0.00153168   0.00391372    -0.06692798   0.02543897
  0.01505532  -0.00660776    -0.06392299   0.02406736    -0.02490491   0.00168560
    1    4
 -0.00909014   0.00011568     0.00101617  -0.00219208    -0.00159334   0.00561351
  0.00099841  -0.00189196    -0.01876306   0.00065576     0.00809132  -0.00889430
 -0.00082719   0.00414219     0.00390345  -0.00585790    -0.04258689   0.00090314
    1    5
  0.00072818   0.00142095    -0.00618530  -0.01888214    -0.00589038   0.00284038
 -0.00621571  -0.01889899     0.00202325   0.00469503     0.02391235  -0.00873079
  0.00176585  -0.00049469    -0.00689905   0.00187109     0.00589680   0.01164496
    1    6
 -0.01015648   0.00710668    -0.00221971   0.00154189     0.00182286   0.00317822
  0.00182879  -0.00013677     0.00244670  -0.00068634     0.00251137   0.00229991
 -0.00020704   0.00051841    -0.00315486   0.00001069    -0.00633986   0.00705983
    1    7
  0.00020120   0.00052230     0.00167928  -0.00367366    -0.00196271  -0.00023426
 -0.00133992   0.00462594    -0.00291864   0.00372043     0.00093366  -0.00066791
  0.00098284   0.00005790     0.00426199   0.00051917     0.00259537   0.00620021
    2    1
 -0.00115549  -0.00420652     0.00525580  -0.01491466    -0.00952169  -0.00165810
  0.00525580  -0.01491466    -0.00328264  -0.00354763     0.03682564   0.01127076
 -0.00952169  -0.00165810     0.03682564   0.01127076     0.01845253   0.00060592
    2    2
  0.08609658  -0.00000000    -0.00458276   0.00001683     0.00012610  -0.00274113
 -0.00458276  -0.00001683     0.14264603  -0.00000000    -0.00063625   0.00362872
  0.00012610   0.00274113    -0.00063625  -0.00362872     0.17761389   0.00000000
    2    3
  0.00028525  -0.00603195     0.01393209  -0.04474979     0.01515906   0.00789103
  0.01491220  -0.04729123     0.00153168  -0.00391372    -0.06692798  -0.02543897
  0.01505532   0.00660776    -0.06392299  -0.02406736    -0.02490491  -0.00168560
    2    4
  0.00072818  -0.00142095    -0.00618530   0.01888214    -0.00589038  -0.00284038
 -0.00621571   0.01889899     0.00202325  -0.00469503     0.02391235   0.00873079
  0.00176585   0.00049469    -0.00689905  -0.00187109     0.00589680  -0.01164496
    2    5
 -0.00909014  -0.00011568     0.00101617   0.00219208    -0.00159334  -0.00561351
  0.00099841   0.00189196    -0.01876306  -0.00065576     0.00809132   0.00889430
 -0.00082719  -0.00414219     0.00390345   0.00585790    -0.04258689  -0.00090314
    2    6
  0.01239397  -0.00022041     0.00270208  -0.00005729     0.00039339   0.00364269
 -0.00155991   0.00096429    -0.00238284   0.00088287    -0.00067989   0.00333681
  0.00047221   0.00029770     0.00255862  -0.00184573     0.00927872   0.00198504
    2    7
  0.00055891   0.00002996    -0.00297493   0.00273231    -0.00082931  -0.00179426
  0.00398547  -0.00270383     0.00263643  -0.00392547    -0.00034670   0.00109435
  0.00035878   0.00091685     0.00181078   0.00389296     0.00669877   0.00055238
    3    1
  0.00028525  -0.00603195     0.01491220  -0.04729123     0.01505532   0.00660776
  0.01393209  -0.04474979     0.00153168  -0.00391372    -0.06392299  -0.02406736
  0.01515906   0.00789103    -0.06692798  -0.02543897    -0.02490491  -0.00168560
    3    2
  0.00028525   0.00603195     0.01491220   0.04729123     0.01505532  -0.00660776
  0.01393209   0.04474979     0.00153168   0.00391372    -0.06392299   0.02406736
  0.01515906  -0.00789103    -0.06692798   0.02543897    -0.02490491   0.00168560
    3    3
  0.77739826   0.00000000    -0.01677458   0.00000000     0.00121769   0.00000000
 -0.01677458   0.00000000     0.73376904   0.00000000    -0.00549039   0.00000000
  0.00121769   0.00000000    -0.00549039   0.00000000     0.48379983   0.00000000
    3    4
 -0.06470351  -0.00037959     0.00262622  -0.00061697    -0.00229900  -0.00132630
  0.00272068  -0.00075435    -0.06708357  -0.00124913     0.01133220   0.00758055
 -0.00253642  -0.00072661     0.01065858   0.00991269    -0.11116472   0.00604197
    3    5
 -0.06470351   0.00037959     0.00262622   0.00061697    -0.00229900   0.00132630
  0.00272068   0.00075435    -0.06708357   0.00124913     0.01133220  -0.00758055
 -0.00253642   0.00072661     0.01065858  -0.00991269    -0.11116472  -0.00604197
    3    6
 -0.00782340  -0.02407795    -0.00911126  -0.02804157    -0.00026096  -0.00080316
 -0.00131236  -0.00403904    -0.06944638  -0.21373399     0.00012809   0.00039421
 -0.00091046  -0.00280212    -0.00047010  -0.00144683    -0.01311836  -0.04037417
    3    7
 -0.34011925  -0.24711110     0.00047167   0.00034269    -0.00018539  -0.00013470
 -0.02119857  -0.01540166    -0.04405012  -0.03200429     0.00088163   0.00064054
  0.00002276   0.00001654     0.00463693   0.00336893    -0.05509731  -0.04003054
    4    1
 -0.00909014  -0.00011568     0.00099841   0.00189196    -0.00082719  -0.00414219
  0.00101617   0.00219208    -0.01876306  -0.00065576     0.00390345   0.00585790
 -0.00159334  -0.00561351     0.00809132   0.00889430    -0.04258689  -0.00090314
    4    2
  0.00072818   0.00142095    -0.00621571  -0.01889899     0.00176585  -0.00049469
 -0.00618530  -0.01888214     0.00202325   0.00469503    -0.00689905   0.00187109
 -0.00589038   0.00284038     0.02391235  -0.00873079     0.00589680   0.01164496
    4    3
 -0.06470351   0.00037959     0.00272068   0.00075435    -0.00253642   0.00072661
  0.00262622   0.00061697    -0.06708357   0.00124913     0.01065858  -0.00991269
 -0.00229900   0.00132630     0.01133220  -0.00758055    -0.11116472  -0.00604197
    4    4
  0.08271137  -0.00000000    -0.00625684   0.00000509     0.00063536  -0.00163127
 -0.00625684  -0.00000509     0.10634116  -0.00000000    -0.00300267   0.00345188
  0.00063536   0.00163127    -0.00300267  -0.00345188     0.27575641  -0.00000000
    4    5
  0.01233073   0.00136806     0.00229123   0.00803065     0.00597902  -0.00247464
  0.00229123   0.00803065     0.01151859   0.00006094    -0.02463045   0.00963526
  0.00597902  -0.00247464    -0.02463045   0.00963526    -0.02413486   0.00944540
    4    6
  0.00136704   0.00189820     0.00079846   0.00083160     0.00072545  -0.00060203
 -0.00154500  -0.00429567    -0.00000540   0.00210111    -0.04275423   0.01313442
  0.00281129   0.00496280     0.00643723  -0.00049911    -0.00521687  -0.00136513
    4    7
 -0.00330564  -0.00247160    -0.00141257  -0.00094715     0.01373917  -0.01823009
  0.00137435   0.00039910     0.00984268   0.00649680    -0.00251227   0.00151146
  0.00311484  -0.00423610    -0.00990407  -0.00465780    -0.01251742  -0.00574333
    5    1
  0.00072818  -0.00142095    -0.00621571   0.01889899     0.00176585   0.00049469
 -0.00618530   0.01888214     0.00202325  -0.00469503    -0.00689905  -0.00187109
 -0.00589038  -0.00284038     0.02391235   0.00873079     0.00589680  -0.01164496
    5    2
 -0.00909014   0.00011568     0.00099841  -0.00189196    -0.00082719   0.00414219
  0.00101617  -0.00219208    -0.01876306   0.00065576     0.00390345  -0.00585790
 -0.00159334   0.00561351     0.00809132  -0.00889430    -0.04258689   0.00090314
    5    3
 -0.06470351  -0.00037959     0.00272068  -0.00075435    -0.00253642  -0.00072661
  0.00262622  -0.00061697    -0.06708357  -0.00124913     0.01065858   0.00991269
 -0.00229900  -0.00132630     0.01133220   0.00758055    -0.11116472   0.00604197
    5    4
  0.01233073  -0.00136806     0.00229123  -0.00803065     0.00597902   0.00247464
  0.00229123  -0.00803065     0.01151859  -0.00006094    -0.02463045  -0.00963526
  0.00597902   0.00247464    -0.02463045  -0.00963526    -0.02413486  -0.00944540
    5    5
  0.08271137   0.00000000    -0.00625684  -0.00000509     0.00063536   0.00163127
 -0.00625684   0.00000509     0.10634116   0.00000000    -0.00300267  -0.00345188
  0.00063536  -0.00163127    -0.00300267   0.00345188     0.27575641   0.00000000
    5    6
  0.00000978   0.00233920    -0.00015716   0.00114210    -0.00094077  -0.00006064
 -0.00127500  -0.00438340     0.00123937   0.00169666     0.04230911  -0.01450434
  0.00064268   0.00566743    -0.00550119   0.00337992     0.00341814  -0.00417081
    5    7
 -0.00337213  -0.00238008    -0.00133730  -0.00105075    -0.01309221   0.01870013
  0.00080426   0.00118376     0.00922038   0.00735333     0.00066115  -0.00285638
 -0.00306623   0.00427142    -0.00749036  -0.00797999    -0.00933033  -0.01012998
    6    1
 -0.01015648  -0.00710668     0.00182879   0.00013677    -0.00020704  -0.00051841
 -0.00221971  -0.00154189     0.00244670   0.00068634    -0.00315486  -0.00001069
  0.00182286  -0.00317822     0.00251137  -0.00229991    -0.00633986  -0.00705983
    6    2
  0.01239397   0.00022041    -0.00155991  -0.00096429     0.00047221  -0.00029770
  0.00270208   0.00005729    -0.00238284  -0.00088287     0.00255862   0.00184573
  0.00039339  -0.00364269    -0.00067989  -0.00333681     0.00927872  -0.00198504
    6    3
 -0.00782340   0.02407795    -0.00131236   0.00403904    -0.00091046   0.00280212
 -0.00911126   0.02804157    -0.06944638   0.21373399    -0.00047010   0.00144683
 -0.00026096   0.00080316     0.00012809  -0.00039421    -0.01311836   0.04037417
    6    4
  0.00136704  -0.00189820    -0.00154500   0.00429567     0.00281129  -0.00496280
  0.00079846  -0.00083160    -0.00000540  -0.00210111     0.00643723   0.00049911
  0.00072545   0.00060203    -0.04275423  -0.01313442    -0.00521687   0.00136513
    6    5
  0.00000978  -0.00233920    -0.00127500   0.00438340     0.00064268  -0.00566743
 -0.00015716  -0.00114210     0.00123937  -0.00169666    -0.00550119  -0.00337992
 -0.00094077   0.00006064     0.04230911   0.01450434     0.00341814   0.00417081
    6    6
  0.09638443   0.00000000     0.00342822   0.00000000     0.00016495   0.00000000
  0.00342822   0.00000000     0.69958718   0.00000000     0.00021407   0.00000000
  0.00016495   0.00000000     0.00021407   0.00000000     0.10402377   0.00000000
    6    7
 -0.00999497   0.00726177    -0.03927997   0.02853857     0.00018753  -0.00013625
 -0.01120644   0.00814196    -0.00877927   0.00637851     0.00035901  -0.00026084
 -0.00006649   0.00004831    -0.00013355   0.00009703     0.00257963  -0.00187421
    7    1
  0.00020120  -0.00052230    -0.00133992  -0.00462594     0.00098284  -0.00005790
  0.00167928   0.00367366    -0.00291864  -0.00372043     0.00426199  -0.00051917
 -0.00196271   0.00023426     0.00093366   0.00066791     0.00259537  -0.00620021
    7    2
  0.00055891  -0.00002996     0.00398547   0.00270383     0.00035878  -0.00091685
 -0.00297493  -0.00273231     0.00263643   0.00392547     0.00181078  -0.00389296
 -0.00082931   0.00179426    -0.00034670  -0.00109435     0.00669877  -0.00055238
    7    3
 -0.34011925   0.24711110    -0.02119857   0.01540166     0.00002276  -0.00001654
  0.00047167  -0.00034269    -0.04405012   0.03200429     0.00463693  -0.00336893
 -0.00018539   0.00013470     0.00088163  -0.00064054    -0.05509731   0.04003054
    7    4
 -0.00330564   0.00247160     0.00137435  -0.00039910     0.00311484   0.00423610
 -0.00141257   0.00094715     0.00984268  -0.00649680    -0.00990407   0.00465780
  0.01373917   0.01823009    -0.00251227  -0.00151146    -0.01251742   0.00574333
    7    5
 -0.00337213   0.00238008     0.00080426  -0.00118376    -0.00306623  -0.00427142
 -0.00133730   0.00105075     0.00922038  -0.00735333    -0.00749036   0.00797999
 -0.01309221  -0.01870013     0.00066115   0.00285638    -0.00933033   0.01012998
    7    6
 -0.00999497  -0.00726177    -0.01120644  -0.00814196    -0.00006649  -0.00004831
 -0.03927997  -0.02853857    -0.00877927  -0.00637851    -0.00013355  -0.00009703
  0.00018753   0.00013625     0.00035901   0.00026084     0.00257963   0.00187421
    7    7
  0.58871883   0.00000000     0.00519759   0.00000000     0.00002950   0.00000000
  0.00519759   0.00000000     0.11155784   0.00000000    -0.00071023   0.00000000
  0.00002950   0.00000000    -0.00071023   0.00000000     0.10379714   0.00000000

     Dynamical  Matrix in cartesian axes

     q = (    0.200000000  -0.400000000  -0.182159698 ) 

    1    1
  0.08609658   0.00000000    -0.00458276  -0.00001683    -0.00012610  -0.00274113
 -0.00458276   0.00001683     0.14264603   0.00000000     0.00063625   0.00362872
 -0.00012610   0.00274113     0.00063625  -0.00362872     0.17761389   0.00000000
    1    2
 -0.00115549   0.00420652     0.00525580   0.01491466     0.00952169  -0.00165810
  0.00525580   0.01491466    -0.00328264   0.00354763    -0.03682564   0.01127076
  0.00952169  -0.00165810    -0.03682564   0.01127076     0.01845253  -0.00060592
    1    3
  0.00028525   0.00603195     0.01393209   0.04474979    -0.01515906   0.00789103
  0.01491220   0.04729123     0.00153168   0.00391372     0.06692798  -0.02543897
 -0.01505532   0.00660776     0.06392299  -0.02406736    -0.02490491   0.00168560
    1    4
 -0.00909014   0.00011568     0.00101617  -0.00219208     0.00159334  -0.00561351
  0.00099841  -0.00189196    -0.01876306   0.00065576    -0.00809132   0.00889430
  0.00082719  -0.00414219    -0.00390345   0.00585790    -0.04258689   0.00090314
    1    5
  0.00072818   0.00142095    -0.00618530  -0.01888214     0.00589038  -0.00284038
 -0.00621571  -0.01889899     0.00202325   0.00469503    -0.02391235   0.00873079
 -0.00176585   0.00049469     0.00689905  -0.00187109     0.00589680   0.01164496
    1    6
  0.01239397   0.00022041     0.00270208   0.00005729    -0.00039339   0.00364269
 -0.00155991  -0.00096429    -0.00238284  -0.00088287     0.00067989   0.00333681
 -0.00047221   0.00029770    -0.00255862  -0.00184573     0.00927872  -0.00198504
    1    7
  0.00055891  -0.00002996    -0.00297493  -0.00273231     0.00082931  -0.00179426
  0.00398547   0.00270383     0.00263643   0.00392547     0.00034670   0.00109435
 -0.00035878   0.00091685    -0.00181078   0.00389296     0.00669877  -0.00055238
    2    1
 -0.00115549  -0.00420652     0.00525580  -0.01491466     0.00952169   0.00165810
  0.00525580  -0.01491466    -0.00328264  -0.00354763    -0.03682564  -0.01127076
  0.00952169   0.00165810    -0.03682564  -0.01127076     0.01845253   0.00060592
    2    2
  0.08609658  -0.00000000    -0.00458276   0.00001683    -0.00012610   0.00274113
 -0.00458276  -0.00001683     0.14264603  -0.00000000     0.00063625  -0.00362872
 -0.00012610  -0.00274113     0.00063625   0.00362872     0.17761389   0.00000000
    2    3
  0.00028525  -0.00603195     0.01393209  -0.04474979    -0.01515906  -0.00789103
  0.01491220  -0.04729123     0.00153168  -0.00391372     0.06692798   0.02543897
 -0.01505532  -0.00660776     0.06392299   0.02406736    -0.02490491  -0.00168560
    2    4
  0.00072818  -0.00142095    -0.00618530   0.01888214     0.00589038   0.00284038
 -0.00621571   0.01889899     0.00202325  -0.00469503    -0.02391235  -0.00873079
 -0.00176585  -0.00049469     0.00689905   0.00187109     0.00589680  -0.01164496
    2    5
 -0.00909014  -0.00011568     0.00101617   0.00219208     0.00159334   0.00561351
  0.00099841   0.00189196    -0.01876306  -0.00065576    -0.00809132  -0.00889430
  0.00082719   0.00414219    -0.00390345  -0.00585790    -0.04258689  -0.00090314
    2    6
 -0.01015648  -0.00710668    -0.00221971  -0.00154189    -0.00182286   0.00317822
  0.00182879   0.00013677     0.00244670   0.00068634    -0.00251137   0.00229991
  0.00020704   0.00051841     0.00315486   0.00001069    -0.00633986  -0.00705983
    2    7
  0.00020120  -0.00052230     0.00167928   0.00367366     0.00196271  -0.00023426
 -0.00133992  -0.00462594    -0.00291864  -0.00372043    -0.00093366  -0.00066791
 -0.00098284   0.00005790    -0.00426199   0.00051917     0.00259537  -0.00620021
    3    1
  0.00028525  -0.00603195     0.01491220  -0.04729123    -0.01505532  -0.00660776
  0.01393209  -0.04474979     0.00153168  -0.00391372     0.06392299   0.02406736
 -0.01515906  -0.00789103     0.06692798   0.02543897    -0.02490491  -0.00168560
    3    2
  0.00028525   0.00603195     0.01491220   0.04729123    -0.01505532   0.00660776
  0.01393209   0.04474979     0.00153168   0.00391372     0.06392299  -0.02406736
 -0.01515906   0.00789103     0.06692798  -0.02543897    -0.02490491   0.00168560
    3    3
  0.77739826   0.00000000    -0.01677458   0.00000000    -0.00121769   0.00000000
 -0.01677458   0.00000000     0.73376904   0.00000000     0.00549039   0.00000000
 -0.00121769   0.00000000     0.00549039   0.00000000     0.48379983   0.00000000
    3    4
 -0.06470351  -0.00037959     0.00262622  -0.00061697     0.00229900   0.00132630
  0.00272068  -0.00075435    -0.06708357  -0.00124913    -0.01133220  -0.00758055
  0.00253642   0.00072661    -0.01065858  -0.00991269    -0.11116472   0.00604197
    3    5
 -0.06470351   0.00037959     0.00262622   0.00061697     0.00229900  -0.00132630
  0.00272068   0.00075435    -0.06708357   0.00124913    -0.01133220   0.00758055
  0.00253642  -0.00072661    -0.01065858   0.00991269    -0.11116472  -0.00604197
    3    6
 -0.00782340   0.02407795    -0.00911126   0.02804157     0.00026096  -0.00080316
 -0.00131236   0.00403904    -0.06944638   0.21373399    -0.00012809   0.00039421
  0.00091046  -0.00280212     0.00047010  -0.00144683    -0.01311836   0.04037417
    3    7
 -0.34011925   0.24711110     0.00047167  -0.00034269     0.00018539  -0.00013470
 -0.02119857   0.01540166    -0.04405012   0.03200429    -0.00088163   0.00064054
 -0.00002276   0.00001654    -0.00463693   0.00336893    -0.05509731   0.04003054
    4    1
 -0.00909014  -0.00011568     0.00099841   0.00189196     0.00082719   0.00414219
  0.00101617   0.00219208    -0.01876306  -0.00065576    -0.00390345  -0.00585790
  0.00159334   0.00561351    -0.00809132  -0.00889430    -0.04258689  -0.00090314
    4    2
  0.00072818   0.00142095    -0.00621571  -0.01889899    -0.00176585   0.00049469
 -0.00618530  -0.01888214     0.00202325   0.00469503     0.00689905  -0.00187109
  0.00589038  -0.00284038    -0.02391235   0.00873079     0.00589680   0.01164496
    4    3
 -0.06470351   0.00037959     0.00272068   0.00075435     0.00253642  -0.00072661
  0.00262622   0.00061697    -0.06708357   0.00124913    -0.01065858   0.00991269
  0.00229900  -0.00132630    -0.01133220   0.00758055    -0.11116472  -0.00604197
    4    4
  0.08271137   0.00000000    -0.00625684   0.00000509    -0.00063536   0.00163127
 -0.00625684  -0.00000509     0.10634116  -0.00000000     0.00300267  -0.00345188
 -0.00063536  -0.00163127     0.00300267   0.00345188     0.27575641   0.00000000
    4    5
  0.01233073   0.00136806     0.00229123   0.00803065    -0.00597902   0.00247464
  0.00229123   0.00803065     0.01151859   0.00006094     0.02463045  -0.00963526
 -0.00597902   0.00247464     0.02463045  -0.00963526    -0.02413486   0.00944540
    4    6
  0.00000978  -0.00233920    -0.00015716  -0.00114210     0.00094077  -0.00006064
 -0.00127500   0.00438340     0.00123937  -0.00169666    -0.04230911  -0.01450434
 -0.00064268   0.00566743     0.00550119   0.00337992     0.00341814   0.00417081
    4    7
 -0.00337213   0.00238008    -0.00133730   0.00105075     0.01309221   0.01870013
  0.00080426  -0.00118376     0.00922038  -0.00735333    -0.00066115  -0.00285638
  0.00306623   0.00427142     0.00749036  -0.00797999    -0.00933033   0.01012998
    5    1
  0.00072818  -0.00142095    -0.00621571   0.01889899    -0.00176585  -0.00049469
 -0.00618530   0.01888214     0.00202325  -0.00469503     0.00689905   0.00187109
  0.00589038   0.00284038    -0.02391235  -0.00873079     0.00589680  -0.01164496
    5    2
 -0.00909014   0.00011568     0.00099841  -0.00189196     0.00082719  -0.00414219
  0.00101617  -0.00219208    -0.01876306   0.00065576    -0.00390345   0.00585790
  0.00159334  -0.00561351    -0.00809132   0.00889430    -0.04258689   0.00090314
    5    3
 -0.06470351  -0.00037959     0.00272068  -0.00075435     0.00253642   0.00072661
  0.00262622  -0.00061697    -0.06708357  -0.00124913    -0.01065858  -0.00991269
  0.00229900   0.00132630    -0.01133220  -0.00758055    -0.11116472   0.00604197
    5    4
  0.01233073  -0.00136806     0.00229123  -0.00803065    -0.00597902  -0.00247464
  0.00229123  -0.00803065     0.01151859  -0.00006094     0.02463045   0.00963526
 -0.00597902  -0.00247464     0.02463045   0.00963526    -0.02413486  -0.00944540
    5    5
  0.08271137  -0.00000000    -0.00625684  -0.00000509    -0.00063536  -0.00163127
 -0.00625684   0.00000509     0.10634116   0.00000000     0.00300267   0.00345188
 -0.00063536   0.00163127     0.00300267  -0.00345188     0.27575641  -0.00000000
    5    6
  0.00136704  -0.00189820     0.00079846  -0.00083160    -0.00072545  -0.00060203
 -0.00154500   0.00429567    -0.00000540  -0.00210111     0.04275423   0.01313442
 -0.00281129   0.00496280    -0.00643723  -0.00049911    -0.00521687   0.00136513
    5    7
 -0.00330564   0.00247160    -0.00141257   0.00094715    -0.01373917  -0.01823009
  0.00137435  -0.00039910     0.00984268  -0.00649680     0.00251227   0.00151146
 -0.00311484  -0.00423610     0.00990407  -0.00465780    -0.01251742   0.00574333
    6    1
  0.01239397  -0.00022041    -0.00155991   0.00096429    -0.00047221  -0.00029770
  0.00270208  -0.00005729    -0.00238284   0.00088287    -0.00255862   0.00184573
 -0.00039339  -0.00364269     0.00067989  -0.00333681     0.00927872   0.00198504
    6    2
 -0.01015648   0.00710668     0.00182879  -0.00013677     0.00020704  -0.00051841
 -0.00221971   0.00154189     0.00244670  -0.00068634     0.00315486  -0.00001069
 -0.00182286  -0.00317822    -0.00251137  -0.00229991    -0.00633986   0.00705983
    6    3
 -0.00782340  -0.02407795    -0.00131236  -0.00403904     0.00091046   0.00280212
 -0.00911126  -0.02804157    -0.06944638  -0.21373399     0.00047010   0.00144683
  0.00026096   0.00080316    -0.00012809  -0.00039421    -0.01311836  -0.04037417
    6    4
  0.00000978   0.00233920    -0.00127500  -0.00438340    -0.00064268  -0.00566743
 -0.00015716   0.00114210     0.00123937   0.00169666     0.00550119  -0.00337992
  0.00094077   0.00006064    -0.04230911   0.01450434     0.00341814  -0.00417081
    6    5
  0.00136704   0.00189820    -0.00154500  -0.00429567    -0.00281129  -0.00496280
  0.00079846   0.00083160    -0.00000540   0.00210111    -0.00643723   0.00049911
 -0.00072545   0.00060203     0.04275423  -0.01313442    -0.00521687  -0.00136513
    6    6
  0.09638443   0.00000000     0.00342822   0.00000000    -0.00016495   0.00000000
  0.00342822   0.00000000     0.69958718   0.00000000    -0.00021407   0.00000000
 -0.00016495   0.00000000    -0.00021407   0.00000000     0.10402377   0.00000000
    6    7
 -0.00999497  -0.00726177    -0.03927997  -0.02853857    -0.00018753  -0.00013625
 -0.01120644  -0.00814196    -0.00877927  -0.00637851    -0.00035901  -0.00026084
  0.00006649   0.00004831     0.00013355   0.00009703     0.00257963   0.00187421
    7    1
  0.00055891   0.00002996     0.00398547  -0.00270383    -0.00035878  -0.00091685
 -0.00297493   0.00273231     0.00263643  -0.00392547    -0.00181078  -0.00389296
  0.00082931   0.00179426     0.00034670  -0.00109435     0.00669877   0.00055238
    7    2
  0.00020120   0.00052230    -0.00133992   0.00462594    -0.00098284  -0.00005790
  0.00167928  -0.00367366    -0.00291864   0.00372043    -0.00426199  -0.00051917
  0.00196271   0.00023426    -0.00093366   0.00066791     0.00259537   0.00620021
    7    3
 -0.34011925  -0.24711110    -0.02119857  -0.01540166    -0.00002276  -0.00001654
  0.00047167   0.00034269    -0.04405012  -0.03200429    -0.00463693  -0.00336893
  0.00018539   0.00013470    -0.00088163  -0.00064054    -0.05509731  -0.04003054
    7    4
 -0.00337213  -0.00238008     0.00080426   0.00118376     0.00306623  -0.00427142
 -0.00133730  -0.00105075     0.00922038   0.00735333     0.00749036   0.00797999
  0.01309221  -0.01870013    -0.00066115   0.00285638    -0.00933033  -0.01012998
    7    5
 -0.00330564  -0.00247160     0.00137435   0.00039910    -0.00311484   0.00423610
 -0.00141257  -0.00094715     0.00984268   0.00649680     0.00990407   0.00465780
 -0.01373917   0.01823009     0.00251227  -0.00151146    -0.01251742  -0.00574333
    7    6
 -0.00999497   0.00726177    -0.01120644   0.00814196     0.00006649  -0.00004831
 -0.03927997   0.02853857    -0.00877927   0.00637851     0.00013355  -0.00009703
 -0.00018753   0.00013625    -0.00035901   0.00026084     0.00257963  -0.00187421
    7    7
  0.58871883   0.00000000     0.00519759   0.00000000    -0.00002950   0.00000000
  0.00519759   0.00000000     0.11155784   0.00000000     0.00071023   0.00000000
 -0.00002950   0.00000000     0.00071023   0.00000000     0.10379714   0.00000000

     Dynamical  Matrix in cartesian axes

     q = (   -0.400000000  -0.200000000   0.182159698 ) 

    1    1
  0.14264603  -0.00000000     0.00458276   0.00001683    -0.00063625   0.00362872
  0.00458276  -0.00001683     0.08609658  -0.00000000    -0.00012610   0.00274113
 -0.00063625  -0.00362872    -0.00012610  -0.00274113     0.17761389   0.00000000
    1    2
 -0.00328264  -0.00354763    -0.00525580   0.01491466     0.03682564   0.01127076
 -0.00525580   0.01491466    -0.00115549  -0.00420652     0.00952169   0.00165810
  0.03682564   0.01127076     0.00952169   0.00165810     0.01845253   0.00060592
    1    3
  0.00153168  -0.00391372    -0.01491220   0.04729123    -0.06692798  -0.02543897
 -0.01393209   0.04474979     0.00028525  -0.00603195    -0.01515906  -0.00789103
 -0.06392299  -0.02406736    -0.01505532  -0.00660776    -0.02490491  -0.00168560
    1    4
 -0.01876306  -0.00065576    -0.00099841  -0.00189196     0.00809132   0.00889430
 -0.00101617  -0.00219208    -0.00909014  -0.00011568     0.00159334   0.00561351
  0.00390345   0.00585790     0.00082719   0.00414219    -0.04258689  -0.00090314
    1    5
  0.00202325  -0.00469503     0.00621571  -0.01889899     0.02391235   0.00873079
  0.00618530  -0.01888214     0.00072818  -0.00142095     0.00589038   0.00284038
 -0.00689905  -0.00187109    -0.00176585  -0.00049469     0.00589680  -0.01164496
    1    6
 -0.00291864  -0.00372043     0.00133992   0.00462594     0.00093366   0.00066791
 -0.00167928  -0.00367366     0.00020120  -0.00052230     0.00196271  -0.00023426
  0.00426199  -0.00051917    -0.00098284   0.00005790     0.00259537  -0.00620021
    1    7
 -0.00238284   0.00088287     0.00155991  -0.00096429    -0.00067989   0.00333681
 -0.00270208   0.00005729     0.01239397  -0.00022041    -0.00039339  -0.00364269
  0.00255862  -0.00184573    -0.00047221  -0.00029770     0.00927872   0.00198504
    2    1
 -0.00328264   0.00354763    -0.00525580  -0.01491466     0.03682564  -0.01127076
 -0.00525580  -0.01491466    -0.00115549   0.00420652     0.00952169  -0.00165810
  0.03682564  -0.01127076     0.00952169  -0.00165810     0.01845253  -0.00060592
    2    2
  0.14264603   0.00000000     0.00458276  -0.00001683    -0.00063625  -0.00362872
  0.00458276   0.00001683     0.08609658   0.00000000    -0.00012610  -0.00274113
 -0.00063625   0.00362872    -0.00012610   0.00274113     0.17761389  -0.00000000
    2    3
  0.00153168   0.00391372    -0.01491220  -0.04729123    -0.06692798   0.02543897
 -0.01393209  -0.04474979     0.00028525   0.00603195    -0.01515906   0.00789103
 -0.06392299   0.02406736    -0.01505532   0.00660776    -0.02490491   0.00168560
    2    4
  0.00202325   0.00469503     0.00621571   0.01889899     0.02391235  -0.00873079
  0.00618530   0.01888214     0.00072818   0.00142095     0.00589038  -0.00284038
 -0.00689905   0.00187109    -0.00176585   0.00049469     0.00589680   0.01164496
    2    5
 -0.01876306   0.00065576    -0.00099841   0.00189196     0.00809132  -0.00889430
 -0.00101617   0.00219208    -0.00909014   0.00011568     0.00159334  -0.00561351
  0.00390345  -0.00585790     0.00082719  -0.00414219    -0.04258689   0.00090314
    2    6
  0.00263643   0.00392547    -0.00398547  -0.00270383    -0.00034670  -0.00109435
  0.00297493   0.00273231     0.00055891  -0.00002996     0.00082931  -0.00179426
  0.00181078  -0.00389296    -0.00035878   0.00091685     0.00669877  -0.00055238
    2    7
  0.00244670  -0.00068634    -0.00182879   0.00013677     0.00251137   0.00229991
  0.00221971  -0.00154189    -0.01015648   0.00710668    -0.00182286  -0.00317822
 -0.00315486   0.00001069     0.00020704  -0.00051841    -0.00633986   0.00705983
    3    1
  0.00153168   0.00391372    -0.01393209  -0.04474979    -0.06392299   0.02406736
 -0.01491220  -0.04729123     0.00028525   0.00603195    -0.01505532   0.00660776
 -0.06692798   0.02543897    -0.01515906   0.00789103    -0.02490491   0.00168560
    3    2
  0.00153168  -0.00391372    -0.01393209   0.04474979    -0.06392299  -0.02406736
 -0.01491220   0.04729123     0.00028525  -0.00603195    -0.01505532  -0.00660776
 -0.06692798  -0.02543897    -0.01515906  -0.00789103    -0.02490491  -0.00168560
    3    3
  0.73376904   0.00000000     0.01677458   0.00000000    -0.00549039   0.00000000
  0.01677458   0.00000000     0.77739826   0.00000000    -0.00121769   0.00000000
 -0.00549039   0.00000000    -0.00121769   0.00000000     0.48379983   0.00000000
    3    4
 -0.06708357   0.00124913    -0.00272068  -0.00075435     0.01133220  -0.00758055
 -0.00262622  -0.00061697    -0.06470351   0.00037959     0.00229900  -0.00132630
  0.01065858  -0.00991269     0.00253642  -0.00072661    -0.11116472  -0.00604197
    3    5
 -0.06708357  -0.00124913    -0.00272068   0.00075435     0.01133220   0.00758055
 -0.00262622   0.00061697    -0.06470351  -0.00037959     0.00229900   0.00132630
  0.01065858   0.00991269     0.00253642   0.00072661    -0.11116472   0.00604197
    3    6
 -0.04405012   0.03200429     0.02119857  -0.01540166     0.00088163  -0.00064054
 -0.00047167   0.00034269    -0.34011925   0.24711110     0.00018539  -0.00013470
  0.00463693  -0.00336893    -0.00002276   0.00001654    -0.05509731   0.04003054
    3    7
 -0.06944638  -0.21373399     0.00131236   0.00403904     0.00012809   0.00039421
  0.00911126   0.02804157    -0.00782340  -0.02407795     0.00026096   0.00080316
 -0.00047010  -0.00144683     0.00091046   0.00280212    -0.01311836  -0.04037417
    4    1
 -0.01876306   0.00065576    -0.00101617   0.00219208     0.00390345  -0.00585790
 -0.00099841   0.00189196    -0.00909014   0.00011568     0.00082719  -0.00414219
  0.00809132  -0.00889430     0.00159334  -0.00561351    -0.04258689   0.00090314
    4    2
  0.00202325  -0.00469503     0.00618530  -0.01888214    -0.00689905  -0.00187109
  0.00621571  -0.01889899     0.00072818  -0.00142095    -0.00176585  -0.00049469
  0.02391235   0.00873079     0.00589038   0.00284038     0.00589680  -0.01164496
    4    3
 -0.06708357  -0.00124913    -0.00262622   0.00061697     0.01065858   0.00991269
 -0.00272068   0.00075435    -0.06470351  -0.00037959     0.00253642   0.00072661
  0.01133220   0.00758055     0.00229900   0.00132630    -0.11116472   0.00604197
    4    4
  0.10634116   0.00000000     0.00625684  -0.00000509    -0.00300267  -0.00345188
  0.00625684   0.00000509     0.08271137  -0.00000000    -0.00063536  -0.00163127
 -0.00300267   0.00345188    -0.00063536   0.00163127     0.27575641   0.00000000
    4    5
  0.01151859  -0.00006094    -0.00229123   0.00803065    -0.02463045  -0.00963526
 -0.00229123   0.00803065     0.01233073  -0.00136806    -0.00597902  -0.00247464
 -0.02463045  -0.00963526    -0.00597902  -0.00247464    -0.02413486  -0.00944540
    4    6
  0.00984268  -0.00649680    -0.00137435   0.00039910    -0.00251227  -0.00151146
  0.00141257  -0.00094715    -0.00330564   0.00247160    -0.01373917  -0.01823009
 -0.00990407   0.00465780    -0.00311484  -0.00423610    -0.01251742   0.00574333
    4    7
  0.00123937   0.00169666     0.00127500   0.00438340     0.04230911  -0.01450434
  0.00015716  -0.00114210     0.00000978   0.00233920     0.00094077   0.00006064
 -0.00550119   0.00337992    -0.00064268  -0.00566743     0.00341814  -0.00417081
    5    1
  0.00202325   0.00469503     0.00618530   0.01888214    -0.00689905   0.00187109
  0.00621571   0.01889899     0.00072818   0.00142095    -0.00176585   0.00049469
  0.02391235  -0.00873079     0.00589038  -0.00284038     0.00589680   0.01164496
    5    2
 -0.01876306  -0.00065576    -0.00101617  -0.00219208     0.00390345   0.00585790
 -0.00099841  -0.00189196    -0.00909014  -0.00011568     0.00082719   0.00414219
  0.00809132   0.00889430     0.00159334   0.00561351    -0.04258689  -0.00090314
    5    3
 -0.06708357   0.00124913    -0.00262622  -0.00061697     0.01065858  -0.00991269
 -0.00272068  -0.00075435    -0.06470351   0.00037959     0.00253642  -0.00072661
  0.01133220  -0.00758055     0.00229900  -0.00132630    -0.11116472  -0.00604197
    5    4
  0.01151859   0.00006094    -0.00229123  -0.00803065    -0.02463045   0.00963526
 -0.00229123  -0.00803065     0.01233073   0.00136806    -0.00597902   0.00247464
 -0.02463045   0.00963526    -0.00597902   0.00247464    -0.02413486   0.00944540
    5    5
  0.10634116  -0.00000000     0.00625684   0.00000509    -0.00300267   0.00345188
  0.00625684  -0.00000509     0.08271137   0.00000000    -0.00063536   0.00163127
 -0.00300267  -0.00345188    -0.00063536  -0.00163127     0.27575641  -0.00000000
    5    6
  0.00922038  -0.00735333    -0.00080426   0.00118376     0.00066115   0.00285638
  0.00133730  -0.00105075    -0.00337213   0.00238008     0.01309221   0.01870013
 -0.00749036   0.00797999     0.00306623   0.00427142    -0.00933033   0.01012998
    5    7
 -0.00000540   0.00210111     0.00154500   0.00429567    -0.04275423   0.01313442
 -0.00079846  -0.00083160     0.00136704   0.00189820    -0.00072545   0.00060203
  0.00643723  -0.00049911    -0.00281129  -0.00496280    -0.00521687  -0.00136513
    6    1
 -0.00291864   0.00372043    -0.00167928   0.00367366     0.00426199   0.00051917
  0.00133992  -0.00462594     0.00020120   0.00052230    -0.00098284  -0.00005790
  0.00093366  -0.00066791     0.00196271   0.00023426     0.00259537   0.00620021
    6    2
  0.00263643  -0.00392547     0.00297493  -0.00273231     0.00181078   0.00389296
 -0.00398547   0.00270383     0.00055891   0.00002996    -0.00035878  -0.00091685
 -0.00034670   0.00109435     0.00082931   0.00179426     0.00669877   0.00055238
    6    3
 -0.04405012  -0.03200429    -0.00047167  -0.00034269     0.00463693   0.00336893
  0.02119857   0.01540166    -0.34011925  -0.24711110    -0.00002276  -0.00001654
  0.00088163   0.00064054     0.00018539   0.00013470    -0.05509731  -0.04003054
    6    4
  0.00984268   0.00649680     0.00141257   0.00094715    -0.00990407  -0.00465780
 -0.00137435  -0.00039910    -0.00330564  -0.00247160    -0.00311484   0.00423610
 -0.00251227   0.00151146    -0.01373917   0.01823009    -0.01251742  -0.00574333
    6    5
  0.00922038   0.00735333     0.00133730   0.00105075    -0.00749036  -0.00797999
 -0.00080426  -0.00118376    -0.00337213  -0.00238008     0.00306623  -0.00427142
  0.00066115  -0.00285638     0.01309221  -0.01870013    -0.00933033  -0.01012998
    6    6
  0.11155784   0.00000000    -0.00519759   0.00000000    -0.00071023   0.00000000
 -0.00519759   0.00000000     0.58871883   0.00000000    -0.00002950   0.00000000
 -0.00071023   0.00000000    -0.00002950   0.00000000     0.10379714   0.00000000
    6    7
  0.00335338  -0.01032065    -0.01500361   0.04617638     0.00005101  -0.00015700
 -0.00428048   0.01317396     0.00381774  -0.01174980    -0.00002540   0.00007816
 -0.00013713   0.00042205     0.00007163  -0.00022045    -0.00098533   0.00303254
    7    1
 -0.00238284  -0.00088287    -0.00270208  -0.00005729     0.00255862   0.00184573
  0.00155991   0.00096429     0.01239397   0.00022041    -0.00047221   0.00029770
 -0.00067989  -0.00333681    -0.00039339   0.00364269     0.00927872  -0.00198504
    7    2
  0.00244670   0.00068634     0.00221971   0.00154189    -0.00315486  -0.00001069
 -0.00182879  -0.00013677    -0.01015648  -0.00710668     0.00020704   0.00051841
  0.00251137  -0.00229991    -0.00182286   0.00317822    -0.00633986  -0.00705983
    7    3
 -0.06944638   0.21373399     0.00911126  -0.02804157    -0.00047010   0.00144683
  0.00131236  -0.00403904    -0.00782340   0.02407795     0.00091046  -0.00280212
  0.00012809  -0.00039421     0.00026096  -0.00080316    -0.01311836   0.04037417
    7    4
  0.00123937  -0.00169666     0.00015716   0.00114210    -0.00550119  -0.00337992
  0.00127500  -0.00438340     0.00000978  -0.00233920    -0.00064268   0.00566743
  0.04230911   0.01450434     0.00094077  -0.00006064     0.00341814   0.00417081
    7    5
 -0.00000540  -0.00210111    -0.00079846   0.00083160     0.00643723   0.00049911
  0.00154500  -0.00429567     0.00136704  -0.00189820    -0.00281129   0.00496280
 -0.04275423  -0.01313442    -0.00072545  -0.00060203    -0.00521687   0.00136513
    7    6
  0.00335338   0.01032065    -0.00428048  -0.01317396    -0.00013713  -0.00042205
 -0.01500361  -0.04617638     0.00381774   0.01174980     0.00007163   0.00022045
  0.00005101   0.00015700    -0.00002540  -0.00007816    -0.00098533  -0.00303254
    7    7
  0.69958718   0.00000000    -0.00342822   0.00000000     0.00021407   0.00000000
 -0.00342822   0.00000000     0.09638443   0.00000000    -0.00016495   0.00000000
  0.00021407   0.00000000    -0.00016495   0.00000000     0.10402377   0.00000000

     Dynamical  Matrix in cartesian axes

     q = (   -0.200000000  -0.400000000   0.182159698 ) 

    1    1
  0.08609658  -0.00000000     0.00458276  -0.00001683    -0.00012610   0.00274113
  0.00458276   0.00001683     0.14264603  -0.00000000    -0.00063625   0.00362872
 -0.00012610  -0.00274113    -0.00063625  -0.00362872     0.17761389   0.00000000
    1    2
 -0.00115549  -0.00420652    -0.00525580   0.01491466     0.00952169   0.00165810
 -0.00525580   0.01491466    -0.00328264  -0.00354763     0.03682564   0.01127076
  0.00952169   0.00165810     0.03682564   0.01127076     0.01845253   0.00060592
    1    3
  0.00028525  -0.00603195    -0.01393209   0.04474979    -0.01515906  -0.00789103
 -0.01491220   0.04729123     0.00153168  -0.00391372    -0.06692798  -0.02543897
 -0.01505532  -0.00660776    -0.06392299  -0.02406736    -0.02490491  -0.00168560
    1    4
 -0.00909014  -0.00011568    -0.00101617  -0.00219208     0.00159334   0.00561351
 -0.00099841  -0.00189196    -0.01876306  -0.00065576     0.00809132   0.00889430
  0.00082719   0.00414219     0.00390345   0.00585790    -0.04258689  -0.00090314
    1    5
  0.00072818  -0.00142095     0.00618530  -0.01888214     0.00589038   0.00284038
  0.00621571  -0.01889899     0.00202325  -0.00469503     0.02391235   0.00873079
 -0.00176585  -0.00049469    -0.00689905  -0.00187109     0.00589680  -0.01164496
    1    6
 -0.01015648  -0.00710668     0.00221971   0.00154189    -0.00182286   0.00317822
 -0.00182879  -0.00013677     0.00244670   0.00068634     0.00251137  -0.00229991
  0.00020704   0.00051841    -0.00315486  -0.00001069    -0.00633986  -0.00705983
    1    7
  0.00055891   0.00002996     0.00297493  -0.00273231     0.00082931   0.00179426
 -0.00398547   0.00270383     0.00263643  -0.00392547    -0.00034670   0.00109435
 -0.00035878  -0.00091685     0.00181078   0.00389296     0.00669877   0.00055238
    2    1
 -0.00115549   0.00420652    -0.00525580  -0.01491466     0.00952169  -0.00165810
 -0.00525580  -0.01491466    -0.00328264   0.00354763     0.03682564  -0.01127076
  0.00952169  -0.00165810     0.03682564  -0.01127076     0.01845253  -0.00060592
    2    2
  0.08609658   0.00000000     0.00458276   0.00001683    -0.00012610  -0.00274113
  0.00458276  -0.00001683     0.14264603   0.00000000    -0.00063625  -0.00362872
 -0.00012610   0.00274113    -0.00063625   0.00362872     0.17761389  -0.00000000
    2    3
  0.00028525   0.00603195    -0.01393209  -0.04474979    -0.01515906   0.00789103
 -0.01491220  -0.04729123     0.00153168   0.00391372    -0.06692798   0.02543897
 -0.01505532   0.00660776    -0.06392299   0.02406736    -0.02490491   0.00168560
    2    4
  0.00072818   0.00142095     0.00618530   0.01888214     0.00589038  -0.00284038
  0.00621571   0.01889899     0.00202325   0.00469503     0.02391235  -0.00873079
 -0.00176585   0.00049469    -0.00689905   0.00187109     0.00589680   0.01164496
    2    5
 -0.00909014   0.00011568    -0.00101617   0.00219208     0.00159334  -0.00561351
 -0.00099841   0.00189196    -0.01876306   0.00065576     0.00809132  -0.00889430
  0.00082719  -0.00414219     0.00390345  -0.00585790    -0.04258689   0.00090314
    2    6
  0.01239397   0.00022041    -0.00270208  -0.00005729    -0.00039339   0.00364269
  0.00155991   0.00096429    -0.00238284  -0.00088287    -0.00067989  -0.00333681
 -0.00047221   0.00029770     0.00255862   0.00184573     0.00927872  -0.00198504
    2    7
  0.00020120   0.00052230    -0.00167928   0.00367366     0.00196271   0.00023426
  0.00133992  -0.00462594    -0.00291864   0.00372043     0.00093366  -0.00066791
 -0.00098284  -0.00005790     0.00426199   0.00051917     0.00259537   0.00620021
    3    1
  0.00028525   0.00603195    -0.01491220  -0.04729123    -0.01505532   0.00660776
 -0.01393209  -0.04474979     0.00153168   0.00391372    -0.06392299   0.02406736
 -0.01515906   0.00789103    -0.06692798   0.02543897    -0.02490491   0.00168560
    3    2
  0.00028525  -0.00603195    -0.01491220   0.04729123    -0.01505532  -0.00660776
 -0.01393209   0.04474979     0.00153168  -0.00391372    -0.06392299  -0.02406736
 -0.01515906  -0.00789103    -0.06692798  -0.02543897    -0.02490491  -0.00168560
    3    3
  0.77739826   0.00000000     0.01677458   0.00000000    -0.00121769   0.00000000
  0.01677458   0.00000000     0.73376904   0.00000000    -0.00549039   0.00000000
 -0.00121769   0.00000000    -0.00549039   0.00000000     0.48379983   0.00000000
    3    4
 -0.06470351   0.00037959    -0.00262622  -0.00061697     0.00229900  -0.00132630
 -0.00272068  -0.00075435    -0.06708357   0.00124913     0.01133220  -0.00758055
  0.00253642  -0.00072661     0.01065858  -0.00991269    -0.11116472  -0.00604197
    3    5
 -0.06470351  -0.00037959    -0.00262622   0.00061697     0.00229900   0.00132630
 -0.00272068   0.00075435    -0.06708357  -0.00124913     0.01133220   0.00758055
  0.00253642   0.00072661     0.01065858   0.00991269    -0.11116472   0.00604197
    3    6
 -0.00782340   0.02407795     0.00911126  -0.02804157     0.00026096  -0.00080316
  0.00131236  -0.00403904    -0.06944638   0.21373399     0.00012809  -0.00039421
  0.00091046  -0.00280212    -0.00047010   0.00144683    -0.01311836   0.04037417
    3    7
 -0.34011925  -0.24711110    -0.00047167  -0.00034269     0.00018539   0.00013470
  0.02119857   0.01540166    -0.04405012  -0.03200429     0.00088163   0.00064054
 -0.00002276  -0.00001654     0.00463693   0.00336893    -0.05509731  -0.04003054
    4    1
 -0.00909014   0.00011568    -0.00099841   0.00189196     0.00082719  -0.00414219
 -0.00101617   0.00219208    -0.01876306   0.00065576     0.00390345  -0.00585790
  0.00159334  -0.00561351     0.00809132  -0.00889430    -0.04258689   0.00090314
    4    2
  0.00072818  -0.00142095     0.00621571  -0.01889899    -0.00176585  -0.00049469
  0.00618530  -0.01888214     0.00202325  -0.00469503    -0.00689905  -0.00187109
  0.00589038   0.00284038     0.02391235   0.00873079     0.00589680  -0.01164496
    4    3
 -0.06470351  -0.00037959    -0.00272068   0.00075435     0.00253642   0.00072661
 -0.00262622   0.00061697    -0.06708357  -0.00124913     0.01065858   0.00991269
  0.00229900   0.00132630     0.01133220   0.00758055    -0.11116472   0.00604197
    4    4
  0.08271137   0.00000000     0.00625684   0.00000509    -0.00063536  -0.00163127
  0.00625684  -0.00000509     0.10634116  -0.00000000    -0.00300267  -0.00345188
 -0.00063536   0.00163127    -0.00300267   0.00345188     0.27575641   0.00000000
    4    5
  0.01233073  -0.00136806    -0.00229123   0.00803065    -0.00597902  -0.00247464
 -0.00229123   0.00803065     0.01151859  -0.00006094    -0.02463045  -0.00963526
 -0.00597902  -0.00247464    -0.02463045  -0.00963526    -0.02413486  -0.00944540
    4    6
  0.00136704  -0.00189820    -0.00079846   0.00083160    -0.00072545  -0.00060203
  0.00154500  -0.00429567    -0.00000540  -0.00210111    -0.04275423  -0.01313442
 -0.00281129   0.00496280     0.00643723   0.00049911    -0.00521687   0.00136513
    4    7
 -0.00337213  -0.00238008     0.00133730   0.00105075     0.01309221  -0.01870013
 -0.00080426  -0.00118376     0.00922038   0.00735333     0.00066115  -0.00285638
  0.00306623  -0.00427142    -0.00749036  -0.00797999    -0.00933033  -0.01012998
    5    1
  0.00072818   0.00142095     0.00621571   0.01889899    -0.00176585   0.00049469
  0.00618530   0.01888214     0.00202325   0.00469503    -0.00689905   0.00187109
  0.00589038  -0.00284038     0.02391235  -0.00873079     0.00589680   0.01164496
    5    2
 -0.00909014  -0.00011568    -0.00099841  -0.00189196     0.00082719   0.00414219
 -0.00101617  -0.00219208    -0.01876306  -0.00065576     0.00390345   0.00585790
  0.00159334   0.00561351     0.00809132   0.00889430    -0.04258689  -0.00090314
    5    3
 -0.06470351   0.00037959    -0.00272068  -0.00075435     0.00253642  -0.00072661
 -0.00262622  -0.00061697    -0.06708357   0.00124913     0.01065858  -0.00991269
  0.00229900  -0.00132630     0.01133220  -0.00758055    -0.11116472  -0.00604197
    5    4
  0.01233073   0.00136806    -0.00229123  -0.00803065    -0.00597902   0.00247464
 -0.00229123  -0.00803065     0.01151859   0.00006094    -0.02463045   0.00963526
 -0.00597902   0.00247464    -0.02463045   0.00963526    -0.02413486   0.00944540
    5    5
  0.08271137  -0.00000000     0.00625684  -0.00000509    -0.00063536   0.00163127
  0.00625684   0.00000509     0.10634116   0.00000000    -0.00300267   0.00345188
 -0.00063536  -0.00163127    -0.00300267  -0.00345188     0.27575641  -0.00000000
    5    6
  0.00000978  -0.00233920     0.00015716   0.00114210     0.00094077  -0.00006064
  0.00127500  -0.00438340     0.00123937  -0.00169666     0.04230911   0.01450434
 -0.00064268   0.00566743    -0.00550119  -0.00337992     0.00341814   0.00417081
    5    7
 -0.00330564  -0.00247160     0.00141257   0.00094715    -0.01373917   0.01823009
 -0.00137435  -0.00039910     0.00984268   0.00649680    -0.00251227   0.00151146
 -0.00311484   0.00423610    -0.00990407  -0.00465780    -0.01251742  -0.00574333
    6    1
 -0.01015648   0.00710668    -0.00182879   0.00013677     0.00020704  -0.00051841
  0.00221971  -0.00154189     0.00244670  -0.00068634    -0.00315486   0.00001069
 -0.00182286  -0.00317822     0.00251137   0.00229991    -0.00633986   0.00705983
    6    2
  0.01239397  -0.00022041     0.00155991  -0.00096429    -0.00047221  -0.00029770
 -0.00270208   0.00005729    -0.00238284   0.00088287     0.00255862  -0.00184573
 -0.00039339  -0.00364269    -0.00067989   0.00333681     0.00927872   0.00198504
    6    3
 -0.00782340  -0.02407795     0.00131236   0.00403904     0.00091046   0.00280212
  0.00911126   0.02804157    -0.06944638  -0.21373399    -0.00047010  -0.00144683
  0.00026096   0.00080316     0.00012809   0.00039421    -0.01311836  -0.04037417
    6    4
  0.00136704   0.00189820     0.00154500   0.00429567    -0.00281129  -0.00496280
 -0.00079846  -0.00083160    -0.00000540   0.00210111     0.00643723  -0.00049911
 -0.00072545   0.00060203    -0.04275423   0.01313442    -0.00521687  -0.00136513
    6    5
  0.00000978   0.00233920     0.00127500   0.00438340    -0.00064268  -0.00566743
  0.00015716  -0.00114210     0.00123937   0.00169666    -0.00550119   0.00337992
  0.00094077   0.00006064     0.04230911  -0.01450434     0.00341814  -0.00417081
    6    6
  0.09638443   0.00000000    -0.00342822   0.00000000    -0.00016495   0.00000000
 -0.00342822   0.00000000     0.69958718   0.00000000     0.00021407   0.00000000
 -0.00016495   0.00000000     0.00021407   0.00000000     0.10402377   0.00000000
    6    7
  0.00381774  -0.01174980    -0.01500361   0.04617638     0.00007163  -0.00022045
 -0.00428048   0.01317396     0.00335338  -0.01032065    -0.00013713   0.00042205
 -0.00002540   0.00007816     0.00005101  -0.00015700    -0.00098533   0.00303254
    7    1
  0.00055891  -0.00002996    -0.00398547  -0.00270383    -0.00035878   0.00091685
  0.00297493   0.00273231     0.00263643   0.00392547     0.00181078  -0.00389296
  0.00082931  -0.00179426    -0.00034670  -0.00109435     0.00669877  -0.00055238
    7    2
  0.00020120  -0.00052230     0.00133992   0.00462594    -0.00098284   0.00005790
 -0.00167928  -0.00367366    -0.00291864  -0.00372043     0.00426199  -0.00051917
  0.00196271  -0.00023426     0.00093366   0.00066791     0.00259537  -0.00620021
    7    3
 -0.34011925   0.24711110     0.02119857  -0.01540166    -0.00002276   0.00001654
 -0.00047167   0.00034269    -0.04405012   0.03200429     0.00463693  -0.00336893
  0.00018539  -0.00013470     0.00088163  -0.00064054    -0.05509731   0.04003054
    7    4
 -0.00337213   0.00238008    -0.00080426   0.00118376     0.00306623   0.00427142
  0.00133730  -0.00105075     0.00922038  -0.00735333    -0.00749036   0.00797999
  0.01309221   0.01870013     0.00066115   0.00285638    -0.00933033   0.01012998
    7    5
 -0.00330564   0.00247160    -0.00137435   0.00039910    -0.00311484  -0.00423610
  0.00141257  -0.00094715     0.00984268  -0.00649680    -0.00990407   0.00465780
 -0.01373917  -0.01823009    -0.00251227  -0.00151146    -0.01251742   0.00574333
    7    6
  0.00381774   0.01174980    -0.00428048  -0.01317396    -0.00002540  -0.00007816
 -0.01500361  -0.04617638     0.00335338   0.01032065     0.00005101   0.00015700
  0.00007163   0.00022045    -0.00013713  -0.00042205    -0.00098533  -0.00303254
    7    7
  0.58871883   0.00000000    -0.00519759   0.00000000    -0.00002950   0.00000000
 -0.00519759   0.00000000     0.11155784   0.00000000    -0.00071023   0.00000000
 -0.00002950   0.00000000    -0.00071023   0.00000000     0.10379714   0.00000000

     Dynamical  Matrix in cartesian axes

     q = (   -0.200000000  -0.400000000  -0.182159698 ) 

    1    1
  0.08609658   0.00000000     0.00458276   0.00001683     0.00012610   0.00274113
  0.00458276  -0.00001683     0.14264603   0.00000000     0.00063625   0.00362872
  0.00012610  -0.00274113     0.00063625  -0.00362872     0.17761389  -0.00000000
    1    2
 -0.00115549   0.00420652    -0.00525580  -0.01491466    -0.00952169   0.00165810
 -0.00525580  -0.01491466    -0.00328264   0.00354763    -0.03682564   0.01127076
 -0.00952169   0.00165810    -0.03682564   0.01127076     0.01845253  -0.00060592
    1    3
  0.00028525   0.00603195    -0.01393209  -0.04474979     0.01515906  -0.00789103
 -0.01491220  -0.04729123     0.00153168   0.00391372     0.06692798  -0.02543897
  0.01505532  -0.00660776     0.06392299  -0.02406736    -0.02490491   0.00168560
    1    4
 -0.00909014   0.00011568    -0.00101617   0.00219208    -0.00159334   0.00561351
 -0.00099841   0.00189196    -0.01876306   0.00065576    -0.00809132   0.00889430
 -0.00082719   0.00414219    -0.00390345   0.00585790    -0.04258689   0.00090314
    1    5
  0.00072818   0.00142095     0.00618530   0.01888214    -0.00589038   0.00284038
  0.00621571   0.01889899     0.00202325   0.00469503    -0.02391235   0.00873079
  0.00176585  -0.00049469     0.00689905  -0.00187109     0.00589680   0.01164496
    1    6
  0.01239397   0.00022041    -0.00270208  -0.00005729     0.00039339  -0.00364269
  0.00155991   0.00096429    -0.00238284  -0.00088287     0.00067989   0.00333681
  0.00047221  -0.00029770    -0.00255862  -0.00184573     0.00927872  -0.00198504
    1    7
  0.00020120   0.00052230    -0.00167928   0.00367366    -0.00196271  -0.00023426
  0.00133992  -0.00462594    -0.00291864   0.00372043    -0.00093366   0.00066791
  0.00098284   0.00005790    -0.00426199  -0.00051917     0.00259537   0.00620021
    2    1
 -0.00115549  -0.00420652    -0.00525580   0.01491466    -0.00952169  -0.00165810
 -0.00525580   0.01491466    -0.00328264  -0.00354763    -0.03682564  -0.01127076
 -0.00952169  -0.00165810    -0.03682564  -0.01127076     0.01845253   0.00060592
    2    2
  0.08609658  -0.00000000     0.00458276  -0.00001683     0.00012610  -0.00274113
  0.00458276   0.00001683     0.14264603  -0.00000000     0.00063625  -0.00362872
  0.00012610   0.00274113     0.00063625   0.00362872     0.17761389   0.00000000
    2    3
  0.00028525  -0.00603195    -0.01393209   0.04474979     0.01515906   0.00789103
 -0.01491220   0.04729123     0.00153168  -0.00391372     0.06692798   0.02543897
  0.01505532   0.00660776     0.06392299   0.02406736    -0.02490491  -0.00168560
    2    4
  0.00072818  -0.00142095     0.00618530  -0.01888214    -0.00589038  -0.00284038
  0.00621571  -0.01889899     0.00202325  -0.00469503    -0.02391235  -0.00873079
  0.00176585   0.00049469     0.00689905   0.00187109     0.00589680  -0.01164496
    2    5
 -0.00909014  -0.00011568    -0.00101617  -0.00219208    -0.00159334  -0.00561351
 -0.00099841  -0.00189196    -0.01876306  -0.00065576    -0.00809132  -0.00889430
 -0.00082719  -0.00414219    -0.00390345  -0.00585790    -0.04258689  -0.00090314
    2    6
 -0.01015648  -0.00710668     0.00221971   0.00154189     0.00182286  -0.00317822
 -0.00182879  -0.00013677     0.00244670   0.00068634    -0.00251137   0.00229991
 -0.00020704  -0.00051841     0.00315486   0.00001069    -0.00633986  -0.00705983
    2    7
  0.00055891   0.00002996     0.00297493  -0.00273231    -0.00082931  -0.00179426
 -0.00398547   0.00270383     0.00263643  -0.00392547     0.00034670  -0.00109435
  0.00035878   0.00091685    -0.00181078  -0.00389296     0.00669877   0.00055238
    3    1
  0.00028525  -0.00603195    -0.01491220   0.04729123     0.01505532   0.00660776
 -0.01393209   0.04474979     0.00153168  -0.00391372     0.06392299   0.02406736
  0.01515906   0.00789103     0.06692798   0.02543897    -0.02490491  -0.00168560
    3    2
  0.00028525   0.00603195    -0.01491220  -0.04729123     0.01505532  -0.00660776
 -0.01393209  -0.04474979     0.00153168   0.00391372     0.06392299  -0.02406736
  0.01515906  -0.00789103     0.06692798  -0.02543897    -0.02490491   0.00168560
    3    3
  0.77739826   0.00000000     0.01677458   0.00000000     0.00121769   0.00000000
  0.01677458   0.00000000     0.73376904   0.00000000     0.00549039   0.00000000
  0.00121769   0.00000000     0.00549039   0.00000000     0.48379983   0.00000000
    3    4
 -0.06470351  -0.00037959    -0.00262622   0.00061697    -0.00229900  -0.00132630
 -0.00272068   0.00075435    -0.06708357  -0.00124913    -0.01133220  -0.00758055
 -0.00253642  -0.00072661    -0.01065858  -0.00991269    -0.11116472   0.00604197
    3    5
 -0.06470351   0.00037959    -0.00262622  -0.00061697    -0.00229900   0.00132630
 -0.00272068  -0.00075435    -0.06708357   0.00124913    -0.01133220   0.00758055
 -0.00253642   0.00072661    -0.01065858   0.00991269    -0.11116472  -0.00604197
    3    6
 -0.00782340   0.02407795     0.00911126  -0.02804157    -0.00026096   0.00080316
  0.00131236  -0.00403904    -0.06944638   0.21373399    -0.00012809   0.00039421
 -0.00091046   0.00280212     0.00047010  -0.00144683    -0.01311836   0.04037417
    3    7
 -0.34011925  -0.24711110    -0.00047167  -0.00034269    -0.00018539  -0.00013470
  0.02119857   0.01540166    -0.04405012  -0.03200429    -0.00088163  -0.00064054
  0.00002276   0.00001654    -0.00463693  -0.00336893    -0.05509731  -0.04003054
    4    1
 -0.00909014  -0.00011568    -0.00099841  -0.00189196    -0.00082719  -0.00414219
 -0.00101617  -0.00219208    -0.01876306  -0.00065576    -0.00390345  -0.00585790
 -0.00159334  -0.00561351    -0.00809132  -0.00889430    -0.04258689  -0.00090314
    4    2
  0.00072818   0.00142095     0.00621571   0.01889899     0.00176585  -0.00049469
  0.00618530   0.01888214     0.00202325   0.00469503     0.00689905  -0.00187109
 -0.00589038   0.00284038    -0.02391235   0.00873079     0.00589680   0.01164496
    4    3
 -0.06470351   0.00037959    -0.00272068  -0.00075435    -0.00253642   0.00072661
 -0.00262622  -0.00061697    -0.06708357   0.00124913    -0.01065858   0.00991269
 -0.00229900   0.00132630    -0.01133220   0.00758055    -0.11116472  -0.00604197
    4    4
  0.08271137   0.00000000     0.00625684  -0.00000509     0.00063536  -0.00163127
  0.00625684   0.00000509     0.10634116  -0.00000000     0.00300267  -0.00345188
  0.00063536   0.00163127     0.00300267   0.00345188     0.27575641  -0.00000000
    4    5
  0.01233073   0.00136806    -0.00229123  -0.00803065     0.00597902  -0.00247464
 -0.00229123  -0.00803065     0.01151859   0.00006094     0.02463045  -0.00963526
  0.00597902  -0.00247464     0.02463045  -0.00963526    -0.02413486   0.00944540
    4    6
  0.00000978  -0.00233920     0.00015716   0.00114210    -0.00094077   0.00006064
  0.00127500  -0.00438340     0.00123937  -0.00169666    -0.04230911  -0.01450434
  0.00064268  -0.00566743     0.00550119   0.00337992     0.00341814   0.00417081
    4    7
 -0.00330564  -0.00247160     0.00141257   0.00094715     0.01373917  -0.01823009
 -0.00137435  -0.00039910     0.00984268   0.00649680     0.00251227  -0.00151146
  0.00311484  -0.00423610     0.00990407   0.00465780    -0.01251742  -0.00574333
    5    1
  0.00072818  -0.00142095     0.00621571  -0.01889899     0.00176585   0.00049469
  0.00618530  -0.01888214     0.00202325  -0.00469503     0.00689905   0.00187109
 -0.00589038  -0.00284038    -0.02391235  -0.00873079     0.00589680  -0.01164496
    5    2
 -0.00909014   0.00011568    -0.00099841   0.00189196    -0.00082719   0.00414219
 -0.00101617   0.00219208    -0.01876306   0.00065576    -0.00390345   0.00585790
 -0.00159334   0.00561351    -0.00809132   0.00889430    -0.04258689   0.00090314
    5    3
 -0.06470351  -0.00037959    -0.00272068   0.00075435    -0.00253642  -0.00072661
 -0.00262622   0.00061697    -0.06708357  -0.00124913    -0.01065858  -0.00991269
 -0.00229900  -0.00132630    -0.01133220  -0.00758055    -0.11116472   0.00604197
    5    4
  0.01233073  -0.00136806    -0.00229123   0.00803065     0.00597902   0.00247464
 -0.00229123   0.00803065     0.01151859  -0.00006094     0.02463045   0.00963526
  0.00597902   0.00247464     0.02463045   0.00963526    -0.02413486  -0.00944540
    5    5
  0.08271137  -0.00000000     0.00625684   0.00000509     0.00063536   0.00163127
  0.00625684  -0.00000509     0.10634116   0.00000000     0.00300267   0.00345188
  0.00063536  -0.00163127     0.00300267  -0.00345188     0.27575641   0.00000000
    5    6
  0.00136704  -0.00189820    -0.00079846   0.00083160     0.00072545   0.00060203
  0.00154500  -0.00429567    -0.00000540  -0.00210111     0.04275423   0.01313442
  0.00281129  -0.00496280    -0.00643723  -0.00049911    -0.00521687   0.00136513
    5    7
 -0.00337213  -0.00238008     0.00133730   0.00105075    -0.01309221   0.01870013
 -0.00080426  -0.00118376     0.00922038   0.00735333    -0.00066115   0.00285638
 -0.00306623   0.00427142     0.00749036   0.00797999    -0.00933033  -0.01012998
    6    1
  0.01239397  -0.00022041     0.00155991  -0.00096429     0.00047221   0.00029770
 -0.00270208   0.00005729    -0.00238284   0.00088287    -0.00255862   0.00184573
  0.00039339   0.00364269     0.00067989  -0.00333681     0.00927872   0.00198504
    6    2
 -0.01015648   0.00710668    -0.00182879   0.00013677    -0.00020704   0.00051841
  0.00221971  -0.00154189     0.00244670  -0.00068634     0.00315486  -0.00001069
  0.00182286   0.00317822    -0.00251137  -0.00229991    -0.00633986   0.00705983
    6    3
 -0.00782340  -0.02407795     0.00131236   0.00403904    -0.00091046  -0.00280212
  0.00911126   0.02804157    -0.06944638  -0.21373399     0.00047010   0.00144683
 -0.00026096  -0.00080316    -0.00012809  -0.00039421    -0.01311836  -0.04037417
    6    4
  0.00000978   0.00233920     0.00127500   0.00438340     0.00064268   0.00566743
  0.00015716  -0.00114210     0.00123937   0.00169666     0.00550119  -0.00337992
 -0.00094077  -0.00006064    -0.04230911   0.01450434     0.00341814  -0.00417081
    6    5
  0.00136704   0.00189820     0.00154500   0.00429567     0.00281129   0.00496280
 -0.00079846  -0.00083160    -0.00000540   0.00210111    -0.00643723   0.00049911
  0.00072545  -0.00060203     0.04275423  -0.01313442    -0.00521687  -0.00136513
    6    6
  0.09638443   0.00000000    -0.00342822   0.00000000     0.00016495   0.00000000
 -0.00342822   0.00000000     0.69958718   0.00000000    -0.00021407   0.00000000
  0.00016495   0.00000000    -0.00021407   0.00000000     0.10402377   0.00000000
    6    7
  0.00381774  -0.01174980    -0.01500361   0.04617638    -0.00007163   0.00022045
 -0.00428048   0.01317396     0.00335338  -0.01032065     0.00013713  -0.00042205
  0.00002540  -0.00007816    -0.00005101   0.00015700    -0.00098533   0.00303254
    7    1
  0.00020120  -0.00052230     0.00133992   0.00462594     0.00098284  -0.00005790
 -0.00167928  -0.00367366    -0.00291864  -0.00372043    -0.00426199   0.00051917
 -0.00196271   0.00023426    -0.00093366  -0.00066791     0.00259537  -0.00620021
    7    2
  0.00055891  -0.00002996    -0.00398547  -0.00270383     0.00035878  -0.00091685
  0.00297493   0.00273231     0.00263643   0.00392547    -0.00181078   0.00389296
 -0.00082931   0.00179426     0.00034670   0.00109435     0.00669877  -0.00055238
    7    3
 -0.34011925   0.24711110     0.02119857  -0.01540166     0.00002276  -0.00001654
 -0.00047167   0.00034269    -0.04405012   0.03200429    -0.00463693   0.00336893
 -0.00018539   0.00013470    -0.00088163   0.00064054    -0.05509731   0.04003054
    7    4
 -0.00330564   0.00247160    -0.00137435   0.00039910     0.00311484   0.00423610
  0.00141257  -0.00094715     0.00984268  -0.00649680     0.00990407  -0.00465780
  0.01373917   0.01823009     0.00251227   0.00151146    -0.01251742   0.00574333
    7    5
 -0.00337213   0.00238008    -0.00080426   0.00118376    -0.00306623  -0.00427142
  0.00133730  -0.00105075     0.00922038  -0.00735333     0.00749036  -0.00797999
 -0.01309221  -0.01870013    -0.00066115  -0.00285638    -0.00933033   0.01012998
    7    6
  0.00381774   0.01174980    -0.00428048  -0.01317396     0.00002540   0.00007816
 -0.01500361  -0.04617638     0.00335338   0.01032065    -0.00005101  -0.00015700
 -0.00007163  -0.00022045     0.00013713   0.00042205    -0.00098533  -0.00303254
    7    7
  0.58871883   0.00000000    -0.00519759   0.00000000     0.00002950   0.00000000
 -0.00519759   0.00000000     0.11155784   0.00000000     0.00071023   0.00000000
  0.00002950   0.00000000     0.00071023   0.00000000     0.10379714   0.00000000

     Dynamical  Matrix in cartesian axes

     q = (    0.200000000   0.400000000  -0.182159698 ) 

    1    1
  0.08609658   0.00000000     0.00458276   0.00001683    -0.00012610  -0.00274113
  0.00458276  -0.00001683     0.14264603   0.00000000    -0.00063625  -0.00362872
 -0.00012610   0.00274113    -0.00063625   0.00362872     0.17761389  -0.00000000
    1    2
 -0.00115549   0.00420652    -0.00525580  -0.01491466     0.00952169  -0.00165810
 -0.00525580  -0.01491466    -0.00328264   0.00354763     0.03682564  -0.01127076
  0.00952169  -0.00165810     0.03682564  -0.01127076     0.01845253  -0.00060592
    1    3
  0.00028525   0.00603195    -0.01393209  -0.04474979    -0.01515906   0.00789103
 -0.01491220  -0.04729123     0.00153168   0.00391372    -0.06692798   0.02543897
 -0.01505532   0.00660776    -0.06392299   0.02406736    -0.02490491   0.00168560
    1    4
 -0.00909014   0.00011568    -0.00101617   0.00219208     0.00159334  -0.00561351
 -0.00099841   0.00189196    -0.01876306   0.00065576     0.00809132  -0.00889430
  0.00082719  -0.00414219     0.00390345  -0.00585790    -0.04258689   0.00090314
    1    5
  0.00072818   0.00142095     0.00618530   0.01888214     0.00589038  -0.00284038
  0.00621571   0.01889899     0.00202325   0.00469503     0.02391235  -0.00873079
 -0.00176585   0.00049469    -0.00689905   0.00187109     0.00589680   0.01164496
    1    6
 -0.01015648   0.00710668     0.00221971  -0.00154189    -0.00182286  -0.00317822
 -0.00182879   0.00013677     0.00244670  -0.00068634     0.00251137   0.00229991
  0.00020704  -0.00051841    -0.00315486   0.00001069    -0.00633986   0.00705983
    1    7
  0.00055891  -0.00002996     0.00297493   0.00273231     0.00082931  -0.00179426
 -0.00398547  -0.00270383     0.00263643   0.00392547    -0.00034670  -0.00109435
 -0.00035878   0.00091685     0.00181078  -0.00389296     0.00669877  -0.00055238
    2    1
 -0.00115549  -0.00420652    -0.00525580   0.01491466     0.00952169   0.00165810
 -0.00525580   0.01491466    -0.00328264  -0.00354763     0.03682564   0.01127076
  0.00952169   0.00165810     0.03682564   0.01127076     0.01845253   0.00060592
    2    2
  0.08609658  -0.00000000     0.00458276  -0.00001683    -0.00012610   0.00274113
  0.00458276   0.00001683     0.14264603  -0.00000000    -0.00063625   0.00362872
 -0.00012610  -0.00274113    -0.00063625  -0.00362872     0.17761389   0.00000000
    2    3
  0.00028525  -0.00603195    -0.01393209   0.04474979    -0.01515906  -0.00789103
 -0.01491220   0.04729123     0.00153168  -0.00391372    -0.06692798  -0.02543897
 -0.01505532  -0.00660776    -0.06392299  -0.02406736    -0.02490491  -0.00168560
    2    4
  0.00072818  -0.00142095     0.00618530  -0.01888214     0.00589038   0.00284038
  0.00621571  -0.01889899     0.00202325  -0.00469503     0.02391235   0.00873079
 -0.00176585  -0.00049469    -0.00689905  -0.00187109     0.00589680  -0.01164496
    2    5
 -0.00909014  -0.00011568    -0.00101617  -0.00219208     0.00159334   0.00561351
 -0.00099841  -0.00189196    -0.01876306  -0.00065576     0.00809132   0.00889430
  0.00082719   0.00414219     0.00390345   0.00585790    -0.04258689  -0.00090314
    2    6
  0.01239397  -0.00022041    -0.00270208   0.00005729    -0.00039339  -0.00364269
  0.00155991  -0.00096429    -0.00238284   0.00088287    -0.00067989   0.00333681
 -0.00047221  -0.00029770     0.00255862  -0.00184573     0.00927872   0.00198504
    2    7
  0.00020120  -0.00052230    -0.00167928  -0.00367366     0.00196271  -0.00023426
  0.00133992   0.00462594    -0.00291864  -0.00372043     0.00093366   0.00066791
 -0.00098284   0.00005790     0.00426199  -0.00051917     0.00259537  -0.00620021
    3    1
  0.00028525  -0.00603195    -0.01491220   0.04729123    -0.01505532  -0.00660776
 -0.01393209   0.04474979     0.00153168  -0.00391372    -0.06392299  -0.02406736
 -0.01515906  -0.00789103    -0.06692798  -0.02543897    -0.02490491  -0.00168560
    3    2
  0.00028525   0.00603195    -0.01491220  -0.04729123    -0.01505532   0.00660776
 -0.01393209  -0.04474979     0.00153168   0.00391372    -0.06392299   0.02406736
 -0.01515906   0.00789103    -0.06692798   0.02543897    -0.02490491   0.00168560
    3    3
  0.77739826   0.00000000     0.01677458   0.00000000    -0.00121769   0.00000000
  0.01677458   0.00000000     0.73376904   0.00000000    -0.00549039   0.00000000
 -0.00121769   0.00000000    -0.00549039   0.00000000     0.48379983   0.00000000
    3    4
 -0.06470351  -0.00037959    -0.00262622   0.00061697     0.00229900   0.00132630
 -0.00272068   0.00075435    -0.06708357  -0.00124913     0.01133220   0.00758055
  0.00253642   0.00072661     0.01065858   0.00991269    -0.11116472   0.00604197
    3    5
 -0.06470351   0.00037959    -0.00262622  -0.00061697     0.00229900  -0.00132630
 -0.00272068  -0.00075435    -0.06708357   0.00124913     0.01133220  -0.00758055
  0.00253642  -0.00072661     0.01065858  -0.00991269    -0.11116472  -0.00604197
    3    6
 -0.00782340  -0.02407795     0.00911126   0.02804157     0.00026096   0.00080316
  0.00131236   0.00403904    -0.06944638  -0.21373399     0.00012809   0.00039421
  0.00091046   0.00280212    -0.00047010  -0.00144683    -0.01311836  -0.04037417
    3    7
 -0.34011925   0.24711110    -0.00047167   0.00034269     0.00018539  -0.00013470
  0.02119857  -0.01540166    -0.04405012   0.03200429     0.00088163  -0.00064054
 -0.00002276   0.00001654     0.00463693  -0.00336893    -0.05509731   0.04003054
    4    1
 -0.00909014  -0.00011568    -0.00099841  -0.00189196     0.00082719   0.00414219
 -0.00101617  -0.00219208    -0.01876306  -0.00065576     0.00390345   0.00585790
  0.00159334   0.00561351     0.00809132   0.00889430    -0.04258689  -0.00090314
    4    2
  0.00072818   0.00142095     0.00621571   0.01889899    -0.00176585   0.00049469
  0.00618530   0.01888214     0.00202325   0.00469503    -0.00689905   0.00187109
  0.00589038  -0.00284038     0.02391235  -0.00873079     0.00589680   0.01164496
    4    3
 -0.06470351   0.00037959    -0.00272068  -0.00075435     0.00253642  -0.00072661
 -0.00262622  -0.00061697    -0.06708357   0.00124913     0.01065858  -0.00991269
  0.00229900  -0.00132630     0.01133220  -0.00758055    -0.11116472  -0.00604197
    4    4
  0.08271137  -0.00000000     0.00625684  -0.00000509    -0.00063536   0.00163127
  0.00625684   0.00000509     0.10634116   0.00000000    -0.00300267   0.00345188
 -0.00063536  -0.00163127    -0.00300267  -0.00345188     0.27575641  -0.00000000
    4    5
  0.01233073   0.00136806    -0.00229123  -0.00803065    -0.00597902   0.00247464
 -0.00229123  -0.00803065     0.01151859   0.00006094    -0.02463045   0.00963526
 -0.00597902   0.00247464    -0.02463045   0.00963526    -0.02413486   0.00944540
    4    6
  0.00136704   0.00189820    -0.00079846  -0.00083160    -0.00072545   0.00060203
  0.00154500   0.00429567    -0.00000540   0.00210111    -0.04275423   0.01313442
 -0.00281129  -0.00496280     0.00643723  -0.00049911    -0.00521687  -0.00136513
    4    7
 -0.00337213   0.00238008     0.00133730  -0.00105075     0.01309221   0.01870013
 -0.00080426   0.00118376     0.00922038  -0.00735333     0.00066115   0.00285638
  0.00306623   0.00427142    -0.00749036   0.00797999    -0.00933033   0.01012998
    5    1
  0.00072818  -0.00142095     0.00621571  -0.01889899    -0.00176585  -0.00049469
  0.00618530  -0.01888214     0.00202325  -0.00469503    -0.00689905  -0.00187109
  0.00589038   0.00284038     0.02391235   0.00873079     0.00589680  -0.01164496
    5    2
 -0.00909014   0.00011568    -0.00099841   0.00189196     0.00082719  -0.00414219
 -0.00101617   0.00219208    -0.01876306   0.00065576     0.00390345  -0.00585790
  0.00159334  -0.00561351     0.00809132  -0.00889430    -0.04258689   0.00090314
    5    3
 -0.06470351  -0.00037959    -0.00272068   0.00075435     0.00253642   0.00072661
 -0.00262622   0.00061697    -0.06708357  -0.00124913     0.01065858   0.00991269
  0.00229900   0.00132630     0.01133220   0.00758055    -0.11116472   0.00604197
    5    4
  0.01233073  -0.00136806    -0.00229123   0.00803065    -0.00597902  -0.00247464
 -0.00229123   0.00803065     0.01151859  -0.00006094    -0.02463045  -0.00963526
 -0.00597902  -0.00247464    -0.02463045  -0.00963526    -0.02413486  -0.00944540
    5    5
  0.08271137   0.00000000     0.00625684   0.00000509    -0.00063536  -0.00163127
  0.00625684  -0.00000509     0.10634116  -0.00000000    -0.00300267  -0.00345188
 -0.00063536   0.00163127    -0.00300267   0.00345188     0.27575641   0.00000000
    5    6
  0.00000978   0.00233920     0.00015716  -0.00114210     0.00094077   0.00006064
  0.00127500   0.00438340     0.00123937   0.00169666     0.04230911  -0.01450434
 -0.00064268  -0.00566743    -0.00550119   0.00337992     0.00341814  -0.00417081
    5    7
 -0.00330564   0.00247160     0.00141257  -0.00094715    -0.01373917  -0.01823009
 -0.00137435   0.00039910     0.00984268  -0.00649680    -0.00251227  -0.00151146
 -0.00311484  -0.00423610    -0.00990407   0.00465780    -0.01251742   0.00574333
    6    1
 -0.01015648  -0.00710668    -0.00182879  -0.00013677     0.00020704   0.00051841
  0.00221971   0.00154189     0.00244670   0.00068634    -0.00315486  -0.00001069
 -0.00182286   0.00317822     0.00251137  -0.00229991    -0.00633986  -0.00705983
    6    2
  0.01239397   0.00022041     0.00155991   0.00096429    -0.00047221   0.00029770
 -0.00270208  -0.00005729    -0.00238284  -0.00088287     0.00255862   0.00184573
 -0.00039339   0.00364269    -0.00067989  -0.00333681     0.00927872  -0.00198504
    6    3
 -0.00782340   0.02407795     0.00131236  -0.00403904     0.00091046  -0.00280212
  0.00911126  -0.02804157    -0.06944638   0.21373399    -0.00047010   0.00144683
  0.00026096  -0.00080316     0.00012809  -0.00039421    -0.01311836   0.04037417
    6    4
  0.00136704  -0.00189820     0.00154500  -0.00429567    -0.00281129   0.00496280
 -0.00079846   0.00083160    -0.00000540  -0.00210111     0.00643723   0.00049911
 -0.00072545  -0.00060203    -0.04275423  -0.01313442    -0.00521687   0.00136513
    6    5
  0.00000978  -0.00233920     0.00127500  -0.00438340    -0.00064268   0.00566743
  0.00015716   0.00114210     0.00123937  -0.00169666    -0.00550119  -0.00337992
  0.00094077  -0.00006064     0.04230911   0.01450434     0.00341814   0.00417081
    6    6
  0.09638443   0.00000000    -0.00342822   0.00000000    -0.00016495   0.00000000
 -0.00342822   0.00000000     0.69958718   0.00000000     0.00021407   0.00000000
 -0.00016495   0.00000000     0.00021407   0.00000000     0.10402377   0.00000000
    6    7
  0.00381774   0.01174980    -0.01500361  -0.04617638     0.00007163   0.00022045
 -0.00428048  -0.01317396     0.00335338   0.01032065    -0.00013713  -0.00042205
 -0.00002540  -0.00007816     0.00005101   0.00015700    -0.00098533  -0.00303254
    7    1
  0.00055891   0.00002996    -0.00398547   0.00270383    -0.00035878  -0.00091685
  0.00297493  -0.00273231     0.00263643  -0.00392547     0.00181078   0.00389296
  0.00082931   0.00179426    -0.00034670   0.00109435     0.00669877   0.00055238
    7    2
  0.00020120   0.00052230     0.00133992  -0.00462594    -0.00098284  -0.00005790
 -0.00167928   0.00367366    -0.00291864   0.00372043     0.00426199   0.00051917
  0.00196271   0.00023426     0.00093366  -0.00066791     0.00259537   0.00620021
    7    3
 -0.34011925  -0.24711110     0.02119857   0.01540166    -0.00002276  -0.00001654
 -0.00047167  -0.00034269    -0.04405012  -0.03200429     0.00463693   0.00336893
  0.00018539   0.00013470     0.00088163   0.00064054    -0.05509731  -0.04003054
    7    4
 -0.00337213  -0.00238008    -0.00080426  -0.00118376     0.00306623  -0.00427142
  0.00133730   0.00105075     0.00922038   0.00735333    -0.00749036  -0.00797999
  0.01309221  -0.01870013     0.00066115  -0.00285638    -0.00933033  -0.01012998
    7    5
 -0.00330564  -0.00247160    -0.00137435  -0.00039910    -0.00311484   0.00423610
  0.00141257   0.00094715     0.00984268   0.00649680    -0.00990407  -0.00465780
 -0.01373917   0.01823009    -0.00251227   0.00151146    -0.01251742  -0.00574333
    7    6
  0.00381774  -0.01174980    -0.00428048   0.01317396    -0.00002540   0.00007816
 -0.01500361   0.04617638     0.00335338  -0.01032065     0.00005101  -0.00015700
  0.00007163  -0.00022045    -0.00013713   0.00042205    -0.00098533   0.00303254
    7    7
  0.58871883   0.00000000    -0.00519759   0.00000000    -0.00002950   0.00000000
 -0.00519759   0.00000000     0.11155784   0.00000000    -0.00071023   0.00000000
 -0.00002950   0.00000000    -0.00071023   0.00000000     0.10379714   0.00000000

     Diagonalizing the dynamical matrix

     q = (   -0.400000000   0.200000000   0.182159698 ) 

 **************************************************************************
     freq (    1) =       2.862986 [THz] =      95.498938 [cm-1]
 ( -0.014239  0.148624  0.110106 -0.427613 -0.060251  0.000625 ) 
 (  0.098878  0.111870 -0.340422 -0.281227  0.049112 -0.034909 ) 
 ( -0.004065 -0.012512 -0.005371 -0.016530  0.062677  0.192899 ) 
 ( -0.291684  0.138470  0.124203 -0.069852  0.027360  0.092474 ) 
 (  0.317368 -0.059423 -0.141540  0.016493  0.032220  0.090895 ) 
 ( -0.014080 -0.010230 -0.012156 -0.008832  0.191153  0.138881 ) 
 ( -0.005969 -0.000000 -0.052920 -0.000000  0.435522  0.000000 ) 
     freq (    2) =       2.972281 [THz] =      99.144629 [cm-1]
 ( -0.141231  0.262478 -0.493727  0.065981 -0.056164  0.034180 ) 
 (  0.268539  0.129335  0.438216 -0.236826  0.065528 -0.005360 ) 
 (  0.037132  0.114279  0.033641  0.103535  0.052031  0.160136 ) 
 ( -0.128469  0.047096  0.073585  0.033382  0.018606  0.069580 ) 
 (  0.131616 -0.037411 -0.039910  0.070259  0.025845  0.067228 ) 
 (  0.153489  0.111516  0.075775  0.055054  0.144841  0.105233 ) 
 (  0.050181  0.000000  0.288269  0.000000  0.198687  0.000000 ) 
     freq (    3) =       3.308830 [THz] =     110.370690 [cm-1]
 (  0.225527 -0.271068 -0.325080 -0.306147  0.190906 -0.026676 ) 
 ( -0.341785 -0.086737  0.083047 -0.438755 -0.170126  0.090631 ) 
 (  0.009438  0.029047 -0.013218 -0.040679 -0.055917 -0.172094 ) 
 ( -0.009653 -0.073155 -0.218052  0.051287  0.019700 -0.093368 ) 
 ( -0.035190 -0.064857  0.206553 -0.086676 -0.070818 -0.063957 ) 
 (  0.025858  0.018787 -0.023598 -0.017145 -0.243916 -0.177216 ) 
 (  0.011953  0.000000  0.108604  0.000000 -0.092353  0.000000 ) 
     freq (    4) =       3.618172 [THz] =     120.689214 [cm-1]
 ( -0.361755 -0.330514 -0.004103 -0.068324 -0.207983  0.231499 ) 
 (  0.098394 -0.480026 -0.036841 -0.057687  0.304334  0.065037 ) 
 (  0.029087  0.089521  0.036340  0.111842 -0.022998 -0.070779 ) 
 ( -0.181679  0.086625 -0.177969  0.088246 -0.039485  0.062107 ) 
 (  0.197899 -0.036707  0.195849 -0.033215  0.068450  0.027037 ) 
 (  0.096773  0.070310  0.078897  0.057322 -0.117840 -0.085616 ) 
 (  0.039034  0.000000  0.113058  0.000000  0.241610  0.000000 ) 
     freq (    5) =       4.149521 [THz] =     138.413112 [cm-1]
 (  0.199102 -0.082631  0.009600  0.097065  0.128050  0.406321 ) 
 ( -0.209646  0.050180  0.049287  0.084170  0.135235  0.403987 ) 
 (  0.034722  0.106864 -0.036857 -0.113433  0.085585  0.263404 ) 
 ( -0.037077  0.134303  0.136552 -0.099558  0.078357  0.256342 ) 
 (  0.108937  0.086860 -0.168992 -0.000281  0.087282  0.253442 ) 
 (  0.005089  0.003698 -0.072970 -0.053016  0.295194  0.214471 ) 
 (  0.032370 -0.000000 -0.054658  0.000000  0.191046  0.000000 ) 
     freq (    6) =       4.626706 [THz] =     154.330306 [cm-1]
 ( -0.122379 -0.030946  0.058961  0.062263  0.338698 -0.084253 ) 
 (  0.080817 -0.096969 -0.011103  0.085028 -0.323535  0.130919 ) 
 ( -0.001433 -0.004411  0.047011  0.144685  0.012474  0.038392 ) 
 ( -0.404393  0.158194 -0.013093  0.175500  0.088713  0.006401 ) 
 (  0.420145 -0.109714  0.113748  0.134286 -0.068008  0.057322 ) 
 (  0.057490  0.041769  0.098019  0.071215 -0.017668 -0.012837 ) 
 (  0.005465 -0.000000  0.090793 -0.000000  0.449042  0.000000 ) 
     freq (    7) =       5.303779 [THz] =     176.915010 [cm-1]
 (  0.192935 -0.032751  0.000153  0.084069 -0.170814 -0.059245 ) 
 ( -0.175338  0.086908  0.049291  0.068104  0.103368 -0.148333 ) 
 ( -0.001772 -0.005455  0.022897  0.070469 -0.000332 -0.001023 ) 
 ( -0.346897  0.133824 -0.153778  0.307396  0.013629  0.014159 ) 
 (  0.359305 -0.095636  0.305092  0.158300 -0.002704  0.019466 ) 
 ( -0.005597 -0.004066  0.045963  0.033394 -0.092976 -0.067551 ) 
 (  0.004215  0.000000  0.029162  0.000000  0.554505  0.000000 ) 
     freq (    8) =       5.491798 [THz] =     183.186656 [cm-1]
 (  0.070775  0.033265  0.071346 -0.051741  0.002566  0.048559 ) 
 ( -0.037706  0.068512 -0.088133  0.000077  0.026467  0.040794 ) 
 (  0.037010  0.113904  0.085053  0.261766 -0.007151 -0.022009 ) 
 (  0.230263  0.019424  0.168135  0.284970 -0.013380 -0.018060 ) 
 ( -0.174869  0.151059  0.031477  0.329373  0.000209 -0.022476 ) 
 (  0.321901  0.233875  0.185123  0.134500  0.005004  0.003636 ) 
 (  0.060180  0.000000  0.491024 -0.000000 -0.307678  0.000000 ) 
     freq (    9) =       5.662901 [THz] =     188.894047 [cm-1]
 ( -0.006369  0.186927  0.038504 -0.021587  0.046623  0.153610 ) 
 (  0.115026  0.147484 -0.043839  0.005168  0.052571  0.151677 ) 
 (  0.027939  0.085988 -0.017979 -0.055335 -0.053617 -0.165016 ) 
 ( -0.042036  0.188483 -0.415581  0.090260 -0.044675 -0.114555 ) 
 (  0.144796  0.127778  0.389266 -0.171251 -0.031191 -0.118936 ) 
 ( -0.064022 -0.046515 -0.035215 -0.025585 -0.477901 -0.347215 ) 
 (  0.025332 -0.000000 -0.092548  0.000000 -0.009476  0.000000 ) 
     freq (   10) =       6.447836 [THz] =     215.076667 [cm-1]
 ( -0.002084  0.007161 -0.035359 -0.021906  0.008571  0.051526 ) 
 (  0.005895  0.004568  0.015730 -0.038506  0.023352  0.046723 ) 
 ( -0.023357 -0.071887  0.053342  0.164170  0.004734  0.014570 ) 
 (  0.067116 -0.042519  0.110622  0.267515 -0.007538 -0.008135 ) 
 ( -0.079290  0.005052  0.067747  0.281446  0.001317 -0.011011 ) 
 ( -0.494777 -0.359476  0.103854  0.075455  0.012952  0.009410 ) 
 ( -0.023228  0.000000 -0.605952  0.000000 -0.127565  0.000000 ) 
     freq (   11) =       7.133473 [THz] =     237.947059 [cm-1]
 (  0.019715  0.033009 -0.010948  0.008968 -0.005500  0.074127 ) 
 (  0.003452  0.038293  0.014128  0.000820  0.048020  0.056737 ) 
 ( -0.005253 -0.016166 -0.002498 -0.007689 -0.089918 -0.276740 ) 
 ( -0.255574 -0.046739  0.560944 -0.150008 -0.024155 -0.148736 ) 
 (  0.179291 -0.188035 -0.541986  0.208355 -0.067883 -0.134528 ) 
 (  0.000024  0.000017 -0.005264 -0.003824  0.051406  0.037348 ) 
 ( -0.003574  0.000000  0.011906  0.000000  0.203952  0.000000 ) 
     freq (   12) =       7.686862 [THz] =     256.406120 [cm-1]
 (  0.002347  0.036183  0.003357 -0.004145  0.009859  0.102580 ) 
 (  0.019369  0.030652 -0.005152 -0.001381  0.052319  0.088784 ) 
 ( -0.097946 -0.301447  0.008156  0.025103  0.018159  0.055887 ) 
 ( -0.160605 -0.550492 -0.114360  0.080634 -0.018214 -0.030509 ) 
 ( -0.193639 -0.539759  0.139915 -0.001985 -0.003198 -0.035388 ) 
 (  0.167010  0.121340  0.008274  0.006012 -0.166826 -0.121206 ) 
 ( -0.107295 -0.000000  0.274378  0.000000 -0.008061  0.000000 ) 
     freq (   13) =       9.457505 [THz] =     315.468399 [cm-1]
 (  0.045426 -0.001318  0.006870  0.010097 -0.006129  0.006409 ) 
 ( -0.037525  0.025635  0.000377  0.012207  0.008726  0.001582 ) 
 ( -0.003539 -0.010892  0.069749  0.214665  0.002741  0.008435 ) 
 (  0.042239  0.003327 -0.148993 -0.590790  0.002948  0.006565 ) 
 ( -0.032216  0.027518 -0.226720 -0.565535  0.001474  0.007044 ) 
 ( -0.241427 -0.175407  0.160038  0.116274 -0.114865 -0.083454 ) 
 (  0.007822 -0.000000  0.147919  0.000000  0.166775  0.000000 ) 
     freq (   14) =       9.690840 [THz] =     323.251612 [cm-1]
 ( -0.004402  0.010986 -0.011819 -0.004147  0.001774  0.029593 ) 
 (  0.010018  0.006300  0.007124 -0.010302  0.015959  0.024985 ) 
 ( -0.057351 -0.176507 -0.004554 -0.014014 -0.031616 -0.097304 ) 
 ( -0.006217  0.337941 -0.166636  0.067469 -0.013933  0.026912 ) 
 (  0.203666  0.269746  0.174469 -0.043362  0.027091  0.013583 ) 
 ( -0.244796 -0.177854 -0.010962 -0.007964  0.461764  0.335491 ) 
 ( -0.085639 -0.000000  0.449375  0.000000 -0.175403  0.000000 ) 
     freq (   15) =       9.904798 [THz] =     330.388512 [cm-1]
 ( -0.017596 -0.020849 -0.013778  0.000974 -0.001920 -0.005967 ) 
 (  0.001980 -0.027210  0.011719 -0.007310 -0.001954 -0.005956 ) 
 ( -0.031129 -0.095807 -0.020003 -0.061563  0.025978  0.079954 ) 
 (  0.216689  0.230306  0.282647  0.069305 -0.002958  0.042609 ) 
 ( -0.039934  0.313688 -0.187929  0.222205  0.027438  0.032733 ) 
 ( -0.209213 -0.152002 -0.042855 -0.031136 -0.494036 -0.358938 ) 
 ( -0.053985  0.000000  0.353049 -0.000000  0.182962  0.000000 ) 
     freq (   16) =      11.099752 [THz] =     370.247864 [cm-1]
 (  0.009582 -0.014400  0.005759  0.008663 -0.024545 -0.013727 ) 
 ( -0.016216 -0.006018  0.000433  0.010394  0.011788 -0.025533 ) 
 (  0.015390  0.047365 -0.002599 -0.007998  0.023812  0.073285 ) 
 ( -0.431739  0.054912  0.074874 -0.053447  0.114890 -0.000156 ) 
 (  0.381561 -0.209346 -0.091990  0.000770 -0.093039  0.067405 ) 
 ( -0.157500 -0.114431  0.002647  0.001923 -0.183626 -0.133412 ) 
 (  0.020942  0.000000  0.138777  0.000000 -0.676635  0.000000 ) 
     freq (   17) =      11.239164 [THz] =     374.898155 [cm-1]
 ( -0.012936  0.001782  0.026443 -0.001846  0.009100 -0.006295 ) 
 (  0.011513 -0.006162 -0.022478  0.014050 -0.011062  0.000256 ) 
 (  0.054403  0.167435 -0.020334 -0.062581  0.007002  0.021550 ) 
 (  0.016886 -0.334305 -0.035038  0.119959 -0.041466 -0.216677 ) 
 ( -0.210160 -0.260533  0.098856  0.076454 -0.093813 -0.199668 ) 
 ( -0.481689 -0.349968 -0.022343 -0.016233  0.129570  0.094138 ) 
 (  0.058093  0.000000  0.433731  0.000000  0.192605  0.000000 ) 
     freq (   18) =      14.499506 [THz] =     483.651456 [cm-1]
 (  0.002627 -0.022271 -0.007416  0.005357 -0.009936  0.022727 ) 
 ( -0.015216 -0.016473  0.009149 -0.000026  0.021397  0.012547 ) 
 ( -0.014680 -0.045180  0.002984  0.009183  0.032768  0.100848 ) 
 (  0.025474  0.156638 -0.002590 -0.037041  0.056361 -0.666849 ) 
 (  0.071461  0.141696 -0.019677 -0.031489 -0.437561 -0.506364 ) 
 (  0.124010  0.090098  0.007213  0.005241  0.043932  0.031918 ) 
 ( -0.007938  0.000000 -0.092332 -0.000000 -0.005822  0.000000 ) 
     freq (   19) =      15.143702 [THz] =     505.139540 [cm-1]
 ( -0.008873  0.011187  0.002790 -0.004767 -0.016070  0.006269 ) 
 (  0.013754  0.003835 -0.005059 -0.002217  0.016685 -0.004374 ) 
 ( -0.001280 -0.003939 -0.002347 -0.007223 -0.014565 -0.044826 ) 
 (  0.090384 -0.048645 -0.020379  0.019590  0.694982  0.023547 ) 
 ( -0.101715  0.013772  0.028001  0.003870 -0.548412  0.427550 ) 
 ( -0.015747 -0.011441  0.012585  0.009144  0.009123  0.006628 ) 
 (  0.015662  0.000000  0.012826  0.000000  0.075525  0.000000 ) 
     freq (   20) =      21.833821 [THz] =     728.297866 [cm-1]
 (  0.000509 -0.000021  0.000326 -0.000173 -0.000276  0.000222 ) 
 ( -0.000425  0.000282 -0.000365  0.000052  0.000353  0.000017 ) 
 (  0.004623  0.014227  0.039354  0.121118 -0.000025 -0.000077 ) 
 (  0.000108 -0.004635 -0.002361 -0.007286  0.016572 -0.005033 ) 
 ( -0.002812 -0.003687 -0.002372 -0.007282 -0.016366  0.005669 ) 
 ( -0.008304 -0.006033 -0.796699 -0.578836  0.000033  0.000024 ) 
 ( -0.112428 -0.000000  0.016429 -0.000000  0.000486  0.000000 ) 
     freq (   21) =      23.030599 [THz] =     768.218094 [cm-1]
 ( -0.000765  0.000208 -0.000029 -0.000024  0.000783  0.000458 ) 
 (  0.000741 -0.000282  0.000010 -0.000037 -0.000365  0.000831 ) 
 ( -0.017995 -0.055384  0.001610  0.004956 -0.000110 -0.000338 ) 
 (  0.003502  0.008367 -0.000113  0.001838 -0.011277  0.005282 ) 
 (  0.002084  0.008827  0.001171  0.001420  0.012228 -0.002355 ) 
 ( -0.011407 -0.008288 -0.092833 -0.067447  0.000437  0.000317 ) 
 (  0.991287  0.000000  0.009045 -0.000000  0.000270  0.000000 ) 
 **************************************************************************
