Dynamical matrix file
Sr2RuO4                                                                    
  3    7   7   7.3000120   0.0000000   3.2938131   0.0000000   0.0000000   0.0000000
           1  'Sr     '    79860.7445811805     
           2  'Ru     '    92119.6696509919     
           3  'O      '    14582.1964454954     
    1    1      0.0000000000      0.0000000000      1.1602701746
    2    1      0.0000000000      0.0000000000     -1.1602701746
    3    2      0.0000000000      0.0000000000      0.0000000000
    4    3      0.0000000000      0.0000000000      0.5380857149
    5    3      0.0000000000      0.0000000000     -0.5380857149
    6    3      0.0000000000     -0.5000000000      0.0000000000
    7    3      0.5000000000      0.0000000000      0.0000000000

     Dynamical  Matrix in cartesian axes

     q = (    0.400000000   0.200000000  -0.060719899 ) 

    1    1
  0.14289451  -0.00000000     0.00470229  -0.00001084    -0.00039870  -0.00387924
  0.00470229   0.00001084     0.08617500   0.00000000    -0.00008554  -0.00275877
 -0.00039870   0.00387924    -0.00008554   0.00275877     0.17725663  -0.00000000
    1    2
  0.00060012  -0.00367102     0.01303388  -0.00977730     0.02176046   0.03073201
  0.01303388  -0.00977730    -0.00150793  -0.00074080     0.00400462   0.00696637
  0.02176046   0.03073201     0.00400462   0.00696637    -0.01444706   0.02403830
    1    3
 -0.00261476   0.00212470     0.04078275  -0.02929462    -0.04158206  -0.05348253
  0.03887404  -0.02777237    -0.00674423   0.00369043    -0.00949272  -0.01006870
 -0.03955945  -0.05088587    -0.00938049  -0.01115449    -0.02812716   0.00190524
    1    4
 -0.01960976   0.00041837    -0.00324281   0.00117319     0.00504944   0.00060461
 -0.00368263   0.00136571    -0.00923902   0.00007334     0.00104009  -0.00370912
  0.00242459  -0.00153627     0.00052137  -0.00318858    -0.04319050   0.00028865
    1    5
 -0.00412526   0.00335901    -0.01616695   0.01179923     0.01524477   0.02001081
 -0.01620549   0.01181083    -0.00091865   0.00086121     0.00409625   0.00470382
 -0.00423249  -0.00624390    -0.00114047  -0.00165745    -0.00425654   0.00462544
    1    6
 -0.00678499  -0.00102308     0.00461776  -0.00010087     0.00057836  -0.00029147
 -0.00466565  -0.00030236    -0.00001447   0.00021669     0.00024289   0.00151976
  0.00061841   0.00307529    -0.00015310  -0.00067772     0.00023366   0.00272392
    1    7
 -0.00056237  -0.00350449     0.00031558   0.00292646     0.00245598  -0.00125120
 -0.00082964  -0.00267448     0.00378825   0.01213439    -0.00393723   0.00101589
  0.00151056   0.00118263    -0.00098579  -0.00003747     0.00331624   0.00610204
    2    1
  0.00060012   0.00367102     0.01303388   0.00977730     0.02176046  -0.03073201
  0.01303388   0.00977730    -0.00150793   0.00074080     0.00400462  -0.00696637
  0.02176046  -0.03073201     0.00400462  -0.00696637    -0.01444706  -0.02403830
    2    2
  0.14289451   0.00000000     0.00470229   0.00001084    -0.00039870   0.00387924
  0.00470229  -0.00001084     0.08617500  -0.00000000    -0.00008554   0.00275877
 -0.00039870  -0.00387924    -0.00008554  -0.00275877     0.17725663   0.00000000
    2    3
 -0.00261476  -0.00212470     0.04078275   0.02929462    -0.04158206   0.05348253
  0.03887404   0.02777237    -0.00674423  -0.00369043    -0.00949272   0.01006870
 -0.03955945   0.05088587    -0.00938049   0.01115449    -0.02812716  -0.00190524
    2    4
 -0.00412526  -0.00335901    -0.01616695  -0.01179923     0.01524477  -0.02001081
 -0.01620549  -0.01181083    -0.00091865  -0.00086121     0.00409625  -0.00470382
 -0.00423249   0.00624390    -0.00114047   0.00165745    -0.00425654  -0.00462544
    2    5
 -0.01960976  -0.00041837    -0.00324281  -0.00117319     0.00504944  -0.00060461
 -0.00368263  -0.00136571    -0.00923902  -0.00007334     0.00104009   0.00370912
  0.00242459   0.00153627     0.00052137   0.00318858    -0.04319050  -0.00028865
    2    6
 -0.00306969  -0.00613676     0.00133103   0.00442292    -0.00009848   0.00064013
 -0.00172932  -0.00434386     0.00020161  -0.00008072     0.00152044  -0.00023863
  0.00311587  -0.00036218    -0.00069186   0.00006382     0.00266280  -0.00061952
    2    7
  0.00251486  -0.00250464    -0.00197544   0.00218206    -0.00125149  -0.00245583
  0.00224322  -0.00167605    -0.01019718   0.00759025     0.00258816   0.00313612
 -0.00191720   0.00006888     0.00081954   0.00054911    -0.00626959   0.00298742
    3    1
 -0.00261476  -0.00212470     0.03887404   0.02777237    -0.03955945   0.05088587
  0.04078275   0.02929462    -0.00674423  -0.00369043    -0.00938049   0.01115449
 -0.04158206   0.05348253    -0.00949272   0.01006870    -0.02812716  -0.00190524
    3    2
 -0.00261476   0.00212470     0.03887404  -0.02777237    -0.03955945  -0.05088587
  0.04078275  -0.02929462    -0.00674423   0.00369043    -0.00938049  -0.01115449
 -0.04158206  -0.05348253    -0.00949272  -0.01006870    -0.02812716   0.00190524
    3    3
  0.73432559   0.00000000     0.01818494   0.00000000    -0.00347649   0.00000000
  0.01818494   0.00000000     0.77710052   0.00000000    -0.00077469   0.00000000
 -0.00347649   0.00000000    -0.00077469   0.00000000     0.47474500   0.00000000
    3    4
 -0.06870644  -0.00087916    -0.00192776   0.00043772     0.00707223  -0.00290005
 -0.00195311   0.00036198    -0.06510596  -0.00024243     0.00143854  -0.00087915
  0.00664516  -0.00251967     0.00157735  -0.00224294    -0.10199907   0.00383405
    3    5
 -0.06870644   0.00087916    -0.00192776  -0.00043772     0.00707223   0.00290005
 -0.00195311  -0.00036198    -0.06510596   0.00024243     0.00143854   0.00087915
  0.00664516   0.00251967     0.00157735   0.00224294    -0.10199907  -0.00383405
    3    6
 -0.04451891  -0.03234488     0.02174699   0.01580011     0.00056473   0.00041030
 -0.00100706  -0.00073167    -0.33992824  -0.24697232     0.00011991   0.00008712
  0.00290995   0.00211421    -0.00001070  -0.00000778    -0.05289554  -0.03843086
    3    7
 -0.06922920   0.21306556     0.00117842  -0.00362682     0.00009366  -0.00028825
  0.00916335  -0.02820188    -0.00760270   0.02339872     0.00016365  -0.00050367
 -0.00029438   0.00090600     0.00057080  -0.00175673    -0.01205358   0.03709709
    4    1
 -0.01960976  -0.00041837    -0.00368263  -0.00136571     0.00242459   0.00153627
 -0.00324281  -0.00117319    -0.00923902  -0.00007334     0.00052137   0.00318858
  0.00504944  -0.00060461     0.00104009   0.00370912    -0.04319050  -0.00028865
    4    2
 -0.00412526   0.00335901    -0.01620549   0.01181083    -0.00423249  -0.00624390
 -0.01616695   0.01179923    -0.00091865   0.00086121    -0.00114047  -0.00165745
  0.01524477   0.02001081     0.00409625   0.00470382    -0.00425654   0.00462544
    4    3
 -0.06870644   0.00087916    -0.00195311  -0.00036198     0.00664516   0.00251967
 -0.00192776  -0.00043772    -0.06510596   0.00024243     0.00157735   0.00224294
  0.00707223   0.00290005     0.00143854   0.00087915    -0.10199907  -0.00383405
    4    4
  0.10675176   0.00000000     0.00597755   0.00000425    -0.00187089   0.00089562
  0.00597755  -0.00000425     0.08281058  -0.00000000    -0.00039649   0.00103320
 -0.00187089  -0.00089562    -0.00039649  -0.00103320     0.27285566   0.00000000
    4    5
  0.01171613  -0.00015736     0.00717155  -0.00500278    -0.01530098  -0.01928500
  0.00717155  -0.00500278     0.01073439   0.00083457    -0.00369754  -0.00454071
 -0.01530098  -0.01928500    -0.00369754  -0.00454071    -0.03594593   0.00608724
    4    6
  0.01042631   0.00706615    -0.00181583  -0.00094935    -0.00141614   0.00070867
  0.00155104   0.00105384    -0.00329141  -0.00243679    -0.01334899   0.01794530
 -0.00066723  -0.01046018    -0.00307952   0.00420145    -0.01509387  -0.00887033
    4    7
  0.00075157  -0.00097196     0.00137107  -0.00464157     0.04156982   0.01401719
 -0.00021109   0.00166048     0.00048069  -0.00293474     0.00139028   0.00023492
 -0.00434354  -0.00240554    -0.00503308   0.00201907    -0.00025641   0.00993413
    5    1
 -0.00412526  -0.00335901    -0.01620549  -0.01181083    -0.00423249   0.00624390
 -0.01616695  -0.01179923    -0.00091865  -0.00086121    -0.00114047   0.00165745
  0.01524477  -0.02001081     0.00409625  -0.00470382    -0.00425654  -0.00462544
    5    2
 -0.01960976   0.00041837    -0.00368263   0.00136571     0.00242459  -0.00153627
 -0.00324281   0.00117319    -0.00923902   0.00007334     0.00052137  -0.00318858
  0.00504944   0.00060461     0.00104009  -0.00370912    -0.04319050   0.00028865
    5    3
 -0.06870644  -0.00087916    -0.00195311   0.00036198     0.00664516  -0.00251967
 -0.00192776   0.00043772    -0.06510596  -0.00024243     0.00157735  -0.00224294
  0.00707223  -0.00290005     0.00143854  -0.00087915    -0.10199907   0.00383405
    5    4
  0.01171613   0.00015736     0.00717155   0.00500278    -0.01530098   0.01928500
  0.00717155   0.00500278     0.01073439  -0.00083457    -0.00369754   0.00454071
 -0.01530098   0.01928500    -0.00369754   0.00454071    -0.03594593  -0.00608724
    5    5
  0.10675176   0.00000000     0.00597755  -0.00000425    -0.00187089  -0.00089562
  0.00597755   0.00000425     0.08281058   0.00000000    -0.00039649  -0.00103320
 -0.00187089   0.00089562    -0.00039649   0.00103320     0.27285566   0.00000000
    5    6
  0.00994222   0.00773245    -0.00146401  -0.00143359     0.00023637  -0.00156582
  0.00148155   0.00114947    -0.00333462  -0.00237730     0.01294192  -0.01824105
 -0.01015441   0.00259780     0.00304420  -0.00422711    -0.01310045  -0.01161404
    5    7
 -0.00003673  -0.00122810     0.00161902  -0.00456100    -0.04186979  -0.01309398
 -0.00080523   0.00146743     0.00133611  -0.00265679    -0.00126284  -0.00062714
  0.00492794   0.00060695     0.00288506   0.00459183    -0.00563170   0.00818760
    6    1
 -0.00678499   0.00102308    -0.00466565   0.00030236     0.00061841  -0.00307529
  0.00461776   0.00010087    -0.00001447  -0.00021669    -0.00015310   0.00067772
  0.00057836   0.00029147     0.00024289  -0.00151976     0.00023366  -0.00272392
    6    2
 -0.00306969   0.00613676    -0.00172932   0.00434386     0.00311587   0.00036218
  0.00133103  -0.00442292     0.00020161   0.00008072    -0.00069186  -0.00006382
 -0.00009848  -0.00064013     0.00152044   0.00023863     0.00266280   0.00061952
    6    3
 -0.04451891   0.03234488    -0.00100706   0.00073167     0.00290995  -0.00211421
  0.02174699  -0.01580011    -0.33992824   0.24697232    -0.00001070   0.00000778
  0.00056473  -0.00041030     0.00011991  -0.00008712    -0.05289554   0.03843086
    6    4
  0.01042631  -0.00706615     0.00155104  -0.00105384    -0.00066723   0.01046018
 -0.00181583   0.00094935    -0.00329141   0.00243679    -0.00307952  -0.00420145
 -0.00141614  -0.00070867    -0.01334899  -0.01794530    -0.01509387   0.00887033
    6    5
  0.00994222  -0.00773245     0.00148155  -0.00114947    -0.01015441  -0.00259780
 -0.00146401   0.00143359    -0.00333462   0.00237730     0.00304420   0.00422711
  0.00023637   0.00156582     0.01294192   0.01824105    -0.01310045   0.01161404
    6    6
  0.11177553   0.00000000    -0.00537474   0.00000000    -0.00045912   0.00000000
 -0.00537474   0.00000000     0.58863209   0.00000000    -0.00001982   0.00000000
 -0.00045912   0.00000000    -0.00001982   0.00000000     0.10328387   0.00000000
    6    7
  0.00360064   0.01108163    -0.01504060  -0.04629020     0.00004149   0.00012769
 -0.00428310  -0.01318202     0.00388267   0.01194963    -0.00001539  -0.00004737
 -0.00008623  -0.00026540     0.00004697   0.00014456    -0.00077232  -0.00237697
    7    1
 -0.00056237   0.00350449    -0.00082964   0.00267448     0.00151056  -0.00118263
  0.00031558  -0.00292646     0.00378825  -0.01213439    -0.00098579   0.00003747
  0.00245598   0.00125120    -0.00393723  -0.00101589     0.00331624  -0.00610204
    7    2
  0.00251486   0.00250464     0.00224322   0.00167605    -0.00191720  -0.00006888
 -0.00197544  -0.00218206    -0.01019718  -0.00759025     0.00081954  -0.00054911
 -0.00125149   0.00245583     0.00258816  -0.00313612    -0.00626959  -0.00298742
    7    3
 -0.06922920  -0.21306556     0.00916335   0.02820188    -0.00029438  -0.00090600
  0.00117842   0.00362682    -0.00760270  -0.02339872     0.00057080   0.00175673
  0.00009366   0.00028825     0.00016365   0.00050367    -0.01205358  -0.03709709
    7    4
  0.00075157   0.00097196    -0.00021109  -0.00166048    -0.00434354   0.00240554
  0.00137107   0.00464157     0.00048069   0.00293474    -0.00503308  -0.00201907
  0.04156982  -0.01401719     0.00139028  -0.00023492    -0.00025641  -0.00993413
    7    5
 -0.00003673   0.00122810    -0.00080523  -0.00146743     0.00492794  -0.00060695
  0.00161902   0.00456100     0.00133611   0.00265679     0.00288506  -0.00459183
 -0.04186979   0.01309398    -0.00126284   0.00062714    -0.00563170  -0.00818760
    7    6
  0.00360064  -0.01108163    -0.00428310   0.01318202    -0.00008623   0.00026540
 -0.01504060   0.04629020     0.00388267  -0.01194963     0.00004697  -0.00014456
  0.00004149  -0.00012769    -0.00001539   0.00004737    -0.00077232   0.00237697
    7    7
  0.69953015   0.00000000    -0.00374715   0.00000000     0.00013669   0.00000000
 -0.00374715   0.00000000     0.09645570   0.00000000    -0.00011708   0.00000000
  0.00013669   0.00000000    -0.00011708   0.00000000     0.10369795   0.00000000

     Dynamical  Matrix in cartesian axes

     q = (   -0.200000000  -0.400000000  -0.060719899 ) 

    1    1
  0.08617500   0.00000000     0.00470229   0.00001084     0.00008554   0.00275877
  0.00470229  -0.00001084     0.14289451  -0.00000000     0.00039870   0.00387924
  0.00008554  -0.00275877     0.00039870  -0.00387924     0.17725663   0.00000000
    1    2
 -0.00150793  -0.00074080     0.01303388  -0.00977730    -0.00400462  -0.00696637
  0.01303388  -0.00977730     0.00060012  -0.00367102    -0.02176046  -0.03073201
 -0.00400462  -0.00696637    -0.02176046  -0.03073201    -0.01444706   0.02403830
    1    3
 -0.00674423   0.00369043     0.03887404  -0.02777237     0.00949272   0.01006870
  0.04078275  -0.02929462    -0.00261476   0.00212470     0.04158206   0.05348253
  0.00938049   0.01115449     0.03955945   0.05088587    -0.02812716   0.00190524
    1    4
 -0.00923902   0.00007334    -0.00368263   0.00136571    -0.00104009   0.00370912
 -0.00324281   0.00117319    -0.01960976   0.00041837    -0.00504944  -0.00060461
 -0.00052137   0.00318858    -0.00242459   0.00153627    -0.04319050   0.00028865
    1    5
 -0.00091865   0.00086121    -0.01620549   0.01181083    -0.00409625  -0.00470382
 -0.01616695   0.01179923    -0.00412526   0.00335901    -0.01524477  -0.02001081
  0.00114047   0.00165745     0.00423249   0.00624390    -0.00425654   0.00462544
    1    6
  0.00378825   0.01213439    -0.00082964  -0.00267448     0.00393723  -0.00101589
  0.00031558   0.00292646    -0.00056237  -0.00350449    -0.00245598   0.00125120
  0.00098579   0.00003747    -0.00151056  -0.00118263     0.00331624   0.00610204
    1    7
 -0.00001447   0.00021669    -0.00466565  -0.00030236    -0.00024289  -0.00151976
  0.00461776  -0.00010087    -0.00678499  -0.00102308    -0.00057836   0.00029147
  0.00015310   0.00067772    -0.00061841  -0.00307529     0.00023366   0.00272392
    2    1
 -0.00150793   0.00074080     0.01303388   0.00977730    -0.00400462   0.00696637
  0.01303388   0.00977730     0.00060012   0.00367102    -0.02176046   0.03073201
 -0.00400462   0.00696637    -0.02176046   0.03073201    -0.01444706  -0.02403830
    2    2
  0.08617500  -0.00000000     0.00470229  -0.00001084     0.00008554  -0.00275877
  0.00470229   0.00001084     0.14289451   0.00000000     0.00039870  -0.00387924
  0.00008554   0.00275877     0.00039870   0.00387924     0.17725663  -0.00000000
    2    3
 -0.00674423  -0.00369043     0.03887404   0.02777237     0.00949272  -0.01006870
  0.04078275   0.02929462    -0.00261476  -0.00212470     0.04158206  -0.05348253
  0.00938049  -0.01115449     0.03955945  -0.05088587    -0.02812716  -0.00190524
    2    4
 -0.00091865  -0.00086121    -0.01620549  -0.01181083    -0.00409625   0.00470382
 -0.01616695  -0.01179923    -0.00412526  -0.00335901    -0.01524477   0.02001081
  0.00114047  -0.00165745     0.00423249  -0.00624390    -0.00425654  -0.00462544
    2    5
 -0.00923902  -0.00007334    -0.00368263  -0.00136571    -0.00104009  -0.00370912
 -0.00324281  -0.00117319    -0.01960976  -0.00041837    -0.00504944   0.00060461
 -0.00052137  -0.00318858    -0.00242459  -0.00153627    -0.04319050  -0.00028865
    2    6
 -0.01019718   0.00759025     0.00224322  -0.00167605    -0.00258816  -0.00313612
 -0.00197544   0.00218206     0.00251486  -0.00250464     0.00125149   0.00245583
 -0.00081954  -0.00054911     0.00191720  -0.00006888    -0.00626959   0.00298742
    2    7
  0.00020161  -0.00008072    -0.00172932  -0.00434386    -0.00152044   0.00023863
  0.00133103   0.00442292    -0.00306969  -0.00613676     0.00009848  -0.00064013
  0.00069186  -0.00006382    -0.00311587   0.00036218     0.00266280  -0.00061952
    3    1
 -0.00674423  -0.00369043     0.04078275   0.02929462     0.00938049  -0.01115449
  0.03887404   0.02777237    -0.00261476  -0.00212470     0.03955945  -0.05088587
  0.00949272  -0.01006870     0.04158206  -0.05348253    -0.02812716  -0.00190524
    3    2
 -0.00674423   0.00369043     0.04078275  -0.02929462     0.00938049   0.01115449
  0.03887404  -0.02777237    -0.00261476   0.00212470     0.03955945   0.05088587
  0.00949272   0.01006870     0.04158206   0.05348253    -0.02812716   0.00190524
    3    3
  0.77710052   0.00000000     0.01818494   0.00000000     0.00077469   0.00000000
  0.01818494   0.00000000     0.73432559   0.00000000     0.00347649   0.00000000
  0.00077469   0.00000000     0.00347649   0.00000000     0.47474500   0.00000000
    3    4
 -0.06510596  -0.00024243    -0.00195311   0.00036198    -0.00143854   0.00087915
 -0.00192776   0.00043772    -0.06870644  -0.00087916    -0.00707223   0.00290005
 -0.00157735   0.00224294    -0.00664516   0.00251967    -0.10199907   0.00383405
    3    5
 -0.06510596   0.00024243    -0.00195311  -0.00036198    -0.00143854  -0.00087915
 -0.00192776  -0.00043772    -0.06870644   0.00087916    -0.00707223  -0.00290005
 -0.00157735  -0.00224294    -0.00664516  -0.00251967    -0.10199907  -0.00383405
    3    6
 -0.00760270   0.02339872     0.00916335  -0.02820188    -0.00016365   0.00050367
  0.00117842  -0.00362682    -0.06922920   0.21306556    -0.00009366   0.00028825
 -0.00057080   0.00175673     0.00029438  -0.00090600    -0.01205358   0.03709709
    3    7
 -0.33992824  -0.24697232    -0.00100706  -0.00073167    -0.00011991  -0.00008712
  0.02174699   0.01580011    -0.04451891  -0.03234488    -0.00056473  -0.00041030
  0.00001070   0.00000778    -0.00290995  -0.00211421    -0.05289554  -0.03843086
    4    1
 -0.00923902  -0.00007334    -0.00324281  -0.00117319    -0.00052137  -0.00318858
 -0.00368263  -0.00136571    -0.01960976  -0.00041837    -0.00242459  -0.00153627
 -0.00104009  -0.00370912    -0.00504944   0.00060461    -0.04319050  -0.00028865
    4    2
 -0.00091865   0.00086121    -0.01616695   0.01179923     0.00114047   0.00165745
 -0.01620549   0.01181083    -0.00412526   0.00335901     0.00423249   0.00624390
 -0.00409625  -0.00470382    -0.01524477  -0.02001081    -0.00425654   0.00462544
    4    3
 -0.06510596   0.00024243    -0.00192776  -0.00043772    -0.00157735  -0.00224294
 -0.00195311  -0.00036198    -0.06870644   0.00087916    -0.00664516  -0.00251967
 -0.00143854  -0.00087915    -0.00707223  -0.00290005    -0.10199907  -0.00383405
    4    4
  0.08281058  -0.00000000     0.00597755  -0.00000425     0.00039649  -0.00103320
  0.00597755   0.00000425     0.10675176   0.00000000     0.00187089  -0.00089562
  0.00039649   0.00103320     0.00187089   0.00089562     0.27285566   0.00000000
    4    5
  0.01073439   0.00083457     0.00717155  -0.00500278     0.00369754   0.00454071
  0.00717155  -0.00500278     0.01171613  -0.00015736     0.01530098   0.01928500
  0.00369754   0.00454071     0.01530098   0.01928500    -0.03594593   0.00608724
    4    6
  0.00048069  -0.00293474    -0.00021109   0.00166048    -0.00139028  -0.00023492
  0.00137107  -0.00464157     0.00075157  -0.00097196    -0.04156982  -0.01401719
  0.00503308  -0.00201907     0.00434354   0.00240554    -0.00025641   0.00993413
    4    7
 -0.00329141  -0.00243679     0.00155104   0.00105384     0.01334899  -0.01794530
 -0.00181583  -0.00094935     0.01042631   0.00706615     0.00141614  -0.00070867
  0.00307952  -0.00420145     0.00066723   0.01046018    -0.01509387  -0.00887033
    5    1
 -0.00091865  -0.00086121    -0.01616695  -0.01179923     0.00114047  -0.00165745
 -0.01620549  -0.01181083    -0.00412526  -0.00335901     0.00423249  -0.00624390
 -0.00409625   0.00470382    -0.01524477   0.02001081    -0.00425654  -0.00462544
    5    2
 -0.00923902   0.00007334    -0.00324281   0.00117319    -0.00052137   0.00318858
 -0.00368263   0.00136571    -0.01960976   0.00041837    -0.00242459   0.00153627
 -0.00104009   0.00370912    -0.00504944  -0.00060461    -0.04319050   0.00028865
    5    3
 -0.06510596  -0.00024243    -0.00192776   0.00043772    -0.00157735   0.00224294
 -0.00195311   0.00036198    -0.06870644  -0.00087916    -0.00664516   0.00251967
 -0.00143854   0.00087915    -0.00707223   0.00290005    -0.10199907   0.00383405
    5    4
  0.01073439  -0.00083457     0.00717155   0.00500278     0.00369754  -0.00454071
  0.00717155   0.00500278     0.01171613   0.00015736     0.01530098  -0.01928500
  0.00369754  -0.00454071     0.01530098  -0.01928500    -0.03594593  -0.00608724
    5    5
  0.08281058   0.00000000     0.00597755   0.00000425     0.00039649   0.00103320
  0.00597755  -0.00000425     0.10675176   0.00000000     0.00187089   0.00089562
  0.00039649  -0.00103320     0.00187089  -0.00089562     0.27285566   0.00000000
    5    6
  0.00133611  -0.00265679    -0.00080523   0.00146743     0.00126284   0.00062714
  0.00161902  -0.00456100    -0.00003673  -0.00122810     0.04186979   0.01309398
 -0.00288506  -0.00459183    -0.00492794  -0.00060695    -0.00563170   0.00818760
    5    7
 -0.00333462  -0.00237730     0.00148155   0.00114947    -0.01294192   0.01824105
 -0.00146401  -0.00143359     0.00994222   0.00773245    -0.00023637   0.00156582
 -0.00304420   0.00422711     0.01015441  -0.00259780    -0.01310045  -0.01161404
    6    1
  0.00378825  -0.01213439     0.00031558  -0.00292646     0.00098579  -0.00003747
 -0.00082964   0.00267448    -0.00056237   0.00350449    -0.00151056   0.00118263
  0.00393723   0.00101589    -0.00245598  -0.00125120     0.00331624  -0.00610204
    6    2
 -0.01019718  -0.00759025    -0.00197544  -0.00218206    -0.00081954   0.00054911
  0.00224322   0.00167605     0.00251486   0.00250464     0.00191720   0.00006888
 -0.00258816   0.00313612     0.00125149  -0.00245583    -0.00626959  -0.00298742
    6    3
 -0.00760270  -0.02339872     0.00117842   0.00362682    -0.00057080  -0.00175673
  0.00916335   0.02820188    -0.06922920  -0.21306556     0.00029438   0.00090600
 -0.00016365  -0.00050367    -0.00009366  -0.00028825    -0.01205358  -0.03709709
    6    4
  0.00048069   0.00293474     0.00137107   0.00464157     0.00503308   0.00201907
 -0.00021109  -0.00166048     0.00075157   0.00097196     0.00434354  -0.00240554
 -0.00139028   0.00023492    -0.04156982   0.01401719    -0.00025641  -0.00993413
    6    5
  0.00133611   0.00265679     0.00161902   0.00456100    -0.00288506   0.00459183
 -0.00080523  -0.00146743    -0.00003673   0.00122810    -0.00492794   0.00060695
  0.00126284  -0.00062714     0.04186979  -0.01309398    -0.00563170  -0.00818760
    6    6
  0.09645570   0.00000000    -0.00374715   0.00000000     0.00011708   0.00000000
 -0.00374715   0.00000000     0.69953015   0.00000000    -0.00013669   0.00000000
  0.00011708   0.00000000    -0.00013669   0.00000000     0.10369795   0.00000000
    6    7
  0.00388267  -0.01194963    -0.01504060   0.04629020    -0.00004697   0.00014456
 -0.00428310   0.01318202     0.00360064  -0.01108163     0.00008623  -0.00026540
  0.00001539  -0.00004737    -0.00004149   0.00012769    -0.00077232   0.00237697
    7    1
 -0.00001447  -0.00021669     0.00461776   0.00010087     0.00015310  -0.00067772
 -0.00466565   0.00030236    -0.00678499   0.00102308    -0.00061841   0.00307529
 -0.00024289   0.00151976    -0.00057836  -0.00029147     0.00023366  -0.00272392
    7    2
  0.00020161   0.00008072     0.00133103  -0.00442292     0.00069186   0.00006382
 -0.00172932   0.00434386    -0.00306969   0.00613676    -0.00311587  -0.00036218
 -0.00152044  -0.00023863     0.00009848   0.00064013     0.00266280   0.00061952
    7    3
 -0.33992824   0.24697232     0.02174699  -0.01580011     0.00001070  -0.00000778
 -0.00100706   0.00073167    -0.04451891   0.03234488    -0.00290995   0.00211421
 -0.00011991   0.00008712    -0.00056473   0.00041030    -0.05289554   0.03843086
    7    4
 -0.00329141   0.00243679    -0.00181583   0.00094935     0.00307952   0.00420145
  0.00155104  -0.00105384     0.01042631  -0.00706615     0.00066723  -0.01046018
  0.01334899   0.01794530     0.00141614   0.00070867    -0.01509387   0.00887033
    7    5
 -0.00333462   0.00237730    -0.00146401   0.00143359    -0.00304420  -0.00422711
  0.00148155  -0.00114947     0.00994222  -0.00773245     0.01015441   0.00259780
 -0.01294192  -0.01824105    -0.00023637  -0.00156582    -0.01310045   0.01161404
    7    6
  0.00388267   0.01194963    -0.00428310  -0.01318202     0.00001539   0.00004737
 -0.01504060  -0.04629020     0.00360064   0.01108163    -0.00004149  -0.00012769
 -0.00004697  -0.00014456     0.00008623   0.00026540    -0.00077232  -0.00237697
    7    7
  0.58863209   0.00000000    -0.00537474   0.00000000     0.00001982   0.00000000
 -0.00537474   0.00000000     0.11177553   0.00000000     0.00045912   0.00000000
  0.00001982   0.00000000     0.00045912   0.00000000     0.10328387   0.00000000

     Dynamical  Matrix in cartesian axes

     q = (    0.400000000  -0.200000000   0.060719899 ) 

    1    1
  0.14289451   0.00000000    -0.00470229  -0.00001084     0.00039870  -0.00387924
 -0.00470229   0.00001084     0.08617500  -0.00000000    -0.00008554   0.00275877
  0.00039870   0.00387924    -0.00008554  -0.00275877     0.17725663   0.00000000
    1    2
  0.00060012   0.00367102    -0.01303388  -0.00977730    -0.02176046   0.03073201
 -0.01303388  -0.00977730    -0.00150793   0.00074080     0.00400462  -0.00696637
 -0.02176046   0.03073201     0.00400462  -0.00696637    -0.01444706  -0.02403830
    1    3
 -0.00261476  -0.00212470    -0.04078275  -0.02929462     0.04158206  -0.05348253
 -0.03887404  -0.02777237    -0.00674423  -0.00369043    -0.00949272   0.01006870
  0.03955945  -0.05088587    -0.00938049   0.01115449    -0.02812716  -0.00190524
    1    4
 -0.01960976  -0.00041837     0.00324281   0.00117319    -0.00504944   0.00060461
  0.00368263   0.00136571    -0.00923902  -0.00007334     0.00104009   0.00370912
 -0.00242459  -0.00153627     0.00052137   0.00318858    -0.04319050  -0.00028865
    1    5
 -0.00412526  -0.00335901     0.01616695   0.01179923    -0.01524477   0.02001081
  0.01620549   0.01181083    -0.00091865  -0.00086121     0.00409625  -0.00470382
  0.00423249  -0.00624390    -0.00114047   0.00165745    -0.00425654  -0.00462544
    1    6
 -0.00678499   0.00102308    -0.00461776  -0.00010087    -0.00057836  -0.00029147
  0.00466565  -0.00030236    -0.00001447  -0.00021669     0.00024289  -0.00151976
 -0.00061841   0.00307529    -0.00015310   0.00067772     0.00023366  -0.00272392
    1    7
  0.00251486  -0.00250464     0.00197544  -0.00218206     0.00125149   0.00245583
 -0.00224322   0.00167605    -0.01019718   0.00759025     0.00258816   0.00313612
  0.00191720  -0.00006888     0.00081954   0.00054911    -0.00626959   0.00298742
    2    1
  0.00060012  -0.00367102    -0.01303388   0.00977730    -0.02176046  -0.03073201
 -0.01303388   0.00977730    -0.00150793  -0.00074080     0.00400462   0.00696637
 -0.02176046  -0.03073201     0.00400462   0.00696637    -0.01444706   0.02403830
    2    2
  0.14289451  -0.00000000    -0.00470229   0.00001084     0.00039870   0.00387924
 -0.00470229  -0.00001084     0.08617500   0.00000000    -0.00008554  -0.00275877
  0.00039870  -0.00387924    -0.00008554   0.00275877     0.17725663  -0.00000000
    2    3
 -0.00261476   0.00212470    -0.04078275   0.02929462     0.04158206   0.05348253
 -0.03887404   0.02777237    -0.00674423   0.00369043    -0.00949272  -0.01006870
  0.03955945   0.05088587    -0.00938049  -0.01115449    -0.02812716   0.00190524
    2    4
 -0.00412526   0.00335901     0.01616695  -0.01179923    -0.01524477  -0.02001081
  0.01620549  -0.01181083    -0.00091865   0.00086121     0.00409625   0.00470382
  0.00423249   0.00624390    -0.00114047  -0.00165745    -0.00425654   0.00462544
    2    5
 -0.01960976   0.00041837     0.00324281  -0.00117319    -0.00504944  -0.00060461
  0.00368263  -0.00136571    -0.00923902   0.00007334     0.00104009  -0.00370912
 -0.00242459   0.00153627     0.00052137  -0.00318858    -0.04319050   0.00028865
    2    6
 -0.00306969   0.00613676    -0.00133103   0.00442292     0.00009848   0.00064013
  0.00172932  -0.00434386     0.00020161   0.00008072     0.00152044   0.00023863
 -0.00311587  -0.00036218    -0.00069186  -0.00006382     0.00266280   0.00061952
    2    7
 -0.00056237  -0.00350449    -0.00031558  -0.00292646    -0.00245598   0.00125120
  0.00082964   0.00267448     0.00378825   0.01213439    -0.00393723   0.00101589
 -0.00151056  -0.00118263    -0.00098579  -0.00003747     0.00331624   0.00610204
    3    1
 -0.00261476   0.00212470    -0.03887404   0.02777237     0.03955945   0.05088587
 -0.04078275   0.02929462    -0.00674423   0.00369043    -0.00938049  -0.01115449
  0.04158206   0.05348253    -0.00949272  -0.01006870    -0.02812716   0.00190524
    3    2
 -0.00261476  -0.00212470    -0.03887404  -0.02777237     0.03955945  -0.05088587
 -0.04078275  -0.02929462    -0.00674423  -0.00369043    -0.00938049   0.01115449
  0.04158206  -0.05348253    -0.00949272   0.01006870    -0.02812716  -0.00190524
    3    3
  0.73432559   0.00000000    -0.01818494   0.00000000     0.00347649   0.00000000
 -0.01818494   0.00000000     0.77710052   0.00000000    -0.00077469   0.00000000
  0.00347649   0.00000000    -0.00077469   0.00000000     0.47474500   0.00000000
    3    4
 -0.06870644   0.00087916     0.00192776   0.00043772    -0.00707223  -0.00290005
  0.00195311   0.00036198    -0.06510596   0.00024243     0.00143854   0.00087915
 -0.00664516  -0.00251967     0.00157735   0.00224294    -0.10199907  -0.00383405
    3    5
 -0.06870644  -0.00087916     0.00192776  -0.00043772    -0.00707223   0.00290005
  0.00195311  -0.00036198    -0.06510596  -0.00024243     0.00143854  -0.00087915
 -0.00664516   0.00251967     0.00157735  -0.00224294    -0.10199907   0.00383405
    3    6
 -0.04451891   0.03234488    -0.02174699   0.01580011    -0.00056473   0.00041030
  0.00100706  -0.00073167    -0.33992824   0.24697232     0.00011991  -0.00008712
 -0.00290995   0.00211421    -0.00001070   0.00000778    -0.05289554   0.03843086
    3    7
 -0.06922920   0.21306556    -0.00117842   0.00362682    -0.00009366   0.00028825
 -0.00916335   0.02820188    -0.00760270   0.02339872     0.00016365  -0.00050367
  0.00029438  -0.00090600     0.00057080  -0.00175673    -0.01205358   0.03709709
    4    1
 -0.01960976   0.00041837     0.00368263  -0.00136571    -0.00242459   0.00153627
  0.00324281  -0.00117319    -0.00923902   0.00007334     0.00052137  -0.00318858
 -0.00504944  -0.00060461     0.00104009  -0.00370912    -0.04319050   0.00028865
    4    2
 -0.00412526  -0.00335901     0.01620549   0.01181083     0.00423249  -0.00624390
  0.01616695   0.01179923    -0.00091865  -0.00086121    -0.00114047   0.00165745
 -0.01524477   0.02001081     0.00409625  -0.00470382    -0.00425654  -0.00462544
    4    3
 -0.06870644  -0.00087916     0.00195311  -0.00036198    -0.00664516   0.00251967
  0.00192776  -0.00043772    -0.06510596  -0.00024243     0.00157735  -0.00224294
 -0.00707223   0.00290005     0.00143854  -0.00087915    -0.10199907   0.00383405
    4    4
  0.10675176   0.00000000    -0.00597755   0.00000425     0.00187089   0.00089562
 -0.00597755  -0.00000425     0.08281058   0.00000000    -0.00039649  -0.00103320
  0.00187089  -0.00089562    -0.00039649   0.00103320     0.27285566   0.00000000
    4    5
  0.01171613   0.00015736    -0.00717155  -0.00500278     0.01530098  -0.01928500
 -0.00717155  -0.00500278     0.01073439  -0.00083457    -0.00369754   0.00454071
  0.01530098  -0.01928500    -0.00369754   0.00454071    -0.03594593  -0.00608724
    4    6
  0.01042631  -0.00706615     0.00181583  -0.00094935     0.00141614   0.00070867
 -0.00155104   0.00105384    -0.00329141   0.00243679    -0.01334899  -0.01794530
  0.00066723  -0.01046018    -0.00307952  -0.00420145    -0.01509387   0.00887033
    4    7
 -0.00003673  -0.00122810    -0.00161902   0.00456100     0.04186979   0.01309398
  0.00080523  -0.00146743     0.00133611  -0.00265679    -0.00126284  -0.00062714
 -0.00492794  -0.00060695     0.00288506   0.00459183    -0.00563170   0.00818760
    5    1
 -0.00412526   0.00335901     0.01620549  -0.01181083     0.00423249   0.00624390
  0.01616695  -0.01179923    -0.00091865   0.00086121    -0.00114047  -0.00165745
 -0.01524477  -0.02001081     0.00409625   0.00470382    -0.00425654   0.00462544
    5    2
 -0.01960976  -0.00041837     0.00368263   0.00136571    -0.00242459  -0.00153627
  0.00324281   0.00117319    -0.00923902  -0.00007334     0.00052137   0.00318858
 -0.00504944   0.00060461     0.00104009   0.00370912    -0.04319050  -0.00028865
    5    3
 -0.06870644   0.00087916     0.00195311   0.00036198    -0.00664516  -0.00251967
  0.00192776   0.00043772    -0.06510596   0.00024243     0.00157735   0.00224294
 -0.00707223  -0.00290005     0.00143854   0.00087915    -0.10199907  -0.00383405
    5    4
  0.01171613  -0.00015736    -0.00717155   0.00500278     0.01530098   0.01928500
 -0.00717155   0.00500278     0.01073439   0.00083457    -0.00369754  -0.00454071
  0.01530098   0.01928500    -0.00369754  -0.00454071    -0.03594593   0.00608724
    5    5
  0.10675176   0.00000000    -0.00597755  -0.00000425     0.00187089  -0.00089562
 -0.00597755   0.00000425     0.08281058  -0.00000000    -0.00039649   0.00103320
  0.00187089   0.00089562    -0.00039649  -0.00103320     0.27285566  -0.00000000
    5    6
  0.00994222  -0.00773245     0.00146401  -0.00143359    -0.00023637  -0.00156582
 -0.00148155   0.00114947    -0.00333462   0.00237730     0.01294192   0.01824105
  0.01015441   0.00259780     0.00304420   0.00422711    -0.01310045   0.01161404
    5    7
  0.00075157  -0.00097196    -0.00137107   0.00464157    -0.04156982  -0.01401719
  0.00021109  -0.00166048     0.00048069  -0.00293474     0.00139028   0.00023492
  0.00434354   0.00240554    -0.00503308   0.00201907    -0.00025641   0.00993413
    6    1
 -0.00678499  -0.00102308     0.00466565   0.00030236    -0.00061841  -0.00307529
 -0.00461776   0.00010087    -0.00001447   0.00021669    -0.00015310  -0.00067772
 -0.00057836   0.00029147     0.00024289   0.00151976     0.00023366   0.00272392
    6    2
 -0.00306969  -0.00613676     0.00172932   0.00434386    -0.00311587   0.00036218
 -0.00133103  -0.00442292     0.00020161  -0.00008072    -0.00069186   0.00006382
  0.00009848  -0.00064013     0.00152044  -0.00023863     0.00266280  -0.00061952
    6    3
 -0.04451891  -0.03234488     0.00100706   0.00073167    -0.00290995  -0.00211421
 -0.02174699  -0.01580011    -0.33992824  -0.24697232    -0.00001070  -0.00000778
 -0.00056473  -0.00041030     0.00011991   0.00008712    -0.05289554  -0.03843086
    6    4
  0.01042631   0.00706615    -0.00155104  -0.00105384     0.00066723   0.01046018
  0.00181583   0.00094935    -0.00329141  -0.00243679    -0.00307952   0.00420145
  0.00141614  -0.00070867    -0.01334899   0.01794530    -0.01509387  -0.00887033
    6    5
  0.00994222   0.00773245    -0.00148155  -0.00114947     0.01015441  -0.00259780
  0.00146401   0.00143359    -0.00333462  -0.00237730     0.00304420  -0.00422711
 -0.00023637   0.00156582     0.01294192  -0.01824105    -0.01310045  -0.01161404
    6    6
  0.11177553   0.00000000     0.00537474   0.00000000     0.00045912   0.00000000
  0.00537474   0.00000000     0.58863209   0.00000000    -0.00001982   0.00000000
  0.00045912   0.00000000    -0.00001982   0.00000000     0.10328387   0.00000000
    6    7
 -0.00942659   0.00684882    -0.03937680   0.02860892     0.00010862  -0.00007892
 -0.01121329   0.00814693    -0.01016497   0.00738528     0.00004030  -0.00002928
 -0.00022576   0.00016403    -0.00012297   0.00008934     0.00202197  -0.00146905
    7    1
  0.00251486   0.00250464    -0.00224322  -0.00167605     0.00191720   0.00006888
  0.00197544   0.00218206    -0.01019718  -0.00759025     0.00081954  -0.00054911
  0.00125149  -0.00245583     0.00258816  -0.00313612    -0.00626959  -0.00298742
    7    2
 -0.00056237   0.00350449     0.00082964  -0.00267448    -0.00151056   0.00118263
 -0.00031558   0.00292646     0.00378825  -0.01213439    -0.00098579   0.00003747
 -0.00245598  -0.00125120    -0.00393723  -0.00101589     0.00331624  -0.00610204
    7    3
 -0.06922920  -0.21306556    -0.00916335  -0.02820188     0.00029438   0.00090600
 -0.00117842  -0.00362682    -0.00760270  -0.02339872     0.00057080   0.00175673
 -0.00009366  -0.00028825     0.00016365   0.00050367    -0.01205358  -0.03709709
    7    4
 -0.00003673   0.00122810     0.00080523   0.00146743    -0.00492794   0.00060695
 -0.00161902  -0.00456100     0.00133611   0.00265679     0.00288506  -0.00459183
  0.04186979  -0.01309398    -0.00126284   0.00062714    -0.00563170  -0.00818760
    7    5
  0.00075157   0.00097196     0.00021109   0.00166048     0.00434354  -0.00240554
 -0.00137107  -0.00464157     0.00048069   0.00293474    -0.00503308  -0.00201907
 -0.04156982   0.01401719     0.00139028  -0.00023492    -0.00025641  -0.00993413
    7    6
 -0.00942659  -0.00684882    -0.01121329  -0.00814693    -0.00022576  -0.00016403
 -0.03937680  -0.02860892    -0.01016497  -0.00738528    -0.00012297  -0.00008934
  0.00010862   0.00007892     0.00004030   0.00002928     0.00202197   0.00146905
    7    7
  0.69953015   0.00000000     0.00374715   0.00000000    -0.00013669   0.00000000
  0.00374715   0.00000000     0.09645570   0.00000000    -0.00011708   0.00000000
 -0.00013669   0.00000000    -0.00011708   0.00000000     0.10369795   0.00000000

     Dynamical  Matrix in cartesian axes

     q = (    0.400000000   0.200000000   0.060719899 ) 

    1    1
  0.14289451   0.00000000     0.00470229   0.00001084     0.00039870  -0.00387924
  0.00470229  -0.00001084     0.08617500  -0.00000000     0.00008554  -0.00275877
  0.00039870   0.00387924     0.00008554   0.00275877     0.17725663  -0.00000000
    1    2
  0.00060012   0.00367102     0.01303388   0.00977730    -0.02176046   0.03073201
  0.01303388   0.00977730    -0.00150793   0.00074080    -0.00400462   0.00696637
 -0.02176046   0.03073201    -0.00400462   0.00696637    -0.01444706  -0.02403830
    1    3
 -0.00261476  -0.00212470     0.04078275   0.02929462     0.04158206  -0.05348253
  0.03887404   0.02777237    -0.00674423  -0.00369043     0.00949272  -0.01006870
  0.03955945  -0.05088587     0.00938049  -0.01115449    -0.02812716  -0.00190524
    1    4
 -0.01960976  -0.00041837    -0.00324281  -0.00117319    -0.00504944   0.00060461
 -0.00368263  -0.00136571    -0.00923902  -0.00007334    -0.00104009  -0.00370912
 -0.00242459  -0.00153627    -0.00052137  -0.00318858    -0.04319050  -0.00028865
    1    5
 -0.00412526  -0.00335901    -0.01616695  -0.01179923    -0.01524477   0.02001081
 -0.01620549  -0.01181083    -0.00091865  -0.00086121    -0.00409625   0.00470382
  0.00423249  -0.00624390     0.00114047  -0.00165745    -0.00425654  -0.00462544
    1    6
 -0.00306969  -0.00613676     0.00133103   0.00442292     0.00009848  -0.00064013
 -0.00172932  -0.00434386     0.00020161  -0.00008072    -0.00152044   0.00023863
 -0.00311587   0.00036218     0.00069186  -0.00006382     0.00266280  -0.00061952
    1    7
  0.00251486  -0.00250464    -0.00197544   0.00218206     0.00125149   0.00245583
  0.00224322  -0.00167605    -0.01019718   0.00759025    -0.00258816  -0.00313612
  0.00191720  -0.00006888    -0.00081954  -0.00054911    -0.00626959   0.00298742
    2    1
  0.00060012  -0.00367102     0.01303388  -0.00977730    -0.02176046  -0.03073201
  0.01303388  -0.00977730    -0.00150793  -0.00074080    -0.00400462  -0.00696637
 -0.02176046  -0.03073201    -0.00400462  -0.00696637    -0.01444706   0.02403830
    2    2
  0.14289451  -0.00000000     0.00470229  -0.00001084     0.00039870   0.00387924
  0.00470229   0.00001084     0.08617500   0.00000000     0.00008554   0.00275877
  0.00039870  -0.00387924     0.00008554  -0.00275877     0.17725663   0.00000000
    2    3
 -0.00261476   0.00212470     0.04078275  -0.02929462     0.04158206   0.05348253
  0.03887404  -0.02777237    -0.00674423   0.00369043     0.00949272   0.01006870
  0.03955945   0.05088587     0.00938049   0.01115449    -0.02812716   0.00190524
    2    4
 -0.00412526   0.00335901    -0.01616695   0.01179923    -0.01524477  -0.02001081
 -0.01620549   0.01181083    -0.00091865   0.00086121    -0.00409625  -0.00470382
  0.00423249   0.00624390     0.00114047   0.00165745    -0.00425654   0.00462544
    2    5
 -0.01960976   0.00041837    -0.00324281   0.00117319    -0.00504944  -0.00060461
 -0.00368263   0.00136571    -0.00923902   0.00007334    -0.00104009   0.00370912
 -0.00242459   0.00153627    -0.00052137   0.00318858    -0.04319050   0.00028865
    2    6
 -0.00678499  -0.00102308     0.00461776  -0.00010087    -0.00057836   0.00029147
 -0.00466565  -0.00030236    -0.00001447   0.00021669    -0.00024289  -0.00151976
 -0.00061841  -0.00307529     0.00015310   0.00067772     0.00023366   0.00272392
    2    7
 -0.00056237  -0.00350449     0.00031558   0.00292646    -0.00245598   0.00125120
 -0.00082964  -0.00267448     0.00378825   0.01213439     0.00393723  -0.00101589
 -0.00151056  -0.00118263     0.00098579   0.00003747     0.00331624   0.00610204
    3    1
 -0.00261476   0.00212470     0.03887404  -0.02777237     0.03955945   0.05088587
  0.04078275  -0.02929462    -0.00674423   0.00369043     0.00938049   0.01115449
  0.04158206   0.05348253     0.00949272   0.01006870    -0.02812716   0.00190524
    3    2
 -0.00261476  -0.00212470     0.03887404   0.02777237     0.03955945  -0.05088587
  0.04078275   0.02929462    -0.00674423  -0.00369043     0.00938049  -0.01115449
  0.04158206  -0.05348253     0.00949272  -0.01006870    -0.02812716  -0.00190524
    3    3
  0.73432559   0.00000000     0.01818494   0.00000000     0.00347649   0.00000000
  0.01818494   0.00000000     0.77710052   0.00000000     0.00077469   0.00000000
  0.00347649   0.00000000     0.00077469   0.00000000     0.47474500   0.00000000
    3    4
 -0.06870644   0.00087916    -0.00192776  -0.00043772    -0.00707223  -0.00290005
 -0.00195311  -0.00036198    -0.06510596   0.00024243    -0.00143854  -0.00087915
 -0.00664516  -0.00251967    -0.00157735  -0.00224294    -0.10199907  -0.00383405
    3    5
 -0.06870644  -0.00087916    -0.00192776   0.00043772    -0.00707223   0.00290005
 -0.00195311   0.00036198    -0.06510596  -0.00024243    -0.00143854   0.00087915
 -0.00664516   0.00251967    -0.00157735   0.00224294    -0.10199907   0.00383405
    3    6
 -0.04451891  -0.03234488     0.02174699   0.01580011    -0.00056473  -0.00041030
 -0.00100706  -0.00073167    -0.33992824  -0.24697232    -0.00011991  -0.00008712
 -0.00290995  -0.00211421     0.00001070   0.00000778    -0.05289554  -0.03843086
    3    7
 -0.06922920   0.21306556     0.00117842  -0.00362682    -0.00009366   0.00028825
  0.00916335  -0.02820188    -0.00760270   0.02339872    -0.00016365   0.00050367
  0.00029438  -0.00090600    -0.00057080   0.00175673    -0.01205358   0.03709709
    4    1
 -0.01960976   0.00041837    -0.00368263   0.00136571    -0.00242459   0.00153627
 -0.00324281   0.00117319    -0.00923902   0.00007334    -0.00052137   0.00318858
 -0.00504944  -0.00060461    -0.00104009   0.00370912    -0.04319050   0.00028865
    4    2
 -0.00412526  -0.00335901    -0.01620549  -0.01181083     0.00423249  -0.00624390
 -0.01616695  -0.01179923    -0.00091865  -0.00086121     0.00114047  -0.00165745
 -0.01524477   0.02001081    -0.00409625   0.00470382    -0.00425654  -0.00462544
    4    3
 -0.06870644  -0.00087916    -0.00195311   0.00036198    -0.00664516   0.00251967
 -0.00192776   0.00043772    -0.06510596  -0.00024243    -0.00157735   0.00224294
 -0.00707223   0.00290005    -0.00143854   0.00087915    -0.10199907   0.00383405
    4    4
  0.10675176   0.00000000     0.00597755  -0.00000425     0.00187089   0.00089562
  0.00597755   0.00000425     0.08281058   0.00000000     0.00039649   0.00103320
  0.00187089  -0.00089562     0.00039649  -0.00103320     0.27285566   0.00000000
    4    5
  0.01171613   0.00015736     0.00717155   0.00500278     0.01530098  -0.01928500
  0.00717155   0.00500278     0.01073439  -0.00083457     0.00369754  -0.00454071
  0.01530098  -0.01928500     0.00369754  -0.00454071    -0.03594593  -0.00608724
    4    6
  0.00994222   0.00773245    -0.00146401  -0.00143359    -0.00023637   0.00156582
  0.00148155   0.00114947    -0.00333462  -0.00237730    -0.01294192   0.01824105
  0.01015441  -0.00259780    -0.00304420   0.00422711    -0.01310045  -0.01161404
    4    7
 -0.00003673  -0.00122810     0.00161902  -0.00456100     0.04186979   0.01309398
 -0.00080523   0.00146743     0.00133611  -0.00265679     0.00126284   0.00062714
 -0.00492794  -0.00060695    -0.00288506  -0.00459183    -0.00563170   0.00818760
    5    1
 -0.00412526   0.00335901    -0.01620549   0.01181083     0.00423249   0.00624390
 -0.01616695   0.01179923    -0.00091865   0.00086121     0.00114047   0.00165745
 -0.01524477  -0.02001081    -0.00409625  -0.00470382    -0.00425654   0.00462544
    5    2
 -0.01960976  -0.00041837    -0.00368263  -0.00136571    -0.00242459  -0.00153627
 -0.00324281  -0.00117319    -0.00923902  -0.00007334    -0.00052137  -0.00318858
 -0.00504944   0.00060461    -0.00104009  -0.00370912    -0.04319050  -0.00028865
    5    3
 -0.06870644   0.00087916    -0.00195311  -0.00036198    -0.00664516  -0.00251967
 -0.00192776  -0.00043772    -0.06510596   0.00024243    -0.00157735  -0.00224294
 -0.00707223  -0.00290005    -0.00143854  -0.00087915    -0.10199907  -0.00383405
    5    4
  0.01171613  -0.00015736     0.00717155  -0.00500278     0.01530098   0.01928500
  0.00717155  -0.00500278     0.01073439   0.00083457     0.00369754   0.00454071
  0.01530098   0.01928500     0.00369754   0.00454071    -0.03594593   0.00608724
    5    5
  0.10675176  -0.00000000     0.00597755   0.00000425     0.00187089  -0.00089562
  0.00597755  -0.00000425     0.08281058  -0.00000000     0.00039649  -0.00103320
  0.00187089   0.00089562     0.00039649   0.00103320     0.27285566   0.00000000
    5    6
  0.01042631   0.00706615    -0.00181583  -0.00094935     0.00141614  -0.00070867
  0.00155104   0.00105384    -0.00329141  -0.00243679     0.01334899  -0.01794530
  0.00066723   0.01046018     0.00307952  -0.00420145    -0.01509387  -0.00887033
    5    7
  0.00075157  -0.00097196     0.00137107  -0.00464157    -0.04156982  -0.01401719
 -0.00021109   0.00166048     0.00048069  -0.00293474    -0.00139028  -0.00023492
  0.00434354   0.00240554     0.00503308  -0.00201907    -0.00025641   0.00993413
    6    1
 -0.00306969   0.00613676    -0.00172932   0.00434386    -0.00311587  -0.00036218
  0.00133103  -0.00442292     0.00020161   0.00008072     0.00069186   0.00006382
  0.00009848   0.00064013    -0.00152044  -0.00023863     0.00266280   0.00061952
    6    2
 -0.00678499   0.00102308    -0.00466565   0.00030236    -0.00061841   0.00307529
  0.00461776   0.00010087    -0.00001447  -0.00021669     0.00015310  -0.00067772
 -0.00057836  -0.00029147    -0.00024289   0.00151976     0.00023366  -0.00272392
    6    3
 -0.04451891   0.03234488    -0.00100706   0.00073167    -0.00290995   0.00211421
  0.02174699  -0.01580011    -0.33992824   0.24697232     0.00001070  -0.00000778
 -0.00056473   0.00041030    -0.00011991   0.00008712    -0.05289554   0.03843086
    6    4
  0.00994222  -0.00773245     0.00148155  -0.00114947     0.01015441   0.00259780
 -0.00146401   0.00143359    -0.00333462   0.00237730    -0.00304420  -0.00422711
 -0.00023637  -0.00156582    -0.01294192  -0.01824105    -0.01310045   0.01161404
    6    5
  0.01042631  -0.00706615     0.00155104  -0.00105384     0.00066723  -0.01046018
 -0.00181583   0.00094935    -0.00329141   0.00243679     0.00307952   0.00420145
  0.00141614   0.00070867     0.01334899   0.01794530    -0.01509387   0.00887033
    6    6
  0.11177553   0.00000000    -0.00537474   0.00000000     0.00045912   0.00000000
 -0.00537474   0.00000000     0.58863209   0.00000000     0.00001982   0.00000000
  0.00045912   0.00000000     0.00001982   0.00000000     0.10328387   0.00000000
    6    7
  0.00360064   0.01108163    -0.01504060  -0.04629020    -0.00004149  -0.00012769
 -0.00428310  -0.01318202     0.00388267   0.01194963     0.00001539   0.00004737
  0.00008623   0.00026540    -0.00004697  -0.00014456    -0.00077232  -0.00237697
    7    1
  0.00251486   0.00250464     0.00224322   0.00167605     0.00191720   0.00006888
 -0.00197544  -0.00218206    -0.01019718  -0.00759025    -0.00081954   0.00054911
  0.00125149  -0.00245583    -0.00258816   0.00313612    -0.00626959  -0.00298742
    7    2
 -0.00056237   0.00350449    -0.00082964   0.00267448    -0.00151056   0.00118263
  0.00031558  -0.00292646     0.00378825  -0.01213439     0.00098579  -0.00003747
 -0.00245598  -0.00125120     0.00393723   0.00101589     0.00331624  -0.00610204
    7    3
 -0.06922920  -0.21306556     0.00916335   0.02820188     0.00029438   0.00090600
  0.00117842   0.00362682    -0.00760270  -0.02339872    -0.00057080  -0.00175673
 -0.00009366  -0.00028825    -0.00016365  -0.00050367    -0.01205358  -0.03709709
    7    4
 -0.00003673   0.00122810    -0.00080523  -0.00146743    -0.00492794   0.00060695
  0.00161902   0.00456100     0.00133611   0.00265679    -0.00288506   0.00459183
  0.04186979  -0.01309398     0.00126284  -0.00062714    -0.00563170  -0.00818760
    7    5
  0.00075157   0.00097196    -0.00021109  -0.00166048     0.00434354  -0.00240554
  0.00137107   0.00464157     0.00048069   0.00293474     0.00503308   0.00201907
 -0.04156982   0.01401719    -0.00139028   0.00023492    -0.00025641  -0.00993413
    7    6
  0.00360064  -0.01108163    -0.00428310   0.01318202     0.00008623  -0.00026540
 -0.01504060   0.04629020     0.00388267  -0.01194963    -0.00004697   0.00014456
 -0.00004149   0.00012769     0.00001539  -0.00004737    -0.00077232   0.00237697
    7    7
  0.69953015   0.00000000    -0.00374715   0.00000000    -0.00013669   0.00000000
 -0.00374715   0.00000000     0.09645570   0.00000000     0.00011708   0.00000000
 -0.00013669   0.00000000     0.00011708   0.00000000     0.10369795   0.00000000

     Dynamical  Matrix in cartesian axes

     q = (   -0.400000000  -0.200000000  -0.060719899 ) 

    1    1
  0.14289451  -0.00000000     0.00470229  -0.00001084     0.00039870   0.00387924
  0.00470229   0.00001084     0.08617500   0.00000000     0.00008554   0.00275877
  0.00039870  -0.00387924     0.00008554  -0.00275877     0.17725663   0.00000000
    1    2
  0.00060012  -0.00367102     0.01303388  -0.00977730    -0.02176046  -0.03073201
  0.01303388  -0.00977730    -0.00150793  -0.00074080    -0.00400462  -0.00696637
 -0.02176046  -0.03073201    -0.00400462  -0.00696637    -0.01444706   0.02403830
    1    3
 -0.00261476   0.00212470     0.04078275  -0.02929462     0.04158206   0.05348253
  0.03887404  -0.02777237    -0.00674423   0.00369043     0.00949272   0.01006870
  0.03955945   0.05088587     0.00938049   0.01115449    -0.02812716   0.00190524
    1    4
 -0.01960976   0.00041837    -0.00324281   0.00117319    -0.00504944  -0.00060461
 -0.00368263   0.00136571    -0.00923902   0.00007334    -0.00104009   0.00370912
 -0.00242459   0.00153627    -0.00052137   0.00318858    -0.04319050   0.00028865
    1    5
 -0.00412526   0.00335901    -0.01616695   0.01179923    -0.01524477  -0.02001081
 -0.01620549   0.01181083    -0.00091865   0.00086121    -0.00409625  -0.00470382
  0.00423249   0.00624390     0.00114047   0.00165745    -0.00425654   0.00462544
    1    6
 -0.00306969   0.00613676     0.00133103  -0.00442292     0.00009848   0.00064013
 -0.00172932   0.00434386     0.00020161   0.00008072    -0.00152044  -0.00023863
 -0.00311587  -0.00036218     0.00069186   0.00006382     0.00266280   0.00061952
    1    7
  0.00251486   0.00250464    -0.00197544  -0.00218206     0.00125149  -0.00245583
  0.00224322   0.00167605    -0.01019718  -0.00759025    -0.00258816   0.00313612
  0.00191720   0.00006888    -0.00081954   0.00054911    -0.00626959  -0.00298742
    2    1
  0.00060012   0.00367102     0.01303388   0.00977730    -0.02176046   0.03073201
  0.01303388   0.00977730    -0.00150793   0.00074080    -0.00400462   0.00696637
 -0.02176046   0.03073201    -0.00400462   0.00696637    -0.01444706  -0.02403830
    2    2
  0.14289451   0.00000000     0.00470229   0.00001084     0.00039870  -0.00387924
  0.00470229  -0.00001084     0.08617500  -0.00000000     0.00008554  -0.00275877
  0.00039870   0.00387924     0.00008554   0.00275877     0.17725663  -0.00000000
    2    3
 -0.00261476  -0.00212470     0.04078275   0.02929462     0.04158206  -0.05348253
  0.03887404   0.02777237    -0.00674423  -0.00369043     0.00949272  -0.01006870
  0.03955945  -0.05088587     0.00938049  -0.01115449    -0.02812716  -0.00190524
    2    4
 -0.00412526  -0.00335901    -0.01616695  -0.01179923    -0.01524477   0.02001081
 -0.01620549  -0.01181083    -0.00091865  -0.00086121    -0.00409625   0.00470382
  0.00423249  -0.00624390     0.00114047  -0.00165745    -0.00425654  -0.00462544
    2    5
 -0.01960976  -0.00041837    -0.00324281  -0.00117319    -0.00504944   0.00060461
 -0.00368263  -0.00136571    -0.00923902  -0.00007334    -0.00104009  -0.00370912
 -0.00242459  -0.00153627    -0.00052137  -0.00318858    -0.04319050  -0.00028865
    2    6
 -0.00678499   0.00102308     0.00461776   0.00010087    -0.00057836  -0.00029147
 -0.00466565   0.00030236    -0.00001447  -0.00021669    -0.00024289   0.00151976
 -0.00061841   0.00307529     0.00015310  -0.00067772     0.00023366  -0.00272392
    2    7
 -0.00056237   0.00350449     0.00031558  -0.00292646    -0.00245598  -0.00125120
 -0.00082964   0.00267448     0.00378825  -0.01213439     0.00393723   0.00101589
 -0.00151056   0.00118263     0.00098579  -0.00003747     0.00331624  -0.00610204
    3    1
 -0.00261476  -0.00212470     0.03887404   0.02777237     0.03955945  -0.05088587
  0.04078275   0.02929462    -0.00674423  -0.00369043     0.00938049  -0.01115449
  0.04158206  -0.05348253     0.00949272  -0.01006870    -0.02812716  -0.00190524
    3    2
 -0.00261476   0.00212470     0.03887404  -0.02777237     0.03955945   0.05088587
  0.04078275  -0.02929462    -0.00674423   0.00369043     0.00938049   0.01115449
  0.04158206   0.05348253     0.00949272   0.01006870    -0.02812716   0.00190524
    3    3
  0.73432559   0.00000000     0.01818494   0.00000000     0.00347649   0.00000000
  0.01818494   0.00000000     0.77710052   0.00000000     0.00077469   0.00000000
  0.00347649   0.00000000     0.00077469   0.00000000     0.47474500   0.00000000
    3    4
 -0.06870644  -0.00087916    -0.00192776   0.00043772    -0.00707223   0.00290005
 -0.00195311   0.00036198    -0.06510596  -0.00024243    -0.00143854   0.00087915
 -0.00664516   0.00251967    -0.00157735   0.00224294    -0.10199907   0.00383405
    3    5
 -0.06870644   0.00087916    -0.00192776  -0.00043772    -0.00707223  -0.00290005
 -0.00195311  -0.00036198    -0.06510596   0.00024243    -0.00143854  -0.00087915
 -0.00664516  -0.00251967    -0.00157735  -0.00224294    -0.10199907  -0.00383405
    3    6
 -0.04451891   0.03234488     0.02174699  -0.01580011    -0.00056473   0.00041030
 -0.00100706   0.00073167    -0.33992824   0.24697232    -0.00011991   0.00008712
 -0.00290995   0.00211421     0.00001070  -0.00000778    -0.05289554   0.03843086
    3    7
 -0.06922920  -0.21306556     0.00117842   0.00362682    -0.00009366  -0.00028825
  0.00916335   0.02820188    -0.00760270  -0.02339872    -0.00016365  -0.00050367
  0.00029438   0.00090600    -0.00057080  -0.00175673    -0.01205358  -0.03709709
    4    1
 -0.01960976  -0.00041837    -0.00368263  -0.00136571    -0.00242459  -0.00153627
 -0.00324281  -0.00117319    -0.00923902  -0.00007334    -0.00052137  -0.00318858
 -0.00504944   0.00060461    -0.00104009  -0.00370912    -0.04319050  -0.00028865
    4    2
 -0.00412526   0.00335901    -0.01620549   0.01181083     0.00423249   0.00624390
 -0.01616695   0.01179923    -0.00091865   0.00086121     0.00114047   0.00165745
 -0.01524477  -0.02001081    -0.00409625  -0.00470382    -0.00425654   0.00462544
    4    3
 -0.06870644   0.00087916    -0.00195311  -0.00036198    -0.00664516  -0.00251967
 -0.00192776  -0.00043772    -0.06510596   0.00024243    -0.00157735  -0.00224294
 -0.00707223  -0.00290005    -0.00143854  -0.00087915    -0.10199907  -0.00383405
    4    4
  0.10675176  -0.00000000     0.00597755   0.00000425     0.00187089  -0.00089562
  0.00597755  -0.00000425     0.08281058  -0.00000000     0.00039649  -0.00103320
  0.00187089   0.00089562     0.00039649   0.00103320     0.27285566   0.00000000
    4    5
  0.01171613  -0.00015736     0.00717155  -0.00500278     0.01530098   0.01928500
  0.00717155  -0.00500278     0.01073439   0.00083457     0.00369754   0.00454071
  0.01530098   0.01928500     0.00369754   0.00454071    -0.03594593   0.00608724
    4    6
  0.00994222  -0.00773245    -0.00146401   0.00143359    -0.00023637  -0.00156582
  0.00148155  -0.00114947    -0.00333462   0.00237730    -0.01294192  -0.01824105
  0.01015441   0.00259780    -0.00304420  -0.00422711    -0.01310045   0.01161404
    4    7
 -0.00003673   0.00122810     0.00161902   0.00456100     0.04186979  -0.01309398
 -0.00080523  -0.00146743     0.00133611   0.00265679     0.00126284  -0.00062714
 -0.00492794   0.00060695    -0.00288506   0.00459183    -0.00563170  -0.00818760
    5    1
 -0.00412526  -0.00335901    -0.01620549  -0.01181083     0.00423249  -0.00624390
 -0.01616695  -0.01179923    -0.00091865  -0.00086121     0.00114047  -0.00165745
 -0.01524477   0.02001081    -0.00409625   0.00470382    -0.00425654  -0.00462544
    5    2
 -0.01960976   0.00041837    -0.00368263   0.00136571    -0.00242459   0.00153627
 -0.00324281   0.00117319    -0.00923902   0.00007334    -0.00052137   0.00318858
 -0.00504944  -0.00060461    -0.00104009   0.00370912    -0.04319050   0.00028865
    5    3
 -0.06870644  -0.00087916    -0.00195311   0.00036198    -0.00664516   0.00251967
 -0.00192776   0.00043772    -0.06510596  -0.00024243    -0.00157735   0.00224294
 -0.00707223   0.00290005    -0.00143854   0.00087915    -0.10199907   0.00383405
    5    4
  0.01171613   0.00015736     0.00717155   0.00500278     0.01530098  -0.01928500
  0.00717155   0.00500278     0.01073439  -0.00083457     0.00369754  -0.00454071
  0.01530098  -0.01928500     0.00369754  -0.00454071    -0.03594593  -0.00608724
    5    5
  0.10675176   0.00000000     0.00597755  -0.00000425     0.00187089   0.00089562
  0.00597755   0.00000425     0.08281058   0.00000000     0.00039649   0.00103320
  0.00187089  -0.00089562     0.00039649  -0.00103320     0.27285566   0.00000000
    5    6
  0.01042631  -0.00706615    -0.00181583   0.00094935     0.00141614   0.00070867
  0.00155104  -0.00105384    -0.00329141   0.00243679     0.01334899   0.01794530
  0.00066723  -0.01046018     0.00307952   0.00420145    -0.01509387   0.00887033
    5    7
  0.00075157   0.00097196     0.00137107   0.00464157    -0.04156982   0.01401719
 -0.00021109  -0.00166048     0.00048069   0.00293474    -0.00139028   0.00023492
  0.00434354  -0.00240554     0.00503308   0.00201907    -0.00025641  -0.00993413
    6    1
 -0.00306969  -0.00613676    -0.00172932  -0.00434386    -0.00311587   0.00036218
  0.00133103   0.00442292     0.00020161  -0.00008072     0.00069186  -0.00006382
  0.00009848  -0.00064013    -0.00152044   0.00023863     0.00266280  -0.00061952
    6    2
 -0.00678499  -0.00102308    -0.00466565  -0.00030236    -0.00061841  -0.00307529
  0.00461776  -0.00010087    -0.00001447   0.00021669     0.00015310   0.00067772
 -0.00057836   0.00029147    -0.00024289  -0.00151976     0.00023366   0.00272392
    6    3
 -0.04451891  -0.03234488    -0.00100706  -0.00073167    -0.00290995  -0.00211421
  0.02174699   0.01580011    -0.33992824  -0.24697232     0.00001070   0.00000778
 -0.00056473  -0.00041030    -0.00011991  -0.00008712    -0.05289554  -0.03843086
    6    4
  0.00994222   0.00773245     0.00148155   0.00114947     0.01015441  -0.00259780
 -0.00146401  -0.00143359    -0.00333462  -0.00237730    -0.00304420   0.00422711
 -0.00023637   0.00156582    -0.01294192   0.01824105    -0.01310045  -0.01161404
    6    5
  0.01042631   0.00706615     0.00155104   0.00105384     0.00066723   0.01046018
 -0.00181583  -0.00094935    -0.00329141  -0.00243679     0.00307952  -0.00420145
  0.00141614  -0.00070867     0.01334899  -0.01794530    -0.01509387  -0.00887033
    6    6
  0.11177553   0.00000000    -0.00537474   0.00000000     0.00045912   0.00000000
 -0.00537474   0.00000000     0.58863209   0.00000000     0.00001982   0.00000000
  0.00045912   0.00000000     0.00001982   0.00000000     0.10328387   0.00000000
    6    7
  0.00360064  -0.01108163    -0.01504060   0.04629020    -0.00004149   0.00012769
 -0.00428310   0.01318202     0.00388267  -0.01194963     0.00001539  -0.00004737
  0.00008623  -0.00026540    -0.00004697   0.00014456    -0.00077232   0.00237697
    7    1
  0.00251486  -0.00250464     0.00224322  -0.00167605     0.00191720  -0.00006888
 -0.00197544   0.00218206    -0.01019718   0.00759025    -0.00081954  -0.00054911
  0.00125149   0.00245583    -0.00258816  -0.00313612    -0.00626959   0.00298742
    7    2
 -0.00056237  -0.00350449    -0.00082964  -0.00267448    -0.00151056  -0.00118263
  0.00031558   0.00292646     0.00378825   0.01213439     0.00098579   0.00003747
 -0.00245598   0.00125120     0.00393723  -0.00101589     0.00331624   0.00610204
    7    3
 -0.06922920   0.21306556     0.00916335  -0.02820188     0.00029438  -0.00090600
  0.00117842  -0.00362682    -0.00760270   0.02339872    -0.00057080   0.00175673
 -0.00009366   0.00028825    -0.00016365   0.00050367    -0.01205358   0.03709709
    7    4
 -0.00003673  -0.00122810    -0.00080523   0.00146743    -0.00492794  -0.00060695
  0.00161902  -0.00456100     0.00133611  -0.00265679    -0.00288506  -0.00459183
  0.04186979   0.01309398     0.00126284   0.00062714    -0.00563170   0.00818760
    7    5
  0.00075157  -0.00097196    -0.00021109   0.00166048     0.00434354   0.00240554
  0.00137107  -0.00464157     0.00048069  -0.00293474     0.00503308  -0.00201907
 -0.04156982  -0.01401719    -0.00139028  -0.00023492    -0.00025641   0.00993413
    7    6
  0.00360064   0.01108163    -0.00428310  -0.01318202     0.00008623   0.00026540
 -0.01504060  -0.04629020     0.00388267   0.01194963    -0.00004697  -0.00014456
 -0.00004149  -0.00012769     0.00001539   0.00004737    -0.00077232  -0.00237697
    7    7
  0.69953015   0.00000000    -0.00374715   0.00000000    -0.00013669   0.00000000
 -0.00374715   0.00000000     0.09645570   0.00000000     0.00011708   0.00000000
 -0.00013669   0.00000000     0.00011708   0.00000000     0.10369795   0.00000000

     Dynamical  Matrix in cartesian axes

     q = (   -0.400000000   0.200000000  -0.060719899 ) 

    1    1
  0.14289451  -0.00000000    -0.00470229   0.00001084     0.00039870   0.00387924
 -0.00470229  -0.00001084     0.08617500   0.00000000    -0.00008554  -0.00275877
  0.00039870  -0.00387924    -0.00008554   0.00275877     0.17725663  -0.00000000
    1    2
  0.00060012  -0.00367102    -0.01303388   0.00977730    -0.02176046  -0.03073201
 -0.01303388   0.00977730    -0.00150793  -0.00074080     0.00400462   0.00696637
 -0.02176046  -0.03073201     0.00400462   0.00696637    -0.01444706   0.02403830
    1    3
 -0.00261476   0.00212470    -0.04078275   0.02929462     0.04158206   0.05348253
 -0.03887404   0.02777237    -0.00674423   0.00369043    -0.00949272  -0.01006870
  0.03955945   0.05088587    -0.00938049  -0.01115449    -0.02812716   0.00190524
    1    4
 -0.01960976   0.00041837     0.00324281  -0.00117319    -0.00504944  -0.00060461
  0.00368263  -0.00136571    -0.00923902   0.00007334     0.00104009  -0.00370912
 -0.00242459   0.00153627     0.00052137  -0.00318858    -0.04319050   0.00028865
    1    5
 -0.00412526   0.00335901     0.01616695  -0.01179923    -0.01524477  -0.02001081
  0.01620549  -0.01181083    -0.00091865   0.00086121     0.00409625   0.00470382
  0.00423249   0.00624390    -0.00114047  -0.00165745    -0.00425654   0.00462544
    1    6
 -0.00678499  -0.00102308    -0.00461776   0.00010087    -0.00057836   0.00029147
  0.00466565   0.00030236    -0.00001447   0.00021669     0.00024289   0.00151976
 -0.00061841  -0.00307529    -0.00015310  -0.00067772     0.00023366   0.00272392
    1    7
  0.00251486   0.00250464     0.00197544   0.00218206     0.00125149  -0.00245583
 -0.00224322  -0.00167605    -0.01019718  -0.00759025     0.00258816  -0.00313612
  0.00191720   0.00006888     0.00081954  -0.00054911    -0.00626959  -0.00298742
    2    1
  0.00060012   0.00367102    -0.01303388  -0.00977730    -0.02176046   0.03073201
 -0.01303388  -0.00977730    -0.00150793   0.00074080     0.00400462  -0.00696637
 -0.02176046   0.03073201     0.00400462  -0.00696637    -0.01444706  -0.02403830
    2    2
  0.14289451   0.00000000    -0.00470229  -0.00001084     0.00039870  -0.00387924
 -0.00470229   0.00001084     0.08617500  -0.00000000    -0.00008554   0.00275877
  0.00039870   0.00387924    -0.00008554  -0.00275877     0.17725663   0.00000000
    2    3
 -0.00261476  -0.00212470    -0.04078275  -0.02929462     0.04158206  -0.05348253
 -0.03887404  -0.02777237    -0.00674423  -0.00369043    -0.00949272   0.01006870
  0.03955945  -0.05088587    -0.00938049   0.01115449    -0.02812716  -0.00190524
    2    4
 -0.00412526  -0.00335901     0.01616695   0.01179923    -0.01524477   0.02001081
  0.01620549   0.01181083    -0.00091865  -0.00086121     0.00409625  -0.00470382
  0.00423249  -0.00624390    -0.00114047   0.00165745    -0.00425654  -0.00462544
    2    5
 -0.01960976  -0.00041837     0.00324281   0.00117319    -0.00504944   0.00060461
  0.00368263   0.00136571    -0.00923902  -0.00007334     0.00104009   0.00370912
 -0.00242459  -0.00153627     0.00052137   0.00318858    -0.04319050  -0.00028865
    2    6
 -0.00306969  -0.00613676    -0.00133103  -0.00442292     0.00009848  -0.00064013
  0.00172932   0.00434386     0.00020161  -0.00008072     0.00152044  -0.00023863
 -0.00311587   0.00036218    -0.00069186   0.00006382     0.00266280  -0.00061952
    2    7
 -0.00056237   0.00350449    -0.00031558   0.00292646    -0.00245598  -0.00125120
  0.00082964  -0.00267448     0.00378825  -0.01213439    -0.00393723  -0.00101589
 -0.00151056   0.00118263    -0.00098579   0.00003747     0.00331624  -0.00610204
    3    1
 -0.00261476  -0.00212470    -0.03887404  -0.02777237     0.03955945  -0.05088587
 -0.04078275  -0.02929462    -0.00674423  -0.00369043    -0.00938049   0.01115449
  0.04158206  -0.05348253    -0.00949272   0.01006870    -0.02812716  -0.00190524
    3    2
 -0.00261476   0.00212470    -0.03887404   0.02777237     0.03955945   0.05088587
 -0.04078275   0.02929462    -0.00674423   0.00369043    -0.00938049  -0.01115449
  0.04158206   0.05348253    -0.00949272  -0.01006870    -0.02812716   0.00190524
    3    3
  0.73432559   0.00000000    -0.01818494   0.00000000     0.00347649   0.00000000
 -0.01818494   0.00000000     0.77710052   0.00000000    -0.00077469   0.00000000
  0.00347649   0.00000000    -0.00077469   0.00000000     0.47474500   0.00000000
    3    4
 -0.06870644  -0.00087916     0.00192776  -0.00043772    -0.00707223   0.00290005
  0.00195311  -0.00036198    -0.06510596  -0.00024243     0.00143854  -0.00087915
 -0.00664516   0.00251967     0.00157735  -0.00224294    -0.10199907   0.00383405
    3    5
 -0.06870644   0.00087916     0.00192776   0.00043772    -0.00707223  -0.00290005
  0.00195311   0.00036198    -0.06510596   0.00024243     0.00143854   0.00087915
 -0.00664516  -0.00251967     0.00157735   0.00224294    -0.10199907  -0.00383405
    3    6
 -0.04451891  -0.03234488    -0.02174699  -0.01580011    -0.00056473  -0.00041030
  0.00100706   0.00073167    -0.33992824  -0.24697232     0.00011991   0.00008712
 -0.00290995  -0.00211421    -0.00001070  -0.00000778    -0.05289554  -0.03843086
    3    7
 -0.06922920  -0.21306556    -0.00117842  -0.00362682    -0.00009366  -0.00028825
 -0.00916335  -0.02820188    -0.00760270  -0.02339872     0.00016365   0.00050367
  0.00029438   0.00090600     0.00057080   0.00175673    -0.01205358  -0.03709709
    4    1
 -0.01960976  -0.00041837     0.00368263   0.00136571    -0.00242459  -0.00153627
  0.00324281   0.00117319    -0.00923902  -0.00007334     0.00052137   0.00318858
 -0.00504944   0.00060461     0.00104009   0.00370912    -0.04319050  -0.00028865
    4    2
 -0.00412526   0.00335901     0.01620549  -0.01181083     0.00423249   0.00624390
  0.01616695  -0.01179923    -0.00091865   0.00086121    -0.00114047  -0.00165745
 -0.01524477  -0.02001081     0.00409625   0.00470382    -0.00425654   0.00462544
    4    3
 -0.06870644   0.00087916     0.00195311   0.00036198    -0.00664516  -0.00251967
  0.00192776   0.00043772    -0.06510596   0.00024243     0.00157735   0.00224294
 -0.00707223  -0.00290005     0.00143854   0.00087915    -0.10199907  -0.00383405
    4    4
  0.10675176   0.00000000    -0.00597755  -0.00000425     0.00187089  -0.00089562
 -0.00597755   0.00000425     0.08281058  -0.00000000    -0.00039649   0.00103320
  0.00187089   0.00089562    -0.00039649  -0.00103320     0.27285566  -0.00000000
    4    5
  0.01171613  -0.00015736    -0.00717155   0.00500278     0.01530098   0.01928500
 -0.00717155   0.00500278     0.01073439   0.00083457    -0.00369754  -0.00454071
  0.01530098   0.01928500    -0.00369754  -0.00454071    -0.03594593   0.00608724
    4    6
  0.01042631   0.00706615     0.00181583   0.00094935     0.00141614  -0.00070867
 -0.00155104  -0.00105384    -0.00329141  -0.00243679    -0.01334899   0.01794530
  0.00066723   0.01046018    -0.00307952   0.00420145    -0.01509387  -0.00887033
    4    7
 -0.00003673   0.00122810    -0.00161902  -0.00456100     0.04186979  -0.01309398
  0.00080523   0.00146743     0.00133611   0.00265679    -0.00126284   0.00062714
 -0.00492794   0.00060695     0.00288506  -0.00459183    -0.00563170  -0.00818760
    5    1
 -0.00412526  -0.00335901     0.01620549   0.01181083     0.00423249  -0.00624390
  0.01616695   0.01179923    -0.00091865  -0.00086121    -0.00114047   0.00165745
 -0.01524477   0.02001081     0.00409625  -0.00470382    -0.00425654  -0.00462544
    5    2
 -0.01960976   0.00041837     0.00368263  -0.00136571    -0.00242459   0.00153627
  0.00324281  -0.00117319    -0.00923902   0.00007334     0.00052137  -0.00318858
 -0.00504944  -0.00060461     0.00104009  -0.00370912    -0.04319050   0.00028865
    5    3
 -0.06870644  -0.00087916     0.00195311  -0.00036198    -0.00664516   0.00251967
  0.00192776  -0.00043772    -0.06510596  -0.00024243     0.00157735  -0.00224294
 -0.00707223   0.00290005     0.00143854  -0.00087915    -0.10199907   0.00383405
    5    4
  0.01171613   0.00015736    -0.00717155  -0.00500278     0.01530098  -0.01928500
 -0.00717155  -0.00500278     0.01073439  -0.00083457    -0.00369754   0.00454071
  0.01530098  -0.01928500    -0.00369754   0.00454071    -0.03594593  -0.00608724
    5    5
  0.10675176   0.00000000    -0.00597755   0.00000425     0.00187089   0.00089562
 -0.00597755  -0.00000425     0.08281058   0.00000000    -0.00039649  -0.00103320
  0.00187089  -0.00089562    -0.00039649   0.00103320     0.27285566   0.00000000
    5    6
  0.00994222   0.00773245     0.00146401   0.00143359    -0.00023637   0.00156582
 -0.00148155  -0.00114947    -0.00333462  -0.00237730     0.01294192  -0.01824105
  0.01015441  -0.00259780     0.00304420  -0.00422711    -0.01310045  -0.01161404
    5    7
  0.00075157   0.00097196    -0.00137107  -0.00464157    -0.04156982   0.01401719
  0.00021109   0.00166048     0.00048069   0.00293474     0.00139028  -0.00023492
  0.00434354  -0.00240554    -0.00503308  -0.00201907    -0.00025641  -0.00993413
    6    1
 -0.00678499   0.00102308     0.00466565  -0.00030236    -0.00061841   0.00307529
 -0.00461776  -0.00010087    -0.00001447  -0.00021669    -0.00015310   0.00067772
 -0.00057836  -0.00029147     0.00024289  -0.00151976     0.00023366  -0.00272392
    6    2
 -0.00306969   0.00613676     0.00172932  -0.00434386    -0.00311587  -0.00036218
 -0.00133103   0.00442292     0.00020161   0.00008072    -0.00069186  -0.00006382
  0.00009848   0.00064013     0.00152044   0.00023863     0.00266280   0.00061952
    6    3
 -0.04451891   0.03234488     0.00100706  -0.00073167    -0.00290995   0.00211421
 -0.02174699   0.01580011    -0.33992824   0.24697232    -0.00001070   0.00000778
 -0.00056473   0.00041030     0.00011991  -0.00008712    -0.05289554   0.03843086
    6    4
  0.01042631  -0.00706615    -0.00155104   0.00105384     0.00066723  -0.01046018
  0.00181583  -0.00094935    -0.00329141   0.00243679    -0.00307952  -0.00420145
  0.00141614   0.00070867    -0.01334899  -0.01794530    -0.01509387   0.00887033
    6    5
  0.00994222  -0.00773245    -0.00148155   0.00114947     0.01015441   0.00259780
  0.00146401  -0.00143359    -0.00333462   0.00237730     0.00304420   0.00422711
 -0.00023637  -0.00156582     0.01294192   0.01824105    -0.01310045   0.01161404
    6    6
  0.11177553   0.00000000     0.00537474   0.00000000     0.00045912   0.00000000
  0.00537474   0.00000000     0.58863209   0.00000000    -0.00001982   0.00000000
  0.00045912   0.00000000    -0.00001982   0.00000000     0.10328387   0.00000000
    6    7
 -0.00942659  -0.00684882    -0.03937680  -0.02860892     0.00010862   0.00007892
 -0.01121329  -0.00814693    -0.01016497  -0.00738528     0.00004030   0.00002928
 -0.00022576  -0.00016403    -0.00012297  -0.00008934     0.00202197   0.00146905
    7    1
  0.00251486  -0.00250464    -0.00224322   0.00167605     0.00191720  -0.00006888
  0.00197544  -0.00218206    -0.01019718   0.00759025     0.00081954   0.00054911
  0.00125149   0.00245583     0.00258816   0.00313612    -0.00626959   0.00298742
    7    2
 -0.00056237  -0.00350449     0.00082964   0.00267448    -0.00151056  -0.00118263
 -0.00031558  -0.00292646     0.00378825   0.01213439    -0.00098579  -0.00003747
 -0.00245598   0.00125120    -0.00393723   0.00101589     0.00331624   0.00610204
    7    3
 -0.06922920   0.21306556    -0.00916335   0.02820188     0.00029438  -0.00090600
 -0.00117842   0.00362682    -0.00760270   0.02339872     0.00057080  -0.00175673
 -0.00009366   0.00028825     0.00016365  -0.00050367    -0.01205358   0.03709709
    7    4
 -0.00003673  -0.00122810     0.00080523  -0.00146743    -0.00492794  -0.00060695
 -0.00161902   0.00456100     0.00133611  -0.00265679     0.00288506   0.00459183
  0.04186979   0.01309398    -0.00126284  -0.00062714    -0.00563170   0.00818760
    7    5
  0.00075157  -0.00097196     0.00021109  -0.00166048     0.00434354   0.00240554
 -0.00137107   0.00464157     0.00048069  -0.00293474    -0.00503308   0.00201907
 -0.04156982  -0.01401719     0.00139028   0.00023492    -0.00025641   0.00993413
    7    6
 -0.00942659   0.00684882    -0.01121329   0.00814693    -0.00022576   0.00016403
 -0.03937680   0.02860892    -0.01016497   0.00738528    -0.00012297   0.00008934
  0.00010862  -0.00007892     0.00004030  -0.00002928     0.00202197  -0.00146905
    7    7
  0.69953015   0.00000000     0.00374715   0.00000000    -0.00013669   0.00000000
  0.00374715   0.00000000     0.09645570   0.00000000    -0.00011708   0.00000000
 -0.00013669   0.00000000    -0.00011708   0.00000000     0.10369795   0.00000000

     Dynamical  Matrix in cartesian axes

     q = (    0.200000000   0.400000000  -0.060719899 ) 

    1    1
  0.08617500   0.00000000     0.00470229   0.00001084    -0.00008554  -0.00275877
  0.00470229  -0.00001084     0.14289451  -0.00000000    -0.00039870  -0.00387924
 -0.00008554   0.00275877    -0.00039870   0.00387924     0.17725663  -0.00000000
    1    2
 -0.00150793  -0.00074080     0.01303388  -0.00977730     0.00400462   0.00696637
  0.01303388  -0.00977730     0.00060012  -0.00367102     0.02176046   0.03073201
  0.00400462   0.00696637     0.02176046   0.03073201    -0.01444706   0.02403830
    1    3
 -0.00674423   0.00369043     0.03887404  -0.02777237    -0.00949272  -0.01006870
  0.04078275  -0.02929462    -0.00261476   0.00212470    -0.04158206  -0.05348253
 -0.00938049  -0.01115449    -0.03955945  -0.05088587    -0.02812716   0.00190524
    1    4
 -0.00923902   0.00007334    -0.00368263   0.00136571     0.00104009  -0.00370912
 -0.00324281   0.00117319    -0.01960976   0.00041837     0.00504944   0.00060461
  0.00052137  -0.00318858     0.00242459  -0.00153627    -0.04319050   0.00028865
    1    5
 -0.00091865   0.00086121    -0.01620549   0.01181083     0.00409625   0.00470382
 -0.01616695   0.01179923    -0.00412526   0.00335901     0.01524477   0.02001081
 -0.00114047  -0.00165745    -0.00423249  -0.00624390    -0.00425654   0.00462544
    1    6
 -0.01019718  -0.00759025     0.00224322   0.00167605     0.00258816  -0.00313612
 -0.00197544  -0.00218206     0.00251486   0.00250464    -0.00125149   0.00245583
  0.00081954  -0.00054911    -0.00191720  -0.00006888    -0.00626959  -0.00298742
    1    7
  0.00020161   0.00008072    -0.00172932   0.00434386     0.00152044   0.00023863
  0.00133103  -0.00442292    -0.00306969   0.00613676    -0.00009848  -0.00064013
 -0.00069186  -0.00006382     0.00311587   0.00036218     0.00266280   0.00061952
    2    1
 -0.00150793   0.00074080     0.01303388   0.00977730     0.00400462  -0.00696637
  0.01303388   0.00977730     0.00060012   0.00367102     0.02176046  -0.03073201
  0.00400462  -0.00696637     0.02176046  -0.03073201    -0.01444706  -0.02403830
    2    2
  0.08617500  -0.00000000     0.00470229  -0.00001084    -0.00008554   0.00275877
  0.00470229   0.00001084     0.14289451   0.00000000    -0.00039870   0.00387924
 -0.00008554  -0.00275877    -0.00039870  -0.00387924     0.17725663   0.00000000
    2    3
 -0.00674423  -0.00369043     0.03887404   0.02777237    -0.00949272   0.01006870
  0.04078275   0.02929462    -0.00261476  -0.00212470    -0.04158206   0.05348253
 -0.00938049   0.01115449    -0.03955945   0.05088587    -0.02812716  -0.00190524
    2    4
 -0.00091865  -0.00086121    -0.01620549  -0.01181083     0.00409625  -0.00470382
 -0.01616695  -0.01179923    -0.00412526  -0.00335901     0.01524477  -0.02001081
 -0.00114047   0.00165745    -0.00423249   0.00624390    -0.00425654  -0.00462544
    2    5
 -0.00923902  -0.00007334    -0.00368263  -0.00136571     0.00104009   0.00370912
 -0.00324281  -0.00117319    -0.01960976  -0.00041837     0.00504944  -0.00060461
  0.00052137   0.00318858     0.00242459   0.00153627    -0.04319050  -0.00028865
    2    6
  0.00378825  -0.01213439    -0.00082964   0.00267448    -0.00393723  -0.00101589
  0.00031558  -0.00292646    -0.00056237   0.00350449     0.00245598   0.00125120
 -0.00098579   0.00003747     0.00151056  -0.00118263     0.00331624  -0.00610204
    2    7
 -0.00001447  -0.00021669    -0.00466565   0.00030236     0.00024289  -0.00151976
  0.00461776   0.00010087    -0.00678499   0.00102308     0.00057836   0.00029147
 -0.00015310   0.00067772     0.00061841  -0.00307529     0.00023366  -0.00272392
    3    1
 -0.00674423  -0.00369043     0.04078275   0.02929462    -0.00938049   0.01115449
  0.03887404   0.02777237    -0.00261476  -0.00212470    -0.03955945   0.05088587
 -0.00949272   0.01006870    -0.04158206   0.05348253    -0.02812716  -0.00190524
    3    2
 -0.00674423   0.00369043     0.04078275  -0.02929462    -0.00938049  -0.01115449
  0.03887404  -0.02777237    -0.00261476   0.00212470    -0.03955945  -0.05088587
 -0.00949272  -0.01006870    -0.04158206  -0.05348253    -0.02812716   0.00190524
    3    3
  0.77710052   0.00000000     0.01818494   0.00000000    -0.00077469   0.00000000
  0.01818494   0.00000000     0.73432559   0.00000000    -0.00347649   0.00000000
 -0.00077469   0.00000000    -0.00347649   0.00000000     0.47474500   0.00000000
    3    4
 -0.06510596  -0.00024243    -0.00195311   0.00036198     0.00143854  -0.00087915
 -0.00192776   0.00043772    -0.06870644  -0.00087916     0.00707223  -0.00290005
  0.00157735  -0.00224294     0.00664516  -0.00251967    -0.10199907   0.00383405
    3    5
 -0.06510596   0.00024243    -0.00195311  -0.00036198     0.00143854   0.00087915
 -0.00192776  -0.00043772    -0.06870644   0.00087916     0.00707223   0.00290005
  0.00157735   0.00224294     0.00664516   0.00251967    -0.10199907  -0.00383405
    3    6
 -0.00760270  -0.02339872     0.00916335   0.02820188     0.00016365   0.00050367
  0.00117842   0.00362682    -0.06922920  -0.21306556     0.00009366   0.00028825
  0.00057080   0.00175673    -0.00029438  -0.00090600    -0.01205358  -0.03709709
    3    7
 -0.33992824   0.24697232    -0.00100706   0.00073167     0.00011991  -0.00008712
  0.02174699  -0.01580011    -0.04451891   0.03234488     0.00056473  -0.00041030
 -0.00001070   0.00000778     0.00290995  -0.00211421    -0.05289554   0.03843086
    4    1
 -0.00923902  -0.00007334    -0.00324281  -0.00117319     0.00052137   0.00318858
 -0.00368263  -0.00136571    -0.01960976  -0.00041837     0.00242459   0.00153627
  0.00104009   0.00370912     0.00504944  -0.00060461    -0.04319050  -0.00028865
    4    2
 -0.00091865   0.00086121    -0.01616695   0.01179923    -0.00114047  -0.00165745
 -0.01620549   0.01181083    -0.00412526   0.00335901    -0.00423249  -0.00624390
  0.00409625   0.00470382     0.01524477   0.02001081    -0.00425654   0.00462544
    4    3
 -0.06510596   0.00024243    -0.00192776  -0.00043772     0.00157735   0.00224294
 -0.00195311  -0.00036198    -0.06870644   0.00087916     0.00664516   0.00251967
  0.00143854   0.00087915     0.00707223   0.00290005    -0.10199907  -0.00383405
    4    4
  0.08281058  -0.00000000     0.00597755  -0.00000425    -0.00039649   0.00103320
  0.00597755   0.00000425     0.10675176  -0.00000000    -0.00187089   0.00089562
 -0.00039649  -0.00103320    -0.00187089  -0.00089562     0.27285566   0.00000000
    4    5
  0.01073439   0.00083457     0.00717155  -0.00500278    -0.00369754  -0.00454071
  0.00717155  -0.00500278     0.01171613  -0.00015736    -0.01530098  -0.01928500
 -0.00369754  -0.00454071    -0.01530098  -0.01928500    -0.03594593   0.00608724
    4    6
  0.00133611   0.00265679    -0.00080523  -0.00146743    -0.00126284   0.00062714
  0.00161902   0.00456100    -0.00003673   0.00122810    -0.04186979   0.01309398
  0.00288506  -0.00459183     0.00492794  -0.00060695    -0.00563170  -0.00818760
    4    7
 -0.00333462   0.00237730     0.00148155  -0.00114947     0.01294192   0.01824105
 -0.00146401   0.00143359     0.00994222  -0.00773245     0.00023637   0.00156582
  0.00304420   0.00422711    -0.01015441  -0.00259780    -0.01310045   0.01161404
    5    1
 -0.00091865  -0.00086121    -0.01616695  -0.01179923    -0.00114047   0.00165745
 -0.01620549  -0.01181083    -0.00412526  -0.00335901    -0.00423249   0.00624390
  0.00409625  -0.00470382     0.01524477  -0.02001081    -0.00425654  -0.00462544
    5    2
 -0.00923902   0.00007334    -0.00324281   0.00117319     0.00052137  -0.00318858
 -0.00368263   0.00136571    -0.01960976   0.00041837     0.00242459  -0.00153627
  0.00104009  -0.00370912     0.00504944   0.00060461    -0.04319050   0.00028865
    5    3
 -0.06510596  -0.00024243    -0.00192776   0.00043772     0.00157735  -0.00224294
 -0.00195311   0.00036198    -0.06870644  -0.00087916     0.00664516  -0.00251967
  0.00143854  -0.00087915     0.00707223  -0.00290005    -0.10199907   0.00383405
    5    4
  0.01073439  -0.00083457     0.00717155   0.00500278    -0.00369754   0.00454071
  0.00717155   0.00500278     0.01171613   0.00015736    -0.01530098   0.01928500
 -0.00369754   0.00454071    -0.01530098   0.01928500    -0.03594593  -0.00608724
    5    5
  0.08281058   0.00000000     0.00597755   0.00000425    -0.00039649  -0.00103320
  0.00597755  -0.00000425     0.10675176   0.00000000    -0.00187089  -0.00089562
 -0.00039649   0.00103320    -0.00187089   0.00089562     0.27285566   0.00000000
    5    6
  0.00048069   0.00293474    -0.00021109  -0.00166048     0.00139028  -0.00023492
  0.00137107   0.00464157     0.00075157   0.00097196     0.04156982  -0.01401719
 -0.00503308  -0.00201907    -0.00434354   0.00240554    -0.00025641  -0.00993413
    5    7
 -0.00329141   0.00243679     0.00155104  -0.00105384    -0.01334899  -0.01794530
 -0.00181583   0.00094935     0.01042631  -0.00706615    -0.00141614  -0.00070867
 -0.00307952  -0.00420145    -0.00066723   0.01046018    -0.01509387   0.00887033
    6    1
 -0.01019718   0.00759025    -0.00197544   0.00218206     0.00081954   0.00054911
  0.00224322  -0.00167605     0.00251486  -0.00250464    -0.00191720   0.00006888
  0.00258816   0.00313612    -0.00125149  -0.00245583    -0.00626959   0.00298742
    6    2
  0.00378825   0.01213439     0.00031558   0.00292646    -0.00098579  -0.00003747
 -0.00082964  -0.00267448    -0.00056237  -0.00350449     0.00151056   0.00118263
 -0.00393723   0.00101589     0.00245598  -0.00125120     0.00331624   0.00610204
    6    3
 -0.00760270   0.02339872     0.00117842  -0.00362682     0.00057080  -0.00175673
  0.00916335  -0.02820188    -0.06922920   0.21306556    -0.00029438   0.00090600
  0.00016365  -0.00050367     0.00009366  -0.00028825    -0.01205358   0.03709709
    6    4
  0.00133611  -0.00265679     0.00161902  -0.00456100     0.00288506   0.00459183
 -0.00080523   0.00146743    -0.00003673  -0.00122810     0.00492794   0.00060695
 -0.00126284  -0.00062714    -0.04186979  -0.01309398    -0.00563170   0.00818760
    6    5
  0.00048069  -0.00293474     0.00137107  -0.00464157    -0.00503308   0.00201907
 -0.00021109   0.00166048     0.00075157  -0.00097196    -0.00434354  -0.00240554
  0.00139028   0.00023492     0.04156982   0.01401719    -0.00025641   0.00993413
    6    6
  0.09645570   0.00000000    -0.00374715   0.00000000    -0.00011708   0.00000000
 -0.00374715   0.00000000     0.69953015   0.00000000     0.00013669   0.00000000
 -0.00011708   0.00000000     0.00013669   0.00000000     0.10369795   0.00000000
    6    7
  0.00388267   0.01194963    -0.01504060  -0.04629020     0.00004697   0.00014456
 -0.00428310  -0.01318202     0.00360064   0.01108163    -0.00008623  -0.00026540
 -0.00001539  -0.00004737     0.00004149   0.00012769    -0.00077232  -0.00237697
    7    1
  0.00020161  -0.00008072     0.00133103   0.00442292    -0.00069186   0.00006382
 -0.00172932  -0.00434386    -0.00306969  -0.00613676     0.00311587  -0.00036218
  0.00152044  -0.00023863    -0.00009848   0.00064013     0.00266280  -0.00061952
    7    2
 -0.00001447   0.00021669     0.00461776  -0.00010087    -0.00015310  -0.00067772
 -0.00466565  -0.00030236    -0.00678499  -0.00102308     0.00061841   0.00307529
  0.00024289   0.00151976     0.00057836  -0.00029147     0.00023366   0.00272392
    7    3
 -0.33992824  -0.24697232     0.02174699   0.01580011    -0.00001070  -0.00000778
 -0.00100706  -0.00073167    -0.04451891  -0.03234488     0.00290995   0.00211421
  0.00011991   0.00008712     0.00056473   0.00041030    -0.05289554  -0.03843086
    7    4
 -0.00333462  -0.00237730    -0.00146401  -0.00143359     0.00304420  -0.00422711
  0.00148155   0.00114947     0.00994222   0.00773245    -0.01015441   0.00259780
  0.01294192  -0.01824105     0.00023637  -0.00156582    -0.01310045  -0.01161404
    7    5
 -0.00329141  -0.00243679    -0.00181583  -0.00094935    -0.00307952   0.00420145
  0.00155104   0.00105384     0.01042631   0.00706615    -0.00066723  -0.01046018
 -0.01334899   0.01794530    -0.00141614   0.00070867    -0.01509387  -0.00887033
    7    6
  0.00388267  -0.01194963    -0.00428310   0.01318202    -0.00001539   0.00004737
 -0.01504060   0.04629020     0.00360064  -0.01108163     0.00004149  -0.00012769
  0.00004697  -0.00014456    -0.00008623   0.00026540    -0.00077232   0.00237697
    7    7
  0.58863209   0.00000000    -0.00537474   0.00000000    -0.00001982   0.00000000
 -0.00537474   0.00000000     0.11177553   0.00000000    -0.00045912   0.00000000
 -0.00001982   0.00000000    -0.00045912   0.00000000     0.10328387   0.00000000

     Dynamical  Matrix in cartesian axes

     q = (    0.200000000  -0.400000000  -0.060719899 ) 

    1    1
  0.08617500   0.00000000    -0.00470229  -0.00001084    -0.00008554  -0.00275877
 -0.00470229   0.00001084     0.14289451  -0.00000000     0.00039870   0.00387924
 -0.00008554   0.00275877     0.00039870  -0.00387924     0.17725663  -0.00000000
    1    2
 -0.00150793  -0.00074080    -0.01303388   0.00977730     0.00400462   0.00696637
 -0.01303388   0.00977730     0.00060012  -0.00367102    -0.02176046  -0.03073201
  0.00400462   0.00696637    -0.02176046  -0.03073201    -0.01444706   0.02403830
    1    3
 -0.00674423   0.00369043    -0.03887404   0.02777237    -0.00949272  -0.01006870
 -0.04078275   0.02929462    -0.00261476   0.00212470     0.04158206   0.05348253
 -0.00938049  -0.01115449     0.03955945   0.05088587    -0.02812716   0.00190524
    1    4
 -0.00923902   0.00007334     0.00368263  -0.00136571     0.00104009  -0.00370912
  0.00324281  -0.00117319    -0.01960976   0.00041837    -0.00504944  -0.00060461
  0.00052137  -0.00318858    -0.00242459   0.00153627    -0.04319050   0.00028865
    1    5
 -0.00091865   0.00086121     0.01620549  -0.01181083     0.00409625   0.00470382
  0.01616695  -0.01179923    -0.00412526   0.00335901    -0.01524477  -0.02001081
 -0.00114047  -0.00165745     0.00423249   0.00624390    -0.00425654   0.00462544
    1    6
  0.00378825   0.01213439     0.00082964   0.00267448    -0.00393723   0.00101589
 -0.00031558  -0.00292646    -0.00056237  -0.00350449    -0.00245598   0.00125120
 -0.00098579  -0.00003747    -0.00151056  -0.00118263     0.00331624   0.00610204
    1    7
  0.00020161   0.00008072     0.00172932  -0.00434386     0.00152044   0.00023863
 -0.00133103   0.00442292    -0.00306969   0.00613676     0.00009848   0.00064013
 -0.00069186  -0.00006382    -0.00311587  -0.00036218     0.00266280   0.00061952
    2    1
 -0.00150793   0.00074080    -0.01303388  -0.00977730     0.00400462  -0.00696637
 -0.01303388  -0.00977730     0.00060012   0.00367102    -0.02176046   0.03073201
  0.00400462  -0.00696637    -0.02176046   0.03073201    -0.01444706  -0.02403830
    2    2
  0.08617500  -0.00000000    -0.00470229   0.00001084    -0.00008554   0.00275877
 -0.00470229  -0.00001084     0.14289451   0.00000000     0.00039870  -0.00387924
 -0.00008554  -0.00275877     0.00039870   0.00387924     0.17725663   0.00000000
    2    3
 -0.00674423  -0.00369043    -0.03887404  -0.02777237    -0.00949272   0.01006870
 -0.04078275  -0.02929462    -0.00261476  -0.00212470     0.04158206  -0.05348253
 -0.00938049   0.01115449     0.03955945  -0.05088587    -0.02812716  -0.00190524
    2    4
 -0.00091865  -0.00086121     0.01620549   0.01181083     0.00409625  -0.00470382
  0.01616695   0.01179923    -0.00412526  -0.00335901    -0.01524477   0.02001081
 -0.00114047   0.00165745     0.00423249  -0.00624390    -0.00425654  -0.00462544
    2    5
 -0.00923902  -0.00007334     0.00368263   0.00136571     0.00104009   0.00370912
  0.00324281   0.00117319    -0.01960976  -0.00041837    -0.00504944   0.00060461
  0.00052137   0.00318858    -0.00242459  -0.00153627    -0.04319050  -0.00028865
    2    6
 -0.01019718   0.00759025    -0.00224322   0.00167605     0.00258816   0.00313612
  0.00197544  -0.00218206     0.00251486  -0.00250464     0.00125149   0.00245583
  0.00081954   0.00054911     0.00191720  -0.00006888    -0.00626959   0.00298742
    2    7
 -0.00001447  -0.00021669     0.00466565  -0.00030236     0.00024289  -0.00151976
 -0.00461776  -0.00010087    -0.00678499   0.00102308    -0.00057836  -0.00029147
 -0.00015310   0.00067772    -0.00061841   0.00307529     0.00023366  -0.00272392
    3    1
 -0.00674423  -0.00369043    -0.04078275  -0.02929462    -0.00938049   0.01115449
 -0.03887404  -0.02777237    -0.00261476  -0.00212470     0.03955945  -0.05088587
 -0.00949272   0.01006870     0.04158206  -0.05348253    -0.02812716  -0.00190524
    3    2
 -0.00674423   0.00369043    -0.04078275   0.02929462    -0.00938049  -0.01115449
 -0.03887404   0.02777237    -0.00261476   0.00212470     0.03955945   0.05088587
 -0.00949272  -0.01006870     0.04158206   0.05348253    -0.02812716   0.00190524
    3    3
  0.77710052   0.00000000    -0.01818494   0.00000000    -0.00077469   0.00000000
 -0.01818494   0.00000000     0.73432559   0.00000000     0.00347649   0.00000000
 -0.00077469   0.00000000     0.00347649   0.00000000     0.47474500   0.00000000
    3    4
 -0.06510596  -0.00024243     0.00195311  -0.00036198     0.00143854  -0.00087915
  0.00192776  -0.00043772    -0.06870644  -0.00087916    -0.00707223   0.00290005
  0.00157735  -0.00224294    -0.00664516   0.00251967    -0.10199907   0.00383405
    3    5
 -0.06510596   0.00024243     0.00195311   0.00036198     0.00143854   0.00087915
  0.00192776   0.00043772    -0.06870644   0.00087916    -0.00707223  -0.00290005
  0.00157735   0.00224294    -0.00664516  -0.00251967    -0.10199907  -0.00383405
    3    6
 -0.00760270   0.02339872    -0.00916335   0.02820188     0.00016365  -0.00050367
 -0.00117842   0.00362682    -0.06922920   0.21306556    -0.00009366   0.00028825
  0.00057080  -0.00175673     0.00029438  -0.00090600    -0.01205358   0.03709709
    3    7
 -0.33992824   0.24697232     0.00100706  -0.00073167     0.00011991  -0.00008712
 -0.02174699   0.01580011    -0.04451891   0.03234488    -0.00056473   0.00041030
 -0.00001070   0.00000778    -0.00290995   0.00211421    -0.05289554   0.03843086
    4    1
 -0.00923902  -0.00007334     0.00324281   0.00117319     0.00052137   0.00318858
  0.00368263   0.00136571    -0.01960976  -0.00041837    -0.00242459  -0.00153627
  0.00104009   0.00370912    -0.00504944   0.00060461    -0.04319050  -0.00028865
    4    2
 -0.00091865   0.00086121     0.01616695  -0.01179923    -0.00114047  -0.00165745
  0.01620549  -0.01181083    -0.00412526   0.00335901     0.00423249   0.00624390
  0.00409625   0.00470382    -0.01524477  -0.02001081    -0.00425654   0.00462544
    4    3
 -0.06510596   0.00024243     0.00192776   0.00043772     0.00157735   0.00224294
  0.00195311   0.00036198    -0.06870644   0.00087916    -0.00664516  -0.00251967
  0.00143854   0.00087915    -0.00707223  -0.00290005    -0.10199907  -0.00383405
    4    4
  0.08281058  -0.00000000    -0.00597755   0.00000425    -0.00039649   0.00103320
 -0.00597755  -0.00000425     0.10675176  -0.00000000     0.00187089  -0.00089562
 -0.00039649  -0.00103320     0.00187089   0.00089562     0.27285566  -0.00000000
    4    5
  0.01073439   0.00083457    -0.00717155   0.00500278    -0.00369754  -0.00454071
 -0.00717155   0.00500278     0.01171613  -0.00015736     0.01530098   0.01928500
 -0.00369754  -0.00454071     0.01530098   0.01928500    -0.03594593   0.00608724
    4    6
  0.00048069  -0.00293474     0.00021109  -0.00166048     0.00139028   0.00023492
 -0.00137107   0.00464157     0.00075157  -0.00097196    -0.04156982  -0.01401719
 -0.00503308   0.00201907     0.00434354   0.00240554    -0.00025641   0.00993413
    4    7
 -0.00333462   0.00237730    -0.00148155   0.00114947     0.01294192   0.01824105
  0.00146401  -0.00143359     0.00994222  -0.00773245    -0.00023637  -0.00156582
  0.00304420   0.00422711     0.01015441   0.00259780    -0.01310045   0.01161404
    5    1
 -0.00091865  -0.00086121     0.01616695   0.01179923    -0.00114047   0.00165745
  0.01620549   0.01181083    -0.00412526  -0.00335901     0.00423249  -0.00624390
  0.00409625  -0.00470382    -0.01524477   0.02001081    -0.00425654  -0.00462544
    5    2
 -0.00923902   0.00007334     0.00324281  -0.00117319     0.00052137  -0.00318858
  0.00368263  -0.00136571    -0.01960976   0.00041837    -0.00242459   0.00153627
  0.00104009  -0.00370912    -0.00504944  -0.00060461    -0.04319050   0.00028865
    5    3
 -0.06510596  -0.00024243     0.00192776  -0.00043772     0.00157735  -0.00224294
  0.00195311  -0.00036198    -0.06870644  -0.00087916    -0.00664516   0.00251967
  0.00143854  -0.00087915    -0.00707223   0.00290005    -0.10199907   0.00383405
    5    4
  0.01073439  -0.00083457    -0.00717155  -0.00500278    -0.00369754   0.00454071
 -0.00717155  -0.00500278     0.01171613   0.00015736     0.01530098  -0.01928500
 -0.00369754   0.00454071     0.01530098  -0.01928500    -0.03594593  -0.00608724
    5    5
  0.08281058   0.00000000    -0.00597755  -0.00000425    -0.00039649  -0.00103320
 -0.00597755   0.00000425     0.10675176   0.00000000     0.00187089   0.00089562
 -0.00039649   0.00103320     0.00187089  -0.00089562     0.27285566   0.00000000
    5    6
  0.00133611  -0.00265679     0.00080523  -0.00146743    -0.00126284  -0.00062714
 -0.00161902   0.00456100    -0.00003673  -0.00122810     0.04186979   0.01309398
  0.00288506   0.00459183    -0.00492794  -0.00060695    -0.00563170   0.00818760
    5    7
 -0.00329141   0.00243679    -0.00155104   0.00105384    -0.01334899  -0.01794530
  0.00181583  -0.00094935     0.01042631  -0.00706615     0.00141614   0.00070867
 -0.00307952  -0.00420145     0.00066723  -0.01046018    -0.01509387   0.00887033
    6    1
  0.00378825  -0.01213439    -0.00031558   0.00292646    -0.00098579   0.00003747
  0.00082964  -0.00267448    -0.00056237   0.00350449    -0.00151056   0.00118263
 -0.00393723  -0.00101589    -0.00245598  -0.00125120     0.00331624  -0.00610204
    6    2
 -0.01019718  -0.00759025     0.00197544   0.00218206     0.00081954  -0.00054911
 -0.00224322  -0.00167605     0.00251486   0.00250464     0.00191720   0.00006888
  0.00258816  -0.00313612     0.00125149  -0.00245583    -0.00626959  -0.00298742
    6    3
 -0.00760270  -0.02339872    -0.00117842  -0.00362682     0.00057080   0.00175673
 -0.00916335  -0.02820188    -0.06922920  -0.21306556     0.00029438   0.00090600
  0.00016365   0.00050367    -0.00009366  -0.00028825    -0.01205358  -0.03709709
    6    4
  0.00048069   0.00293474    -0.00137107  -0.00464157    -0.00503308  -0.00201907
  0.00021109   0.00166048     0.00075157   0.00097196     0.00434354  -0.00240554
  0.00139028  -0.00023492    -0.04156982   0.01401719    -0.00025641  -0.00993413
    6    5
  0.00133611   0.00265679    -0.00161902  -0.00456100     0.00288506  -0.00459183
  0.00080523   0.00146743    -0.00003673   0.00122810    -0.00492794   0.00060695
 -0.00126284   0.00062714     0.04186979  -0.01309398    -0.00563170  -0.00818760
    6    6
  0.09645570   0.00000000     0.00374715   0.00000000    -0.00011708   0.00000000
  0.00374715   0.00000000     0.69953015   0.00000000    -0.00013669   0.00000000
 -0.00011708   0.00000000    -0.00013669   0.00000000     0.10369795   0.00000000
    6    7
 -0.01016497  -0.00738528    -0.03937680  -0.02860892    -0.00012297  -0.00008934
 -0.01121329  -0.00814693    -0.00942659  -0.00684882    -0.00022576  -0.00016403
  0.00004030   0.00002928     0.00010862   0.00007892     0.00202197   0.00146905
    7    1
  0.00020161  -0.00008072    -0.00133103  -0.00442292    -0.00069186   0.00006382
  0.00172932   0.00434386    -0.00306969  -0.00613676    -0.00311587   0.00036218
  0.00152044  -0.00023863     0.00009848  -0.00064013     0.00266280  -0.00061952
    7    2
 -0.00001447   0.00021669    -0.00461776   0.00010087    -0.00015310  -0.00067772
  0.00466565   0.00030236    -0.00678499  -0.00102308    -0.00061841  -0.00307529
  0.00024289   0.00151976    -0.00057836   0.00029147     0.00023366   0.00272392
    7    3
 -0.33992824  -0.24697232    -0.02174699  -0.01580011    -0.00001070  -0.00000778
  0.00100706   0.00073167    -0.04451891  -0.03234488    -0.00290995  -0.00211421
  0.00011991   0.00008712    -0.00056473  -0.00041030    -0.05289554  -0.03843086
    7    4
 -0.00333462  -0.00237730     0.00146401   0.00143359     0.00304420  -0.00422711
 -0.00148155  -0.00114947     0.00994222   0.00773245     0.01015441  -0.00259780
  0.01294192  -0.01824105    -0.00023637   0.00156582    -0.01310045  -0.01161404
    7    5
 -0.00329141  -0.00243679     0.00181583   0.00094935    -0.00307952   0.00420145
 -0.00155104  -0.00105384     0.01042631   0.00706615     0.00066723   0.01046018
 -0.01334899   0.01794530     0.00141614  -0.00070867    -0.01509387  -0.00887033
    7    6
 -0.01016497   0.00738528    -0.01121329   0.00814693     0.00004030  -0.00002928
 -0.03937680   0.02860892    -0.00942659   0.00684882     0.00010862  -0.00007892
 -0.00012297   0.00008934    -0.00022576   0.00016403     0.00202197  -0.00146905
    7    7
  0.58863209   0.00000000     0.00537474   0.00000000    -0.00001982   0.00000000
  0.00537474   0.00000000     0.11177553   0.00000000     0.00045912   0.00000000
 -0.00001982   0.00000000     0.00045912   0.00000000     0.10328387   0.00000000

     Dynamical  Matrix in cartesian axes

     q = (   -0.400000000  -0.200000000   0.060719899 ) 

    1    1
  0.14289451   0.00000000     0.00470229   0.00001084    -0.00039870   0.00387924
  0.00470229  -0.00001084     0.08617500  -0.00000000    -0.00008554   0.00275877
 -0.00039870  -0.00387924    -0.00008554  -0.00275877     0.17725663   0.00000000
    1    2
  0.00060012   0.00367102     0.01303388   0.00977730     0.02176046  -0.03073201
  0.01303388   0.00977730    -0.00150793   0.00074080     0.00400462  -0.00696637
  0.02176046  -0.03073201     0.00400462  -0.00696637    -0.01444706  -0.02403830
    1    3
 -0.00261476  -0.00212470     0.04078275   0.02929462    -0.04158206   0.05348253
  0.03887404   0.02777237    -0.00674423  -0.00369043    -0.00949272   0.01006870
 -0.03955945   0.05088587    -0.00938049   0.01115449    -0.02812716  -0.00190524
    1    4
 -0.01960976  -0.00041837    -0.00324281  -0.00117319     0.00504944  -0.00060461
 -0.00368263  -0.00136571    -0.00923902  -0.00007334     0.00104009   0.00370912
  0.00242459   0.00153627     0.00052137   0.00318858    -0.04319050  -0.00028865
    1    5
 -0.00412526  -0.00335901    -0.01616695  -0.01179923     0.01524477  -0.02001081
 -0.01620549  -0.01181083    -0.00091865  -0.00086121     0.00409625  -0.00470382
 -0.00423249   0.00624390    -0.00114047   0.00165745    -0.00425654  -0.00462544
    1    6
 -0.00678499   0.00102308     0.00461776   0.00010087     0.00057836   0.00029147
 -0.00466565   0.00030236    -0.00001447  -0.00021669     0.00024289  -0.00151976
  0.00061841  -0.00307529    -0.00015310   0.00067772     0.00023366  -0.00272392
    1    7
 -0.00056237   0.00350449     0.00031558  -0.00292646     0.00245598   0.00125120
 -0.00082964   0.00267448     0.00378825  -0.01213439    -0.00393723  -0.00101589
  0.00151056  -0.00118263    -0.00098579   0.00003747     0.00331624  -0.00610204
    2    1
  0.00060012  -0.00367102     0.01303388  -0.00977730     0.02176046   0.03073201
  0.01303388  -0.00977730    -0.00150793  -0.00074080     0.00400462   0.00696637
  0.02176046   0.03073201     0.00400462   0.00696637    -0.01444706   0.02403830
    2    2
  0.14289451  -0.00000000     0.00470229  -0.00001084    -0.00039870  -0.00387924
  0.00470229   0.00001084     0.08617500   0.00000000    -0.00008554  -0.00275877
 -0.00039870   0.00387924    -0.00008554   0.00275877     0.17725663  -0.00000000
    2    3
 -0.00261476   0.00212470     0.04078275  -0.02929462    -0.04158206  -0.05348253
  0.03887404  -0.02777237    -0.00674423   0.00369043    -0.00949272  -0.01006870
 -0.03955945  -0.05088587    -0.00938049  -0.01115449    -0.02812716   0.00190524
    2    4
 -0.00412526   0.00335901    -0.01616695   0.01179923     0.01524477   0.02001081
 -0.01620549   0.01181083    -0.00091865   0.00086121     0.00409625   0.00470382
 -0.00423249  -0.00624390    -0.00114047  -0.00165745    -0.00425654   0.00462544
    2    5
 -0.01960976   0.00041837    -0.00324281   0.00117319     0.00504944   0.00060461
 -0.00368263   0.00136571    -0.00923902   0.00007334     0.00104009  -0.00370912
  0.00242459  -0.00153627     0.00052137  -0.00318858    -0.04319050   0.00028865
    2    6
 -0.00306969   0.00613676     0.00133103  -0.00442292    -0.00009848  -0.00064013
 -0.00172932   0.00434386     0.00020161   0.00008072     0.00152044   0.00023863
  0.00311587   0.00036218    -0.00069186  -0.00006382     0.00266280   0.00061952
    2    7
  0.00251486   0.00250464    -0.00197544  -0.00218206    -0.00125149   0.00245583
  0.00224322   0.00167605    -0.01019718  -0.00759025     0.00258816  -0.00313612
 -0.00191720  -0.00006888     0.00081954  -0.00054911    -0.00626959  -0.00298742
    3    1
 -0.00261476   0.00212470     0.03887404  -0.02777237    -0.03955945  -0.05088587
  0.04078275  -0.02929462    -0.00674423   0.00369043    -0.00938049  -0.01115449
 -0.04158206  -0.05348253    -0.00949272  -0.01006870    -0.02812716   0.00190524
    3    2
 -0.00261476  -0.00212470     0.03887404   0.02777237    -0.03955945   0.05088587
  0.04078275   0.02929462    -0.00674423  -0.00369043    -0.00938049   0.01115449
 -0.04158206   0.05348253    -0.00949272   0.01006870    -0.02812716  -0.00190524
    3    3
  0.73432559   0.00000000     0.01818494   0.00000000    -0.00347649   0.00000000
  0.01818494   0.00000000     0.77710052   0.00000000    -0.00077469   0.00000000
 -0.00347649   0.00000000    -0.00077469   0.00000000     0.47474500   0.00000000
    3    4
 -0.06870644   0.00087916    -0.00192776  -0.00043772     0.00707223   0.00290005
 -0.00195311  -0.00036198    -0.06510596   0.00024243     0.00143854   0.00087915
  0.00664516   0.00251967     0.00157735   0.00224294    -0.10199907  -0.00383405
    3    5
 -0.06870644  -0.00087916    -0.00192776   0.00043772     0.00707223  -0.00290005
 -0.00195311   0.00036198    -0.06510596  -0.00024243     0.00143854  -0.00087915
  0.00664516  -0.00251967     0.00157735  -0.00224294    -0.10199907   0.00383405
    3    6
 -0.04451891   0.03234488     0.02174699  -0.01580011     0.00056473  -0.00041030
 -0.00100706   0.00073167    -0.33992824   0.24697232     0.00011991  -0.00008712
  0.00290995  -0.00211421    -0.00001070   0.00000778    -0.05289554   0.03843086
    3    7
 -0.06922920  -0.21306556     0.00117842   0.00362682     0.00009366   0.00028825
  0.00916335   0.02820188    -0.00760270  -0.02339872     0.00016365   0.00050367
 -0.00029438  -0.00090600     0.00057080   0.00175673    -0.01205358  -0.03709709
    4    1
 -0.01960976   0.00041837    -0.00368263   0.00136571     0.00242459  -0.00153627
 -0.00324281   0.00117319    -0.00923902   0.00007334     0.00052137  -0.00318858
  0.00504944   0.00060461     0.00104009  -0.00370912    -0.04319050   0.00028865
    4    2
 -0.00412526  -0.00335901    -0.01620549  -0.01181083    -0.00423249   0.00624390
 -0.01616695  -0.01179923    -0.00091865  -0.00086121    -0.00114047   0.00165745
  0.01524477  -0.02001081     0.00409625  -0.00470382    -0.00425654  -0.00462544
    4    3
 -0.06870644  -0.00087916    -0.00195311   0.00036198     0.00664516  -0.00251967
 -0.00192776   0.00043772    -0.06510596  -0.00024243     0.00157735  -0.00224294
  0.00707223  -0.00290005     0.00143854  -0.00087915    -0.10199907   0.00383405
    4    4
  0.10675176   0.00000000     0.00597755  -0.00000425    -0.00187089  -0.00089562
  0.00597755   0.00000425     0.08281058   0.00000000    -0.00039649  -0.00103320
 -0.00187089   0.00089562    -0.00039649   0.00103320     0.27285566   0.00000000
    4    5
  0.01171613   0.00015736     0.00717155   0.00500278    -0.01530098   0.01928500
  0.00717155   0.00500278     0.01073439  -0.00083457    -0.00369754   0.00454071
 -0.01530098   0.01928500    -0.00369754   0.00454071    -0.03594593  -0.00608724
    4    6
  0.01042631  -0.00706615    -0.00181583   0.00094935    -0.00141614  -0.00070867
  0.00155104  -0.00105384    -0.00329141   0.00243679    -0.01334899  -0.01794530
 -0.00066723   0.01046018    -0.00307952  -0.00420145    -0.01509387   0.00887033
    4    7
  0.00075157   0.00097196     0.00137107   0.00464157     0.04156982  -0.01401719
 -0.00021109  -0.00166048     0.00048069   0.00293474     0.00139028  -0.00023492
 -0.00434354   0.00240554    -0.00503308  -0.00201907    -0.00025641  -0.00993413
    5    1
 -0.00412526   0.00335901    -0.01620549   0.01181083    -0.00423249  -0.00624390
 -0.01616695   0.01179923    -0.00091865   0.00086121    -0.00114047  -0.00165745
  0.01524477   0.02001081     0.00409625   0.00470382    -0.00425654   0.00462544
    5    2
 -0.01960976  -0.00041837    -0.00368263  -0.00136571     0.00242459   0.00153627
 -0.00324281  -0.00117319    -0.00923902  -0.00007334     0.00052137   0.00318858
  0.00504944  -0.00060461     0.00104009   0.00370912    -0.04319050  -0.00028865
    5    3
 -0.06870644   0.00087916    -0.00195311  -0.00036198     0.00664516   0.00251967
 -0.00192776  -0.00043772    -0.06510596   0.00024243     0.00157735   0.00224294
  0.00707223   0.00290005     0.00143854   0.00087915    -0.10199907  -0.00383405
    5    4
  0.01171613  -0.00015736     0.00717155  -0.00500278    -0.01530098  -0.01928500
  0.00717155  -0.00500278     0.01073439   0.00083457    -0.00369754  -0.00454071
 -0.01530098  -0.01928500    -0.00369754  -0.00454071    -0.03594593   0.00608724
    5    5
  0.10675176   0.00000000     0.00597755   0.00000425    -0.00187089   0.00089562
  0.00597755  -0.00000425     0.08281058  -0.00000000    -0.00039649   0.00103320
 -0.00187089  -0.00089562    -0.00039649  -0.00103320     0.27285566   0.00000000
    5    6
  0.00994222  -0.00773245    -0.00146401   0.00143359     0.00023637   0.00156582
  0.00148155  -0.00114947    -0.00333462   0.00237730     0.01294192   0.01824105
 -0.01015441  -0.00259780     0.00304420   0.00422711    -0.01310045   0.01161404
    5    7
 -0.00003673   0.00122810     0.00161902   0.00456100    -0.04186979   0.01309398
 -0.00080523  -0.00146743     0.00133611   0.00265679    -0.00126284   0.00062714
  0.00492794  -0.00060695     0.00288506  -0.00459183    -0.00563170  -0.00818760
    6    1
 -0.00678499  -0.00102308    -0.00466565  -0.00030236     0.00061841   0.00307529
  0.00461776  -0.00010087    -0.00001447   0.00021669    -0.00015310  -0.00067772
  0.00057836  -0.00029147     0.00024289   0.00151976     0.00023366   0.00272392
    6    2
 -0.00306969  -0.00613676    -0.00172932  -0.00434386     0.00311587  -0.00036218
  0.00133103   0.00442292     0.00020161  -0.00008072    -0.00069186   0.00006382
 -0.00009848   0.00064013     0.00152044  -0.00023863     0.00266280  -0.00061952
    6    3
 -0.04451891  -0.03234488    -0.00100706  -0.00073167     0.00290995   0.00211421
  0.02174699   0.01580011    -0.33992824  -0.24697232    -0.00001070  -0.00000778
  0.00056473   0.00041030     0.00011991   0.00008712    -0.05289554  -0.03843086
    6    4
  0.01042631   0.00706615     0.00155104   0.00105384    -0.00066723  -0.01046018
 -0.00181583  -0.00094935    -0.00329141  -0.00243679    -0.00307952   0.00420145
 -0.00141614   0.00070867    -0.01334899   0.01794530    -0.01509387  -0.00887033
    6    5
  0.00994222   0.00773245     0.00148155   0.00114947    -0.01015441   0.00259780
 -0.00146401  -0.00143359    -0.00333462  -0.00237730     0.00304420  -0.00422711
  0.00023637  -0.00156582     0.01294192  -0.01824105    -0.01310045  -0.01161404
    6    6
  0.11177553   0.00000000    -0.00537474   0.00000000    -0.00045912   0.00000000
 -0.00537474   0.00000000     0.58863209   0.00000000    -0.00001982   0.00000000
 -0.00045912   0.00000000    -0.00001982   0.00000000     0.10328387   0.00000000
    6    7
  0.00360064  -0.01108163    -0.01504060   0.04629020     0.00004149  -0.00012769
 -0.00428310   0.01318202     0.00388267  -0.01194963    -0.00001539   0.00004737
 -0.00008623   0.00026540     0.00004697  -0.00014456    -0.00077232   0.00237697
    7    1
 -0.00056237  -0.00350449    -0.00082964  -0.00267448     0.00151056   0.00118263
  0.00031558   0.00292646     0.00378825   0.01213439    -0.00098579  -0.00003747
  0.00245598  -0.00125120    -0.00393723   0.00101589     0.00331624   0.00610204
    7    2
  0.00251486  -0.00250464     0.00224322  -0.00167605    -0.00191720   0.00006888
 -0.00197544   0.00218206    -0.01019718   0.00759025     0.00081954   0.00054911
 -0.00125149  -0.00245583     0.00258816   0.00313612    -0.00626959   0.00298742
    7    3
 -0.06922920   0.21306556     0.00916335  -0.02820188    -0.00029438   0.00090600
  0.00117842  -0.00362682    -0.00760270   0.02339872     0.00057080  -0.00175673
  0.00009366  -0.00028825     0.00016365  -0.00050367    -0.01205358   0.03709709
    7    4
  0.00075157  -0.00097196    -0.00021109   0.00166048    -0.00434354  -0.00240554
  0.00137107  -0.00464157     0.00048069  -0.00293474    -0.00503308   0.00201907
  0.04156982   0.01401719     0.00139028   0.00023492    -0.00025641   0.00993413
    7    5
 -0.00003673  -0.00122810    -0.00080523   0.00146743     0.00492794   0.00060695
  0.00161902  -0.00456100     0.00133611  -0.00265679     0.00288506   0.00459183
 -0.04186979  -0.01309398    -0.00126284  -0.00062714    -0.00563170   0.00818760
    7    6
  0.00360064   0.01108163    -0.00428310  -0.01318202    -0.00008623  -0.00026540
 -0.01504060  -0.04629020     0.00388267   0.01194963     0.00004697   0.00014456
  0.00004149   0.00012769    -0.00001539  -0.00004737    -0.00077232  -0.00237697
    7    7
  0.69953015   0.00000000    -0.00374715   0.00000000     0.00013669   0.00000000
 -0.00374715   0.00000000     0.09645570   0.00000000    -0.00011708   0.00000000
  0.00013669   0.00000000    -0.00011708   0.00000000     0.10369795   0.00000000

     Dynamical  Matrix in cartesian axes

     q = (   -0.400000000   0.200000000   0.060719899 ) 

    1    1
  0.14289451   0.00000000    -0.00470229  -0.00001084    -0.00039870   0.00387924
 -0.00470229   0.00001084     0.08617500  -0.00000000     0.00008554  -0.00275877
 -0.00039870  -0.00387924     0.00008554   0.00275877     0.17725663   0.00000000
    1    2
  0.00060012   0.00367102    -0.01303388  -0.00977730     0.02176046  -0.03073201
 -0.01303388  -0.00977730    -0.00150793   0.00074080    -0.00400462   0.00696637
  0.02176046  -0.03073201    -0.00400462   0.00696637    -0.01444706  -0.02403830
    1    3
 -0.00261476  -0.00212470    -0.04078275  -0.02929462    -0.04158206   0.05348253
 -0.03887404  -0.02777237    -0.00674423  -0.00369043     0.00949272  -0.01006870
 -0.03955945   0.05088587     0.00938049  -0.01115449    -0.02812716  -0.00190524
    1    4
 -0.01960976  -0.00041837     0.00324281   0.00117319     0.00504944  -0.00060461
  0.00368263   0.00136571    -0.00923902  -0.00007334    -0.00104009  -0.00370912
  0.00242459   0.00153627    -0.00052137  -0.00318858    -0.04319050  -0.00028865
    1    5
 -0.00412526  -0.00335901     0.01616695   0.01179923     0.01524477  -0.02001081
  0.01620549   0.01181083    -0.00091865  -0.00086121    -0.00409625   0.00470382
 -0.00423249   0.00624390     0.00114047  -0.00165745    -0.00425654  -0.00462544
    1    6
 -0.00306969  -0.00613676    -0.00133103  -0.00442292    -0.00009848   0.00064013
  0.00172932   0.00434386     0.00020161  -0.00008072    -0.00152044   0.00023863
  0.00311587  -0.00036218     0.00069186  -0.00006382     0.00266280  -0.00061952
    1    7
 -0.00056237   0.00350449    -0.00031558   0.00292646     0.00245598   0.00125120
  0.00082964  -0.00267448     0.00378825  -0.01213439     0.00393723   0.00101589
  0.00151056  -0.00118263     0.00098579  -0.00003747     0.00331624  -0.00610204
    2    1
  0.00060012  -0.00367102    -0.01303388   0.00977730     0.02176046   0.03073201
 -0.01303388   0.00977730    -0.00150793  -0.00074080    -0.00400462  -0.00696637
  0.02176046   0.03073201    -0.00400462  -0.00696637    -0.01444706   0.02403830
    2    2
  0.14289451  -0.00000000    -0.00470229   0.00001084    -0.00039870  -0.00387924
 -0.00470229  -0.00001084     0.08617500   0.00000000     0.00008554   0.00275877
 -0.00039870   0.00387924     0.00008554  -0.00275877     0.17725663  -0.00000000
    2    3
 -0.00261476   0.00212470    -0.04078275   0.02929462    -0.04158206  -0.05348253
 -0.03887404   0.02777237    -0.00674423   0.00369043     0.00949272   0.01006870
 -0.03955945  -0.05088587     0.00938049   0.01115449    -0.02812716   0.00190524
    2    4
 -0.00412526   0.00335901     0.01616695  -0.01179923     0.01524477   0.02001081
  0.01620549  -0.01181083    -0.00091865   0.00086121    -0.00409625  -0.00470382
 -0.00423249  -0.00624390     0.00114047   0.00165745    -0.00425654   0.00462544
    2    5
 -0.01960976   0.00041837     0.00324281  -0.00117319     0.00504944   0.00060461
  0.00368263  -0.00136571    -0.00923902   0.00007334    -0.00104009   0.00370912
  0.00242459  -0.00153627    -0.00052137   0.00318858    -0.04319050   0.00028865
    2    6
 -0.00678499  -0.00102308    -0.00461776   0.00010087     0.00057836  -0.00029147
  0.00466565   0.00030236    -0.00001447   0.00021669    -0.00024289  -0.00151976
  0.00061841   0.00307529     0.00015310   0.00067772     0.00023366   0.00272392
    2    7
  0.00251486   0.00250464     0.00197544   0.00218206    -0.00125149   0.00245583
 -0.00224322  -0.00167605    -0.01019718  -0.00759025    -0.00258816   0.00313612
 -0.00191720  -0.00006888    -0.00081954   0.00054911    -0.00626959  -0.00298742
    3    1
 -0.00261476   0.00212470    -0.03887404   0.02777237    -0.03955945  -0.05088587
 -0.04078275   0.02929462    -0.00674423   0.00369043     0.00938049   0.01115449
 -0.04158206  -0.05348253     0.00949272   0.01006870    -0.02812716   0.00190524
    3    2
 -0.00261476  -0.00212470    -0.03887404  -0.02777237    -0.03955945   0.05088587
 -0.04078275  -0.02929462    -0.00674423  -0.00369043     0.00938049  -0.01115449
 -0.04158206   0.05348253     0.00949272  -0.01006870    -0.02812716  -0.00190524
    3    3
  0.73432559   0.00000000    -0.01818494   0.00000000    -0.00347649   0.00000000
 -0.01818494   0.00000000     0.77710052   0.00000000     0.00077469   0.00000000
 -0.00347649   0.00000000     0.00077469   0.00000000     0.47474500   0.00000000
    3    4
 -0.06870644   0.00087916     0.00192776   0.00043772     0.00707223   0.00290005
  0.00195311   0.00036198    -0.06510596   0.00024243    -0.00143854  -0.00087915
  0.00664516   0.00251967    -0.00157735  -0.00224294    -0.10199907  -0.00383405
    3    5
 -0.06870644  -0.00087916     0.00192776  -0.00043772     0.00707223  -0.00290005
  0.00195311  -0.00036198    -0.06510596  -0.00024243    -0.00143854   0.00087915
  0.00664516  -0.00251967    -0.00157735   0.00224294    -0.10199907   0.00383405
    3    6
 -0.04451891  -0.03234488    -0.02174699  -0.01580011     0.00056473   0.00041030
  0.00100706   0.00073167    -0.33992824  -0.24697232    -0.00011991  -0.00008712
  0.00290995   0.00211421     0.00001070   0.00000778    -0.05289554  -0.03843086
    3    7
 -0.06922920  -0.21306556    -0.00117842  -0.00362682     0.00009366   0.00028825
 -0.00916335  -0.02820188    -0.00760270  -0.02339872    -0.00016365  -0.00050367
 -0.00029438  -0.00090600    -0.00057080  -0.00175673    -0.01205358  -0.03709709
    4    1
 -0.01960976   0.00041837     0.00368263  -0.00136571     0.00242459  -0.00153627
  0.00324281  -0.00117319    -0.00923902   0.00007334    -0.00052137   0.00318858
  0.00504944   0.00060461    -0.00104009   0.00370912    -0.04319050   0.00028865
    4    2
 -0.00412526  -0.00335901     0.01620549   0.01181083    -0.00423249   0.00624390
  0.01616695   0.01179923    -0.00091865  -0.00086121     0.00114047  -0.00165745
  0.01524477  -0.02001081    -0.00409625   0.00470382    -0.00425654  -0.00462544
    4    3
 -0.06870644  -0.00087916     0.00195311  -0.00036198     0.00664516  -0.00251967
  0.00192776  -0.00043772    -0.06510596  -0.00024243    -0.00157735   0.00224294
  0.00707223  -0.00290005    -0.00143854   0.00087915    -0.10199907   0.00383405
    4    4
  0.10675176   0.00000000    -0.00597755   0.00000425    -0.00187089  -0.00089562
 -0.00597755  -0.00000425     0.08281058   0.00000000     0.00039649   0.00103320
 -0.00187089   0.00089562     0.00039649  -0.00103320     0.27285566   0.00000000
    4    5
  0.01171613   0.00015736    -0.00717155  -0.00500278    -0.01530098   0.01928500
 -0.00717155  -0.00500278     0.01073439  -0.00083457     0.00369754  -0.00454071
 -0.01530098   0.01928500     0.00369754  -0.00454071    -0.03594593  -0.00608724
    4    6
  0.00994222   0.00773245     0.00146401   0.00143359     0.00023637  -0.00156582
 -0.00148155  -0.00114947    -0.00333462  -0.00237730    -0.01294192   0.01824105
 -0.01015441   0.00259780    -0.00304420   0.00422711    -0.01310045  -0.01161404
    4    7
  0.00075157   0.00097196    -0.00137107  -0.00464157     0.04156982  -0.01401719
  0.00021109   0.00166048     0.00048069   0.00293474    -0.00139028   0.00023492
 -0.00434354   0.00240554     0.00503308   0.00201907    -0.00025641  -0.00993413
    5    1
 -0.00412526   0.00335901     0.01620549  -0.01181083    -0.00423249  -0.00624390
  0.01616695  -0.01179923    -0.00091865   0.00086121     0.00114047   0.00165745
  0.01524477   0.02001081    -0.00409625  -0.00470382    -0.00425654   0.00462544
    5    2
 -0.01960976  -0.00041837     0.00368263   0.00136571     0.00242459   0.00153627
  0.00324281   0.00117319    -0.00923902  -0.00007334    -0.00052137  -0.00318858
  0.00504944  -0.00060461    -0.00104009  -0.00370912    -0.04319050  -0.00028865
    5    3
 -0.06870644   0.00087916     0.00195311   0.00036198     0.00664516   0.00251967
  0.00192776   0.00043772    -0.06510596   0.00024243    -0.00157735  -0.00224294
  0.00707223   0.00290005    -0.00143854  -0.00087915    -0.10199907  -0.00383405
    5    4
  0.01171613  -0.00015736    -0.00717155   0.00500278    -0.01530098  -0.01928500
 -0.00717155   0.00500278     0.01073439   0.00083457     0.00369754   0.00454071
 -0.01530098  -0.01928500     0.00369754   0.00454071    -0.03594593   0.00608724
    5    5
  0.10675176  -0.00000000    -0.00597755  -0.00000425    -0.00187089   0.00089562
 -0.00597755   0.00000425     0.08281058  -0.00000000     0.00039649  -0.00103320
 -0.00187089  -0.00089562     0.00039649   0.00103320     0.27285566  -0.00000000
    5    6
  0.01042631   0.00706615     0.00181583   0.00094935    -0.00141614   0.00070867
 -0.00155104  -0.00105384    -0.00329141  -0.00243679     0.01334899  -0.01794530
 -0.00066723  -0.01046018     0.00307952  -0.00420145    -0.01509387  -0.00887033
    5    7
 -0.00003673   0.00122810    -0.00161902  -0.00456100    -0.04186979   0.01309398
  0.00080523   0.00146743     0.00133611   0.00265679     0.00126284  -0.00062714
  0.00492794  -0.00060695    -0.00288506   0.00459183    -0.00563170  -0.00818760
    6    1
 -0.00306969   0.00613676     0.00172932  -0.00434386     0.00311587   0.00036218
 -0.00133103   0.00442292     0.00020161   0.00008072     0.00069186   0.00006382
 -0.00009848  -0.00064013    -0.00152044  -0.00023863     0.00266280   0.00061952
    6    2
 -0.00678499   0.00102308     0.00466565  -0.00030236     0.00061841  -0.00307529
 -0.00461776  -0.00010087    -0.00001447  -0.00021669     0.00015310  -0.00067772
  0.00057836   0.00029147    -0.00024289   0.00151976     0.00023366  -0.00272392
    6    3
 -0.04451891   0.03234488     0.00100706  -0.00073167     0.00290995  -0.00211421
 -0.02174699   0.01580011    -0.33992824   0.24697232     0.00001070  -0.00000778
  0.00056473  -0.00041030    -0.00011991   0.00008712    -0.05289554   0.03843086
    6    4
  0.00994222  -0.00773245    -0.00148155   0.00114947    -0.01015441  -0.00259780
  0.00146401  -0.00143359    -0.00333462   0.00237730    -0.00304420  -0.00422711
  0.00023637   0.00156582    -0.01294192  -0.01824105    -0.01310045   0.01161404
    6    5
  0.01042631  -0.00706615    -0.00155104   0.00105384    -0.00066723   0.01046018
  0.00181583  -0.00094935    -0.00329141   0.00243679     0.00307952   0.00420145
 -0.00141614  -0.00070867     0.01334899   0.01794530    -0.01509387   0.00887033
    6    6
  0.11177553   0.00000000     0.00537474   0.00000000    -0.00045912   0.00000000
  0.00537474   0.00000000     0.58863209   0.00000000     0.00001982   0.00000000
 -0.00045912   0.00000000     0.00001982   0.00000000     0.10328387   0.00000000
    6    7
 -0.00942659  -0.00684882    -0.03937680  -0.02860892    -0.00010862  -0.00007892
 -0.01121329  -0.00814693    -0.01016497  -0.00738528    -0.00004030  -0.00002928
  0.00022576   0.00016403     0.00012297   0.00008934     0.00202197   0.00146905
    7    1
 -0.00056237  -0.00350449     0.00082964   0.00267448     0.00151056   0.00118263
 -0.00031558  -0.00292646     0.00378825   0.01213439     0.00098579   0.00003747
  0.00245598  -0.00125120     0.00393723  -0.00101589     0.00331624   0.00610204
    7    2
  0.00251486  -0.00250464    -0.00224322   0.00167605    -0.00191720   0.00006888
  0.00197544  -0.00218206    -0.01019718   0.00759025    -0.00081954  -0.00054911
 -0.00125149  -0.00245583    -0.00258816  -0.00313612    -0.00626959   0.00298742
    7    3
 -0.06922920   0.21306556    -0.00916335   0.02820188    -0.00029438   0.00090600
 -0.00117842   0.00362682    -0.00760270   0.02339872    -0.00057080   0.00175673
  0.00009366  -0.00028825    -0.00016365   0.00050367    -0.01205358   0.03709709
    7    4
  0.00075157  -0.00097196     0.00021109  -0.00166048    -0.00434354  -0.00240554
 -0.00137107   0.00464157     0.00048069  -0.00293474     0.00503308  -0.00201907
  0.04156982   0.01401719    -0.00139028  -0.00023492    -0.00025641   0.00993413
    7    5
 -0.00003673  -0.00122810     0.00080523  -0.00146743     0.00492794   0.00060695
 -0.00161902   0.00456100     0.00133611  -0.00265679    -0.00288506  -0.00459183
 -0.04186979  -0.01309398     0.00126284   0.00062714    -0.00563170   0.00818760
    7    6
 -0.00942659   0.00684882    -0.01121329   0.00814693     0.00022576  -0.00016403
 -0.03937680   0.02860892    -0.01016497   0.00738528     0.00012297  -0.00008934
 -0.00010862   0.00007892    -0.00004030   0.00002928     0.00202197  -0.00146905
    7    7
  0.69953015   0.00000000     0.00374715   0.00000000     0.00013669   0.00000000
  0.00374715   0.00000000     0.09645570   0.00000000     0.00011708   0.00000000
  0.00013669   0.00000000     0.00011708   0.00000000     0.10369795   0.00000000

     Dynamical  Matrix in cartesian axes

     q = (   -0.200000000  -0.400000000   0.060719899 ) 

    1    1
  0.08617500  -0.00000000     0.00470229  -0.00001084    -0.00008554   0.00275877
  0.00470229   0.00001084     0.14289451   0.00000000    -0.00039870   0.00387924
 -0.00008554  -0.00275877    -0.00039870  -0.00387924     0.17725663   0.00000000
    1    2
 -0.00150793   0.00074080     0.01303388   0.00977730     0.00400462  -0.00696637
  0.01303388   0.00977730     0.00060012   0.00367102     0.02176046  -0.03073201
  0.00400462  -0.00696637     0.02176046  -0.03073201    -0.01444706  -0.02403830
    1    3
 -0.00674423  -0.00369043     0.03887404   0.02777237    -0.00949272   0.01006870
  0.04078275   0.02929462    -0.00261476  -0.00212470    -0.04158206   0.05348253
 -0.00938049   0.01115449    -0.03955945   0.05088587    -0.02812716  -0.00190524
    1    4
 -0.00923902  -0.00007334    -0.00368263  -0.00136571     0.00104009   0.00370912
 -0.00324281  -0.00117319    -0.01960976  -0.00041837     0.00504944  -0.00060461
  0.00052137   0.00318858     0.00242459   0.00153627    -0.04319050  -0.00028865
    1    5
 -0.00091865  -0.00086121    -0.01620549  -0.01181083     0.00409625  -0.00470382
 -0.01616695  -0.01179923    -0.00412526  -0.00335901     0.01524477  -0.02001081
 -0.00114047   0.00165745    -0.00423249   0.00624390    -0.00425654  -0.00462544
    1    6
 -0.01019718   0.00759025     0.00224322  -0.00167605     0.00258816   0.00313612
 -0.00197544   0.00218206     0.00251486  -0.00250464    -0.00125149  -0.00245583
  0.00081954   0.00054911    -0.00191720   0.00006888    -0.00626959   0.00298742
    1    7
  0.00020161  -0.00008072    -0.00172932  -0.00434386     0.00152044  -0.00023863
  0.00133103   0.00442292    -0.00306969  -0.00613676    -0.00009848   0.00064013
 -0.00069186   0.00006382     0.00311587  -0.00036218     0.00266280  -0.00061952
    2    1
 -0.00150793  -0.00074080     0.01303388  -0.00977730     0.00400462   0.00696637
  0.01303388  -0.00977730     0.00060012  -0.00367102     0.02176046   0.03073201
  0.00400462   0.00696637     0.02176046   0.03073201    -0.01444706   0.02403830
    2    2
  0.08617500   0.00000000     0.00470229   0.00001084    -0.00008554  -0.00275877
  0.00470229  -0.00001084     0.14289451  -0.00000000    -0.00039870  -0.00387924
 -0.00008554   0.00275877    -0.00039870   0.00387924     0.17725663  -0.00000000
    2    3
 -0.00674423   0.00369043     0.03887404  -0.02777237    -0.00949272  -0.01006870
  0.04078275  -0.02929462    -0.00261476   0.00212470    -0.04158206  -0.05348253
 -0.00938049  -0.01115449    -0.03955945  -0.05088587    -0.02812716   0.00190524
    2    4
 -0.00091865   0.00086121    -0.01620549   0.01181083     0.00409625   0.00470382
 -0.01616695   0.01179923    -0.00412526   0.00335901     0.01524477   0.02001081
 -0.00114047  -0.00165745    -0.00423249  -0.00624390    -0.00425654   0.00462544
    2    5
 -0.00923902   0.00007334    -0.00368263   0.00136571     0.00104009  -0.00370912
 -0.00324281   0.00117319    -0.01960976   0.00041837     0.00504944   0.00060461
  0.00052137  -0.00318858     0.00242459  -0.00153627    -0.04319050   0.00028865
    2    6
  0.00378825   0.01213439    -0.00082964  -0.00267448    -0.00393723   0.00101589
  0.00031558   0.00292646    -0.00056237  -0.00350449     0.00245598  -0.00125120
 -0.00098579  -0.00003747     0.00151056   0.00118263     0.00331624   0.00610204
    2    7
 -0.00001447   0.00021669    -0.00466565  -0.00030236     0.00024289   0.00151976
  0.00461776  -0.00010087    -0.00678499  -0.00102308     0.00057836  -0.00029147
 -0.00015310  -0.00067772     0.00061841   0.00307529     0.00023366   0.00272392
    3    1
 -0.00674423   0.00369043     0.04078275  -0.02929462    -0.00938049  -0.01115449
  0.03887404  -0.02777237    -0.00261476   0.00212470    -0.03955945  -0.05088587
 -0.00949272  -0.01006870    -0.04158206  -0.05348253    -0.02812716   0.00190524
    3    2
 -0.00674423  -0.00369043     0.04078275   0.02929462    -0.00938049   0.01115449
  0.03887404   0.02777237    -0.00261476  -0.00212470    -0.03955945   0.05088587
 -0.00949272   0.01006870    -0.04158206   0.05348253    -0.02812716  -0.00190524
    3    3
  0.77710052   0.00000000     0.01818494   0.00000000    -0.00077469   0.00000000
  0.01818494   0.00000000     0.73432559   0.00000000    -0.00347649   0.00000000
 -0.00077469   0.00000000    -0.00347649   0.00000000     0.47474500   0.00000000
    3    4
 -0.06510596   0.00024243    -0.00195311  -0.00036198     0.00143854   0.00087915
 -0.00192776  -0.00043772    -0.06870644   0.00087916     0.00707223   0.00290005
  0.00157735   0.00224294     0.00664516   0.00251967    -0.10199907  -0.00383405
    3    5
 -0.06510596  -0.00024243    -0.00195311   0.00036198     0.00143854  -0.00087915
 -0.00192776   0.00043772    -0.06870644  -0.00087916     0.00707223  -0.00290005
  0.00157735  -0.00224294     0.00664516  -0.00251967    -0.10199907   0.00383405
    3    6
 -0.00760270   0.02339872     0.00916335  -0.02820188     0.00016365  -0.00050367
  0.00117842  -0.00362682    -0.06922920   0.21306556     0.00009366  -0.00028825
  0.00057080  -0.00175673    -0.00029438   0.00090600    -0.01205358   0.03709709
    3    7
 -0.33992824  -0.24697232    -0.00100706  -0.00073167     0.00011991   0.00008712
  0.02174699   0.01580011    -0.04451891  -0.03234488     0.00056473   0.00041030
 -0.00001070  -0.00000778     0.00290995   0.00211421    -0.05289554  -0.03843086
    4    1
 -0.00923902   0.00007334    -0.00324281   0.00117319     0.00052137  -0.00318858
 -0.00368263   0.00136571    -0.01960976   0.00041837     0.00242459  -0.00153627
  0.00104009  -0.00370912     0.00504944   0.00060461    -0.04319050   0.00028865
    4    2
 -0.00091865  -0.00086121    -0.01616695  -0.01179923    -0.00114047   0.00165745
 -0.01620549  -0.01181083    -0.00412526  -0.00335901    -0.00423249   0.00624390
  0.00409625  -0.00470382     0.01524477  -0.02001081    -0.00425654  -0.00462544
    4    3
 -0.06510596  -0.00024243    -0.00192776   0.00043772     0.00157735  -0.00224294
 -0.00195311   0.00036198    -0.06870644  -0.00087916     0.00664516  -0.00251967
  0.00143854  -0.00087915     0.00707223  -0.00290005    -0.10199907   0.00383405
    4    4
  0.08281058   0.00000000     0.00597755   0.00000425    -0.00039649  -0.00103320
  0.00597755  -0.00000425     0.10675176   0.00000000    -0.00187089  -0.00089562
 -0.00039649   0.00103320    -0.00187089   0.00089562     0.27285566   0.00000000
    4    5
  0.01073439  -0.00083457     0.00717155   0.00500278    -0.00369754   0.00454071
  0.00717155   0.00500278     0.01171613   0.00015736    -0.01530098   0.01928500
 -0.00369754   0.00454071    -0.01530098   0.01928500    -0.03594593  -0.00608724
    4    6
  0.00133611  -0.00265679    -0.00080523   0.00146743    -0.00126284  -0.00062714
  0.00161902  -0.00456100    -0.00003673  -0.00122810    -0.04186979  -0.01309398
  0.00288506   0.00459183     0.00492794   0.00060695    -0.00563170   0.00818760
    4    7
 -0.00333462  -0.00237730     0.00148155   0.00114947     0.01294192  -0.01824105
 -0.00146401  -0.00143359     0.00994222   0.00773245     0.00023637  -0.00156582
  0.00304420  -0.00422711    -0.01015441   0.00259780    -0.01310045  -0.01161404
    5    1
 -0.00091865   0.00086121    -0.01616695   0.01179923    -0.00114047  -0.00165745
 -0.01620549   0.01181083    -0.00412526   0.00335901    -0.00423249  -0.00624390
  0.00409625   0.00470382     0.01524477   0.02001081    -0.00425654   0.00462544
    5    2
 -0.00923902  -0.00007334    -0.00324281  -0.00117319     0.00052137   0.00318858
 -0.00368263  -0.00136571    -0.01960976  -0.00041837     0.00242459   0.00153627
  0.00104009   0.00370912     0.00504944  -0.00060461    -0.04319050  -0.00028865
    5    3
 -0.06510596   0.00024243    -0.00192776  -0.00043772     0.00157735   0.00224294
 -0.00195311  -0.00036198    -0.06870644   0.00087916     0.00664516   0.00251967
  0.00143854   0.00087915     0.00707223   0.00290005    -0.10199907  -0.00383405
    5    4
  0.01073439   0.00083457     0.00717155  -0.00500278    -0.00369754  -0.00454071
  0.00717155  -0.00500278     0.01171613  -0.00015736    -0.01530098  -0.01928500
 -0.00369754  -0.00454071    -0.01530098  -0.01928500    -0.03594593   0.00608724
    5    5
  0.08281058  -0.00000000     0.00597755  -0.00000425    -0.00039649   0.00103320
  0.00597755   0.00000425     0.10675176  -0.00000000    -0.00187089   0.00089562
 -0.00039649  -0.00103320    -0.00187089  -0.00089562     0.27285566   0.00000000
    5    6
  0.00048069  -0.00293474    -0.00021109   0.00166048     0.00139028   0.00023492
  0.00137107  -0.00464157     0.00075157  -0.00097196     0.04156982   0.01401719
 -0.00503308   0.00201907    -0.00434354  -0.00240554    -0.00025641   0.00993413
    5    7
 -0.00329141  -0.00243679     0.00155104   0.00105384    -0.01334899   0.01794530
 -0.00181583  -0.00094935     0.01042631   0.00706615    -0.00141614   0.00070867
 -0.00307952   0.00420145    -0.00066723  -0.01046018    -0.01509387  -0.00887033
    6    1
 -0.01019718  -0.00759025    -0.00197544  -0.00218206     0.00081954  -0.00054911
  0.00224322   0.00167605     0.00251486   0.00250464    -0.00191720  -0.00006888
  0.00258816  -0.00313612    -0.00125149   0.00245583    -0.00626959  -0.00298742
    6    2
  0.00378825  -0.01213439     0.00031558  -0.00292646    -0.00098579   0.00003747
 -0.00082964   0.00267448    -0.00056237   0.00350449     0.00151056  -0.00118263
 -0.00393723  -0.00101589     0.00245598   0.00125120     0.00331624  -0.00610204
    6    3
 -0.00760270  -0.02339872     0.00117842   0.00362682     0.00057080   0.00175673
  0.00916335   0.02820188    -0.06922920  -0.21306556    -0.00029438  -0.00090600
  0.00016365   0.00050367     0.00009366   0.00028825    -0.01205358  -0.03709709
    6    4
  0.00133611   0.00265679     0.00161902   0.00456100     0.00288506  -0.00459183
 -0.00080523  -0.00146743    -0.00003673   0.00122810     0.00492794  -0.00060695
 -0.00126284   0.00062714    -0.04186979   0.01309398    -0.00563170  -0.00818760
    6    5
  0.00048069   0.00293474     0.00137107   0.00464157    -0.00503308  -0.00201907
 -0.00021109  -0.00166048     0.00075157   0.00097196    -0.00434354   0.00240554
  0.00139028  -0.00023492     0.04156982  -0.01401719    -0.00025641  -0.00993413
    6    6
  0.09645570   0.00000000    -0.00374715   0.00000000    -0.00011708   0.00000000
 -0.00374715   0.00000000     0.69953015   0.00000000     0.00013669   0.00000000
 -0.00011708   0.00000000     0.00013669   0.00000000     0.10369795   0.00000000
    6    7
  0.00388267  -0.01194963    -0.01504060   0.04629020     0.00004697  -0.00014456
 -0.00428310   0.01318202     0.00360064  -0.01108163    -0.00008623   0.00026540
 -0.00001539   0.00004737     0.00004149  -0.00012769    -0.00077232   0.00237697
    7    1
  0.00020161   0.00008072     0.00133103  -0.00442292    -0.00069186  -0.00006382
 -0.00172932   0.00434386    -0.00306969   0.00613676     0.00311587   0.00036218
  0.00152044   0.00023863    -0.00009848  -0.00064013     0.00266280   0.00061952
    7    2
 -0.00001447  -0.00021669     0.00461776   0.00010087    -0.00015310   0.00067772
 -0.00466565   0.00030236    -0.00678499   0.00102308     0.00061841  -0.00307529
  0.00024289  -0.00151976     0.00057836   0.00029147     0.00023366  -0.00272392
    7    3
 -0.33992824   0.24697232     0.02174699  -0.01580011    -0.00001070   0.00000778
 -0.00100706   0.00073167    -0.04451891   0.03234488     0.00290995  -0.00211421
  0.00011991  -0.00008712     0.00056473  -0.00041030    -0.05289554   0.03843086
    7    4
 -0.00333462   0.00237730    -0.00146401   0.00143359     0.00304420   0.00422711
  0.00148155  -0.00114947     0.00994222  -0.00773245    -0.01015441  -0.00259780
  0.01294192   0.01824105     0.00023637   0.00156582    -0.01310045   0.01161404
    7    5
 -0.00329141   0.00243679    -0.00181583   0.00094935    -0.00307952  -0.00420145
  0.00155104  -0.00105384     0.01042631  -0.00706615    -0.00066723   0.01046018
 -0.01334899  -0.01794530    -0.00141614  -0.00070867    -0.01509387   0.00887033
    7    6
  0.00388267   0.01194963    -0.00428310  -0.01318202    -0.00001539  -0.00004737
 -0.01504060  -0.04629020     0.00360064   0.01108163     0.00004149   0.00012769
  0.00004697   0.00014456    -0.00008623  -0.00026540    -0.00077232  -0.00237697
    7    7
  0.58863209   0.00000000    -0.00537474   0.00000000    -0.00001982   0.00000000
 -0.00537474   0.00000000     0.11177553   0.00000000    -0.00045912   0.00000000
 -0.00001982   0.00000000    -0.00045912   0.00000000     0.10328387   0.00000000

     Dynamical  Matrix in cartesian axes

     q = (    0.200000000   0.400000000   0.060719899 ) 

    1    1
  0.08617500  -0.00000000     0.00470229  -0.00001084     0.00008554  -0.00275877
  0.00470229   0.00001084     0.14289451   0.00000000     0.00039870  -0.00387924
  0.00008554   0.00275877     0.00039870   0.00387924     0.17725663  -0.00000000
    1    2
 -0.00150793   0.00074080     0.01303388   0.00977730    -0.00400462   0.00696637
  0.01303388   0.00977730     0.00060012   0.00367102    -0.02176046   0.03073201
 -0.00400462   0.00696637    -0.02176046   0.03073201    -0.01444706  -0.02403830
    1    3
 -0.00674423  -0.00369043     0.03887404   0.02777237     0.00949272  -0.01006870
  0.04078275   0.02929462    -0.00261476  -0.00212470     0.04158206  -0.05348253
  0.00938049  -0.01115449     0.03955945  -0.05088587    -0.02812716  -0.00190524
    1    4
 -0.00923902  -0.00007334    -0.00368263  -0.00136571    -0.00104009  -0.00370912
 -0.00324281  -0.00117319    -0.01960976  -0.00041837    -0.00504944   0.00060461
 -0.00052137  -0.00318858    -0.00242459  -0.00153627    -0.04319050  -0.00028865
    1    5
 -0.00091865  -0.00086121    -0.01620549  -0.01181083    -0.00409625   0.00470382
 -0.01616695  -0.01179923    -0.00412526  -0.00335901    -0.01524477   0.02001081
  0.00114047  -0.00165745     0.00423249  -0.00624390    -0.00425654  -0.00462544
    1    6
  0.00378825  -0.01213439    -0.00082964   0.00267448     0.00393723   0.00101589
  0.00031558  -0.00292646    -0.00056237   0.00350449    -0.00245598  -0.00125120
  0.00098579  -0.00003747    -0.00151056   0.00118263     0.00331624  -0.00610204
    1    7
 -0.00001447  -0.00021669    -0.00466565   0.00030236    -0.00024289   0.00151976
  0.00461776   0.00010087    -0.00678499   0.00102308    -0.00057836  -0.00029147
  0.00015310  -0.00067772    -0.00061841   0.00307529     0.00023366  -0.00272392
    2    1
 -0.00150793  -0.00074080     0.01303388  -0.00977730    -0.00400462  -0.00696637
  0.01303388  -0.00977730     0.00060012  -0.00367102    -0.02176046  -0.03073201
 -0.00400462  -0.00696637    -0.02176046  -0.03073201    -0.01444706   0.02403830
    2    2
  0.08617500   0.00000000     0.00470229   0.00001084     0.00008554   0.00275877
  0.00470229  -0.00001084     0.14289451  -0.00000000     0.00039870   0.00387924
  0.00008554  -0.00275877     0.00039870  -0.00387924     0.17725663   0.00000000
    2    3
 -0.00674423   0.00369043     0.03887404  -0.02777237     0.00949272   0.01006870
  0.04078275  -0.02929462    -0.00261476   0.00212470     0.04158206   0.05348253
  0.00938049   0.01115449     0.03955945   0.05088587    -0.02812716   0.00190524
    2    4
 -0.00091865   0.00086121    -0.01620549   0.01181083    -0.00409625  -0.00470382
 -0.01616695   0.01179923    -0.00412526   0.00335901    -0.01524477  -0.02001081
  0.00114047   0.00165745     0.00423249   0.00624390    -0.00425654   0.00462544
    2    5
 -0.00923902   0.00007334    -0.00368263   0.00136571    -0.00104009   0.00370912
 -0.00324281   0.00117319    -0.01960976   0.00041837    -0.00504944  -0.00060461
 -0.00052137   0.00318858    -0.00242459   0.00153627    -0.04319050   0.00028865
    2    6
 -0.01019718  -0.00759025     0.00224322   0.00167605    -0.00258816   0.00313612
 -0.00197544  -0.00218206     0.00251486   0.00250464     0.00125149  -0.00245583
 -0.00081954   0.00054911     0.00191720   0.00006888    -0.00626959  -0.00298742
    2    7
  0.00020161   0.00008072    -0.00172932   0.00434386    -0.00152044  -0.00023863
  0.00133103  -0.00442292    -0.00306969   0.00613676     0.00009848   0.00064013
  0.00069186   0.00006382    -0.00311587  -0.00036218     0.00266280   0.00061952
    3    1
 -0.00674423   0.00369043     0.04078275  -0.02929462     0.00938049   0.01115449
  0.03887404  -0.02777237    -0.00261476   0.00212470     0.03955945   0.05088587
  0.00949272   0.01006870     0.04158206   0.05348253    -0.02812716   0.00190524
    3    2
 -0.00674423  -0.00369043     0.04078275   0.02929462     0.00938049  -0.01115449
  0.03887404   0.02777237    -0.00261476  -0.00212470     0.03955945  -0.05088587
  0.00949272  -0.01006870     0.04158206  -0.05348253    -0.02812716  -0.00190524
    3    3
  0.77710052   0.00000000     0.01818494   0.00000000     0.00077469   0.00000000
  0.01818494   0.00000000     0.73432559   0.00000000     0.00347649   0.00000000
  0.00077469   0.00000000     0.00347649   0.00000000     0.47474500   0.00000000
    3    4
 -0.06510596   0.00024243    -0.00195311  -0.00036198    -0.00143854  -0.00087915
 -0.00192776  -0.00043772    -0.06870644   0.00087916    -0.00707223  -0.00290005
 -0.00157735  -0.00224294    -0.00664516  -0.00251967    -0.10199907  -0.00383405
    3    5
 -0.06510596  -0.00024243    -0.00195311   0.00036198    -0.00143854   0.00087915
 -0.00192776   0.00043772    -0.06870644  -0.00087916    -0.00707223   0.00290005
 -0.00157735   0.00224294    -0.00664516   0.00251967    -0.10199907   0.00383405
    3    6
 -0.00760270  -0.02339872     0.00916335   0.02820188    -0.00016365  -0.00050367
  0.00117842   0.00362682    -0.06922920  -0.21306556    -0.00009366  -0.00028825
 -0.00057080  -0.00175673     0.00029438   0.00090600    -0.01205358  -0.03709709
    3    7
 -0.33992824   0.24697232    -0.00100706   0.00073167    -0.00011991   0.00008712
  0.02174699  -0.01580011    -0.04451891   0.03234488    -0.00056473   0.00041030
  0.00001070  -0.00000778    -0.00290995   0.00211421    -0.05289554   0.03843086
    4    1
 -0.00923902   0.00007334    -0.00324281   0.00117319    -0.00052137   0.00318858
 -0.00368263   0.00136571    -0.01960976   0.00041837    -0.00242459   0.00153627
 -0.00104009   0.00370912    -0.00504944  -0.00060461    -0.04319050   0.00028865
    4    2
 -0.00091865  -0.00086121    -0.01616695  -0.01179923     0.00114047  -0.00165745
 -0.01620549  -0.01181083    -0.00412526  -0.00335901     0.00423249  -0.00624390
 -0.00409625   0.00470382    -0.01524477   0.02001081    -0.00425654  -0.00462544
    4    3
 -0.06510596  -0.00024243    -0.00192776   0.00043772    -0.00157735   0.00224294
 -0.00195311   0.00036198    -0.06870644  -0.00087916    -0.00664516   0.00251967
 -0.00143854   0.00087915    -0.00707223   0.00290005    -0.10199907   0.00383405
    4    4
  0.08281058   0.00000000     0.00597755   0.00000425     0.00039649   0.00103320
  0.00597755  -0.00000425     0.10675176   0.00000000     0.00187089   0.00089562
  0.00039649  -0.00103320     0.00187089  -0.00089562     0.27285566   0.00000000
    4    5
  0.01073439  -0.00083457     0.00717155   0.00500278     0.00369754  -0.00454071
  0.00717155   0.00500278     0.01171613   0.00015736     0.01530098  -0.01928500
  0.00369754  -0.00454071     0.01530098  -0.01928500    -0.03594593  -0.00608724
    4    6
  0.00048069   0.00293474    -0.00021109  -0.00166048    -0.00139028   0.00023492
  0.00137107   0.00464157     0.00075157   0.00097196    -0.04156982   0.01401719
  0.00503308   0.00201907     0.00434354  -0.00240554    -0.00025641  -0.00993413
    4    7
 -0.00329141   0.00243679     0.00155104  -0.00105384     0.01334899   0.01794530
 -0.00181583   0.00094935     0.01042631  -0.00706615     0.00141614   0.00070867
  0.00307952   0.00420145     0.00066723  -0.01046018    -0.01509387   0.00887033
    5    1
 -0.00091865   0.00086121    -0.01616695   0.01179923     0.00114047   0.00165745
 -0.01620549   0.01181083    -0.00412526   0.00335901     0.00423249   0.00624390
 -0.00409625  -0.00470382    -0.01524477  -0.02001081    -0.00425654   0.00462544
    5    2
 -0.00923902  -0.00007334    -0.00324281  -0.00117319    -0.00052137  -0.00318858
 -0.00368263  -0.00136571    -0.01960976  -0.00041837    -0.00242459  -0.00153627
 -0.00104009  -0.00370912    -0.00504944   0.00060461    -0.04319050  -0.00028865
    5    3
 -0.06510596   0.00024243    -0.00192776  -0.00043772    -0.00157735  -0.00224294
 -0.00195311  -0.00036198    -0.06870644   0.00087916    -0.00664516  -0.00251967
 -0.00143854  -0.00087915    -0.00707223  -0.00290005    -0.10199907  -0.00383405
    5    4
  0.01073439   0.00083457     0.00717155  -0.00500278     0.00369754   0.00454071
  0.00717155  -0.00500278     0.01171613  -0.00015736     0.01530098   0.01928500
  0.00369754   0.00454071     0.01530098   0.01928500    -0.03594593   0.00608724
    5    5
  0.08281058  -0.00000000     0.00597755  -0.00000425     0.00039649  -0.00103320
  0.00597755   0.00000425     0.10675176   0.00000000     0.00187089  -0.00089562
  0.00039649   0.00103320     0.00187089   0.00089562     0.27285566   0.00000000
    5    6
  0.00133611   0.00265679    -0.00080523  -0.00146743     0.00126284  -0.00062714
  0.00161902   0.00456100    -0.00003673   0.00122810     0.04186979  -0.01309398
 -0.00288506   0.00459183    -0.00492794   0.00060695    -0.00563170  -0.00818760
    5    7
 -0.00333462   0.00237730     0.00148155  -0.00114947    -0.01294192  -0.01824105
 -0.00146401   0.00143359     0.00994222  -0.00773245    -0.00023637  -0.00156582
 -0.00304420  -0.00422711     0.01015441   0.00259780    -0.01310045   0.01161404
    6    1
  0.00378825   0.01213439     0.00031558   0.00292646     0.00098579   0.00003747
 -0.00082964  -0.00267448    -0.00056237  -0.00350449    -0.00151056  -0.00118263
  0.00393723  -0.00101589    -0.00245598   0.00125120     0.00331624   0.00610204
    6    2
 -0.01019718   0.00759025    -0.00197544   0.00218206    -0.00081954  -0.00054911
  0.00224322  -0.00167605     0.00251486  -0.00250464     0.00191720  -0.00006888
 -0.00258816  -0.00313612     0.00125149   0.00245583    -0.00626959   0.00298742
    6    3
 -0.00760270   0.02339872     0.00117842  -0.00362682    -0.00057080   0.00175673
  0.00916335  -0.02820188    -0.06922920   0.21306556     0.00029438  -0.00090600
 -0.00016365   0.00050367    -0.00009366   0.00028825    -0.01205358   0.03709709
    6    4
  0.00048069  -0.00293474     0.00137107  -0.00464157     0.00503308  -0.00201907
 -0.00021109   0.00166048     0.00075157  -0.00097196     0.00434354   0.00240554
 -0.00139028  -0.00023492    -0.04156982  -0.01401719    -0.00025641   0.00993413
    6    5
  0.00133611  -0.00265679     0.00161902  -0.00456100    -0.00288506  -0.00459183
 -0.00080523   0.00146743    -0.00003673  -0.00122810    -0.00492794  -0.00060695
  0.00126284   0.00062714     0.04186979   0.01309398    -0.00563170   0.00818760
    6    6
  0.09645570   0.00000000    -0.00374715   0.00000000     0.00011708   0.00000000
 -0.00374715   0.00000000     0.69953015   0.00000000    -0.00013669   0.00000000
  0.00011708   0.00000000    -0.00013669   0.00000000     0.10369795   0.00000000
    6    7
  0.00388267   0.01194963    -0.01504060  -0.04629020    -0.00004697  -0.00014456
 -0.00428310  -0.01318202     0.00360064   0.01108163     0.00008623   0.00026540
  0.00001539   0.00004737    -0.00004149  -0.00012769    -0.00077232  -0.00237697
    7    1
 -0.00001447   0.00021669     0.00461776  -0.00010087     0.00015310   0.00067772
 -0.00466565  -0.00030236    -0.00678499  -0.00102308    -0.00061841  -0.00307529
 -0.00024289  -0.00151976    -0.00057836   0.00029147     0.00023366   0.00272392
    7    2
  0.00020161  -0.00008072     0.00133103   0.00442292     0.00069186  -0.00006382
 -0.00172932  -0.00434386    -0.00306969  -0.00613676    -0.00311587   0.00036218
 -0.00152044   0.00023863     0.00009848  -0.00064013     0.00266280  -0.00061952
    7    3
 -0.33992824  -0.24697232     0.02174699   0.01580011     0.00001070   0.00000778
 -0.00100706  -0.00073167    -0.04451891  -0.03234488    -0.00290995  -0.00211421
 -0.00011991  -0.00008712    -0.00056473  -0.00041030    -0.05289554  -0.03843086
    7    4
 -0.00329141  -0.00243679    -0.00181583  -0.00094935     0.00307952  -0.00420145
  0.00155104   0.00105384     0.01042631   0.00706615     0.00066723   0.01046018
  0.01334899  -0.01794530     0.00141614  -0.00070867    -0.01509387  -0.00887033
    7    5
 -0.00333462  -0.00237730    -0.00146401  -0.00143359    -0.00304420   0.00422711
  0.00148155   0.00114947     0.00994222   0.00773245     0.01015441  -0.00259780
 -0.01294192   0.01824105    -0.00023637   0.00156582    -0.01310045  -0.01161404
    7    6
  0.00388267  -0.01194963    -0.00428310   0.01318202     0.00001539  -0.00004737
 -0.01504060   0.04629020     0.00360064  -0.01108163    -0.00004149   0.00012769
 -0.00004697   0.00014456     0.00008623  -0.00026540    -0.00077232   0.00237697
    7    7
  0.58863209   0.00000000    -0.00537474   0.00000000     0.00001982   0.00000000
 -0.00537474   0.00000000     0.11177553   0.00000000     0.00045912   0.00000000
  0.00001982   0.00000000     0.00045912   0.00000000     0.10328387   0.00000000

     Dynamical  Matrix in cartesian axes

     q = (    0.400000000  -0.200000000  -0.060719899 ) 

    1    1
  0.14289451  -0.00000000    -0.00470229   0.00001084    -0.00039870  -0.00387924
 -0.00470229  -0.00001084     0.08617500   0.00000000     0.00008554   0.00275877
 -0.00039870   0.00387924     0.00008554  -0.00275877     0.17725663  -0.00000000
    1    2
  0.00060012  -0.00367102    -0.01303388   0.00977730     0.02176046   0.03073201
 -0.01303388   0.00977730    -0.00150793  -0.00074080    -0.00400462  -0.00696637
  0.02176046   0.03073201    -0.00400462  -0.00696637    -0.01444706   0.02403830
    1    3
 -0.00261476   0.00212470    -0.04078275   0.02929462    -0.04158206  -0.05348253
 -0.03887404   0.02777237    -0.00674423   0.00369043     0.00949272   0.01006870
 -0.03955945  -0.05088587     0.00938049   0.01115449    -0.02812716   0.00190524
    1    4
 -0.01960976   0.00041837     0.00324281  -0.00117319     0.00504944   0.00060461
  0.00368263  -0.00136571    -0.00923902   0.00007334    -0.00104009   0.00370912
  0.00242459  -0.00153627    -0.00052137   0.00318858    -0.04319050   0.00028865
    1    5
 -0.00412526   0.00335901     0.01616695  -0.01179923     0.01524477   0.02001081
  0.01620549  -0.01181083    -0.00091865   0.00086121    -0.00409625  -0.00470382
 -0.00423249  -0.00624390     0.00114047   0.00165745    -0.00425654   0.00462544
    1    6
 -0.00306969   0.00613676    -0.00133103   0.00442292    -0.00009848  -0.00064013
  0.00172932  -0.00434386     0.00020161   0.00008072    -0.00152044  -0.00023863
  0.00311587   0.00036218     0.00069186   0.00006382     0.00266280   0.00061952
    1    7
 -0.00056237  -0.00350449    -0.00031558  -0.00292646     0.00245598  -0.00125120
  0.00082964   0.00267448     0.00378825   0.01213439     0.00393723  -0.00101589
  0.00151056   0.00118263     0.00098579   0.00003747     0.00331624   0.00610204
    2    1
  0.00060012   0.00367102    -0.01303388  -0.00977730     0.02176046  -0.03073201
 -0.01303388  -0.00977730    -0.00150793   0.00074080    -0.00400462   0.00696637
  0.02176046  -0.03073201    -0.00400462   0.00696637    -0.01444706  -0.02403830
    2    2
  0.14289451   0.00000000    -0.00470229  -0.00001084    -0.00039870   0.00387924
 -0.00470229   0.00001084     0.08617500  -0.00000000     0.00008554  -0.00275877
 -0.00039870  -0.00387924     0.00008554   0.00275877     0.17725663   0.00000000
    2    3
 -0.00261476  -0.00212470    -0.04078275  -0.02929462    -0.04158206   0.05348253
 -0.03887404  -0.02777237    -0.00674423  -0.00369043     0.00949272  -0.01006870
 -0.03955945   0.05088587     0.00938049  -0.01115449    -0.02812716  -0.00190524
    2    4
 -0.00412526  -0.00335901     0.01616695   0.01179923     0.01524477  -0.02001081
  0.01620549   0.01181083    -0.00091865  -0.00086121    -0.00409625   0.00470382
 -0.00423249   0.00624390     0.00114047  -0.00165745    -0.00425654  -0.00462544
    2    5
 -0.01960976  -0.00041837     0.00324281   0.00117319     0.00504944  -0.00060461
  0.00368263   0.00136571    -0.00923902  -0.00007334    -0.00104009  -0.00370912
  0.00242459   0.00153627    -0.00052137  -0.00318858    -0.04319050  -0.00028865
    2    6
 -0.00678499   0.00102308    -0.00461776  -0.00010087     0.00057836   0.00029147
  0.00466565  -0.00030236    -0.00001447  -0.00021669    -0.00024289   0.00151976
  0.00061841  -0.00307529     0.00015310  -0.00067772     0.00023366  -0.00272392
    2    7
  0.00251486  -0.00250464     0.00197544  -0.00218206    -0.00125149  -0.00245583
 -0.00224322   0.00167605    -0.01019718   0.00759025    -0.00258816  -0.00313612
 -0.00191720   0.00006888    -0.00081954  -0.00054911    -0.00626959   0.00298742
    3    1
 -0.00261476  -0.00212470    -0.03887404  -0.02777237    -0.03955945   0.05088587
 -0.04078275  -0.02929462    -0.00674423  -0.00369043     0.00938049  -0.01115449
 -0.04158206   0.05348253     0.00949272  -0.01006870    -0.02812716  -0.00190524
    3    2
 -0.00261476   0.00212470    -0.03887404   0.02777237    -0.03955945  -0.05088587
 -0.04078275   0.02929462    -0.00674423   0.00369043     0.00938049   0.01115449
 -0.04158206  -0.05348253     0.00949272   0.01006870    -0.02812716   0.00190524
    3    3
  0.73432559   0.00000000    -0.01818494   0.00000000    -0.00347649   0.00000000
 -0.01818494   0.00000000     0.77710052   0.00000000     0.00077469   0.00000000
 -0.00347649   0.00000000     0.00077469   0.00000000     0.47474500   0.00000000
    3    4
 -0.06870644  -0.00087916     0.00192776  -0.00043772     0.00707223  -0.00290005
  0.00195311  -0.00036198    -0.06510596  -0.00024243    -0.00143854   0.00087915
  0.00664516  -0.00251967    -0.00157735   0.00224294    -0.10199907   0.00383405
    3    5
 -0.06870644   0.00087916     0.00192776   0.00043772     0.00707223   0.00290005
  0.00195311   0.00036198    -0.06510596   0.00024243    -0.00143854  -0.00087915
  0.00664516   0.00251967    -0.00157735  -0.00224294    -0.10199907  -0.00383405
    3    6
 -0.04451891   0.03234488    -0.02174699   0.01580011     0.00056473  -0.00041030
  0.00100706  -0.00073167    -0.33992824   0.24697232    -0.00011991   0.00008712
  0.00290995  -0.00211421     0.00001070  -0.00000778    -0.05289554   0.03843086
    3    7
 -0.06922920   0.21306556    -0.00117842   0.00362682     0.00009366  -0.00028825
 -0.00916335   0.02820188    -0.00760270   0.02339872    -0.00016365   0.00050367
 -0.00029438   0.00090600    -0.00057080   0.00175673    -0.01205358   0.03709709
    4    1
 -0.01960976  -0.00041837     0.00368263   0.00136571     0.00242459   0.00153627
  0.00324281   0.00117319    -0.00923902  -0.00007334    -0.00052137  -0.00318858
  0.00504944  -0.00060461    -0.00104009  -0.00370912    -0.04319050  -0.00028865
    4    2
 -0.00412526   0.00335901     0.01620549  -0.01181083    -0.00423249  -0.00624390
  0.01616695  -0.01179923    -0.00091865   0.00086121     0.00114047   0.00165745
  0.01524477   0.02001081    -0.00409625  -0.00470382    -0.00425654   0.00462544
    4    3
 -0.06870644   0.00087916     0.00195311   0.00036198     0.00664516   0.00251967
  0.00192776   0.00043772    -0.06510596   0.00024243    -0.00157735  -0.00224294
  0.00707223   0.00290005    -0.00143854  -0.00087915    -0.10199907  -0.00383405
    4    4
  0.10675176  -0.00000000    -0.00597755  -0.00000425    -0.00187089   0.00089562
 -0.00597755   0.00000425     0.08281058  -0.00000000     0.00039649  -0.00103320
 -0.00187089  -0.00089562     0.00039649   0.00103320     0.27285566  -0.00000000
    4    5
  0.01171613  -0.00015736    -0.00717155   0.00500278    -0.01530098  -0.01928500
 -0.00717155   0.00500278     0.01073439   0.00083457     0.00369754   0.00454071
 -0.01530098  -0.01928500     0.00369754   0.00454071    -0.03594593   0.00608724
    4    6
  0.00994222  -0.00773245     0.00146401  -0.00143359     0.00023637   0.00156582
 -0.00148155   0.00114947    -0.00333462   0.00237730    -0.01294192  -0.01824105
 -0.01015441  -0.00259780    -0.00304420  -0.00422711    -0.01310045   0.01161404
    4    7
  0.00075157  -0.00097196    -0.00137107   0.00464157     0.04156982   0.01401719
  0.00021109  -0.00166048     0.00048069  -0.00293474    -0.00139028  -0.00023492
 -0.00434354  -0.00240554     0.00503308  -0.00201907    -0.00025641   0.00993413
    5    1
 -0.00412526  -0.00335901     0.01620549   0.01181083    -0.00423249   0.00624390
  0.01616695   0.01179923    -0.00091865  -0.00086121     0.00114047  -0.00165745
  0.01524477  -0.02001081    -0.00409625   0.00470382    -0.00425654  -0.00462544
    5    2
 -0.01960976   0.00041837     0.00368263  -0.00136571     0.00242459  -0.00153627
  0.00324281  -0.00117319    -0.00923902   0.00007334    -0.00052137   0.00318858
  0.00504944   0.00060461    -0.00104009   0.00370912    -0.04319050   0.00028865
    5    3
 -0.06870644  -0.00087916     0.00195311  -0.00036198     0.00664516  -0.00251967
  0.00192776  -0.00043772    -0.06510596  -0.00024243    -0.00157735   0.00224294
  0.00707223  -0.00290005    -0.00143854   0.00087915    -0.10199907   0.00383405
    5    4
  0.01171613   0.00015736    -0.00717155  -0.00500278    -0.01530098   0.01928500
 -0.00717155  -0.00500278     0.01073439  -0.00083457     0.00369754  -0.00454071
 -0.01530098   0.01928500     0.00369754  -0.00454071    -0.03594593  -0.00608724
    5    5
  0.10675176   0.00000000    -0.00597755   0.00000425    -0.00187089  -0.00089562
 -0.00597755  -0.00000425     0.08281058   0.00000000     0.00039649   0.00103320
 -0.00187089   0.00089562     0.00039649  -0.00103320     0.27285566   0.00000000
    5    6
  0.01042631  -0.00706615     0.00181583  -0.00094935    -0.00141614  -0.00070867
 -0.00155104   0.00105384    -0.00329141   0.00243679     0.01334899   0.01794530
 -0.00066723   0.01046018     0.00307952   0.00420145    -0.01509387   0.00887033
    5    7
 -0.00003673  -0.00122810    -0.00161902   0.00456100    -0.04186979  -0.01309398
  0.00080523  -0.00146743     0.00133611  -0.00265679     0.00126284   0.00062714
  0.00492794   0.00060695    -0.00288506  -0.00459183    -0.00563170   0.00818760
    6    1
 -0.00306969  -0.00613676     0.00172932   0.00434386     0.00311587  -0.00036218
 -0.00133103  -0.00442292     0.00020161  -0.00008072     0.00069186  -0.00006382
 -0.00009848   0.00064013    -0.00152044   0.00023863     0.00266280  -0.00061952
    6    2
 -0.00678499  -0.00102308     0.00466565   0.00030236     0.00061841   0.00307529
 -0.00461776   0.00010087    -0.00001447   0.00021669     0.00015310   0.00067772
  0.00057836  -0.00029147    -0.00024289  -0.00151976     0.00023366   0.00272392
    6    3
 -0.04451891  -0.03234488     0.00100706   0.00073167     0.00290995   0.00211421
 -0.02174699  -0.01580011    -0.33992824  -0.24697232     0.00001070   0.00000778
  0.00056473   0.00041030    -0.00011991  -0.00008712    -0.05289554  -0.03843086
    6    4
  0.00994222   0.00773245    -0.00148155  -0.00114947    -0.01015441   0.00259780
  0.00146401   0.00143359    -0.00333462  -0.00237730    -0.00304420   0.00422711
  0.00023637  -0.00156582    -0.01294192   0.01824105    -0.01310045  -0.01161404
    6    5
  0.01042631   0.00706615    -0.00155104  -0.00105384    -0.00066723  -0.01046018
  0.00181583   0.00094935    -0.00329141  -0.00243679     0.00307952  -0.00420145
 -0.00141614   0.00070867     0.01334899  -0.01794530    -0.01509387  -0.00887033
    6    6
  0.11177553   0.00000000     0.00537474   0.00000000    -0.00045912   0.00000000
  0.00537474   0.00000000     0.58863209   0.00000000     0.00001982   0.00000000
 -0.00045912   0.00000000     0.00001982   0.00000000     0.10328387   0.00000000
    6    7
 -0.00942659   0.00684882    -0.03937680   0.02860892    -0.00010862   0.00007892
 -0.01121329   0.00814693    -0.01016497   0.00738528    -0.00004030   0.00002928
  0.00022576  -0.00016403     0.00012297  -0.00008934     0.00202197  -0.00146905
    7    1
 -0.00056237   0.00350449     0.00082964  -0.00267448     0.00151056  -0.00118263
 -0.00031558   0.00292646     0.00378825  -0.01213439     0.00098579  -0.00003747
  0.00245598   0.00125120     0.00393723   0.00101589     0.00331624  -0.00610204
    7    2
  0.00251486   0.00250464    -0.00224322  -0.00167605    -0.00191720  -0.00006888
  0.00197544   0.00218206    -0.01019718  -0.00759025    -0.00081954   0.00054911
 -0.00125149   0.00245583    -0.00258816   0.00313612    -0.00626959  -0.00298742
    7    3
 -0.06922920  -0.21306556    -0.00916335  -0.02820188    -0.00029438  -0.00090600
 -0.00117842  -0.00362682    -0.00760270  -0.02339872    -0.00057080  -0.00175673
  0.00009366   0.00028825    -0.00016365  -0.00050367    -0.01205358  -0.03709709
    7    4
  0.00075157   0.00097196     0.00021109   0.00166048    -0.00434354   0.00240554
 -0.00137107  -0.00464157     0.00048069   0.00293474     0.00503308   0.00201907
  0.04156982  -0.01401719    -0.00139028   0.00023492    -0.00025641  -0.00993413
    7    5
 -0.00003673   0.00122810     0.00080523   0.00146743     0.00492794  -0.00060695
 -0.00161902  -0.00456100     0.00133611   0.00265679    -0.00288506   0.00459183
 -0.04186979   0.01309398     0.00126284  -0.00062714    -0.00563170  -0.00818760
    7    6
 -0.00942659  -0.00684882    -0.01121329  -0.00814693     0.00022576   0.00016403
 -0.03937680  -0.02860892    -0.01016497  -0.00738528     0.00012297   0.00008934
 -0.00010862  -0.00007892    -0.00004030  -0.00002928     0.00202197   0.00146905
    7    7
  0.69953015   0.00000000     0.00374715   0.00000000     0.00013669   0.00000000
  0.00374715   0.00000000     0.09645570   0.00000000     0.00011708   0.00000000
  0.00013669   0.00000000     0.00011708   0.00000000     0.10369795   0.00000000

     Dynamical  Matrix in cartesian axes

     q = (   -0.200000000   0.400000000  -0.060719899 ) 

    1    1
  0.08617500   0.00000000    -0.00470229  -0.00001084     0.00008554   0.00275877
 -0.00470229   0.00001084     0.14289451  -0.00000000    -0.00039870  -0.00387924
  0.00008554  -0.00275877    -0.00039870   0.00387924     0.17725663  -0.00000000
    1    2
 -0.00150793  -0.00074080    -0.01303388   0.00977730    -0.00400462  -0.00696637
 -0.01303388   0.00977730     0.00060012  -0.00367102     0.02176046   0.03073201
 -0.00400462  -0.00696637     0.02176046   0.03073201    -0.01444706   0.02403830
    1    3
 -0.00674423   0.00369043    -0.03887404   0.02777237     0.00949272   0.01006870
 -0.04078275   0.02929462    -0.00261476   0.00212470    -0.04158206  -0.05348253
  0.00938049   0.01115449    -0.03955945  -0.05088587    -0.02812716   0.00190524
    1    4
 -0.00923902   0.00007334     0.00368263  -0.00136571    -0.00104009   0.00370912
  0.00324281  -0.00117319    -0.01960976   0.00041837     0.00504944   0.00060461
 -0.00052137   0.00318858     0.00242459  -0.00153627    -0.04319050   0.00028865
    1    5
 -0.00091865   0.00086121     0.01620549  -0.01181083    -0.00409625  -0.00470382
  0.01616695  -0.01179923    -0.00412526   0.00335901     0.01524477   0.02001081
  0.00114047   0.00165745    -0.00423249  -0.00624390    -0.00425654   0.00462544
    1    6
 -0.01019718  -0.00759025    -0.00224322  -0.00167605    -0.00258816   0.00313612
  0.00197544   0.00218206     0.00251486   0.00250464    -0.00125149   0.00245583
 -0.00081954   0.00054911    -0.00191720  -0.00006888    -0.00626959  -0.00298742
    1    7
 -0.00001447   0.00021669     0.00466565   0.00030236    -0.00024289  -0.00151976
 -0.00461776   0.00010087    -0.00678499  -0.00102308     0.00057836  -0.00029147
  0.00015310   0.00067772     0.00061841   0.00307529     0.00023366   0.00272392
    2    1
 -0.00150793   0.00074080    -0.01303388  -0.00977730    -0.00400462   0.00696637
 -0.01303388  -0.00977730     0.00060012   0.00367102     0.02176046  -0.03073201
 -0.00400462   0.00696637     0.02176046  -0.03073201    -0.01444706  -0.02403830
    2    2
  0.08617500  -0.00000000    -0.00470229   0.00001084     0.00008554  -0.00275877
 -0.00470229  -0.00001084     0.14289451   0.00000000    -0.00039870   0.00387924
  0.00008554   0.00275877    -0.00039870  -0.00387924     0.17725663   0.00000000
    2    3
 -0.00674423  -0.00369043    -0.03887404  -0.02777237     0.00949272  -0.01006870
 -0.04078275  -0.02929462    -0.00261476  -0.00212470    -0.04158206   0.05348253
  0.00938049  -0.01115449    -0.03955945   0.05088587    -0.02812716  -0.00190524
    2    4
 -0.00091865  -0.00086121     0.01620549   0.01181083    -0.00409625   0.00470382
  0.01616695   0.01179923    -0.00412526  -0.00335901     0.01524477  -0.02001081
  0.00114047  -0.00165745    -0.00423249   0.00624390    -0.00425654  -0.00462544
    2    5
 -0.00923902  -0.00007334     0.00368263   0.00136571    -0.00104009  -0.00370912
  0.00324281   0.00117319    -0.01960976  -0.00041837     0.00504944  -0.00060461
 -0.00052137  -0.00318858     0.00242459   0.00153627    -0.04319050  -0.00028865
    2    6
  0.00378825  -0.01213439     0.00082964  -0.00267448     0.00393723   0.00101589
 -0.00031558   0.00292646    -0.00056237   0.00350449     0.00245598   0.00125120
  0.00098579  -0.00003747     0.00151056  -0.00118263     0.00331624  -0.00610204
    2    7
  0.00020161  -0.00008072     0.00172932   0.00434386    -0.00152044   0.00023863
 -0.00133103  -0.00442292    -0.00306969  -0.00613676    -0.00009848   0.00064013
  0.00069186  -0.00006382     0.00311587  -0.00036218     0.00266280  -0.00061952
    3    1
 -0.00674423  -0.00369043    -0.04078275  -0.02929462     0.00938049  -0.01115449
 -0.03887404  -0.02777237    -0.00261476  -0.00212470    -0.03955945   0.05088587
  0.00949272  -0.01006870    -0.04158206   0.05348253    -0.02812716  -0.00190524
    3    2
 -0.00674423   0.00369043    -0.04078275   0.02929462     0.00938049   0.01115449
 -0.03887404   0.02777237    -0.00261476   0.00212470    -0.03955945  -0.05088587
  0.00949272   0.01006870    -0.04158206  -0.05348253    -0.02812716   0.00190524
    3    3
  0.77710052   0.00000000    -0.01818494   0.00000000     0.00077469   0.00000000
 -0.01818494   0.00000000     0.73432559   0.00000000    -0.00347649   0.00000000
  0.00077469   0.00000000    -0.00347649   0.00000000     0.47474500   0.00000000
    3    4
 -0.06510596  -0.00024243     0.00195311  -0.00036198    -0.00143854   0.00087915
  0.00192776  -0.00043772    -0.06870644  -0.00087916     0.00707223  -0.00290005
 -0.00157735   0.00224294     0.00664516  -0.00251967    -0.10199907   0.00383405
    3    5
 -0.06510596   0.00024243     0.00195311   0.00036198    -0.00143854  -0.00087915
  0.00192776   0.00043772    -0.06870644   0.00087916     0.00707223   0.00290005
 -0.00157735  -0.00224294     0.00664516   0.00251967    -0.10199907  -0.00383405
    3    6
 -0.00760270  -0.02339872    -0.00916335  -0.02820188    -0.00016365  -0.00050367
 -0.00117842  -0.00362682    -0.06922920  -0.21306556     0.00009366   0.00028825
 -0.00057080  -0.00175673    -0.00029438  -0.00090600    -0.01205358  -0.03709709
    3    7
 -0.33992824  -0.24697232     0.00100706   0.00073167    -0.00011991  -0.00008712
 -0.02174699  -0.01580011    -0.04451891  -0.03234488     0.00056473   0.00041030
  0.00001070   0.00000778     0.00290995   0.00211421    -0.05289554  -0.03843086
    4    1
 -0.00923902  -0.00007334     0.00324281   0.00117319    -0.00052137  -0.00318858
  0.00368263   0.00136571    -0.01960976  -0.00041837     0.00242459   0.00153627
 -0.00104009  -0.00370912     0.00504944  -0.00060461    -0.04319050  -0.00028865
    4    2
 -0.00091865   0.00086121     0.01616695  -0.01179923     0.00114047   0.00165745
  0.01620549  -0.01181083    -0.00412526   0.00335901    -0.00423249  -0.00624390
 -0.00409625  -0.00470382     0.01524477   0.02001081    -0.00425654   0.00462544
    4    3
 -0.06510596   0.00024243     0.00192776   0.00043772    -0.00157735  -0.00224294
  0.00195311   0.00036198    -0.06870644   0.00087916     0.00664516   0.00251967
 -0.00143854  -0.00087915     0.00707223   0.00290005    -0.10199907  -0.00383405
    4    4
  0.08281058  -0.00000000    -0.00597755   0.00000425     0.00039649  -0.00103320
 -0.00597755  -0.00000425     0.10675176   0.00000000    -0.00187089   0.00089562
  0.00039649   0.00103320    -0.00187089  -0.00089562     0.27285566  -0.00000000
    4    5
  0.01073439   0.00083457    -0.00717155   0.00500278     0.00369754   0.00454071
 -0.00717155   0.00500278     0.01171613  -0.00015736    -0.01530098  -0.01928500
  0.00369754   0.00454071    -0.01530098  -0.01928500    -0.03594593   0.00608724
    4    6
  0.00133611   0.00265679     0.00080523   0.00146743     0.00126284  -0.00062714
 -0.00161902  -0.00456100    -0.00003673   0.00122810    -0.04186979   0.01309398
 -0.00288506   0.00459183     0.00492794  -0.00060695    -0.00563170  -0.00818760
    4    7
 -0.00329141  -0.00243679    -0.00155104  -0.00105384     0.01334899  -0.01794530
  0.00181583   0.00094935     0.01042631   0.00706615    -0.00141614   0.00070867
  0.00307952  -0.00420145    -0.00066723  -0.01046018    -0.01509387  -0.00887033
    5    1
 -0.00091865  -0.00086121     0.01616695   0.01179923     0.00114047  -0.00165745
  0.01620549   0.01181083    -0.00412526  -0.00335901    -0.00423249   0.00624390
 -0.00409625   0.00470382     0.01524477  -0.02001081    -0.00425654  -0.00462544
    5    2
 -0.00923902   0.00007334     0.00324281  -0.00117319    -0.00052137   0.00318858
  0.00368263  -0.00136571    -0.01960976   0.00041837     0.00242459  -0.00153627
 -0.00104009   0.00370912     0.00504944   0.00060461    -0.04319050   0.00028865
    5    3
 -0.06510596  -0.00024243     0.00192776  -0.00043772    -0.00157735   0.00224294
  0.00195311  -0.00036198    -0.06870644  -0.00087916     0.00664516  -0.00251967
 -0.00143854   0.00087915     0.00707223  -0.00290005    -0.10199907   0.00383405
    5    4
  0.01073439  -0.00083457    -0.00717155  -0.00500278     0.00369754  -0.00454071
 -0.00717155  -0.00500278     0.01171613   0.00015736    -0.01530098   0.01928500
  0.00369754  -0.00454071    -0.01530098   0.01928500    -0.03594593  -0.00608724
    5    5
  0.08281058   0.00000000    -0.00597755  -0.00000425     0.00039649   0.00103320
 -0.00597755   0.00000425     0.10675176   0.00000000    -0.00187089  -0.00089562
  0.00039649  -0.00103320    -0.00187089   0.00089562     0.27285566   0.00000000
    5    6
  0.00048069   0.00293474     0.00021109   0.00166048    -0.00139028   0.00023492
 -0.00137107  -0.00464157     0.00075157   0.00097196     0.04156982  -0.01401719
  0.00503308   0.00201907    -0.00434354   0.00240554    -0.00025641  -0.00993413
    5    7
 -0.00333462  -0.00237730    -0.00148155  -0.00114947    -0.01294192   0.01824105
  0.00146401   0.00143359     0.00994222   0.00773245     0.00023637  -0.00156582
 -0.00304420   0.00422711    -0.01015441   0.00259780    -0.01310045  -0.01161404
    6    1
 -0.01019718   0.00759025     0.00197544  -0.00218206    -0.00081954  -0.00054911
 -0.00224322   0.00167605     0.00251486  -0.00250464    -0.00191720   0.00006888
 -0.00258816  -0.00313612    -0.00125149  -0.00245583    -0.00626959   0.00298742
    6    2
  0.00378825   0.01213439    -0.00031558  -0.00292646     0.00098579   0.00003747
  0.00082964   0.00267448    -0.00056237  -0.00350449     0.00151056   0.00118263
  0.00393723  -0.00101589     0.00245598  -0.00125120     0.00331624   0.00610204
    6    3
 -0.00760270   0.02339872    -0.00117842   0.00362682    -0.00057080   0.00175673
 -0.00916335   0.02820188    -0.06922920   0.21306556    -0.00029438   0.00090600
 -0.00016365   0.00050367     0.00009366  -0.00028825    -0.01205358   0.03709709
    6    4
  0.00133611  -0.00265679    -0.00161902   0.00456100    -0.00288506  -0.00459183
  0.00080523  -0.00146743    -0.00003673  -0.00122810     0.00492794   0.00060695
  0.00126284   0.00062714    -0.04186979  -0.01309398    -0.00563170   0.00818760
    6    5
  0.00048069  -0.00293474    -0.00137107   0.00464157     0.00503308  -0.00201907
  0.00021109  -0.00166048     0.00075157  -0.00097196    -0.00434354  -0.00240554
 -0.00139028  -0.00023492     0.04156982   0.01401719    -0.00025641   0.00993413
    6    6
  0.09645570   0.00000000     0.00374715   0.00000000     0.00011708   0.00000000
  0.00374715   0.00000000     0.69953015   0.00000000     0.00013669   0.00000000
  0.00011708   0.00000000     0.00013669   0.00000000     0.10369795   0.00000000
    6    7
 -0.01016497   0.00738528    -0.03937680   0.02860892     0.00012297  -0.00008934
 -0.01121329   0.00814693    -0.00942659   0.00684882     0.00022576  -0.00016403
 -0.00004030   0.00002928    -0.00010862   0.00007892     0.00202197  -0.00146905
    7    1
 -0.00001447  -0.00021669    -0.00461776  -0.00010087     0.00015310  -0.00067772
  0.00466565  -0.00030236    -0.00678499   0.00102308     0.00061841  -0.00307529
 -0.00024289   0.00151976     0.00057836   0.00029147     0.00023366  -0.00272392
    7    2
  0.00020161   0.00008072    -0.00133103   0.00442292     0.00069186   0.00006382
  0.00172932  -0.00434386    -0.00306969   0.00613676     0.00311587   0.00036218
 -0.00152044  -0.00023863    -0.00009848  -0.00064013     0.00266280   0.00061952
    7    3
 -0.33992824   0.24697232    -0.02174699   0.01580011     0.00001070  -0.00000778
  0.00100706  -0.00073167    -0.04451891   0.03234488     0.00290995  -0.00211421
 -0.00011991   0.00008712     0.00056473  -0.00041030    -0.05289554   0.03843086
    7    4
 -0.00329141   0.00243679     0.00181583  -0.00094935     0.00307952   0.00420145
 -0.00155104   0.00105384     0.01042631  -0.00706615    -0.00066723   0.01046018
  0.01334899   0.01794530    -0.00141614  -0.00070867    -0.01509387   0.00887033
    7    5
 -0.00333462   0.00237730     0.00146401  -0.00143359    -0.00304420  -0.00422711
 -0.00148155   0.00114947     0.00994222  -0.00773245    -0.01015441  -0.00259780
 -0.01294192  -0.01824105     0.00023637   0.00156582    -0.01310045   0.01161404
    7    6
 -0.01016497  -0.00738528    -0.01121329  -0.00814693    -0.00004030  -0.00002928
 -0.03937680  -0.02860892    -0.00942659  -0.00684882    -0.00010862  -0.00007892
  0.00012297   0.00008934     0.00022576   0.00016403     0.00202197   0.00146905
    7    7
  0.58863209   0.00000000     0.00537474   0.00000000     0.00001982   0.00000000
  0.00537474   0.00000000     0.11177553   0.00000000    -0.00045912   0.00000000
  0.00001982   0.00000000    -0.00045912   0.00000000     0.10328387   0.00000000

     Dynamical  Matrix in cartesian axes

     q = (   -0.200000000   0.400000000   0.060719899 ) 

    1    1
  0.08617500  -0.00000000    -0.00470229   0.00001084    -0.00008554   0.00275877
 -0.00470229  -0.00001084     0.14289451   0.00000000     0.00039870  -0.00387924
 -0.00008554  -0.00275877     0.00039870   0.00387924     0.17725663   0.00000000
    1    2
 -0.00150793   0.00074080    -0.01303388  -0.00977730     0.00400462  -0.00696637
 -0.01303388  -0.00977730     0.00060012   0.00367102    -0.02176046   0.03073201
  0.00400462  -0.00696637    -0.02176046   0.03073201    -0.01444706  -0.02403830
    1    3
 -0.00674423  -0.00369043    -0.03887404  -0.02777237    -0.00949272   0.01006870
 -0.04078275  -0.02929462    -0.00261476  -0.00212470     0.04158206  -0.05348253
 -0.00938049   0.01115449     0.03955945  -0.05088587    -0.02812716  -0.00190524
    1    4
 -0.00923902  -0.00007334     0.00368263   0.00136571     0.00104009   0.00370912
  0.00324281   0.00117319    -0.01960976  -0.00041837    -0.00504944   0.00060461
  0.00052137   0.00318858    -0.00242459  -0.00153627    -0.04319050  -0.00028865
    1    5
 -0.00091865  -0.00086121     0.01620549   0.01181083     0.00409625  -0.00470382
  0.01616695   0.01179923    -0.00412526  -0.00335901    -0.01524477   0.02001081
 -0.00114047   0.00165745     0.00423249  -0.00624390    -0.00425654  -0.00462544
    1    6
  0.00378825  -0.01213439     0.00082964  -0.00267448    -0.00393723  -0.00101589
 -0.00031558   0.00292646    -0.00056237   0.00350449    -0.00245598  -0.00125120
 -0.00098579   0.00003747    -0.00151056   0.00118263     0.00331624  -0.00610204
    1    7
  0.00020161  -0.00008072     0.00172932   0.00434386     0.00152044  -0.00023863
 -0.00133103  -0.00442292    -0.00306969  -0.00613676     0.00009848  -0.00064013
 -0.00069186   0.00006382    -0.00311587   0.00036218     0.00266280  -0.00061952
    2    1
 -0.00150793  -0.00074080    -0.01303388   0.00977730     0.00400462   0.00696637
 -0.01303388   0.00977730     0.00060012  -0.00367102    -0.02176046  -0.03073201
  0.00400462   0.00696637    -0.02176046  -0.03073201    -0.01444706   0.02403830
    2    2
  0.08617500   0.00000000    -0.00470229  -0.00001084    -0.00008554  -0.00275877
 -0.00470229   0.00001084     0.14289451  -0.00000000     0.00039870   0.00387924
 -0.00008554   0.00275877     0.00039870  -0.00387924     0.17725663  -0.00000000
    2    3
 -0.00674423   0.00369043    -0.03887404   0.02777237    -0.00949272  -0.01006870
 -0.04078275   0.02929462    -0.00261476   0.00212470     0.04158206   0.05348253
 -0.00938049  -0.01115449     0.03955945   0.05088587    -0.02812716   0.00190524
    2    4
 -0.00091865   0.00086121     0.01620549  -0.01181083     0.00409625   0.00470382
  0.01616695  -0.01179923    -0.00412526   0.00335901    -0.01524477  -0.02001081
 -0.00114047  -0.00165745     0.00423249   0.00624390    -0.00425654   0.00462544
    2    5
 -0.00923902   0.00007334     0.00368263  -0.00136571     0.00104009  -0.00370912
  0.00324281  -0.00117319    -0.01960976   0.00041837    -0.00504944  -0.00060461
  0.00052137  -0.00318858    -0.00242459   0.00153627    -0.04319050   0.00028865
    2    6
 -0.01019718  -0.00759025    -0.00224322  -0.00167605     0.00258816  -0.00313612
  0.00197544   0.00218206     0.00251486   0.00250464     0.00125149  -0.00245583
  0.00081954  -0.00054911     0.00191720   0.00006888    -0.00626959  -0.00298742
    2    7
 -0.00001447   0.00021669     0.00466565   0.00030236     0.00024289   0.00151976
 -0.00461776   0.00010087    -0.00678499  -0.00102308    -0.00057836   0.00029147
 -0.00015310  -0.00067772    -0.00061841  -0.00307529     0.00023366   0.00272392
    3    1
 -0.00674423   0.00369043    -0.04078275   0.02929462    -0.00938049  -0.01115449
 -0.03887404   0.02777237    -0.00261476   0.00212470     0.03955945   0.05088587
 -0.00949272  -0.01006870     0.04158206   0.05348253    -0.02812716   0.00190524
    3    2
 -0.00674423  -0.00369043    -0.04078275  -0.02929462    -0.00938049   0.01115449
 -0.03887404  -0.02777237    -0.00261476  -0.00212470     0.03955945  -0.05088587
 -0.00949272   0.01006870     0.04158206  -0.05348253    -0.02812716  -0.00190524
    3    3
  0.77710052   0.00000000    -0.01818494   0.00000000    -0.00077469   0.00000000
 -0.01818494   0.00000000     0.73432559   0.00000000     0.00347649   0.00000000
 -0.00077469   0.00000000     0.00347649   0.00000000     0.47474500   0.00000000
    3    4
 -0.06510596   0.00024243     0.00195311   0.00036198     0.00143854   0.00087915
  0.00192776   0.00043772    -0.06870644   0.00087916    -0.00707223  -0.00290005
  0.00157735   0.00224294    -0.00664516  -0.00251967    -0.10199907  -0.00383405
    3    5
 -0.06510596  -0.00024243     0.00195311  -0.00036198     0.00143854  -0.00087915
  0.00192776  -0.00043772    -0.06870644  -0.00087916    -0.00707223   0.00290005
  0.00157735  -0.00224294    -0.00664516   0.00251967    -0.10199907   0.00383405
    3    6
 -0.00760270  -0.02339872    -0.00916335  -0.02820188     0.00016365   0.00050367
 -0.00117842  -0.00362682    -0.06922920  -0.21306556    -0.00009366  -0.00028825
  0.00057080   0.00175673     0.00029438   0.00090600    -0.01205358  -0.03709709
    3    7
 -0.33992824  -0.24697232     0.00100706   0.00073167     0.00011991   0.00008712
 -0.02174699  -0.01580011    -0.04451891  -0.03234488    -0.00056473  -0.00041030
 -0.00001070  -0.00000778    -0.00290995  -0.00211421    -0.05289554  -0.03843086
    4    1
 -0.00923902   0.00007334     0.00324281  -0.00117319     0.00052137  -0.00318858
  0.00368263  -0.00136571    -0.01960976   0.00041837    -0.00242459   0.00153627
  0.00104009  -0.00370912    -0.00504944  -0.00060461    -0.04319050   0.00028865
    4    2
 -0.00091865  -0.00086121     0.01616695   0.01179923    -0.00114047   0.00165745
  0.01620549   0.01181083    -0.00412526  -0.00335901     0.00423249  -0.00624390
  0.00409625  -0.00470382    -0.01524477   0.02001081    -0.00425654  -0.00462544
    4    3
 -0.06510596  -0.00024243     0.00192776  -0.00043772     0.00157735  -0.00224294
  0.00195311  -0.00036198    -0.06870644  -0.00087916    -0.00664516   0.00251967
  0.00143854  -0.00087915    -0.00707223   0.00290005    -0.10199907   0.00383405
    4    4
  0.08281058   0.00000000    -0.00597755  -0.00000425    -0.00039649  -0.00103320
 -0.00597755   0.00000425     0.10675176   0.00000000     0.00187089   0.00089562
 -0.00039649   0.00103320     0.00187089  -0.00089562     0.27285566   0.00000000
    4    5
  0.01073439  -0.00083457    -0.00717155  -0.00500278    -0.00369754   0.00454071
 -0.00717155  -0.00500278     0.01171613   0.00015736     0.01530098  -0.01928500
 -0.00369754   0.00454071     0.01530098  -0.01928500    -0.03594593  -0.00608724
    4    6
  0.00048069   0.00293474     0.00021109   0.00166048     0.00139028  -0.00023492
 -0.00137107  -0.00464157     0.00075157   0.00097196    -0.04156982   0.01401719
 -0.00503308  -0.00201907     0.00434354  -0.00240554    -0.00025641  -0.00993413
    4    7
 -0.00333462  -0.00237730    -0.00148155  -0.00114947     0.01294192  -0.01824105
  0.00146401   0.00143359     0.00994222   0.00773245    -0.00023637   0.00156582
  0.00304420  -0.00422711     0.01015441  -0.00259780    -0.01310045  -0.01161404
    5    1
 -0.00091865   0.00086121     0.01616695  -0.01179923    -0.00114047  -0.00165745
  0.01620549  -0.01181083    -0.00412526   0.00335901     0.00423249   0.00624390
  0.00409625   0.00470382    -0.01524477  -0.02001081    -0.00425654   0.00462544
    5    2
 -0.00923902  -0.00007334     0.00324281   0.00117319     0.00052137   0.00318858
  0.00368263   0.00136571    -0.01960976  -0.00041837    -0.00242459  -0.00153627
  0.00104009   0.00370912    -0.00504944   0.00060461    -0.04319050  -0.00028865
    5    3
 -0.06510596   0.00024243     0.00192776   0.00043772     0.00157735   0.00224294
  0.00195311   0.00036198    -0.06870644   0.00087916    -0.00664516  -0.00251967
  0.00143854   0.00087915    -0.00707223  -0.00290005    -0.10199907  -0.00383405
    5    4
  0.01073439   0.00083457    -0.00717155   0.00500278    -0.00369754  -0.00454071
 -0.00717155   0.00500278     0.01171613  -0.00015736     0.01530098   0.01928500
 -0.00369754  -0.00454071     0.01530098   0.01928500    -0.03594593   0.00608724
    5    5
  0.08281058  -0.00000000    -0.00597755   0.00000425    -0.00039649   0.00103320
 -0.00597755  -0.00000425     0.10675176  -0.00000000     0.00187089  -0.00089562
 -0.00039649  -0.00103320     0.00187089   0.00089562     0.27285566  -0.00000000
    5    6
  0.00133611   0.00265679     0.00080523   0.00146743    -0.00126284   0.00062714
 -0.00161902  -0.00456100    -0.00003673   0.00122810     0.04186979  -0.01309398
  0.00288506  -0.00459183    -0.00492794   0.00060695    -0.00563170  -0.00818760
    5    7
 -0.00329141  -0.00243679    -0.00155104  -0.00105384    -0.01334899   0.01794530
  0.00181583   0.00094935     0.01042631   0.00706615     0.00141614  -0.00070867
 -0.00307952   0.00420145     0.00066723   0.01046018    -0.01509387  -0.00887033
    6    1
  0.00378825   0.01213439    -0.00031558  -0.00292646    -0.00098579  -0.00003747
  0.00082964   0.00267448    -0.00056237  -0.00350449    -0.00151056  -0.00118263
 -0.00393723   0.00101589    -0.00245598   0.00125120     0.00331624   0.00610204
    6    2
 -0.01019718   0.00759025     0.00197544  -0.00218206     0.00081954   0.00054911
 -0.00224322   0.00167605     0.00251486  -0.00250464     0.00191720  -0.00006888
  0.00258816   0.00313612     0.00125149   0.00245583    -0.00626959   0.00298742
    6    3
 -0.00760270   0.02339872    -0.00117842   0.00362682     0.00057080  -0.00175673
 -0.00916335   0.02820188    -0.06922920   0.21306556     0.00029438  -0.00090600
  0.00016365  -0.00050367    -0.00009366   0.00028825    -0.01205358   0.03709709
    6    4
  0.00048069  -0.00293474    -0.00137107   0.00464157    -0.00503308   0.00201907
  0.00021109  -0.00166048     0.00075157  -0.00097196     0.00434354   0.00240554
  0.00139028   0.00023492    -0.04156982  -0.01401719    -0.00025641   0.00993413
    6    5
  0.00133611  -0.00265679    -0.00161902   0.00456100     0.00288506   0.00459183
  0.00080523  -0.00146743    -0.00003673  -0.00122810    -0.00492794  -0.00060695
 -0.00126284  -0.00062714     0.04186979   0.01309398    -0.00563170   0.00818760
    6    6
  0.09645570   0.00000000     0.00374715   0.00000000    -0.00011708   0.00000000
  0.00374715   0.00000000     0.69953015   0.00000000    -0.00013669   0.00000000
 -0.00011708   0.00000000    -0.00013669   0.00000000     0.10369795   0.00000000
    6    7
 -0.01016497   0.00738528    -0.03937680   0.02860892    -0.00012297   0.00008934
 -0.01121329   0.00814693    -0.00942659   0.00684882    -0.00022576   0.00016403
  0.00004030  -0.00002928     0.00010862  -0.00007892     0.00202197  -0.00146905
    7    1
  0.00020161   0.00008072    -0.00133103   0.00442292    -0.00069186  -0.00006382
  0.00172932  -0.00434386    -0.00306969   0.00613676    -0.00311587  -0.00036218
  0.00152044   0.00023863     0.00009848   0.00064013     0.00266280   0.00061952
    7    2
 -0.00001447  -0.00021669    -0.00461776  -0.00010087    -0.00015310   0.00067772
  0.00466565  -0.00030236    -0.00678499   0.00102308    -0.00061841   0.00307529
  0.00024289  -0.00151976    -0.00057836  -0.00029147     0.00023366  -0.00272392
    7    3
 -0.33992824   0.24697232    -0.02174699   0.01580011    -0.00001070   0.00000778
  0.00100706  -0.00073167    -0.04451891   0.03234488    -0.00290995   0.00211421
  0.00011991  -0.00008712    -0.00056473   0.00041030    -0.05289554   0.03843086
    7    4
 -0.00333462   0.00237730     0.00146401  -0.00143359     0.00304420   0.00422711
 -0.00148155   0.00114947     0.00994222  -0.00773245     0.01015441   0.00259780
  0.01294192   0.01824105    -0.00023637  -0.00156582    -0.01310045   0.01161404
    7    5
 -0.00329141   0.00243679     0.00181583  -0.00094935    -0.00307952  -0.00420145
 -0.00155104   0.00105384     0.01042631  -0.00706615     0.00066723  -0.01046018
 -0.01334899  -0.01794530     0.00141614   0.00070867    -0.01509387   0.00887033
    7    6
 -0.01016497  -0.00738528    -0.01121329  -0.00814693     0.00004030   0.00002928
 -0.03937680  -0.02860892    -0.00942659  -0.00684882     0.00010862   0.00007892
 -0.00012297  -0.00008934    -0.00022576  -0.00016403     0.00202197   0.00146905
    7    7
  0.58863209   0.00000000     0.00537474   0.00000000    -0.00001982   0.00000000
  0.00537474   0.00000000     0.11177553   0.00000000     0.00045912   0.00000000
 -0.00001982   0.00000000     0.00045912   0.00000000     0.10328387   0.00000000

     Dynamical  Matrix in cartesian axes

     q = (    0.200000000  -0.400000000   0.060719899 ) 

    1    1
  0.08617500  -0.00000000    -0.00470229   0.00001084     0.00008554  -0.00275877
 -0.00470229  -0.00001084     0.14289451   0.00000000    -0.00039870   0.00387924
  0.00008554   0.00275877    -0.00039870  -0.00387924     0.17725663   0.00000000
    1    2
 -0.00150793   0.00074080    -0.01303388  -0.00977730    -0.00400462   0.00696637
 -0.01303388  -0.00977730     0.00060012   0.00367102     0.02176046  -0.03073201
 -0.00400462   0.00696637     0.02176046  -0.03073201    -0.01444706  -0.02403830
    1    3
 -0.00674423  -0.00369043    -0.03887404  -0.02777237     0.00949272  -0.01006870
 -0.04078275  -0.02929462    -0.00261476  -0.00212470    -0.04158206   0.05348253
  0.00938049  -0.01115449    -0.03955945   0.05088587    -0.02812716  -0.00190524
    1    4
 -0.00923902  -0.00007334     0.00368263   0.00136571    -0.00104009  -0.00370912
  0.00324281   0.00117319    -0.01960976  -0.00041837     0.00504944  -0.00060461
 -0.00052137  -0.00318858     0.00242459   0.00153627    -0.04319050  -0.00028865
    1    5
 -0.00091865  -0.00086121     0.01620549   0.01181083    -0.00409625   0.00470382
  0.01616695   0.01179923    -0.00412526  -0.00335901     0.01524477  -0.02001081
  0.00114047  -0.00165745    -0.00423249   0.00624390    -0.00425654  -0.00462544
    1    6
 -0.01019718   0.00759025    -0.00224322   0.00167605    -0.00258816  -0.00313612
  0.00197544  -0.00218206     0.00251486  -0.00250464    -0.00125149  -0.00245583
 -0.00081954  -0.00054911    -0.00191720   0.00006888    -0.00626959   0.00298742
    1    7
 -0.00001447  -0.00021669     0.00466565  -0.00030236    -0.00024289   0.00151976
 -0.00461776  -0.00010087    -0.00678499   0.00102308     0.00057836   0.00029147
  0.00015310  -0.00067772     0.00061841  -0.00307529     0.00023366  -0.00272392
    2    1
 -0.00150793  -0.00074080    -0.01303388   0.00977730    -0.00400462  -0.00696637
 -0.01303388   0.00977730     0.00060012  -0.00367102     0.02176046   0.03073201
 -0.00400462  -0.00696637     0.02176046   0.03073201    -0.01444706   0.02403830
    2    2
  0.08617500   0.00000000    -0.00470229  -0.00001084     0.00008554   0.00275877
 -0.00470229   0.00001084     0.14289451  -0.00000000    -0.00039870  -0.00387924
  0.00008554  -0.00275877    -0.00039870   0.00387924     0.17725663  -0.00000000
    2    3
 -0.00674423   0.00369043    -0.03887404   0.02777237     0.00949272   0.01006870
 -0.04078275   0.02929462    -0.00261476   0.00212470    -0.04158206  -0.05348253
  0.00938049   0.01115449    -0.03955945  -0.05088587    -0.02812716   0.00190524
    2    4
 -0.00091865   0.00086121     0.01620549  -0.01181083    -0.00409625  -0.00470382
  0.01616695  -0.01179923    -0.00412526   0.00335901     0.01524477   0.02001081
  0.00114047   0.00165745    -0.00423249  -0.00624390    -0.00425654   0.00462544
    2    5
 -0.00923902   0.00007334     0.00368263  -0.00136571    -0.00104009   0.00370912
  0.00324281  -0.00117319    -0.01960976   0.00041837     0.00504944   0.00060461
 -0.00052137   0.00318858     0.00242459  -0.00153627    -0.04319050   0.00028865
    2    6
  0.00378825   0.01213439     0.00082964   0.00267448     0.00393723  -0.00101589
 -0.00031558  -0.00292646    -0.00056237  -0.00350449     0.00245598  -0.00125120
  0.00098579   0.00003747     0.00151056   0.00118263     0.00331624   0.00610204
    2    7
  0.00020161   0.00008072     0.00172932  -0.00434386    -0.00152044  -0.00023863
 -0.00133103   0.00442292    -0.00306969   0.00613676    -0.00009848  -0.00064013
  0.00069186   0.00006382     0.00311587   0.00036218     0.00266280   0.00061952
    3    1
 -0.00674423   0.00369043    -0.04078275   0.02929462     0.00938049   0.01115449
 -0.03887404   0.02777237    -0.00261476   0.00212470    -0.03955945  -0.05088587
  0.00949272   0.01006870    -0.04158206  -0.05348253    -0.02812716   0.00190524
    3    2
 -0.00674423  -0.00369043    -0.04078275  -0.02929462     0.00938049  -0.01115449
 -0.03887404  -0.02777237    -0.00261476  -0.00212470    -0.03955945   0.05088587
  0.00949272  -0.01006870    -0.04158206   0.05348253    -0.02812716  -0.00190524
    3    3
  0.77710052   0.00000000    -0.01818494   0.00000000     0.00077469   0.00000000
 -0.01818494   0.00000000     0.73432559   0.00000000    -0.00347649   0.00000000
  0.00077469   0.00000000    -0.00347649   0.00000000     0.47474500   0.00000000
    3    4
 -0.06510596   0.00024243     0.00195311   0.00036198    -0.00143854  -0.00087915
  0.00192776   0.00043772    -0.06870644   0.00087916     0.00707223   0.00290005
 -0.00157735  -0.00224294     0.00664516   0.00251967    -0.10199907  -0.00383405
    3    5
 -0.06510596  -0.00024243     0.00195311  -0.00036198    -0.00143854   0.00087915
  0.00192776  -0.00043772    -0.06870644  -0.00087916     0.00707223  -0.00290005
 -0.00157735   0.00224294     0.00664516  -0.00251967    -0.10199907   0.00383405
    3    6
 -0.00760270   0.02339872    -0.00916335   0.02820188    -0.00016365   0.00050367
 -0.00117842   0.00362682    -0.06922920   0.21306556     0.00009366  -0.00028825
 -0.00057080   0.00175673    -0.00029438   0.00090600    -0.01205358   0.03709709
    3    7
 -0.33992824   0.24697232     0.00100706  -0.00073167    -0.00011991   0.00008712
 -0.02174699   0.01580011    -0.04451891   0.03234488     0.00056473  -0.00041030
  0.00001070  -0.00000778     0.00290995  -0.00211421    -0.05289554   0.03843086
    4    1
 -0.00923902   0.00007334     0.00324281  -0.00117319    -0.00052137   0.00318858
  0.00368263  -0.00136571    -0.01960976   0.00041837     0.00242459  -0.00153627
 -0.00104009   0.00370912     0.00504944   0.00060461    -0.04319050   0.00028865
    4    2
 -0.00091865  -0.00086121     0.01616695   0.01179923     0.00114047  -0.00165745
  0.01620549   0.01181083    -0.00412526  -0.00335901    -0.00423249   0.00624390
 -0.00409625   0.00470382     0.01524477  -0.02001081    -0.00425654  -0.00462544
    4    3
 -0.06510596  -0.00024243     0.00192776  -0.00043772    -0.00157735   0.00224294
  0.00195311  -0.00036198    -0.06870644  -0.00087916     0.00664516  -0.00251967
 -0.00143854   0.00087915     0.00707223  -0.00290005    -0.10199907   0.00383405
    4    4
  0.08281058   0.00000000    -0.00597755  -0.00000425     0.00039649   0.00103320
 -0.00597755   0.00000425     0.10675176   0.00000000    -0.00187089  -0.00089562
  0.00039649  -0.00103320    -0.00187089   0.00089562     0.27285566   0.00000000
    4    5
  0.01073439  -0.00083457    -0.00717155  -0.00500278     0.00369754  -0.00454071
 -0.00717155  -0.00500278     0.01171613   0.00015736    -0.01530098   0.01928500
  0.00369754  -0.00454071    -0.01530098   0.01928500    -0.03594593  -0.00608724
    4    6
  0.00133611  -0.00265679     0.00080523  -0.00146743     0.00126284   0.00062714
 -0.00161902   0.00456100    -0.00003673  -0.00122810    -0.04186979  -0.01309398
 -0.00288506  -0.00459183     0.00492794   0.00060695    -0.00563170   0.00818760
    4    7
 -0.00329141   0.00243679    -0.00155104   0.00105384     0.01334899   0.01794530
  0.00181583  -0.00094935     0.01042631  -0.00706615    -0.00141614  -0.00070867
  0.00307952   0.00420145    -0.00066723   0.01046018    -0.01509387   0.00887033
    5    1
 -0.00091865   0.00086121     0.01616695  -0.01179923     0.00114047   0.00165745
  0.01620549  -0.01181083    -0.00412526   0.00335901    -0.00423249  -0.00624390
 -0.00409625  -0.00470382     0.01524477   0.02001081    -0.00425654   0.00462544
    5    2
 -0.00923902  -0.00007334     0.00324281   0.00117319    -0.00052137  -0.00318858
  0.00368263   0.00136571    -0.01960976  -0.00041837     0.00242459   0.00153627
 -0.00104009  -0.00370912     0.00504944  -0.00060461    -0.04319050  -0.00028865
    5    3
 -0.06510596   0.00024243     0.00192776   0.00043772    -0.00157735  -0.00224294
  0.00195311   0.00036198    -0.06870644   0.00087916     0.00664516   0.00251967
 -0.00143854  -0.00087915     0.00707223   0.00290005    -0.10199907  -0.00383405
    5    4
  0.01073439   0.00083457    -0.00717155   0.00500278     0.00369754   0.00454071
 -0.00717155   0.00500278     0.01171613  -0.00015736    -0.01530098  -0.01928500
  0.00369754   0.00454071    -0.01530098  -0.01928500    -0.03594593   0.00608724
    5    5
  0.08281058  -0.00000000    -0.00597755   0.00000425     0.00039649  -0.00103320
 -0.00597755  -0.00000425     0.10675176   0.00000000    -0.00187089   0.00089562
  0.00039649   0.00103320    -0.00187089  -0.00089562     0.27285566  -0.00000000
    5    6
  0.00048069  -0.00293474     0.00021109  -0.00166048    -0.00139028  -0.00023492
 -0.00137107   0.00464157     0.00075157  -0.00097196     0.04156982   0.01401719
  0.00503308  -0.00201907    -0.00434354  -0.00240554    -0.00025641   0.00993413
    5    7
 -0.00333462   0.00237730    -0.00148155   0.00114947    -0.01294192  -0.01824105
  0.00146401  -0.00143359     0.00994222  -0.00773245     0.00023637   0.00156582
 -0.00304420  -0.00422711    -0.01015441  -0.00259780    -0.01310045   0.01161404
    6    1
 -0.01019718  -0.00759025     0.00197544   0.00218206    -0.00081954   0.00054911
 -0.00224322  -0.00167605     0.00251486   0.00250464    -0.00191720  -0.00006888
 -0.00258816   0.00313612    -0.00125149   0.00245583    -0.00626959  -0.00298742
    6    2
  0.00378825  -0.01213439    -0.00031558   0.00292646     0.00098579  -0.00003747
  0.00082964  -0.00267448    -0.00056237   0.00350449     0.00151056  -0.00118263
  0.00393723   0.00101589     0.00245598   0.00125120     0.00331624  -0.00610204
    6    3
 -0.00760270  -0.02339872    -0.00117842  -0.00362682    -0.00057080  -0.00175673
 -0.00916335  -0.02820188    -0.06922920  -0.21306556    -0.00029438  -0.00090600
 -0.00016365  -0.00050367     0.00009366   0.00028825    -0.01205358  -0.03709709
    6    4
  0.00133611   0.00265679    -0.00161902  -0.00456100    -0.00288506   0.00459183
  0.00080523   0.00146743    -0.00003673   0.00122810     0.00492794  -0.00060695
  0.00126284  -0.00062714    -0.04186979   0.01309398    -0.00563170  -0.00818760
    6    5
  0.00048069   0.00293474    -0.00137107  -0.00464157     0.00503308   0.00201907
  0.00021109   0.00166048     0.00075157   0.00097196    -0.00434354   0.00240554
 -0.00139028   0.00023492     0.04156982  -0.01401719    -0.00025641  -0.00993413
    6    6
  0.09645570   0.00000000     0.00374715   0.00000000     0.00011708   0.00000000
  0.00374715   0.00000000     0.69953015   0.00000000     0.00013669   0.00000000
  0.00011708   0.00000000     0.00013669   0.00000000     0.10369795   0.00000000
    6    7
 -0.01016497  -0.00738528    -0.03937680  -0.02860892     0.00012297   0.00008934
 -0.01121329  -0.00814693    -0.00942659  -0.00684882     0.00022576   0.00016403
 -0.00004030  -0.00002928    -0.00010862  -0.00007892     0.00202197   0.00146905
    7    1
 -0.00001447   0.00021669    -0.00461776   0.00010087     0.00015310   0.00067772
  0.00466565   0.00030236    -0.00678499  -0.00102308     0.00061841   0.00307529
 -0.00024289  -0.00151976     0.00057836  -0.00029147     0.00023366   0.00272392
    7    2
  0.00020161  -0.00008072    -0.00133103  -0.00442292     0.00069186  -0.00006382
  0.00172932   0.00434386    -0.00306969  -0.00613676     0.00311587  -0.00036218
 -0.00152044   0.00023863    -0.00009848   0.00064013     0.00266280  -0.00061952
    7    3
 -0.33992824  -0.24697232    -0.02174699  -0.01580011     0.00001070   0.00000778
  0.00100706   0.00073167    -0.04451891  -0.03234488     0.00290995   0.00211421
 -0.00011991  -0.00008712     0.00056473   0.00041030    -0.05289554  -0.03843086
    7    4
 -0.00329141  -0.00243679     0.00181583   0.00094935     0.00307952  -0.00420145
 -0.00155104  -0.00105384     0.01042631   0.00706615    -0.00066723  -0.01046018
  0.01334899  -0.01794530    -0.00141614   0.00070867    -0.01509387  -0.00887033
    7    5
 -0.00333462  -0.00237730     0.00146401   0.00143359    -0.00304420   0.00422711
 -0.00148155  -0.00114947     0.00994222   0.00773245    -0.01015441   0.00259780
 -0.01294192   0.01824105     0.00023637  -0.00156582    -0.01310045  -0.01161404
    7    6
 -0.01016497   0.00738528    -0.01121329   0.00814693    -0.00004030   0.00002928
 -0.03937680   0.02860892    -0.00942659   0.00684882    -0.00010862   0.00007892
  0.00012297  -0.00008934     0.00022576  -0.00016403     0.00202197  -0.00146905
    7    7
  0.58863209   0.00000000     0.00537474   0.00000000     0.00001982   0.00000000
  0.00537474   0.00000000     0.11177553   0.00000000    -0.00045912   0.00000000
  0.00001982   0.00000000    -0.00045912   0.00000000     0.10328387   0.00000000

     Diagonalizing the dynamical matrix

     q = (    0.400000000   0.200000000  -0.060719899 ) 

 **************************************************************************
     freq (    1) =       2.789551 [THz] =      93.049415 [cm-1]
 (  0.011737  0.198115 -0.074838 -0.572222 -0.016873  0.026998 ) 
 ( -0.125944  0.153380  0.396889 -0.418948 -0.002219  0.031759 ) 
 ( -0.042229  0.129967  0.048826 -0.150272 -0.006548  0.020154 ) 
 ( -0.002697  0.007824  0.022318 -0.130811 -0.008478  0.011604 ) 
 ( -0.002417  0.007915  0.058833 -0.118946  0.000038  0.014371 ) 
 (  0.064096  0.197268 -0.040985 -0.126138  0.003802  0.011702 ) 
 ( -0.057593  0.000000  0.330415 -0.000000 -0.002819  0.000000 ) 
     freq (    2) =       2.980062 [THz] =      99.404159 [cm-1]
 (  0.183057 -0.088539  0.445679 -0.098616 -0.017930 -0.046909 ) 
 ( -0.096054 -0.179228 -0.302597 -0.341745  0.042078 -0.027411 ) 
 (  0.004752 -0.014625 -0.003129  0.009631  0.075061 -0.231014 ) 
 ( -0.251362 -0.107984 -0.107875 -0.041194  0.031324 -0.095970 ) 
 (  0.266827  0.060386  0.111486  0.030081  0.031068 -0.096053 ) 
 ( -0.008060 -0.024807  0.002720  0.008371 -0.077941 -0.239878 ) 
 (  0.006110  0.000000 -0.028340  0.000000  0.417440  0.000000 ) 
     freq (    3) =       3.420812 [THz] =     114.105998 [cm-1]
 ( -0.024459 -0.217983 -0.242215 -0.073034 -0.104805 -0.352966 ) 
 (  0.147915 -0.161975  0.238884  0.083285  0.292257 -0.223953 ) 
 (  0.000636 -0.001957 -0.015562  0.047895  0.083576 -0.257219 ) 
 ( -0.015452 -0.080062 -0.197493 -0.067153  0.027038 -0.232198 ) 
 (  0.059560 -0.055689  0.199247  0.061755  0.114609 -0.203744 ) 
 ( -0.007245 -0.022298  0.011753  0.036173 -0.123249 -0.379322 ) 
 (  0.001281 -0.000000  0.021051  0.000000  0.240432  0.000000 ) 
     freq (    4) =       3.545859 [THz] =     118.277136 [cm-1]
 ( -0.472447  0.068417  0.194306 -0.034329  0.005362 -0.221512 ) 
 (  0.342003  0.333048 -0.137019 -0.141983  0.125863 -0.182359 ) 
 (  0.009949 -0.030621 -0.009523  0.029307 -0.040117  0.123468 ) 
 ( -0.207807 -0.070821  0.238478  0.093134 -0.001639 -0.022456 ) 
 (  0.209747  0.064850 -0.247676 -0.064827  0.014525 -0.017204 ) 
 ( -0.010606 -0.032642  0.008079  0.024865  0.073808  0.227159 ) 
 (  0.013322 -0.000000 -0.038246 -0.000000  0.245505  0.000000 ) 
     freq (    5) =       3.830316 [THz] =     127.765593 [cm-1]
 ( -0.096886 -0.427312  0.022125 -0.150259 -0.293578  0.236629 ) 
 (  0.329550 -0.288755  0.070421 -0.134567  0.098423  0.363998 ) 
 ( -0.023556  0.072498 -0.050701  0.156042 -0.061192  0.188331 ) 
 ( -0.051546 -0.044134  0.091501  0.062919 -0.108887  0.171189 ) 
 (  0.067643 -0.005407 -0.111009 -0.002880 -0.012531  0.202497 ) 
 ( -0.008893 -0.027369  0.038600  0.118798  0.083929  0.258306 ) 
 ( -0.020932 -0.000000 -0.036159 -0.000000 -0.073863  0.000000 ) 
     freq (    6) =       4.886475 [THz] =     162.995275 [cm-1]
 ( -0.073702 -0.073478 -0.097443 -0.067061  0.271230  0.158439 ) 
 (  0.102815 -0.016124  0.118251  0.003023 -0.312557 -0.031245 ) 
 (  0.036478 -0.112269 -0.033152  0.102033  0.021247 -0.065392 ) 
 ( -0.332034 -0.290796 -0.124003  0.078288  0.067536  0.002135 ) 
 (  0.439547 -0.040094  0.054304  0.136224 -0.055893 -0.037970 ) 
 ( -0.037738 -0.116147  0.028279  0.087032 -0.035771 -0.110091 ) 
 (  0.044611  0.000000 -0.112309 -0.000000  0.479366  0.000000 ) 
     freq (    7) =       5.217276 [THz] =     174.029586 [cm-1]
 (  0.041831 -0.142836  0.060671 -0.090870  0.203616 -0.104252 ) 
 (  0.050114 -0.140144  0.004328 -0.109177 -0.103451 -0.204024 ) 
 (  0.039025 -0.120106 -0.002912  0.008961 -0.024753  0.076182 ) 
 (  0.432470 -0.040959  0.145755 -0.032933  0.002994  0.016555 ) 
 ( -0.325801 -0.287336 -0.098561 -0.112316 -0.012153  0.011634 ) 
 ( -0.034305 -0.105581  0.004593  0.014136  0.058582  0.180296 ) 
 (  0.041707  0.000000 -0.085012 -0.000000 -0.569754  0.000000 ) 
     freq (    8) =       5.444110 [THz] =     181.595949 [cm-1]
 ( -0.070283 -0.134293  0.008606  0.069967  0.077699  0.044102 ) 
 (  0.135796 -0.067334 -0.048088  0.051546 -0.088783 -0.009991 ) 
 ( -0.023355  0.071880  0.100288 -0.308654  0.007376 -0.022702 ) 
 ( -0.079742  0.064357  0.086691 -0.471098  0.004032 -0.010379 ) 
 (  0.026684  0.098937  0.206770 -0.432082  0.002838 -0.010766 ) 
 (  0.091586  0.281871 -0.081567 -0.251037 -0.021475 -0.066093 ) 
 ( -0.047428  0.000000  0.408426 -0.000000  0.070650  0.000000 ) 
     freq (    9) =       6.045509 [THz] =     201.656480 [cm-1]
 ( -0.136390  0.024006  0.042441 -0.016618 -0.014437  0.098868 ) 
 (  0.096231  0.099589 -0.024568 -0.038391 -0.046433  0.088472 ) 
 ( -0.001814  0.005582 -0.005893  0.018138  0.035292 -0.108619 ) 
 (  0.247790  0.150007 -0.318778 -0.163815  0.026249 -0.102949 ) 
 ( -0.288638 -0.024289  0.354184  0.054844  0.039276 -0.098717 ) 
 ( -0.070452 -0.216830  0.005635  0.017344 -0.155068 -0.477249 ) 
 (  0.001775  0.000000 -0.237146 -0.000000 -0.341215  0.000000 ) 
     freq (   10) =       6.381683 [THz] =     212.870027 [cm-1]
 (  0.032628  0.006606 -0.027439 -0.018879 -0.040534 -0.012547 ) 
 ( -0.030280 -0.013834  0.033295  0.000855  0.040168  0.013675 ) 
 (  0.018901 -0.058171  0.042600 -0.131109 -0.012613  0.038819 ) 
 ( -0.115979  0.012709  0.124058 -0.224914 -0.003699  0.031777 ) 
 (  0.086359  0.078453  0.031836 -0.254878 -0.015685  0.027883 ) 
 ( -0.189132 -0.582088 -0.030938 -0.095218  0.035610  0.109596 ) 
 (  0.022042 -0.000000 -0.621834 -0.000000  0.145819  0.000000 ) 
     freq (   11) =       7.055061 [THz] =     235.331495 [cm-1]
 ( -0.038220  0.009156 -0.019025 -0.000418 -0.027669  0.084875 ) 
 (  0.025540  0.029872  0.015637  0.010845 -0.027504  0.084929 ) 
 (  0.003180 -0.009787  0.005290 -0.016281  0.086822 -0.267211 ) 
 (  0.164850 -0.025676  0.597570  0.170483  0.048399 -0.171600 ) 
 ( -0.118274 -0.117669 -0.583651 -0.213319  0.061708 -0.167276 ) 
 ( -0.009941 -0.030594 -0.004290 -0.013204  0.026116  0.080378 ) 
 (  0.001674 -0.000000 -0.018552  0.000000 -0.025229  0.000000 ) 
     freq (   12) =       7.707871 [THz] =     257.106913 [cm-1]
 ( -0.011481  0.041204  0.002949  0.007853 -0.128279  0.031221 ) 
 ( -0.014931  0.040083 -0.007002  0.004620  0.085428  0.100659 ) 
 (  0.103714 -0.319200  0.037673 -0.115945 -0.012559  0.038652 ) 
 (  0.178183 -0.565986 -0.091406 -0.015879  0.037522 -0.009840 ) 
 (  0.188525 -0.562626  0.083283  0.040881 -0.024572 -0.030015 ) 
 (  0.040223  0.123794 -0.027255 -0.083883 -0.044882 -0.138133 ) 
 (  0.111628  0.000000  0.222478  0.000000  0.001703  0.000000 ) 
     freq (   13) =       9.392693 [THz] =     313.306512 [cm-1]
 (  0.014335  0.047161 -0.008028 -0.003951 -0.019710  0.003552 ) 
 ( -0.039318  0.029728  0.008817  0.001523  0.013858  0.014459 ) 
 (  0.037586 -0.115677 -0.074499  0.229284  0.003358 -0.010336 ) 
 ( -0.013506  0.107899  0.176374 -0.600987  0.007190  0.004128 ) 
 ( -0.052495  0.095230  0.210562 -0.589878 -0.008243 -0.000887 ) 
 (  0.060583  0.186455  0.066006  0.203145  0.026411  0.081285 ) 
 (  0.065769 -0.000000  0.092918  0.000000  0.091916  0.000000 ) 
     freq (   14) =       9.756628 [THz] =     325.446091 [cm-1]
 ( -0.011522 -0.008912 -0.002757 -0.012244 -0.013290  0.011498 ) 
 (  0.014559 -0.000438  0.009427 -0.008285  0.003993  0.017114 ) 
 (  0.052131 -0.160442  0.007586 -0.023348  0.021823 -0.067163 ) 
 ( -0.070056  0.353140 -0.148121  0.093465 -0.016192  0.011598 ) 
 ( -0.150894  0.326874  0.064895  0.162678  0.006282  0.018900 ) 
 ( -0.141767 -0.436313 -0.007739 -0.023817  0.106233  0.326952 ) 
 (  0.077906  0.000000  0.554730  0.000000  0.012087  0.000000 ) 
     freq (   15) =       9.901190 [THz] =     330.268144 [cm-1]
 (  0.025518 -0.007449 -0.003621 -0.006330  0.003969 -0.012689 ) 
 ( -0.016266 -0.021025  0.006650 -0.002993  0.004247 -0.012599 ) 
 (  0.016341 -0.050294 -0.005058  0.015566 -0.038294  0.117857 ) 
 ( -0.177785  0.118013  0.291106  0.082274 -0.015207  0.023993 ) 
 (  0.074465  0.199974 -0.283869 -0.104547 -0.001800  0.028349 ) 
 ( -0.064058 -0.197150  0.003305  0.010173 -0.236739 -0.728608 ) 
 (  0.027798  0.000000  0.242546  0.000000 -0.119991  0.000000 ) 
     freq (   16) =      10.914185 [THz] =     364.058022 [cm-1]
 ( -0.006908  0.006941 -0.008574 -0.002194 -0.012401 -0.011923 ) 
 (  0.001508  0.009676  0.008226  0.003265  0.017040 -0.002357 ) 
 (  0.011952 -0.036785  0.002745 -0.008450  0.031684 -0.097512 ) 
 ( -0.436288 -0.084273 -0.018858 -0.016377  0.003628  0.120339 ) 
 (  0.402498  0.188266  0.024883 -0.002165 -0.073669  0.095224 ) 
 (  0.045587  0.140302 -0.000072 -0.000221  0.035350  0.108797 ) 
 (  0.014339 -0.000000 -0.108694  0.000000 -0.717613  0.000000 ) 
     freq (   17) =      11.457821 [THz] =     382.191784 [cm-1]
 ( -0.006149 -0.021399 -0.007111 -0.028305 -0.001755  0.005627 ) 
 (  0.017553 -0.013698  0.022391 -0.018720 -0.001888  0.005584 ) 
 (  0.057469 -0.176872  0.021775 -0.067018  0.002025 -0.006231 ) 
 (  0.000144  0.379271 -0.007368  0.153282 -0.161968  0.071924 ) 
 ( -0.223046  0.306752 -0.084135  0.128338  0.088759  0.153390 ) 
 (  0.181084  0.557321 -0.010386 -0.031966 -0.029088 -0.089524 ) 
 (  0.056459 -0.000000 -0.417489  0.000000  0.170773  0.000000 ) 
     freq (   18) =      14.058103 [THz] =     468.927829 [cm-1]
 (  0.018516 -0.008170  0.000174 -0.004811 -0.003017  0.022181 ) 
 ( -0.010178 -0.017493  0.002687 -0.003994 -0.010597  0.019718 ) 
 (  0.008701 -0.026778  0.001950 -0.006001 -0.032308  0.099435 ) 
 ( -0.134184  0.051112 -0.029792  0.013311  0.087950 -0.667191 ) 
 (  0.078514  0.120222  0.016279  0.028280  0.321012 -0.591465 ) 
 (  0.027932  0.085965 -0.001372 -0.004223  0.034467  0.106078 ) 
 (  0.005632  0.000000 -0.055135  0.000000 -0.116371  0.000000 ) 
     freq (   19) =      15.328257 [THz] =     511.295604 [cm-1]
 (  0.000580 -0.013140 -0.000255 -0.006933 -0.016189 -0.003545 ) 
 (  0.007254 -0.010972  0.004282 -0.005459  0.015181  0.006648 ) 
 (  0.005127 -0.015778  0.004205 -0.012942 -0.005999  0.018463 ) 
 (  0.008208  0.104090 -0.000178  0.034046  0.683127  0.116146 ) 
 ( -0.067823  0.079386 -0.019867  0.027648 -0.620930 -0.307568 ) 
 (  0.029086  0.089518  0.004787  0.014734 -0.001321 -0.004065 ) 
 (  0.022697  0.000000 -0.057013  0.000000  0.029353  0.000000 ) 
     freq (   20) =      21.832197 [THz] =     728.243716 [cm-1]
 (  0.000153  0.000512 -0.000068 -0.000554 -0.000182 -0.000118 ) 
 ( -0.000425  0.000324  0.000380 -0.000408  0.000217  0.000012 ) 
 (  0.004732 -0.014563 -0.039323  0.121023 -0.000017  0.000052 ) 
 ( -0.001116  0.006495  0.002334 -0.007201  0.016846  0.005208 ) 
 ( -0.002915  0.005910  0.002344 -0.007198 -0.016690 -0.005688 ) 
 (  0.003461  0.010650 -0.304307 -0.936560 -0.000007 -0.000020 ) 
 ( -0.112132 -0.000000 -0.017383  0.000000  0.000297  0.000000 ) 
     freq (   21) =      23.028029 [THz] =     768.132356 [cm-1]
 ( -0.000189 -0.000997  0.000013 -0.000005  0.001446  0.000038 ) 
 (  0.000739 -0.000695 -0.000007 -0.000012 -0.001192 -0.000819 ) 
 ( -0.017959  0.055274 -0.001589  0.004891 -0.000068  0.000209 ) 
 (  0.002918 -0.007543 -0.000392  0.002546 -0.010046 -0.004269 ) 
 (  0.002073 -0.007818 -0.001179  0.002290  0.010637  0.002451 ) 
 (  0.004652  0.014318 -0.035413 -0.108989 -0.000103 -0.000317 ) 
 (  0.991342  0.000000 -0.009458 -0.000000  0.000158  0.000000 ) 
 **************************************************************************
