Dynamical matrix file
Sr2RuO4                                                                    
  3    7   7   7.3000120   0.0000000   3.2938131   0.0000000   0.0000000   0.0000000
           1  'Sr     '    79860.7445811805     
           2  'Ru     '    92119.6696509919     
           3  'O      '    14582.1964454954     
    1    1      0.0000000000      0.0000000000      1.1602701746
    2    1      0.0000000000      0.0000000000     -1.1602701746
    3    2      0.0000000000      0.0000000000      0.0000000000
    4    3      0.0000000000      0.0000000000      0.5380857149
    5    3      0.0000000000      0.0000000000     -0.5380857149
    6    3      0.0000000000     -0.5000000000      0.0000000000
    7    3      0.5000000000      0.0000000000      0.0000000000

     Dynamical  Matrix in cartesian axes

     q = (   -0.400000000   0.400000000   0.242879598 ) 

    1    1
  0.12367062  -0.00000000    -0.00265794   0.00000000    -0.00000087   0.00168607
 -0.00265794   0.00000000     0.12367062  -0.00000000     0.00000087  -0.00168607
 -0.00000087  -0.00168607     0.00000087   0.00168607     0.17022063   0.00000000
    1    2
  0.00176639  -0.00397198     0.01899784  -0.01366678     0.00891495   0.01151273
  0.01899784  -0.01366678     0.00176639  -0.00397198    -0.00891495  -0.01151273
  0.00891495   0.01151273    -0.00891495  -0.01151273    -0.00166099   0.01365268
    1    3
  0.00002888  -0.00102094     0.06068398  -0.04430189    -0.01488397  -0.02220145
  0.06068398  -0.04430189     0.00002888  -0.00102094     0.01488397   0.02220145
 -0.01487855  -0.02237749     0.01487855   0.02237749    -0.02433620   0.00015728
    1    4
 -0.01284992  -0.00010651    -0.00170970   0.00190901     0.00137851   0.00512614
 -0.00170970   0.00190901    -0.01284992  -0.00010651    -0.00137851  -0.00512614
  0.00079547   0.00354072    -0.00079547  -0.00354072    -0.04387994  -0.00025150
    1    5
  0.00116177  -0.00074345    -0.02346397   0.01702857     0.00579387   0.00841242
 -0.02346397   0.01702857     0.00116177  -0.00074345    -0.00579387  -0.00841242
 -0.00151236  -0.00185445     0.00151236   0.00185445     0.00681489  -0.00390049
    1    6
  0.00396136   0.00249245     0.00336247   0.00259299     0.00406437  -0.00583168
 -0.00193628  -0.00097007    -0.00007995   0.00033332     0.00028347  -0.00081004
  0.00048908  -0.00084676    -0.00155341   0.00096233     0.00324260   0.00348500
    1    7
 -0.00007995   0.00033332    -0.00193628  -0.00097007    -0.00028347   0.00081004
  0.00336247   0.00259299     0.00396136   0.00249245    -0.00406437   0.00583168
  0.00155341  -0.00096233    -0.00048908   0.00084676     0.00324260   0.00348500
    2    1
  0.00176639   0.00397198     0.01899784   0.01366678     0.00891495  -0.01151273
  0.01899784   0.01366678     0.00176639   0.00397198    -0.00891495   0.01151273
  0.00891495  -0.01151273    -0.00891495   0.01151273    -0.00166099  -0.01365268
    2    2
  0.12367062   0.00000000    -0.00265794  -0.00000000    -0.00000087  -0.00168607
 -0.00265794  -0.00000000     0.12367062   0.00000000     0.00000087   0.00168607
 -0.00000087   0.00168607     0.00000087  -0.00168607     0.17022063   0.00000000
    2    3
  0.00002888   0.00102094     0.06068398   0.04430189    -0.01488397   0.02220145
  0.06068398   0.04430189     0.00002888   0.00102094     0.01488397  -0.02220145
 -0.01487855   0.02237749     0.01487855  -0.02237749    -0.02433620  -0.00015728
    2    4
  0.00116177   0.00074345    -0.02346397  -0.01702857     0.00579387  -0.00841242
 -0.02346397  -0.01702857     0.00116177   0.00074345    -0.00579387   0.00841242
 -0.00151236   0.00185445     0.00151236  -0.00185445     0.00681489   0.00390049
    2    5
 -0.01284992   0.00010651    -0.00170970  -0.00190901     0.00137851  -0.00512614
 -0.00170970  -0.00190901    -0.01284992   0.00010651    -0.00137851   0.00512614
  0.00079547  -0.00354072    -0.00079547   0.00354072    -0.04387994   0.00025150
    2    6
 -0.00173978   0.00434487    -0.00119618   0.00407419    -0.00671592  -0.00232896
  0.00099629  -0.00192292     0.00026060   0.00022267    -0.00070546  -0.00048872
 -0.00089339  -0.00039757     0.00182238  -0.00013453    -0.00057488   0.00472537
    2    7
  0.00026060   0.00022267     0.00099629  -0.00192292     0.00070546   0.00048872
 -0.00119618   0.00407419    -0.00173978   0.00434487     0.00671592   0.00232896
 -0.00182238   0.00013453     0.00089339   0.00039757    -0.00057488   0.00472537
    3    1
  0.00002888   0.00102094     0.06068398   0.04430189    -0.01487855   0.02237749
  0.06068398   0.04430189     0.00002888   0.00102094     0.01487855  -0.02237749
 -0.01488397   0.02220145     0.01488397  -0.02220145    -0.02433620  -0.00015728
    3    2
  0.00002888  -0.00102094     0.06068398  -0.04430189    -0.01487855  -0.02237749
  0.06068398  -0.04430189     0.00002888  -0.00102094     0.01487855   0.02237749
 -0.01488397  -0.02220145     0.01488397   0.02220145    -0.02433620   0.00015728
    3    3
  0.71290747   0.00000000    -0.01811561   0.00000000    -0.00139013   0.00000000
 -0.01811561   0.00000000     0.71290747   0.00000000     0.00139013   0.00000000
 -0.00139013   0.00000000     0.00139013   0.00000000     0.48737650   0.00000000
    3    4
 -0.05935599   0.00017204     0.00364833   0.00087703     0.00285295  -0.00659337
  0.00364833   0.00087703    -0.05935599   0.00017204    -0.00285295   0.00659337
  0.00243645  -0.00492041    -0.00243645   0.00492041    -0.10556920  -0.00146020
    3    5
 -0.05935599  -0.00017204     0.00364833  -0.00087703     0.00285295   0.00659337
  0.00364833  -0.00087703    -0.05935599  -0.00017204    -0.00285295  -0.00659337
  0.00243645   0.00492041    -0.00243645  -0.00492041    -0.10556920   0.00146020
    3    6
 -0.00753356  -0.02318592    -0.01114129  -0.03428936     0.00017800   0.00054783
 -0.00060565  -0.00186399    -0.06989198  -0.21510539    -0.00002865  -0.00008819
  0.00087657   0.00269781     0.00005678   0.00017475    -0.01274168  -0.03921487
    3    7
 -0.06989198  -0.21510539    -0.00060565  -0.00186399     0.00002865   0.00008819
 -0.01114129  -0.03428936    -0.00753356  -0.02318592    -0.00017800  -0.00054783
 -0.00005678  -0.00017475    -0.00087657  -0.00269781    -0.01274168  -0.03921487
    4    1
 -0.01284992   0.00010651    -0.00170970  -0.00190901     0.00079547  -0.00354072
 -0.00170970  -0.00190901    -0.01284992   0.00010651    -0.00079547   0.00354072
  0.00137851  -0.00512614    -0.00137851   0.00512614    -0.04387994   0.00025150
    4    2
  0.00116177  -0.00074345    -0.02346397   0.01702857    -0.00151236  -0.00185445
 -0.02346397   0.01702857     0.00116177  -0.00074345     0.00151236   0.00185445
  0.00579387   0.00841242    -0.00579387  -0.00841242     0.00681489  -0.00390049
    4    3
 -0.05935599  -0.00017204     0.00364833  -0.00087703     0.00243645   0.00492041
  0.00364833  -0.00087703    -0.05935599  -0.00017204    -0.00243645  -0.00492041
  0.00285295   0.00659337    -0.00285295  -0.00659337    -0.10556920   0.00146020
    4    4
  0.08923484   0.00000000    -0.00421987   0.00000000    -0.00056433  -0.00086393
 -0.00421987   0.00000000     0.08923484   0.00000000     0.00056433   0.00086393
 -0.00056433   0.00086393     0.00056433  -0.00086393     0.26702412   0.00000000
    4    5
  0.01071937  -0.00026493     0.01000662  -0.00754436    -0.00588004  -0.00912794
  0.01000662  -0.00754436     0.01071937  -0.00026493     0.00588004   0.00912794
 -0.00588004  -0.00912794     0.00588004   0.00912794    -0.02219751  -0.00230906
    4    6
  0.00104095   0.00381470     0.00051575   0.00278921    -0.00001493   0.00049073
 -0.00085371  -0.00260989     0.00079024   0.00255866    -0.03755810   0.01236145
  0.00370923  -0.00706164    -0.00174389   0.00033636    -0.00022903  -0.00415222
    4    7
  0.00079024   0.00255866    -0.00085371  -0.00260989     0.03755810  -0.01236145
  0.00051575   0.00278921     0.00104095   0.00381470     0.00001493  -0.00049073
  0.00174389  -0.00033636    -0.00370923   0.00706164    -0.00022903  -0.00415222
    5    1
  0.00116177   0.00074345    -0.02346397  -0.01702857    -0.00151236   0.00185445
 -0.02346397  -0.01702857     0.00116177   0.00074345     0.00151236  -0.00185445
  0.00579387  -0.00841242    -0.00579387   0.00841242     0.00681489   0.00390049
    5    2
 -0.01284992  -0.00010651    -0.00170970   0.00190901     0.00079547   0.00354072
 -0.00170970   0.00190901    -0.01284992  -0.00010651    -0.00079547  -0.00354072
  0.00137851   0.00512614    -0.00137851  -0.00512614    -0.04387994  -0.00025150
    5    3
 -0.05935599   0.00017204     0.00364833   0.00087703     0.00243645  -0.00492041
  0.00364833   0.00087703    -0.05935599   0.00017204    -0.00243645   0.00492041
  0.00285295  -0.00659337    -0.00285295   0.00659337    -0.10556920  -0.00146020
    5    4
  0.01071937   0.00026493     0.01000662   0.00754436    -0.00588004   0.00912794
  0.01000662   0.00754436     0.01071937   0.00026493     0.00588004  -0.00912794
 -0.00588004   0.00912794     0.00588004  -0.00912794    -0.02219751   0.00230906
    5    5
  0.08923484   0.00000000    -0.00421987   0.00000000    -0.00056433   0.00086393
 -0.00421987   0.00000000     0.08923484   0.00000000     0.00056433  -0.00086393
 -0.00056433  -0.00086393     0.00056433   0.00086393     0.26702412   0.00000000
    5    6
  0.00140007   0.00369801     0.00122220   0.00255967     0.00030052   0.00038823
 -0.00084339  -0.00261324     0.00086463   0.00253449     0.03765102  -0.01207548
 -0.00715156  -0.00353276     0.00160854  -0.00075291    -0.00225533  -0.00349383
    5    7
  0.00086463   0.00253449    -0.00084339  -0.00261324    -0.03765102   0.01207548
  0.00122220   0.00255967     0.00140007   0.00369801    -0.00030052  -0.00038823
 -0.00160854   0.00075291     0.00715156   0.00353276    -0.00225533  -0.00349383
    6    1
  0.00396136  -0.00249245    -0.00193628   0.00097007     0.00048908   0.00084676
  0.00336247  -0.00259299    -0.00007995  -0.00033332    -0.00155341  -0.00096233
  0.00406437   0.00583168     0.00028347   0.00081004     0.00324260  -0.00348500
    6    2
 -0.00173978  -0.00434487     0.00099629   0.00192292    -0.00089339   0.00039757
 -0.00119618  -0.00407419     0.00026060  -0.00022267     0.00182238   0.00013453
 -0.00671592   0.00232896    -0.00070546   0.00048872    -0.00057488  -0.00472537
    6    3
 -0.00753356   0.02318592    -0.00060565   0.00186399     0.00087657  -0.00269781
 -0.01114129   0.03428936    -0.06989198   0.21510539     0.00005678  -0.00017475
  0.00017800  -0.00054783    -0.00002865   0.00008819    -0.01274168   0.03921487
    6    4
  0.00104095  -0.00381470    -0.00085371   0.00260989     0.00370923   0.00706164
  0.00051575  -0.00278921     0.00079024  -0.00255866    -0.00174389  -0.00033636
 -0.00001493  -0.00049073    -0.03755810  -0.01236145    -0.00022903   0.00415222
    6    5
  0.00140007  -0.00369801    -0.00084339   0.00261324    -0.00715156   0.00353276
  0.00122220  -0.00255967     0.00086463  -0.00253449     0.00160854   0.00075291
  0.00030052  -0.00038823     0.03765102   0.01207548    -0.00225533   0.00349383
    6    6
  0.10353875   0.00000000     0.00178463   0.00000000    -0.00012523   0.00000000
  0.00178463   0.00000000     0.68473572   0.00000000    -0.00005150   0.00000000
 -0.00012523   0.00000000    -0.00005150   0.00000000     0.10230822   0.00000000
    6    7
 -0.00308159   0.00000000    -0.08320731   0.00000000    -0.00004400   0.00000000
 -0.00954379   0.00000000    -0.00308159   0.00000000    -0.00000148   0.00000000
  0.00000148   0.00000000     0.00004400   0.00000000     0.00081041   0.00000000
    7    1
 -0.00007995  -0.00033332     0.00336247  -0.00259299     0.00155341   0.00096233
 -0.00193628   0.00097007     0.00396136  -0.00249245    -0.00048908  -0.00084676
 -0.00028347  -0.00081004    -0.00406437  -0.00583168     0.00324260  -0.00348500
    7    2
  0.00026060  -0.00022267    -0.00119618  -0.00407419    -0.00182238  -0.00013453
  0.00099629   0.00192292    -0.00173978  -0.00434487     0.00089339  -0.00039757
  0.00070546  -0.00048872     0.00671592  -0.00232896    -0.00057488  -0.00472537
    7    3
 -0.06989198   0.21510539    -0.01114129   0.03428936    -0.00005678   0.00017475
 -0.00060565   0.00186399    -0.00753356   0.02318592    -0.00087657   0.00269781
  0.00002865  -0.00008819    -0.00017800   0.00054783    -0.01274168   0.03921487
    7    4
  0.00079024  -0.00255866     0.00051575  -0.00278921     0.00174389   0.00033636
 -0.00085371   0.00260989     0.00104095  -0.00381470    -0.00370923  -0.00706164
  0.03755810   0.01236145     0.00001493   0.00049073    -0.00022903   0.00415222
    7    5
  0.00086463  -0.00253449     0.00122220  -0.00255967    -0.00160854  -0.00075291
 -0.00084339   0.00261324     0.00140007  -0.00369801     0.00715156  -0.00353276
 -0.03765102  -0.01207548    -0.00030052   0.00038823    -0.00225533   0.00349383
    7    6
 -0.00308159   0.00000000    -0.00954379   0.00000000     0.00000148   0.00000000
 -0.08320731   0.00000000    -0.00308159   0.00000000     0.00004400   0.00000000
 -0.00004400   0.00000000    -0.00000148   0.00000000     0.00081041   0.00000000
    7    7
  0.68473572   0.00000000     0.00178463   0.00000000     0.00005150   0.00000000
  0.00178463   0.00000000     0.10353875   0.00000000     0.00012523   0.00000000
  0.00005150   0.00000000     0.00012523   0.00000000     0.10230822   0.00000000

     Dynamical  Matrix in cartesian axes

     q = (    0.400000000  -0.400000000   0.242879598 ) 

    1    1
  0.12367062   0.00000000    -0.00265794   0.00000000     0.00000087  -0.00168607
 -0.00265794   0.00000000     0.12367062   0.00000000    -0.00000087   0.00168607
  0.00000087   0.00168607    -0.00000087  -0.00168607     0.17022063   0.00000000
    1    2
  0.00176639  -0.00397198     0.01899784  -0.01366678    -0.00891495  -0.01151273
  0.01899784  -0.01366678     0.00176639  -0.00397198     0.00891495   0.01151273
 -0.00891495  -0.01151273     0.00891495   0.01151273    -0.00166099   0.01365268
    1    3
  0.00002888  -0.00102094     0.06068398  -0.04430189     0.01488397   0.02220145
  0.06068398  -0.04430189     0.00002888  -0.00102094    -0.01488397  -0.02220145
  0.01487855   0.02237749    -0.01487855  -0.02237749    -0.02433620   0.00015728
    1    4
 -0.01284992  -0.00010651    -0.00170970   0.00190901    -0.00137851  -0.00512614
 -0.00170970   0.00190901    -0.01284992  -0.00010651     0.00137851   0.00512614
 -0.00079547  -0.00354072     0.00079547   0.00354072    -0.04387994  -0.00025150
    1    5
  0.00116177  -0.00074345    -0.02346397   0.01702857    -0.00579387  -0.00841242
 -0.02346397   0.01702857     0.00116177  -0.00074345     0.00579387   0.00841242
  0.00151236   0.00185445    -0.00151236  -0.00185445     0.00681489  -0.00390049
    1    6
 -0.00173978  -0.00434487    -0.00119618  -0.00407419     0.00671592  -0.00232896
  0.00099629   0.00192292     0.00026060  -0.00022267     0.00070546  -0.00048872
  0.00089339  -0.00039757    -0.00182238  -0.00013453    -0.00057488  -0.00472537
    1    7
  0.00026060  -0.00022267     0.00099629   0.00192292    -0.00070546   0.00048872
 -0.00119618  -0.00407419    -0.00173978  -0.00434487    -0.00671592   0.00232896
  0.00182238   0.00013453    -0.00089339   0.00039757    -0.00057488  -0.00472537
    2    1
  0.00176639   0.00397198     0.01899784   0.01366678    -0.00891495   0.01151273
  0.01899784   0.01366678     0.00176639   0.00397198     0.00891495  -0.01151273
 -0.00891495   0.01151273     0.00891495  -0.01151273    -0.00166099  -0.01365268
    2    2
  0.12367062   0.00000000    -0.00265794   0.00000000     0.00000087   0.00168607
 -0.00265794   0.00000000     0.12367062   0.00000000    -0.00000087  -0.00168607
  0.00000087  -0.00168607    -0.00000087   0.00168607     0.17022063   0.00000000
    2    3
  0.00002888   0.00102094     0.06068398   0.04430189     0.01488397  -0.02220145
  0.06068398   0.04430189     0.00002888   0.00102094    -0.01488397   0.02220145
  0.01487855  -0.02237749    -0.01487855   0.02237749    -0.02433620  -0.00015728
    2    4
  0.00116177   0.00074345    -0.02346397  -0.01702857    -0.00579387   0.00841242
 -0.02346397  -0.01702857     0.00116177   0.00074345     0.00579387  -0.00841242
  0.00151236  -0.00185445    -0.00151236   0.00185445     0.00681489   0.00390049
    2    5
 -0.01284992   0.00010651    -0.00170970  -0.00190901    -0.00137851   0.00512614
 -0.00170970  -0.00190901    -0.01284992   0.00010651     0.00137851  -0.00512614
 -0.00079547   0.00354072     0.00079547  -0.00354072    -0.04387994   0.00025150
    2    6
  0.00396136  -0.00249245     0.00336247  -0.00259299    -0.00406437  -0.00583168
 -0.00193628   0.00097007    -0.00007995  -0.00033332    -0.00028347  -0.00081004
 -0.00048908  -0.00084676     0.00155341   0.00096233     0.00324260  -0.00348500
    2    7
 -0.00007995  -0.00033332    -0.00193628   0.00097007     0.00028347   0.00081004
  0.00336247  -0.00259299     0.00396136  -0.00249245     0.00406437   0.00583168
 -0.00155341  -0.00096233     0.00048908   0.00084676     0.00324260  -0.00348500
    3    1
  0.00002888   0.00102094     0.06068398   0.04430189     0.01487855  -0.02237749
  0.06068398   0.04430189     0.00002888   0.00102094    -0.01487855   0.02237749
  0.01488397  -0.02220145    -0.01488397   0.02220145    -0.02433620  -0.00015728
    3    2
  0.00002888  -0.00102094     0.06068398  -0.04430189     0.01487855   0.02237749
  0.06068398  -0.04430189     0.00002888  -0.00102094    -0.01487855  -0.02237749
  0.01488397   0.02220145    -0.01488397  -0.02220145    -0.02433620   0.00015728
    3    3
  0.71290747   0.00000000    -0.01811561   0.00000000     0.00139013   0.00000000
 -0.01811561   0.00000000     0.71290747   0.00000000    -0.00139013   0.00000000
  0.00139013   0.00000000    -0.00139013   0.00000000     0.48737650   0.00000000
    3    4
 -0.05935599   0.00017204     0.00364833   0.00087703    -0.00285295   0.00659337
  0.00364833   0.00087703    -0.05935599   0.00017204     0.00285295  -0.00659337
 -0.00243645   0.00492041     0.00243645  -0.00492041    -0.10556920  -0.00146020
    3    5
 -0.05935599  -0.00017204     0.00364833  -0.00087703    -0.00285295  -0.00659337
  0.00364833  -0.00087703    -0.05935599  -0.00017204     0.00285295   0.00659337
 -0.00243645  -0.00492041     0.00243645   0.00492041    -0.10556920   0.00146020
    3    6
 -0.00753356   0.02318592    -0.01114129   0.03428936    -0.00017800   0.00054783
 -0.00060565   0.00186399    -0.06989198   0.21510539     0.00002865  -0.00008819
 -0.00087657   0.00269781    -0.00005678   0.00017475    -0.01274168   0.03921487
    3    7
 -0.06989198   0.21510539    -0.00060565   0.00186399    -0.00002865   0.00008819
 -0.01114129   0.03428936    -0.00753356   0.02318592     0.00017800  -0.00054783
  0.00005678  -0.00017475     0.00087657  -0.00269781    -0.01274168   0.03921487
    4    1
 -0.01284992   0.00010651    -0.00170970  -0.00190901    -0.00079547   0.00354072
 -0.00170970  -0.00190901    -0.01284992   0.00010651     0.00079547  -0.00354072
 -0.00137851   0.00512614     0.00137851  -0.00512614    -0.04387994   0.00025150
    4    2
  0.00116177  -0.00074345    -0.02346397   0.01702857     0.00151236   0.00185445
 -0.02346397   0.01702857     0.00116177  -0.00074345    -0.00151236  -0.00185445
 -0.00579387  -0.00841242     0.00579387   0.00841242     0.00681489  -0.00390049
    4    3
 -0.05935599  -0.00017204     0.00364833  -0.00087703    -0.00243645  -0.00492041
  0.00364833  -0.00087703    -0.05935599  -0.00017204     0.00243645   0.00492041
 -0.00285295  -0.00659337     0.00285295   0.00659337    -0.10556920   0.00146020
    4    4
  0.08923484  -0.00000000    -0.00421987   0.00000000     0.00056433   0.00086393
 -0.00421987   0.00000000     0.08923484  -0.00000000    -0.00056433  -0.00086393
  0.00056433  -0.00086393    -0.00056433   0.00086393     0.26702412   0.00000000
    4    5
  0.01071937  -0.00026493     0.01000662  -0.00754436     0.00588004   0.00912794
  0.01000662  -0.00754436     0.01071937  -0.00026493    -0.00588004  -0.00912794
  0.00588004   0.00912794    -0.00588004  -0.00912794    -0.02219751  -0.00230906
    4    6
  0.00140007  -0.00369801     0.00122220  -0.00255967    -0.00030052   0.00038823
 -0.00084339   0.00261324     0.00086463  -0.00253449    -0.03765102  -0.01207548
  0.00715156  -0.00353276    -0.00160854  -0.00075291    -0.00225533   0.00349383
    4    7
  0.00086463  -0.00253449    -0.00084339   0.00261324     0.03765102   0.01207548
  0.00122220  -0.00255967     0.00140007  -0.00369801     0.00030052  -0.00038823
  0.00160854   0.00075291    -0.00715156   0.00353276    -0.00225533   0.00349383
    5    1
  0.00116177   0.00074345    -0.02346397  -0.01702857     0.00151236  -0.00185445
 -0.02346397  -0.01702857     0.00116177   0.00074345    -0.00151236   0.00185445
 -0.00579387   0.00841242     0.00579387  -0.00841242     0.00681489   0.00390049
    5    2
 -0.01284992  -0.00010651    -0.00170970   0.00190901    -0.00079547  -0.00354072
 -0.00170970   0.00190901    -0.01284992  -0.00010651     0.00079547   0.00354072
 -0.00137851  -0.00512614     0.00137851   0.00512614    -0.04387994  -0.00025150
    5    3
 -0.05935599   0.00017204     0.00364833   0.00087703    -0.00243645   0.00492041
  0.00364833   0.00087703    -0.05935599   0.00017204     0.00243645  -0.00492041
 -0.00285295   0.00659337     0.00285295  -0.00659337    -0.10556920  -0.00146020
    5    4
  0.01071937   0.00026493     0.01000662   0.00754436     0.00588004  -0.00912794
  0.01000662   0.00754436     0.01071937   0.00026493    -0.00588004   0.00912794
  0.00588004  -0.00912794    -0.00588004   0.00912794    -0.02219751   0.00230906
    5    5
  0.08923484   0.00000000    -0.00421987  -0.00000000     0.00056433  -0.00086393
 -0.00421987  -0.00000000     0.08923484   0.00000000    -0.00056433   0.00086393
  0.00056433   0.00086393    -0.00056433  -0.00086393     0.26702412   0.00000000
    5    6
  0.00104095  -0.00381470     0.00051575  -0.00278921     0.00001493   0.00049073
 -0.00085371   0.00260989     0.00079024  -0.00255866     0.03755810   0.01236145
 -0.00370923  -0.00706164     0.00174389   0.00033636    -0.00022903   0.00415222
    5    7
  0.00079024  -0.00255866    -0.00085371   0.00260989    -0.03755810  -0.01236145
  0.00051575  -0.00278921     0.00104095  -0.00381470    -0.00001493  -0.00049073
 -0.00174389  -0.00033636     0.00370923   0.00706164    -0.00022903   0.00415222
    6    1
 -0.00173978   0.00434487     0.00099629  -0.00192292     0.00089339   0.00039757
 -0.00119618   0.00407419     0.00026060   0.00022267    -0.00182238   0.00013453
  0.00671592   0.00232896     0.00070546   0.00048872    -0.00057488   0.00472537
    6    2
  0.00396136   0.00249245    -0.00193628  -0.00097007    -0.00048908   0.00084676
  0.00336247   0.00259299    -0.00007995   0.00033332     0.00155341  -0.00096233
 -0.00406437   0.00583168    -0.00028347   0.00081004     0.00324260   0.00348500
    6    3
 -0.00753356  -0.02318592    -0.00060565  -0.00186399    -0.00087657  -0.00269781
 -0.01114129  -0.03428936    -0.06989198  -0.21510539    -0.00005678  -0.00017475
 -0.00017800  -0.00054783     0.00002865   0.00008819    -0.01274168  -0.03921487
    6    4
  0.00140007   0.00369801    -0.00084339  -0.00261324     0.00715156   0.00353276
  0.00122220   0.00255967     0.00086463   0.00253449    -0.00160854   0.00075291
 -0.00030052  -0.00038823    -0.03765102   0.01207548    -0.00225533  -0.00349383
    6    5
  0.00104095   0.00381470    -0.00085371  -0.00260989    -0.00370923   0.00706164
  0.00051575   0.00278921     0.00079024   0.00255866     0.00174389  -0.00033636
  0.00001493  -0.00049073     0.03755810  -0.01236145    -0.00022903  -0.00415222
    6    6
  0.10353875   0.00000000     0.00178463   0.00000000     0.00012523   0.00000000
  0.00178463   0.00000000     0.68473572   0.00000000     0.00005150   0.00000000
  0.00012523   0.00000000     0.00005150   0.00000000     0.10230822   0.00000000
    6    7
 -0.00308159   0.00000000    -0.08320731   0.00000000     0.00004400   0.00000000
 -0.00954379   0.00000000    -0.00308159   0.00000000     0.00000148   0.00000000
 -0.00000148   0.00000000    -0.00004400   0.00000000     0.00081041   0.00000000
    7    1
  0.00026060   0.00022267    -0.00119618   0.00407419     0.00182238  -0.00013453
  0.00099629  -0.00192292    -0.00173978   0.00434487    -0.00089339  -0.00039757
 -0.00070546  -0.00048872    -0.00671592  -0.00232896    -0.00057488   0.00472537
    7    2
 -0.00007995   0.00033332     0.00336247   0.00259299    -0.00155341   0.00096233
 -0.00193628  -0.00097007     0.00396136   0.00249245     0.00048908  -0.00084676
  0.00028347  -0.00081004     0.00406437  -0.00583168     0.00324260   0.00348500
    7    3
 -0.06989198  -0.21510539    -0.01114129  -0.03428936     0.00005678   0.00017475
 -0.00060565  -0.00186399    -0.00753356  -0.02318592     0.00087657   0.00269781
 -0.00002865  -0.00008819     0.00017800   0.00054783    -0.01274168  -0.03921487
    7    4
  0.00086463   0.00253449     0.00122220   0.00255967     0.00160854  -0.00075291
 -0.00084339  -0.00261324     0.00140007   0.00369801    -0.00715156  -0.00353276
  0.03765102  -0.01207548     0.00030052   0.00038823    -0.00225533  -0.00349383
    7    5
  0.00079024   0.00255866     0.00051575   0.00278921    -0.00174389   0.00033636
 -0.00085371  -0.00260989     0.00104095   0.00381470     0.00370923  -0.00706164
 -0.03755810   0.01236145    -0.00001493   0.00049073    -0.00022903  -0.00415222
    7    6
 -0.00308159   0.00000000    -0.00954379   0.00000000    -0.00000148   0.00000000
 -0.08320731   0.00000000    -0.00308159   0.00000000    -0.00004400   0.00000000
  0.00004400   0.00000000     0.00000148   0.00000000     0.00081041   0.00000000
    7    7
  0.68473572   0.00000000     0.00178463   0.00000000    -0.00005150   0.00000000
  0.00178463   0.00000000     0.10353875   0.00000000    -0.00012523   0.00000000
 -0.00005150   0.00000000    -0.00012523   0.00000000     0.10230822   0.00000000

     Dynamical  Matrix in cartesian axes

     q = (    0.400000000  -0.400000000  -0.242879598 ) 

    1    1
  0.12367062   0.00000000    -0.00265794  -0.00000000    -0.00000087  -0.00168607
 -0.00265794  -0.00000000     0.12367062   0.00000000     0.00000087   0.00168607
 -0.00000087   0.00168607     0.00000087  -0.00168607     0.17022063   0.00000000
    1    2
  0.00176639   0.00397198     0.01899784   0.01366678     0.00891495  -0.01151273
  0.01899784   0.01366678     0.00176639   0.00397198    -0.00891495   0.01151273
  0.00891495  -0.01151273    -0.00891495   0.01151273    -0.00166099  -0.01365268
    1    3
  0.00002888   0.00102094     0.06068398   0.04430189    -0.01488397   0.02220145
  0.06068398   0.04430189     0.00002888   0.00102094     0.01488397  -0.02220145
 -0.01487855   0.02237749     0.01487855  -0.02237749    -0.02433620  -0.00015728
    1    4
 -0.01284992   0.00010651    -0.00170970  -0.00190901     0.00137851  -0.00512614
 -0.00170970  -0.00190901    -0.01284992   0.00010651    -0.00137851   0.00512614
  0.00079547  -0.00354072    -0.00079547   0.00354072    -0.04387994   0.00025150
    1    5
  0.00116177   0.00074345    -0.02346397  -0.01702857     0.00579387  -0.00841242
 -0.02346397  -0.01702857     0.00116177   0.00074345    -0.00579387   0.00841242
 -0.00151236   0.00185445     0.00151236  -0.00185445     0.00681489   0.00390049
    1    6
  0.00396136  -0.00249245     0.00336247  -0.00259299     0.00406437   0.00583168
 -0.00193628   0.00097007    -0.00007995  -0.00033332     0.00028347   0.00081004
  0.00048908   0.00084676    -0.00155341  -0.00096233     0.00324260  -0.00348500
    1    7
 -0.00007995  -0.00033332    -0.00193628   0.00097007    -0.00028347  -0.00081004
  0.00336247  -0.00259299     0.00396136  -0.00249245    -0.00406437  -0.00583168
  0.00155341   0.00096233    -0.00048908  -0.00084676     0.00324260  -0.00348500
    2    1
  0.00176639  -0.00397198     0.01899784  -0.01366678     0.00891495   0.01151273
  0.01899784  -0.01366678     0.00176639  -0.00397198    -0.00891495  -0.01151273
  0.00891495   0.01151273    -0.00891495  -0.01151273    -0.00166099   0.01365268
    2    2
  0.12367062  -0.00000000    -0.00265794   0.00000000    -0.00000087   0.00168607
 -0.00265794   0.00000000     0.12367062  -0.00000000     0.00000087  -0.00168607
 -0.00000087  -0.00168607     0.00000087   0.00168607     0.17022063   0.00000000
    2    3
  0.00002888  -0.00102094     0.06068398  -0.04430189    -0.01488397  -0.02220145
  0.06068398  -0.04430189     0.00002888  -0.00102094     0.01488397   0.02220145
 -0.01487855  -0.02237749     0.01487855   0.02237749    -0.02433620   0.00015728
    2    4
  0.00116177  -0.00074345    -0.02346397   0.01702857     0.00579387   0.00841242
 -0.02346397   0.01702857     0.00116177  -0.00074345    -0.00579387  -0.00841242
 -0.00151236  -0.00185445     0.00151236   0.00185445     0.00681489  -0.00390049
    2    5
 -0.01284992  -0.00010651    -0.00170970   0.00190901     0.00137851   0.00512614
 -0.00170970   0.00190901    -0.01284992  -0.00010651    -0.00137851  -0.00512614
  0.00079547   0.00354072    -0.00079547  -0.00354072    -0.04387994  -0.00025150
    2    6
 -0.00173978  -0.00434487    -0.00119618  -0.00407419    -0.00671592   0.00232896
  0.00099629   0.00192292     0.00026060  -0.00022267    -0.00070546   0.00048872
 -0.00089339   0.00039757     0.00182238   0.00013453    -0.00057488  -0.00472537
    2    7
  0.00026060  -0.00022267     0.00099629   0.00192292     0.00070546  -0.00048872
 -0.00119618  -0.00407419    -0.00173978  -0.00434487     0.00671592  -0.00232896
 -0.00182238  -0.00013453     0.00089339  -0.00039757    -0.00057488  -0.00472537
    3    1
  0.00002888  -0.00102094     0.06068398  -0.04430189    -0.01487855  -0.02237749
  0.06068398  -0.04430189     0.00002888  -0.00102094     0.01487855   0.02237749
 -0.01488397  -0.02220145     0.01488397   0.02220145    -0.02433620   0.00015728
    3    2
  0.00002888   0.00102094     0.06068398   0.04430189    -0.01487855   0.02237749
  0.06068398   0.04430189     0.00002888   0.00102094     0.01487855  -0.02237749
 -0.01488397   0.02220145     0.01488397  -0.02220145    -0.02433620  -0.00015728
    3    3
  0.71290747   0.00000000    -0.01811561   0.00000000    -0.00139013   0.00000000
 -0.01811561   0.00000000     0.71290747   0.00000000     0.00139013   0.00000000
 -0.00139013   0.00000000     0.00139013   0.00000000     0.48737650   0.00000000
    3    4
 -0.05935599  -0.00017204     0.00364833  -0.00087703     0.00285295   0.00659337
  0.00364833  -0.00087703    -0.05935599  -0.00017204    -0.00285295  -0.00659337
  0.00243645   0.00492041    -0.00243645  -0.00492041    -0.10556920   0.00146020
    3    5
 -0.05935599   0.00017204     0.00364833   0.00087703     0.00285295  -0.00659337
  0.00364833   0.00087703    -0.05935599   0.00017204    -0.00285295   0.00659337
  0.00243645  -0.00492041    -0.00243645   0.00492041    -0.10556920  -0.00146020
    3    6
 -0.00753356   0.02318592    -0.01114129   0.03428936     0.00017800  -0.00054783
 -0.00060565   0.00186399    -0.06989198   0.21510539    -0.00002865   0.00008819
  0.00087657  -0.00269781     0.00005678  -0.00017475    -0.01274168   0.03921487
    3    7
 -0.06989198   0.21510539    -0.00060565   0.00186399     0.00002865  -0.00008819
 -0.01114129   0.03428936    -0.00753356   0.02318592    -0.00017800   0.00054783
 -0.00005678   0.00017475    -0.00087657   0.00269781    -0.01274168   0.03921487
    4    1
 -0.01284992  -0.00010651    -0.00170970   0.00190901     0.00079547   0.00354072
 -0.00170970   0.00190901    -0.01284992  -0.00010651    -0.00079547  -0.00354072
  0.00137851   0.00512614    -0.00137851  -0.00512614    -0.04387994  -0.00025150
    4    2
  0.00116177   0.00074345    -0.02346397  -0.01702857    -0.00151236   0.00185445
 -0.02346397  -0.01702857     0.00116177   0.00074345     0.00151236  -0.00185445
  0.00579387  -0.00841242    -0.00579387   0.00841242     0.00681489   0.00390049
    4    3
 -0.05935599   0.00017204     0.00364833   0.00087703     0.00243645  -0.00492041
  0.00364833   0.00087703    -0.05935599   0.00017204    -0.00243645   0.00492041
  0.00285295  -0.00659337    -0.00285295   0.00659337    -0.10556920  -0.00146020
    4    4
  0.08923484   0.00000000    -0.00421987   0.00000000    -0.00056433   0.00086393
 -0.00421987   0.00000000     0.08923484   0.00000000     0.00056433  -0.00086393
 -0.00056433  -0.00086393     0.00056433   0.00086393     0.26702412   0.00000000
    4    5
  0.01071937   0.00026493     0.01000662   0.00754436    -0.00588004   0.00912794
  0.01000662   0.00754436     0.01071937   0.00026493     0.00588004  -0.00912794
 -0.00588004   0.00912794     0.00588004  -0.00912794    -0.02219751   0.00230906
    4    6
  0.00104095  -0.00381470     0.00051575  -0.00278921    -0.00001493  -0.00049073
 -0.00085371   0.00260989     0.00079024  -0.00255866    -0.03755810  -0.01236145
  0.00370923   0.00706164    -0.00174389  -0.00033636    -0.00022903   0.00415222
    4    7
  0.00079024  -0.00255866    -0.00085371   0.00260989     0.03755810   0.01236145
  0.00051575  -0.00278921     0.00104095  -0.00381470     0.00001493   0.00049073
  0.00174389   0.00033636    -0.00370923  -0.00706164    -0.00022903   0.00415222
    5    1
  0.00116177  -0.00074345    -0.02346397   0.01702857    -0.00151236  -0.00185445
 -0.02346397   0.01702857     0.00116177  -0.00074345     0.00151236   0.00185445
  0.00579387   0.00841242    -0.00579387  -0.00841242     0.00681489  -0.00390049
    5    2
 -0.01284992   0.00010651    -0.00170970  -0.00190901     0.00079547  -0.00354072
 -0.00170970  -0.00190901    -0.01284992   0.00010651    -0.00079547   0.00354072
  0.00137851  -0.00512614    -0.00137851   0.00512614    -0.04387994   0.00025150
    5    3
 -0.05935599  -0.00017204     0.00364833  -0.00087703     0.00243645   0.00492041
  0.00364833  -0.00087703    -0.05935599  -0.00017204    -0.00243645  -0.00492041
  0.00285295   0.00659337    -0.00285295  -0.00659337    -0.10556920   0.00146020
    5    4
  0.01071937  -0.00026493     0.01000662  -0.00754436    -0.00588004  -0.00912794
  0.01000662  -0.00754436     0.01071937  -0.00026493     0.00588004   0.00912794
 -0.00588004  -0.00912794     0.00588004   0.00912794    -0.02219751  -0.00230906
    5    5
  0.08923484   0.00000000    -0.00421987   0.00000000    -0.00056433  -0.00086393
 -0.00421987   0.00000000     0.08923484   0.00000000     0.00056433   0.00086393
 -0.00056433   0.00086393     0.00056433  -0.00086393     0.26702412   0.00000000
    5    6
  0.00140007  -0.00369801     0.00122220  -0.00255967     0.00030052  -0.00038823
 -0.00084339   0.00261324     0.00086463  -0.00253449     0.03765102   0.01207548
 -0.00715156   0.00353276     0.00160854   0.00075291    -0.00225533   0.00349383
    5    7
  0.00086463  -0.00253449    -0.00084339   0.00261324    -0.03765102  -0.01207548
  0.00122220  -0.00255967     0.00140007  -0.00369801    -0.00030052   0.00038823
 -0.00160854  -0.00075291     0.00715156  -0.00353276    -0.00225533   0.00349383
    6    1
  0.00396136   0.00249245    -0.00193628  -0.00097007     0.00048908  -0.00084676
  0.00336247   0.00259299    -0.00007995   0.00033332    -0.00155341   0.00096233
  0.00406437  -0.00583168     0.00028347  -0.00081004     0.00324260   0.00348500
    6    2
 -0.00173978   0.00434487     0.00099629  -0.00192292    -0.00089339  -0.00039757
 -0.00119618   0.00407419     0.00026060   0.00022267     0.00182238  -0.00013453
 -0.00671592  -0.00232896    -0.00070546  -0.00048872    -0.00057488   0.00472537
    6    3
 -0.00753356  -0.02318592    -0.00060565  -0.00186399     0.00087657   0.00269781
 -0.01114129  -0.03428936    -0.06989198  -0.21510539     0.00005678   0.00017475
  0.00017800   0.00054783    -0.00002865  -0.00008819    -0.01274168  -0.03921487
    6    4
  0.00104095   0.00381470    -0.00085371  -0.00260989     0.00370923  -0.00706164
  0.00051575   0.00278921     0.00079024   0.00255866    -0.00174389   0.00033636
 -0.00001493   0.00049073    -0.03755810   0.01236145    -0.00022903  -0.00415222
    6    5
  0.00140007   0.00369801    -0.00084339  -0.00261324    -0.00715156  -0.00353276
  0.00122220   0.00255967     0.00086463   0.00253449     0.00160854  -0.00075291
  0.00030052   0.00038823     0.03765102  -0.01207548    -0.00225533  -0.00349383
    6    6
  0.10353875   0.00000000     0.00178463   0.00000000    -0.00012523   0.00000000
  0.00178463   0.00000000     0.68473572   0.00000000    -0.00005150   0.00000000
 -0.00012523   0.00000000    -0.00005150   0.00000000     0.10230822   0.00000000
    6    7
 -0.00308159   0.00000000    -0.08320731   0.00000000    -0.00004400   0.00000000
 -0.00954379   0.00000000    -0.00308159   0.00000000    -0.00000148   0.00000000
  0.00000148   0.00000000     0.00004400   0.00000000     0.00081041   0.00000000
    7    1
 -0.00007995   0.00033332     0.00336247   0.00259299     0.00155341  -0.00096233
 -0.00193628  -0.00097007     0.00396136   0.00249245    -0.00048908   0.00084676
 -0.00028347   0.00081004    -0.00406437   0.00583168     0.00324260   0.00348500
    7    2
  0.00026060   0.00022267    -0.00119618   0.00407419    -0.00182238   0.00013453
  0.00099629  -0.00192292    -0.00173978   0.00434487     0.00089339   0.00039757
  0.00070546   0.00048872     0.00671592   0.00232896    -0.00057488   0.00472537
    7    3
 -0.06989198  -0.21510539    -0.01114129  -0.03428936    -0.00005678  -0.00017475
 -0.00060565  -0.00186399    -0.00753356  -0.02318592    -0.00087657  -0.00269781
  0.00002865   0.00008819    -0.00017800  -0.00054783    -0.01274168  -0.03921487
    7    4
  0.00079024   0.00255866     0.00051575   0.00278921     0.00174389  -0.00033636
 -0.00085371  -0.00260989     0.00104095   0.00381470    -0.00370923   0.00706164
  0.03755810  -0.01236145     0.00001493  -0.00049073    -0.00022903  -0.00415222
    7    5
  0.00086463   0.00253449     0.00122220   0.00255967    -0.00160854   0.00075291
 -0.00084339  -0.00261324     0.00140007   0.00369801     0.00715156   0.00353276
 -0.03765102   0.01207548    -0.00030052  -0.00038823    -0.00225533  -0.00349383
    7    6
 -0.00308159   0.00000000    -0.00954379   0.00000000     0.00000148   0.00000000
 -0.08320731   0.00000000    -0.00308159   0.00000000     0.00004400   0.00000000
 -0.00004400   0.00000000    -0.00000148   0.00000000     0.00081041   0.00000000
    7    7
  0.68473572   0.00000000     0.00178463   0.00000000     0.00005150   0.00000000
  0.00178463   0.00000000     0.10353875   0.00000000     0.00012523   0.00000000
  0.00005150   0.00000000     0.00012523   0.00000000     0.10230822   0.00000000

     Dynamical  Matrix in cartesian axes

     q = (    0.400000000   0.400000000   0.242879598 ) 

    1    1
  0.12367062  -0.00000000     0.00265794   0.00000000     0.00000087  -0.00168607
  0.00265794  -0.00000000     0.12367062   0.00000000     0.00000087  -0.00168607
  0.00000087   0.00168607     0.00000087   0.00168607     0.17022063   0.00000000
    1    2
  0.00176639  -0.00397198    -0.01899784   0.01366678    -0.00891495  -0.01151273
 -0.01899784   0.01366678     0.00176639  -0.00397198    -0.00891495  -0.01151273
 -0.00891495  -0.01151273    -0.00891495  -0.01151273    -0.00166099   0.01365268
    1    3
  0.00002888  -0.00102094    -0.06068398   0.04430189     0.01488397   0.02220145
 -0.06068398   0.04430189     0.00002888  -0.00102094     0.01488397   0.02220145
  0.01487855   0.02237749     0.01487855   0.02237749    -0.02433620   0.00015728
    1    4
 -0.01284992  -0.00010651     0.00170970  -0.00190901    -0.00137851  -0.00512614
  0.00170970  -0.00190901    -0.01284992  -0.00010651    -0.00137851  -0.00512614
 -0.00079547  -0.00354072    -0.00079547  -0.00354072    -0.04387994  -0.00025150
    1    5
  0.00116177  -0.00074345     0.02346397  -0.01702857    -0.00579387  -0.00841242
  0.02346397  -0.01702857     0.00116177  -0.00074345    -0.00579387  -0.00841242
  0.00151236   0.00185445     0.00151236   0.00185445     0.00681489  -0.00390049
    1    6
  0.00396136   0.00249245    -0.00336247  -0.00259299    -0.00406437   0.00583168
  0.00193628   0.00097007    -0.00007995   0.00033332     0.00028347  -0.00081004
 -0.00048908   0.00084676    -0.00155341   0.00096233     0.00324260   0.00348500
    1    7
  0.00026060  -0.00022267    -0.00099629  -0.00192292    -0.00070546   0.00048872
  0.00119618   0.00407419    -0.00173978  -0.00434487     0.00671592  -0.00232896
  0.00182238   0.00013453     0.00089339  -0.00039757    -0.00057488  -0.00472537
    2    1
  0.00176639   0.00397198    -0.01899784  -0.01366678    -0.00891495   0.01151273
 -0.01899784  -0.01366678     0.00176639   0.00397198    -0.00891495   0.01151273
 -0.00891495   0.01151273    -0.00891495   0.01151273    -0.00166099  -0.01365268
    2    2
  0.12367062   0.00000000     0.00265794   0.00000000     0.00000087   0.00168607
  0.00265794   0.00000000     0.12367062   0.00000000     0.00000087   0.00168607
  0.00000087  -0.00168607     0.00000087  -0.00168607     0.17022063  -0.00000000
    2    3
  0.00002888   0.00102094    -0.06068398  -0.04430189     0.01488397  -0.02220145
 -0.06068398  -0.04430189     0.00002888   0.00102094     0.01488397  -0.02220145
  0.01487855  -0.02237749     0.01487855  -0.02237749    -0.02433620  -0.00015728
    2    4
  0.00116177   0.00074345     0.02346397   0.01702857    -0.00579387   0.00841242
  0.02346397   0.01702857     0.00116177   0.00074345    -0.00579387   0.00841242
  0.00151236  -0.00185445     0.00151236  -0.00185445     0.00681489   0.00390049
    2    5
 -0.01284992   0.00010651     0.00170970   0.00190901    -0.00137851   0.00512614
  0.00170970   0.00190901    -0.01284992   0.00010651    -0.00137851   0.00512614
 -0.00079547   0.00354072    -0.00079547   0.00354072    -0.04387994   0.00025150
    2    6
 -0.00173978   0.00434487     0.00119618  -0.00407419     0.00671592   0.00232896
 -0.00099629   0.00192292     0.00026060   0.00022267    -0.00070546  -0.00048872
  0.00089339   0.00039757     0.00182238  -0.00013453    -0.00057488   0.00472537
    2    7
 -0.00007995  -0.00033332     0.00193628  -0.00097007     0.00028347   0.00081004
 -0.00336247   0.00259299     0.00396136  -0.00249245    -0.00406437  -0.00583168
 -0.00155341  -0.00096233    -0.00048908  -0.00084676     0.00324260  -0.00348500
    3    1
  0.00002888   0.00102094    -0.06068398  -0.04430189     0.01487855  -0.02237749
 -0.06068398  -0.04430189     0.00002888   0.00102094     0.01487855  -0.02237749
  0.01488397  -0.02220145     0.01488397  -0.02220145    -0.02433620  -0.00015728
    3    2
  0.00002888  -0.00102094    -0.06068398   0.04430189     0.01487855   0.02237749
 -0.06068398   0.04430189     0.00002888  -0.00102094     0.01487855   0.02237749
  0.01488397   0.02220145     0.01488397   0.02220145    -0.02433620   0.00015728
    3    3
  0.71290747   0.00000000     0.01811561   0.00000000     0.00139013   0.00000000
  0.01811561   0.00000000     0.71290747   0.00000000     0.00139013   0.00000000
  0.00139013   0.00000000     0.00139013   0.00000000     0.48737650   0.00000000
    3    4
 -0.05935599   0.00017204    -0.00364833  -0.00087703    -0.00285295   0.00659337
 -0.00364833  -0.00087703    -0.05935599   0.00017204    -0.00285295   0.00659337
 -0.00243645   0.00492041    -0.00243645   0.00492041    -0.10556920  -0.00146020
    3    5
 -0.05935599  -0.00017204    -0.00364833   0.00087703    -0.00285295  -0.00659337
 -0.00364833   0.00087703    -0.05935599  -0.00017204    -0.00285295  -0.00659337
 -0.00243645  -0.00492041    -0.00243645  -0.00492041    -0.10556920   0.00146020
    3    6
 -0.00753356  -0.02318592     0.01114129   0.03428936    -0.00017800  -0.00054783
  0.00060565   0.00186399    -0.06989198  -0.21510539    -0.00002865  -0.00008819
 -0.00087657  -0.00269781     0.00005678   0.00017475    -0.01274168  -0.03921487
    3    7
 -0.06989198   0.21510539     0.00060565  -0.00186399    -0.00002865   0.00008819
  0.01114129  -0.03428936    -0.00753356   0.02318592    -0.00017800   0.00054783
  0.00005678  -0.00017475    -0.00087657   0.00269781    -0.01274168   0.03921487
    4    1
 -0.01284992   0.00010651     0.00170970   0.00190901    -0.00079547   0.00354072
  0.00170970   0.00190901    -0.01284992   0.00010651    -0.00079547   0.00354072
 -0.00137851   0.00512614    -0.00137851   0.00512614    -0.04387994   0.00025150
    4    2
  0.00116177  -0.00074345     0.02346397  -0.01702857     0.00151236   0.00185445
  0.02346397  -0.01702857     0.00116177  -0.00074345     0.00151236   0.00185445
 -0.00579387  -0.00841242    -0.00579387  -0.00841242     0.00681489  -0.00390049
    4    3
 -0.05935599  -0.00017204    -0.00364833   0.00087703    -0.00243645  -0.00492041
 -0.00364833   0.00087703    -0.05935599  -0.00017204    -0.00243645  -0.00492041
 -0.00285295  -0.00659337    -0.00285295  -0.00659337    -0.10556920   0.00146020
    4    4
  0.08923484   0.00000000     0.00421987   0.00000000     0.00056433   0.00086393
  0.00421987   0.00000000     0.08923484  -0.00000000     0.00056433   0.00086393
  0.00056433  -0.00086393     0.00056433  -0.00086393     0.26702412   0.00000000
    4    5
  0.01071937  -0.00026493    -0.01000662   0.00754436     0.00588004   0.00912794
 -0.01000662   0.00754436     0.01071937  -0.00026493     0.00588004   0.00912794
  0.00588004   0.00912794     0.00588004   0.00912794    -0.02219751  -0.00230906
    4    6
  0.00104095   0.00381470    -0.00051575  -0.00278921     0.00001493  -0.00049073
  0.00085371   0.00260989     0.00079024   0.00255866    -0.03755810   0.01236145
 -0.00370923   0.00706164    -0.00174389   0.00033636    -0.00022903  -0.00415222
    4    7
  0.00086463  -0.00253449     0.00084339  -0.00261324     0.03765102   0.01207548
 -0.00122220   0.00255967     0.00140007  -0.00369801    -0.00030052   0.00038823
  0.00160854   0.00075291     0.00715156  -0.00353276    -0.00225533   0.00349383
    5    1
  0.00116177   0.00074345     0.02346397   0.01702857     0.00151236  -0.00185445
  0.02346397   0.01702857     0.00116177   0.00074345     0.00151236  -0.00185445
 -0.00579387   0.00841242    -0.00579387   0.00841242     0.00681489   0.00390049
    5    2
 -0.01284992  -0.00010651     0.00170970  -0.00190901    -0.00079547  -0.00354072
  0.00170970  -0.00190901    -0.01284992  -0.00010651    -0.00079547  -0.00354072
 -0.00137851  -0.00512614    -0.00137851  -0.00512614    -0.04387994  -0.00025150
    5    3
 -0.05935599   0.00017204    -0.00364833  -0.00087703    -0.00243645   0.00492041
 -0.00364833  -0.00087703    -0.05935599   0.00017204    -0.00243645   0.00492041
 -0.00285295   0.00659337    -0.00285295   0.00659337    -0.10556920  -0.00146020
    5    4
  0.01071937   0.00026493    -0.01000662  -0.00754436     0.00588004  -0.00912794
 -0.01000662  -0.00754436     0.01071937   0.00026493     0.00588004  -0.00912794
  0.00588004  -0.00912794     0.00588004  -0.00912794    -0.02219751   0.00230906
    5    5
  0.08923484   0.00000000     0.00421987   0.00000000     0.00056433  -0.00086393
  0.00421987   0.00000000     0.08923484   0.00000000     0.00056433  -0.00086393
  0.00056433   0.00086393     0.00056433   0.00086393     0.26702412   0.00000000
    5    6
  0.00140007   0.00369801    -0.00122220  -0.00255967    -0.00030052  -0.00038823
  0.00084339   0.00261324     0.00086463   0.00253449     0.03765102  -0.01207548
  0.00715156   0.00353276     0.00160854  -0.00075291    -0.00225533  -0.00349383
    5    7
  0.00079024  -0.00255866     0.00085371  -0.00260989    -0.03755810  -0.01236145
 -0.00051575   0.00278921     0.00104095  -0.00381470     0.00001493   0.00049073
 -0.00174389  -0.00033636    -0.00370923  -0.00706164    -0.00022903   0.00415222
    6    1
  0.00396136  -0.00249245     0.00193628  -0.00097007    -0.00048908  -0.00084676
 -0.00336247   0.00259299    -0.00007995  -0.00033332    -0.00155341  -0.00096233
 -0.00406437  -0.00583168     0.00028347   0.00081004     0.00324260  -0.00348500
    6    2
 -0.00173978  -0.00434487    -0.00099629  -0.00192292     0.00089339  -0.00039757
  0.00119618   0.00407419     0.00026060  -0.00022267     0.00182238   0.00013453
  0.00671592  -0.00232896    -0.00070546   0.00048872    -0.00057488  -0.00472537
    6    3
 -0.00753356   0.02318592     0.00060565  -0.00186399    -0.00087657   0.00269781
  0.01114129  -0.03428936    -0.06989198   0.21510539     0.00005678  -0.00017475
 -0.00017800   0.00054783    -0.00002865   0.00008819    -0.01274168   0.03921487
    6    4
  0.00104095  -0.00381470     0.00085371  -0.00260989    -0.00370923  -0.00706164
 -0.00051575   0.00278921     0.00079024  -0.00255866    -0.00174389  -0.00033636
  0.00001493   0.00049073    -0.03755810  -0.01236145    -0.00022903   0.00415222
    6    5
  0.00140007  -0.00369801     0.00084339  -0.00261324     0.00715156  -0.00353276
 -0.00122220   0.00255967     0.00086463  -0.00253449     0.00160854   0.00075291
 -0.00030052   0.00038823     0.03765102   0.01207548    -0.00225533   0.00349383
    6    6
  0.10353875   0.00000000    -0.00178463   0.00000000     0.00012523   0.00000000
 -0.00178463   0.00000000     0.68473572   0.00000000    -0.00005150   0.00000000
  0.00012523   0.00000000    -0.00005150   0.00000000     0.10230822   0.00000000
    6    7
  0.00249306   0.00181131    -0.06731613  -0.04890803    -0.00003559  -0.00002586
 -0.00772109  -0.00560970     0.00249306   0.00181131     0.00000120   0.00000087
  0.00000120   0.00000087    -0.00003559  -0.00002586    -0.00065564  -0.00047635
    7    1
  0.00026060   0.00022267     0.00119618  -0.00407419     0.00182238  -0.00013453
 -0.00099629   0.00192292    -0.00173978   0.00434487     0.00089339   0.00039757
 -0.00070546  -0.00048872     0.00671592   0.00232896    -0.00057488   0.00472537
    7    2
 -0.00007995   0.00033332    -0.00336247  -0.00259299    -0.00155341   0.00096233
  0.00193628   0.00097007     0.00396136   0.00249245    -0.00048908   0.00084676
  0.00028347  -0.00081004    -0.00406437   0.00583168     0.00324260   0.00348500
    7    3
 -0.06989198  -0.21510539     0.01114129   0.03428936     0.00005678   0.00017475
  0.00060565   0.00186399    -0.00753356  -0.02318592    -0.00087657  -0.00269781
 -0.00002865  -0.00008819    -0.00017800  -0.00054783    -0.01274168  -0.03921487
    7    4
  0.00086463   0.00253449    -0.00122220  -0.00255967     0.00160854  -0.00075291
  0.00084339   0.00261324     0.00140007   0.00369801     0.00715156   0.00353276
  0.03765102  -0.01207548    -0.00030052  -0.00038823    -0.00225533  -0.00349383
    7    5
  0.00079024   0.00255866    -0.00051575  -0.00278921    -0.00174389   0.00033636
  0.00085371   0.00260989     0.00104095   0.00381470    -0.00370923   0.00706164
 -0.03755810   0.01236145     0.00001493  -0.00049073    -0.00022903  -0.00415222
    7    6
  0.00249306  -0.00181131    -0.00772109   0.00560970     0.00000120  -0.00000087
 -0.06731613   0.04890803     0.00249306  -0.00181131    -0.00003559   0.00002586
 -0.00003559   0.00002586     0.00000120  -0.00000087    -0.00065564   0.00047635
    7    7
  0.68473572   0.00000000    -0.00178463   0.00000000    -0.00005150   0.00000000
 -0.00178463   0.00000000     0.10353875   0.00000000     0.00012523   0.00000000
 -0.00005150   0.00000000     0.00012523   0.00000000     0.10230822   0.00000000

     Dynamical  Matrix in cartesian axes

     q = (   -0.400000000  -0.400000000  -0.242879598 ) 

    1    1
  0.12367062   0.00000000     0.00265794   0.00000000     0.00000087   0.00168607
  0.00265794   0.00000000     0.12367062   0.00000000     0.00000087   0.00168607
  0.00000087  -0.00168607     0.00000087  -0.00168607     0.17022063  -0.00000000
    1    2
  0.00176639   0.00397198    -0.01899784  -0.01366678    -0.00891495   0.01151273
 -0.01899784  -0.01366678     0.00176639   0.00397198    -0.00891495   0.01151273
 -0.00891495   0.01151273    -0.00891495   0.01151273    -0.00166099  -0.01365268
    1    3
  0.00002888   0.00102094    -0.06068398  -0.04430189     0.01488397  -0.02220145
 -0.06068398  -0.04430189     0.00002888   0.00102094     0.01488397  -0.02220145
  0.01487855  -0.02237749     0.01487855  -0.02237749    -0.02433620  -0.00015728
    1    4
 -0.01284992   0.00010651     0.00170970   0.00190901    -0.00137851   0.00512614
  0.00170970   0.00190901    -0.01284992   0.00010651    -0.00137851   0.00512614
 -0.00079547   0.00354072    -0.00079547   0.00354072    -0.04387994   0.00025150
    1    5
  0.00116177   0.00074345     0.02346397   0.01702857    -0.00579387   0.00841242
  0.02346397   0.01702857     0.00116177   0.00074345    -0.00579387   0.00841242
  0.00151236  -0.00185445     0.00151236  -0.00185445     0.00681489   0.00390049
    1    6
  0.00396136  -0.00249245    -0.00336247   0.00259299    -0.00406437  -0.00583168
  0.00193628  -0.00097007    -0.00007995  -0.00033332     0.00028347   0.00081004
 -0.00048908  -0.00084676    -0.00155341  -0.00096233     0.00324260  -0.00348500
    1    7
  0.00026060   0.00022267    -0.00099629   0.00192292    -0.00070546  -0.00048872
  0.00119618  -0.00407419    -0.00173978   0.00434487     0.00671592   0.00232896
  0.00182238  -0.00013453     0.00089339   0.00039757    -0.00057488   0.00472537
    2    1
  0.00176639  -0.00397198    -0.01899784   0.01366678    -0.00891495  -0.01151273
 -0.01899784   0.01366678     0.00176639  -0.00397198    -0.00891495  -0.01151273
 -0.00891495  -0.01151273    -0.00891495  -0.01151273    -0.00166099   0.01365268
    2    2
  0.12367062  -0.00000000     0.00265794   0.00000000     0.00000087  -0.00168607
  0.00265794  -0.00000000     0.12367062   0.00000000     0.00000087  -0.00168607
  0.00000087   0.00168607     0.00000087   0.00168607     0.17022063   0.00000000
    2    3
  0.00002888  -0.00102094    -0.06068398   0.04430189     0.01488397   0.02220145
 -0.06068398   0.04430189     0.00002888  -0.00102094     0.01488397   0.02220145
  0.01487855   0.02237749     0.01487855   0.02237749    -0.02433620   0.00015728
    2    4
  0.00116177  -0.00074345     0.02346397  -0.01702857    -0.00579387  -0.00841242
  0.02346397  -0.01702857     0.00116177  -0.00074345    -0.00579387  -0.00841242
  0.00151236   0.00185445     0.00151236   0.00185445     0.00681489  -0.00390049
    2    5
 -0.01284992  -0.00010651     0.00170970  -0.00190901    -0.00137851  -0.00512614
  0.00170970  -0.00190901    -0.01284992  -0.00010651    -0.00137851  -0.00512614
 -0.00079547  -0.00354072    -0.00079547  -0.00354072    -0.04387994  -0.00025150
    2    6
 -0.00173978  -0.00434487     0.00119618   0.00407419     0.00671592  -0.00232896
 -0.00099629  -0.00192292     0.00026060  -0.00022267    -0.00070546   0.00048872
  0.00089339  -0.00039757     0.00182238   0.00013453    -0.00057488  -0.00472537
    2    7
 -0.00007995   0.00033332     0.00193628   0.00097007     0.00028347  -0.00081004
 -0.00336247  -0.00259299     0.00396136   0.00249245    -0.00406437   0.00583168
 -0.00155341   0.00096233    -0.00048908   0.00084676     0.00324260   0.00348500
    3    1
  0.00002888  -0.00102094    -0.06068398   0.04430189     0.01487855   0.02237749
 -0.06068398   0.04430189     0.00002888  -0.00102094     0.01487855   0.02237749
  0.01488397   0.02220145     0.01488397   0.02220145    -0.02433620   0.00015728
    3    2
  0.00002888   0.00102094    -0.06068398  -0.04430189     0.01487855  -0.02237749
 -0.06068398  -0.04430189     0.00002888   0.00102094     0.01487855  -0.02237749
  0.01488397  -0.02220145     0.01488397  -0.02220145    -0.02433620  -0.00015728
    3    3
  0.71290747   0.00000000     0.01811561   0.00000000     0.00139013   0.00000000
  0.01811561   0.00000000     0.71290747   0.00000000     0.00139013   0.00000000
  0.00139013   0.00000000     0.00139013   0.00000000     0.48737650   0.00000000
    3    4
 -0.05935599  -0.00017204    -0.00364833   0.00087703    -0.00285295  -0.00659337
 -0.00364833   0.00087703    -0.05935599  -0.00017204    -0.00285295  -0.00659337
 -0.00243645  -0.00492041    -0.00243645  -0.00492041    -0.10556920   0.00146020
    3    5
 -0.05935599   0.00017204    -0.00364833  -0.00087703    -0.00285295   0.00659337
 -0.00364833  -0.00087703    -0.05935599   0.00017204    -0.00285295   0.00659337
 -0.00243645   0.00492041    -0.00243645   0.00492041    -0.10556920  -0.00146020
    3    6
 -0.00753356   0.02318592     0.01114129  -0.03428936    -0.00017800   0.00054783
  0.00060565  -0.00186399    -0.06989198   0.21510539    -0.00002865   0.00008819
 -0.00087657   0.00269781     0.00005678  -0.00017475    -0.01274168   0.03921487
    3    7
 -0.06989198  -0.21510539     0.00060565   0.00186399    -0.00002865  -0.00008819
  0.01114129   0.03428936    -0.00753356  -0.02318592    -0.00017800  -0.00054783
  0.00005678   0.00017475    -0.00087657  -0.00269781    -0.01274168  -0.03921487
    4    1
 -0.01284992  -0.00010651     0.00170970  -0.00190901    -0.00079547  -0.00354072
  0.00170970  -0.00190901    -0.01284992  -0.00010651    -0.00079547  -0.00354072
 -0.00137851  -0.00512614    -0.00137851  -0.00512614    -0.04387994  -0.00025150
    4    2
  0.00116177   0.00074345     0.02346397   0.01702857     0.00151236  -0.00185445
  0.02346397   0.01702857     0.00116177   0.00074345     0.00151236  -0.00185445
 -0.00579387   0.00841242    -0.00579387   0.00841242     0.00681489   0.00390049
    4    3
 -0.05935599   0.00017204    -0.00364833  -0.00087703    -0.00243645   0.00492041
 -0.00364833  -0.00087703    -0.05935599   0.00017204    -0.00243645   0.00492041
 -0.00285295   0.00659337    -0.00285295   0.00659337    -0.10556920  -0.00146020
    4    4
  0.08923484   0.00000000     0.00421987   0.00000000     0.00056433  -0.00086393
  0.00421987   0.00000000     0.08923484   0.00000000     0.00056433  -0.00086393
  0.00056433   0.00086393     0.00056433   0.00086393     0.26702412   0.00000000
    4    5
  0.01071937   0.00026493    -0.01000662  -0.00754436     0.00588004  -0.00912794
 -0.01000662  -0.00754436     0.01071937   0.00026493     0.00588004  -0.00912794
  0.00588004  -0.00912794     0.00588004  -0.00912794    -0.02219751   0.00230906
    4    6
  0.00104095  -0.00381470    -0.00051575   0.00278921     0.00001493   0.00049073
  0.00085371  -0.00260989     0.00079024  -0.00255866    -0.03755810  -0.01236145
 -0.00370923  -0.00706164    -0.00174389  -0.00033636    -0.00022903   0.00415222
    4    7
  0.00086463   0.00253449     0.00084339   0.00261324     0.03765102  -0.01207548
 -0.00122220  -0.00255967     0.00140007   0.00369801    -0.00030052  -0.00038823
  0.00160854  -0.00075291     0.00715156   0.00353276    -0.00225533  -0.00349383
    5    1
  0.00116177  -0.00074345     0.02346397  -0.01702857     0.00151236   0.00185445
  0.02346397  -0.01702857     0.00116177  -0.00074345     0.00151236   0.00185445
 -0.00579387  -0.00841242    -0.00579387  -0.00841242     0.00681489  -0.00390049
    5    2
 -0.01284992   0.00010651     0.00170970   0.00190901    -0.00079547   0.00354072
  0.00170970   0.00190901    -0.01284992   0.00010651    -0.00079547   0.00354072
 -0.00137851   0.00512614    -0.00137851   0.00512614    -0.04387994   0.00025150
    5    3
 -0.05935599  -0.00017204    -0.00364833   0.00087703    -0.00243645  -0.00492041
 -0.00364833   0.00087703    -0.05935599  -0.00017204    -0.00243645  -0.00492041
 -0.00285295  -0.00659337    -0.00285295  -0.00659337    -0.10556920   0.00146020
    5    4
  0.01071937  -0.00026493    -0.01000662   0.00754436     0.00588004   0.00912794
 -0.01000662   0.00754436     0.01071937  -0.00026493     0.00588004   0.00912794
  0.00588004   0.00912794     0.00588004   0.00912794    -0.02219751  -0.00230906
    5    5
  0.08923484   0.00000000     0.00421987   0.00000000     0.00056433   0.00086393
  0.00421987   0.00000000     0.08923484  -0.00000000     0.00056433   0.00086393
  0.00056433  -0.00086393     0.00056433  -0.00086393     0.26702412   0.00000000
    5    6
  0.00140007  -0.00369801    -0.00122220   0.00255967    -0.00030052   0.00038823
  0.00084339  -0.00261324     0.00086463  -0.00253449     0.03765102   0.01207548
  0.00715156  -0.00353276     0.00160854   0.00075291    -0.00225533   0.00349383
    5    7
  0.00079024   0.00255866     0.00085371   0.00260989    -0.03755810   0.01236145
 -0.00051575  -0.00278921     0.00104095   0.00381470     0.00001493  -0.00049073
 -0.00174389   0.00033636    -0.00370923   0.00706164    -0.00022903  -0.00415222
    6    1
  0.00396136   0.00249245     0.00193628   0.00097007    -0.00048908   0.00084676
 -0.00336247  -0.00259299    -0.00007995   0.00033332    -0.00155341   0.00096233
 -0.00406437   0.00583168     0.00028347  -0.00081004     0.00324260   0.00348500
    6    2
 -0.00173978   0.00434487    -0.00099629   0.00192292     0.00089339   0.00039757
  0.00119618  -0.00407419     0.00026060   0.00022267     0.00182238  -0.00013453
  0.00671592   0.00232896    -0.00070546  -0.00048872    -0.00057488   0.00472537
    6    3
 -0.00753356  -0.02318592     0.00060565   0.00186399    -0.00087657  -0.00269781
  0.01114129   0.03428936    -0.06989198  -0.21510539     0.00005678   0.00017475
 -0.00017800  -0.00054783    -0.00002865  -0.00008819    -0.01274168  -0.03921487
    6    4
  0.00104095   0.00381470     0.00085371   0.00260989    -0.00370923   0.00706164
 -0.00051575  -0.00278921     0.00079024   0.00255866    -0.00174389   0.00033636
  0.00001493  -0.00049073    -0.03755810   0.01236145    -0.00022903  -0.00415222
    6    5
  0.00140007   0.00369801     0.00084339   0.00261324     0.00715156   0.00353276
 -0.00122220  -0.00255967     0.00086463   0.00253449     0.00160854  -0.00075291
 -0.00030052  -0.00038823     0.03765102  -0.01207548    -0.00225533  -0.00349383
    6    6
  0.10353875   0.00000000    -0.00178463   0.00000000     0.00012523   0.00000000
 -0.00178463   0.00000000     0.68473572   0.00000000    -0.00005150   0.00000000
  0.00012523   0.00000000    -0.00005150   0.00000000     0.10230822   0.00000000
    6    7
  0.00249306  -0.00181131    -0.06731613   0.04890803    -0.00003559   0.00002586
 -0.00772109   0.00560970     0.00249306  -0.00181131     0.00000120  -0.00000087
  0.00000120  -0.00000087    -0.00003559   0.00002586    -0.00065564   0.00047635
    7    1
  0.00026060  -0.00022267     0.00119618   0.00407419     0.00182238   0.00013453
 -0.00099629  -0.00192292    -0.00173978  -0.00434487     0.00089339  -0.00039757
 -0.00070546   0.00048872     0.00671592  -0.00232896    -0.00057488  -0.00472537
    7    2
 -0.00007995  -0.00033332    -0.00336247   0.00259299    -0.00155341  -0.00096233
  0.00193628  -0.00097007     0.00396136  -0.00249245    -0.00048908  -0.00084676
  0.00028347   0.00081004    -0.00406437  -0.00583168     0.00324260  -0.00348500
    7    3
 -0.06989198   0.21510539     0.01114129  -0.03428936     0.00005678  -0.00017475
  0.00060565  -0.00186399    -0.00753356   0.02318592    -0.00087657   0.00269781
 -0.00002865   0.00008819    -0.00017800   0.00054783    -0.01274168   0.03921487
    7    4
  0.00086463  -0.00253449    -0.00122220   0.00255967     0.00160854   0.00075291
  0.00084339  -0.00261324     0.00140007  -0.00369801     0.00715156  -0.00353276
  0.03765102   0.01207548    -0.00030052   0.00038823    -0.00225533   0.00349383
    7    5
  0.00079024  -0.00255866    -0.00051575   0.00278921    -0.00174389  -0.00033636
  0.00085371  -0.00260989     0.00104095  -0.00381470    -0.00370923  -0.00706164
 -0.03755810  -0.01236145     0.00001493   0.00049073    -0.00022903   0.00415222
    7    6
  0.00249306   0.00181131    -0.00772109  -0.00560970     0.00000120   0.00000087
 -0.06731613  -0.04890803     0.00249306   0.00181131    -0.00003559  -0.00002586
 -0.00003559  -0.00002586     0.00000120   0.00000087    -0.00065564  -0.00047635
    7    7
  0.68473572   0.00000000    -0.00178463   0.00000000    -0.00005150   0.00000000
 -0.00178463   0.00000000     0.10353875   0.00000000     0.00012523   0.00000000
 -0.00005150   0.00000000     0.00012523   0.00000000     0.10230822   0.00000000

     Dynamical  Matrix in cartesian axes

     q = (    0.400000000   0.400000000  -0.242879598 ) 

    1    1
  0.12367062   0.00000000     0.00265794   0.00000000    -0.00000087  -0.00168607
  0.00265794   0.00000000     0.12367062   0.00000000    -0.00000087  -0.00168607
 -0.00000087   0.00168607    -0.00000087   0.00168607     0.17022063  -0.00000000
    1    2
  0.00176639   0.00397198    -0.01899784  -0.01366678     0.00891495  -0.01151273
 -0.01899784  -0.01366678     0.00176639   0.00397198     0.00891495  -0.01151273
  0.00891495  -0.01151273     0.00891495  -0.01151273    -0.00166099  -0.01365268
    1    3
  0.00002888   0.00102094    -0.06068398  -0.04430189    -0.01488397   0.02220145
 -0.06068398  -0.04430189     0.00002888   0.00102094    -0.01488397   0.02220145
 -0.01487855   0.02237749    -0.01487855   0.02237749    -0.02433620  -0.00015728
    1    4
 -0.01284992   0.00010651     0.00170970   0.00190901     0.00137851  -0.00512614
  0.00170970   0.00190901    -0.01284992   0.00010651     0.00137851  -0.00512614
  0.00079547  -0.00354072     0.00079547  -0.00354072    -0.04387994   0.00025150
    1    5
  0.00116177   0.00074345     0.02346397   0.01702857     0.00579387  -0.00841242
  0.02346397   0.01702857     0.00116177   0.00074345     0.00579387  -0.00841242
 -0.00151236   0.00185445    -0.00151236   0.00185445     0.00681489   0.00390049
    1    6
 -0.00173978   0.00434487     0.00119618  -0.00407419    -0.00671592  -0.00232896
 -0.00099629   0.00192292     0.00026060   0.00022267     0.00070546   0.00048872
 -0.00089339  -0.00039757    -0.00182238   0.00013453    -0.00057488   0.00472537
    1    7
 -0.00007995  -0.00033332     0.00193628  -0.00097007    -0.00028347  -0.00081004
 -0.00336247   0.00259299     0.00396136  -0.00249245     0.00406437   0.00583168
  0.00155341   0.00096233     0.00048908   0.00084676     0.00324260  -0.00348500
    2    1
  0.00176639  -0.00397198    -0.01899784   0.01366678     0.00891495   0.01151273
 -0.01899784   0.01366678     0.00176639  -0.00397198     0.00891495   0.01151273
  0.00891495   0.01151273     0.00891495   0.01151273    -0.00166099   0.01365268
    2    2
  0.12367062   0.00000000     0.00265794  -0.00000000    -0.00000087   0.00168607
  0.00265794   0.00000000     0.12367062  -0.00000000    -0.00000087   0.00168607
 -0.00000087  -0.00168607    -0.00000087  -0.00168607     0.17022063   0.00000000
    2    3
  0.00002888  -0.00102094    -0.06068398   0.04430189    -0.01488397  -0.02220145
 -0.06068398   0.04430189     0.00002888  -0.00102094    -0.01488397  -0.02220145
 -0.01487855  -0.02237749    -0.01487855  -0.02237749    -0.02433620   0.00015728
    2    4
  0.00116177  -0.00074345     0.02346397  -0.01702857     0.00579387   0.00841242
  0.02346397  -0.01702857     0.00116177  -0.00074345     0.00579387   0.00841242
 -0.00151236  -0.00185445    -0.00151236  -0.00185445     0.00681489  -0.00390049
    2    5
 -0.01284992  -0.00010651     0.00170970  -0.00190901     0.00137851   0.00512614
  0.00170970  -0.00190901    -0.01284992  -0.00010651     0.00137851   0.00512614
  0.00079547   0.00354072     0.00079547   0.00354072    -0.04387994  -0.00025150
    2    6
  0.00396136   0.00249245    -0.00336247  -0.00259299     0.00406437  -0.00583168
  0.00193628   0.00097007    -0.00007995   0.00033332    -0.00028347   0.00081004
  0.00048908  -0.00084676     0.00155341  -0.00096233     0.00324260   0.00348500
    2    7
  0.00026060  -0.00022267    -0.00099629  -0.00192292     0.00070546  -0.00048872
  0.00119618   0.00407419    -0.00173978  -0.00434487    -0.00671592   0.00232896
 -0.00182238  -0.00013453    -0.00089339   0.00039757    -0.00057488  -0.00472537
    3    1
  0.00002888  -0.00102094    -0.06068398   0.04430189    -0.01487855  -0.02237749
 -0.06068398   0.04430189     0.00002888  -0.00102094    -0.01487855  -0.02237749
 -0.01488397  -0.02220145    -0.01488397  -0.02220145    -0.02433620   0.00015728
    3    2
  0.00002888   0.00102094    -0.06068398  -0.04430189    -0.01487855   0.02237749
 -0.06068398  -0.04430189     0.00002888   0.00102094    -0.01487855   0.02237749
 -0.01488397   0.02220145    -0.01488397   0.02220145    -0.02433620  -0.00015728
    3    3
  0.71290747   0.00000000     0.01811561   0.00000000    -0.00139013   0.00000000
  0.01811561   0.00000000     0.71290747   0.00000000    -0.00139013   0.00000000
 -0.00139013   0.00000000    -0.00139013   0.00000000     0.48737650   0.00000000
    3    4
 -0.05935599  -0.00017204    -0.00364833   0.00087703     0.00285295   0.00659337
 -0.00364833   0.00087703    -0.05935599  -0.00017204     0.00285295   0.00659337
  0.00243645   0.00492041     0.00243645   0.00492041    -0.10556920   0.00146020
    3    5
 -0.05935599   0.00017204    -0.00364833  -0.00087703     0.00285295  -0.00659337
 -0.00364833  -0.00087703    -0.05935599   0.00017204     0.00285295  -0.00659337
  0.00243645  -0.00492041     0.00243645  -0.00492041    -0.10556920  -0.00146020
    3    6
 -0.00753356  -0.02318592     0.01114129   0.03428936     0.00017800   0.00054783
  0.00060565   0.00186399    -0.06989198  -0.21510539     0.00002865   0.00008819
  0.00087657   0.00269781    -0.00005678  -0.00017475    -0.01274168  -0.03921487
    3    7
 -0.06989198   0.21510539     0.00060565  -0.00186399     0.00002865  -0.00008819
  0.01114129  -0.03428936    -0.00753356   0.02318592     0.00017800  -0.00054783
 -0.00005678   0.00017475     0.00087657  -0.00269781    -0.01274168   0.03921487
    4    1
 -0.01284992  -0.00010651     0.00170970  -0.00190901     0.00079547   0.00354072
  0.00170970  -0.00190901    -0.01284992  -0.00010651     0.00079547   0.00354072
  0.00137851   0.00512614     0.00137851   0.00512614    -0.04387994  -0.00025150
    4    2
  0.00116177   0.00074345     0.02346397   0.01702857    -0.00151236   0.00185445
  0.02346397   0.01702857     0.00116177   0.00074345    -0.00151236   0.00185445
  0.00579387  -0.00841242     0.00579387  -0.00841242     0.00681489   0.00390049
    4    3
 -0.05935599   0.00017204    -0.00364833  -0.00087703     0.00243645  -0.00492041
 -0.00364833  -0.00087703    -0.05935599   0.00017204     0.00243645  -0.00492041
  0.00285295  -0.00659337     0.00285295  -0.00659337    -0.10556920  -0.00146020
    4    4
  0.08923484   0.00000000     0.00421987   0.00000000    -0.00056433   0.00086393
  0.00421987   0.00000000     0.08923484   0.00000000    -0.00056433   0.00086393
 -0.00056433  -0.00086393    -0.00056433  -0.00086393     0.26702412   0.00000000
    4    5
  0.01071937   0.00026493    -0.01000662  -0.00754436    -0.00588004   0.00912794
 -0.01000662  -0.00754436     0.01071937   0.00026493    -0.00588004   0.00912794
 -0.00588004   0.00912794    -0.00588004   0.00912794    -0.02219751   0.00230906
    4    6
  0.00140007   0.00369801    -0.00122220  -0.00255967     0.00030052   0.00038823
  0.00084339   0.00261324     0.00086463   0.00253449    -0.03765102   0.01207548
 -0.00715156  -0.00353276    -0.00160854   0.00075291    -0.00225533  -0.00349383
    4    7
  0.00079024  -0.00255866     0.00085371  -0.00260989     0.03755810   0.01236145
 -0.00051575   0.00278921     0.00104095  -0.00381470    -0.00001493  -0.00049073
  0.00174389   0.00033636     0.00370923   0.00706164    -0.00022903   0.00415222
    5    1
  0.00116177  -0.00074345     0.02346397  -0.01702857    -0.00151236  -0.00185445
  0.02346397  -0.01702857     0.00116177  -0.00074345    -0.00151236  -0.00185445
  0.00579387   0.00841242     0.00579387   0.00841242     0.00681489  -0.00390049
    5    2
 -0.01284992   0.00010651     0.00170970   0.00190901     0.00079547  -0.00354072
  0.00170970   0.00190901    -0.01284992   0.00010651     0.00079547  -0.00354072
  0.00137851  -0.00512614     0.00137851  -0.00512614    -0.04387994   0.00025150
    5    3
 -0.05935599  -0.00017204    -0.00364833   0.00087703     0.00243645   0.00492041
 -0.00364833   0.00087703    -0.05935599  -0.00017204     0.00243645   0.00492041
  0.00285295   0.00659337     0.00285295   0.00659337    -0.10556920   0.00146020
    5    4
  0.01071937  -0.00026493    -0.01000662   0.00754436    -0.00588004  -0.00912794
 -0.01000662   0.00754436     0.01071937  -0.00026493    -0.00588004  -0.00912794
 -0.00588004  -0.00912794    -0.00588004  -0.00912794    -0.02219751  -0.00230906
    5    5
  0.08923484  -0.00000000     0.00421987   0.00000000    -0.00056433  -0.00086393
  0.00421987   0.00000000     0.08923484   0.00000000    -0.00056433  -0.00086393
 -0.00056433   0.00086393    -0.00056433   0.00086393     0.26702412  -0.00000000
    5    6
  0.00104095   0.00381470    -0.00051575  -0.00278921    -0.00001493   0.00049073
  0.00085371   0.00260989     0.00079024   0.00255866     0.03755810  -0.01236145
  0.00370923  -0.00706164     0.00174389  -0.00033636    -0.00022903  -0.00415222
    5    7
  0.00086463  -0.00253449     0.00084339  -0.00261324    -0.03765102  -0.01207548
 -0.00122220   0.00255967     0.00140007  -0.00369801     0.00030052  -0.00038823
 -0.00160854  -0.00075291    -0.00715156   0.00353276    -0.00225533   0.00349383
    6    1
 -0.00173978  -0.00434487    -0.00099629  -0.00192292    -0.00089339   0.00039757
  0.00119618   0.00407419     0.00026060  -0.00022267    -0.00182238  -0.00013453
 -0.00671592   0.00232896     0.00070546  -0.00048872    -0.00057488  -0.00472537
    6    2
  0.00396136  -0.00249245     0.00193628  -0.00097007     0.00048908   0.00084676
 -0.00336247   0.00259299    -0.00007995  -0.00033332     0.00155341   0.00096233
  0.00406437   0.00583168    -0.00028347  -0.00081004     0.00324260  -0.00348500
    6    3
 -0.00753356   0.02318592     0.00060565  -0.00186399     0.00087657  -0.00269781
  0.01114129  -0.03428936    -0.06989198   0.21510539    -0.00005678   0.00017475
  0.00017800  -0.00054783     0.00002865  -0.00008819    -0.01274168   0.03921487
    6    4
  0.00140007  -0.00369801     0.00084339  -0.00261324    -0.00715156   0.00353276
 -0.00122220   0.00255967     0.00086463  -0.00253449    -0.00160854  -0.00075291
  0.00030052  -0.00038823    -0.03765102  -0.01207548    -0.00225533   0.00349383
    6    5
  0.00104095  -0.00381470     0.00085371  -0.00260989     0.00370923   0.00706164
 -0.00051575   0.00278921     0.00079024  -0.00255866     0.00174389   0.00033636
 -0.00001493  -0.00049073     0.03755810   0.01236145    -0.00022903   0.00415222
    6    6
  0.10353875   0.00000000    -0.00178463   0.00000000    -0.00012523   0.00000000
 -0.00178463   0.00000000     0.68473572   0.00000000     0.00005150   0.00000000
 -0.00012523   0.00000000     0.00005150   0.00000000     0.10230822   0.00000000
    6    7
  0.00249306   0.00181131    -0.06731613  -0.04890803     0.00003559   0.00002586
 -0.00772109  -0.00560970     0.00249306   0.00181131    -0.00000120  -0.00000087
 -0.00000120  -0.00000087     0.00003559   0.00002586    -0.00065564  -0.00047635
    7    1
 -0.00007995   0.00033332    -0.00336247  -0.00259299     0.00155341  -0.00096233
  0.00193628   0.00097007     0.00396136   0.00249245     0.00048908  -0.00084676
 -0.00028347   0.00081004     0.00406437  -0.00583168     0.00324260   0.00348500
    7    2
  0.00026060   0.00022267     0.00119618  -0.00407419    -0.00182238   0.00013453
 -0.00099629   0.00192292    -0.00173978   0.00434487    -0.00089339  -0.00039757
  0.00070546   0.00048872    -0.00671592  -0.00232896    -0.00057488   0.00472537
    7    3
 -0.06989198  -0.21510539     0.01114129   0.03428936    -0.00005678  -0.00017475
  0.00060565   0.00186399    -0.00753356  -0.02318592     0.00087657   0.00269781
  0.00002865   0.00008819     0.00017800   0.00054783    -0.01274168  -0.03921487
    7    4
  0.00079024   0.00255866    -0.00051575  -0.00278921     0.00174389  -0.00033636
  0.00085371   0.00260989     0.00104095   0.00381470     0.00370923  -0.00706164
  0.03755810  -0.01236145    -0.00001493   0.00049073    -0.00022903  -0.00415222
    7    5
  0.00086463   0.00253449    -0.00122220  -0.00255967    -0.00160854   0.00075291
  0.00084339   0.00261324     0.00140007   0.00369801    -0.00715156  -0.00353276
 -0.03765102   0.01207548     0.00030052   0.00038823    -0.00225533  -0.00349383
    7    6
  0.00249306  -0.00181131    -0.00772109   0.00560970    -0.00000120   0.00000087
 -0.06731613   0.04890803     0.00249306  -0.00181131     0.00003559  -0.00002586
  0.00003559  -0.00002586    -0.00000120   0.00000087    -0.00065564   0.00047635
    7    7
  0.68473572   0.00000000    -0.00178463   0.00000000     0.00005150   0.00000000
 -0.00178463   0.00000000     0.10353875   0.00000000    -0.00012523   0.00000000
  0.00005150   0.00000000    -0.00012523   0.00000000     0.10230822   0.00000000

     Dynamical  Matrix in cartesian axes

     q = (   -0.400000000   0.400000000  -0.242879598 ) 

    1    1
  0.12367062   0.00000000    -0.00265794   0.00000000     0.00000087   0.00168607
 -0.00265794   0.00000000     0.12367062   0.00000000    -0.00000087  -0.00168607
  0.00000087  -0.00168607    -0.00000087   0.00168607     0.17022063   0.00000000
    1    2
  0.00176639   0.00397198     0.01899784   0.01366678    -0.00891495   0.01151273
  0.01899784   0.01366678     0.00176639   0.00397198     0.00891495  -0.01151273
 -0.00891495   0.01151273     0.00891495  -0.01151273    -0.00166099  -0.01365268
    1    3
  0.00002888   0.00102094     0.06068398   0.04430189     0.01488397  -0.02220145
  0.06068398   0.04430189     0.00002888   0.00102094    -0.01488397   0.02220145
  0.01487855  -0.02237749    -0.01487855   0.02237749    -0.02433620  -0.00015728
    1    4
 -0.01284992   0.00010651    -0.00170970  -0.00190901    -0.00137851   0.00512614
 -0.00170970  -0.00190901    -0.01284992   0.00010651     0.00137851  -0.00512614
 -0.00079547   0.00354072     0.00079547  -0.00354072    -0.04387994   0.00025150
    1    5
  0.00116177   0.00074345    -0.02346397  -0.01702857    -0.00579387   0.00841242
 -0.02346397  -0.01702857     0.00116177   0.00074345     0.00579387  -0.00841242
  0.00151236  -0.00185445    -0.00151236   0.00185445     0.00681489   0.00390049
    1    6
 -0.00173978   0.00434487    -0.00119618   0.00407419     0.00671592   0.00232896
  0.00099629  -0.00192292     0.00026060   0.00022267     0.00070546   0.00048872
  0.00089339   0.00039757    -0.00182238   0.00013453    -0.00057488   0.00472537
    1    7
  0.00026060   0.00022267     0.00099629  -0.00192292    -0.00070546  -0.00048872
 -0.00119618   0.00407419    -0.00173978   0.00434487    -0.00671592  -0.00232896
  0.00182238  -0.00013453    -0.00089339  -0.00039757    -0.00057488   0.00472537
    2    1
  0.00176639  -0.00397198     0.01899784  -0.01366678    -0.00891495  -0.01151273
  0.01899784  -0.01366678     0.00176639  -0.00397198     0.00891495   0.01151273
 -0.00891495  -0.01151273     0.00891495   0.01151273    -0.00166099   0.01365268
    2    2
  0.12367062   0.00000000    -0.00265794   0.00000000     0.00000087  -0.00168607
 -0.00265794   0.00000000     0.12367062   0.00000000    -0.00000087   0.00168607
  0.00000087   0.00168607    -0.00000087  -0.00168607     0.17022063   0.00000000
    2    3
  0.00002888  -0.00102094     0.06068398  -0.04430189     0.01488397   0.02220145
  0.06068398  -0.04430189     0.00002888  -0.00102094    -0.01488397  -0.02220145
  0.01487855   0.02237749    -0.01487855  -0.02237749    -0.02433620   0.00015728
    2    4
  0.00116177  -0.00074345    -0.02346397   0.01702857    -0.00579387  -0.00841242
 -0.02346397   0.01702857     0.00116177  -0.00074345     0.00579387   0.00841242
  0.00151236   0.00185445    -0.00151236  -0.00185445     0.00681489  -0.00390049
    2    5
 -0.01284992  -0.00010651    -0.00170970   0.00190901    -0.00137851  -0.00512614
 -0.00170970   0.00190901    -0.01284992  -0.00010651     0.00137851   0.00512614
 -0.00079547  -0.00354072     0.00079547   0.00354072    -0.04387994  -0.00025150
    2    6
  0.00396136   0.00249245     0.00336247   0.00259299    -0.00406437   0.00583168
 -0.00193628  -0.00097007    -0.00007995   0.00033332    -0.00028347   0.00081004
 -0.00048908   0.00084676     0.00155341  -0.00096233     0.00324260   0.00348500
    2    7
 -0.00007995   0.00033332    -0.00193628  -0.00097007     0.00028347  -0.00081004
  0.00336247   0.00259299     0.00396136   0.00249245     0.00406437  -0.00583168
 -0.00155341   0.00096233     0.00048908  -0.00084676     0.00324260   0.00348500
    3    1
  0.00002888  -0.00102094     0.06068398  -0.04430189     0.01487855   0.02237749
  0.06068398  -0.04430189     0.00002888  -0.00102094    -0.01487855  -0.02237749
  0.01488397   0.02220145    -0.01488397  -0.02220145    -0.02433620   0.00015728
    3    2
  0.00002888   0.00102094     0.06068398   0.04430189     0.01487855  -0.02237749
  0.06068398   0.04430189     0.00002888   0.00102094    -0.01487855   0.02237749
  0.01488397  -0.02220145    -0.01488397   0.02220145    -0.02433620  -0.00015728
    3    3
  0.71290747   0.00000000    -0.01811561   0.00000000     0.00139013   0.00000000
 -0.01811561   0.00000000     0.71290747   0.00000000    -0.00139013   0.00000000
  0.00139013   0.00000000    -0.00139013   0.00000000     0.48737650   0.00000000
    3    4
 -0.05935599  -0.00017204     0.00364833  -0.00087703    -0.00285295  -0.00659337
  0.00364833  -0.00087703    -0.05935599  -0.00017204     0.00285295   0.00659337
 -0.00243645  -0.00492041     0.00243645   0.00492041    -0.10556920   0.00146020
    3    5
 -0.05935599   0.00017204     0.00364833   0.00087703    -0.00285295   0.00659337
  0.00364833   0.00087703    -0.05935599   0.00017204     0.00285295  -0.00659337
 -0.00243645   0.00492041     0.00243645  -0.00492041    -0.10556920  -0.00146020
    3    6
 -0.00753356  -0.02318592    -0.01114129  -0.03428936    -0.00017800  -0.00054783
 -0.00060565  -0.00186399    -0.06989198  -0.21510539     0.00002865   0.00008819
 -0.00087657  -0.00269781    -0.00005678  -0.00017475    -0.01274168  -0.03921487
    3    7
 -0.06989198  -0.21510539    -0.00060565  -0.00186399    -0.00002865  -0.00008819
 -0.01114129  -0.03428936    -0.00753356  -0.02318592     0.00017800   0.00054783
  0.00005678   0.00017475     0.00087657   0.00269781    -0.01274168  -0.03921487
    4    1
 -0.01284992  -0.00010651    -0.00170970   0.00190901    -0.00079547  -0.00354072
 -0.00170970   0.00190901    -0.01284992  -0.00010651     0.00079547   0.00354072
 -0.00137851  -0.00512614     0.00137851   0.00512614    -0.04387994  -0.00025150
    4    2
  0.00116177   0.00074345    -0.02346397  -0.01702857     0.00151236  -0.00185445
 -0.02346397  -0.01702857     0.00116177   0.00074345    -0.00151236   0.00185445
 -0.00579387   0.00841242     0.00579387  -0.00841242     0.00681489   0.00390049
    4    3
 -0.05935599   0.00017204     0.00364833   0.00087703    -0.00243645   0.00492041
  0.00364833   0.00087703    -0.05935599   0.00017204     0.00243645  -0.00492041
 -0.00285295   0.00659337     0.00285295  -0.00659337    -0.10556920  -0.00146020
    4    4
  0.08923484   0.00000000    -0.00421987  -0.00000000     0.00056433  -0.00086393
 -0.00421987  -0.00000000     0.08923484   0.00000000    -0.00056433   0.00086393
  0.00056433   0.00086393    -0.00056433  -0.00086393     0.26702412   0.00000000
    4    5
  0.01071937   0.00026493     0.01000662   0.00754436     0.00588004  -0.00912794
  0.01000662   0.00754436     0.01071937   0.00026493    -0.00588004   0.00912794
  0.00588004  -0.00912794    -0.00588004   0.00912794    -0.02219751   0.00230906
    4    6
  0.00140007   0.00369801     0.00122220   0.00255967    -0.00030052  -0.00038823
 -0.00084339  -0.00261324     0.00086463   0.00253449    -0.03765102   0.01207548
  0.00715156   0.00353276    -0.00160854   0.00075291    -0.00225533  -0.00349383
    4    7
  0.00086463   0.00253449    -0.00084339  -0.00261324     0.03765102  -0.01207548
  0.00122220   0.00255967     0.00140007   0.00369801     0.00030052   0.00038823
  0.00160854  -0.00075291    -0.00715156  -0.00353276    -0.00225533  -0.00349383
    5    1
  0.00116177  -0.00074345    -0.02346397   0.01702857     0.00151236   0.00185445
 -0.02346397   0.01702857     0.00116177  -0.00074345    -0.00151236  -0.00185445
 -0.00579387  -0.00841242     0.00579387   0.00841242     0.00681489  -0.00390049
    5    2
 -0.01284992   0.00010651    -0.00170970  -0.00190901    -0.00079547   0.00354072
 -0.00170970  -0.00190901    -0.01284992   0.00010651     0.00079547  -0.00354072
 -0.00137851   0.00512614     0.00137851  -0.00512614    -0.04387994   0.00025150
    5    3
 -0.05935599  -0.00017204     0.00364833  -0.00087703    -0.00243645  -0.00492041
  0.00364833  -0.00087703    -0.05935599  -0.00017204     0.00243645   0.00492041
 -0.00285295  -0.00659337     0.00285295   0.00659337    -0.10556920   0.00146020
    5    4
  0.01071937  -0.00026493     0.01000662  -0.00754436     0.00588004   0.00912794
  0.01000662  -0.00754436     0.01071937  -0.00026493    -0.00588004  -0.00912794
  0.00588004   0.00912794    -0.00588004  -0.00912794    -0.02219751  -0.00230906
    5    5
  0.08923484  -0.00000000    -0.00421987   0.00000000     0.00056433   0.00086393
 -0.00421987   0.00000000     0.08923484  -0.00000000    -0.00056433  -0.00086393
  0.00056433  -0.00086393    -0.00056433   0.00086393     0.26702412   0.00000000
    5    6
  0.00104095   0.00381470     0.00051575   0.00278921     0.00001493  -0.00049073
 -0.00085371  -0.00260989     0.00079024   0.00255866     0.03755810  -0.01236145
 -0.00370923   0.00706164     0.00174389  -0.00033636    -0.00022903  -0.00415222
    5    7
  0.00079024   0.00255866    -0.00085371  -0.00260989    -0.03755810   0.01236145
  0.00051575   0.00278921     0.00104095   0.00381470    -0.00001493   0.00049073
 -0.00174389   0.00033636     0.00370923  -0.00706164    -0.00022903  -0.00415222
    6    1
 -0.00173978  -0.00434487     0.00099629   0.00192292     0.00089339  -0.00039757
 -0.00119618  -0.00407419     0.00026060  -0.00022267    -0.00182238  -0.00013453
  0.00671592  -0.00232896     0.00070546  -0.00048872    -0.00057488  -0.00472537
    6    2
  0.00396136  -0.00249245    -0.00193628   0.00097007    -0.00048908  -0.00084676
  0.00336247  -0.00259299    -0.00007995  -0.00033332     0.00155341   0.00096233
 -0.00406437  -0.00583168    -0.00028347  -0.00081004     0.00324260  -0.00348500
    6    3
 -0.00753356   0.02318592    -0.00060565   0.00186399    -0.00087657   0.00269781
 -0.01114129   0.03428936    -0.06989198   0.21510539    -0.00005678   0.00017475
 -0.00017800   0.00054783     0.00002865  -0.00008819    -0.01274168   0.03921487
    6    4
  0.00140007  -0.00369801    -0.00084339   0.00261324     0.00715156  -0.00353276
  0.00122220  -0.00255967     0.00086463  -0.00253449    -0.00160854  -0.00075291
 -0.00030052   0.00038823    -0.03765102  -0.01207548    -0.00225533   0.00349383
    6    5
  0.00104095  -0.00381470    -0.00085371   0.00260989    -0.00370923  -0.00706164
  0.00051575  -0.00278921     0.00079024  -0.00255866     0.00174389   0.00033636
  0.00001493   0.00049073     0.03755810   0.01236145    -0.00022903   0.00415222
    6    6
  0.10353875   0.00000000     0.00178463   0.00000000     0.00012523   0.00000000
  0.00178463   0.00000000     0.68473572   0.00000000     0.00005150   0.00000000
  0.00012523   0.00000000     0.00005150   0.00000000     0.10230822   0.00000000
    6    7
 -0.00308159   0.00000000    -0.08320731   0.00000000     0.00004400   0.00000000
 -0.00954379   0.00000000    -0.00308159   0.00000000     0.00000148   0.00000000
 -0.00000148   0.00000000    -0.00004400   0.00000000     0.00081041   0.00000000
    7    1
  0.00026060  -0.00022267    -0.00119618  -0.00407419     0.00182238   0.00013453
  0.00099629   0.00192292    -0.00173978  -0.00434487    -0.00089339   0.00039757
 -0.00070546   0.00048872    -0.00671592   0.00232896    -0.00057488  -0.00472537
    7    2
 -0.00007995  -0.00033332     0.00336247  -0.00259299    -0.00155341  -0.00096233
 -0.00193628   0.00097007     0.00396136  -0.00249245     0.00048908   0.00084676
  0.00028347   0.00081004     0.00406437   0.00583168     0.00324260  -0.00348500
    7    3
 -0.06989198   0.21510539    -0.01114129   0.03428936     0.00005678  -0.00017475
 -0.00060565   0.00186399    -0.00753356   0.02318592     0.00087657  -0.00269781
 -0.00002865   0.00008819     0.00017800  -0.00054783    -0.01274168   0.03921487
    7    4
  0.00086463  -0.00253449     0.00122220  -0.00255967     0.00160854   0.00075291
 -0.00084339   0.00261324     0.00140007  -0.00369801    -0.00715156   0.00353276
  0.03765102   0.01207548     0.00030052  -0.00038823    -0.00225533   0.00349383
    7    5
  0.00079024  -0.00255866     0.00051575  -0.00278921    -0.00174389  -0.00033636
 -0.00085371   0.00260989     0.00104095  -0.00381470     0.00370923   0.00706164
 -0.03755810  -0.01236145    -0.00001493  -0.00049073    -0.00022903   0.00415222
    7    6
 -0.00308159   0.00000000    -0.00954379   0.00000000    -0.00000148   0.00000000
 -0.08320731   0.00000000    -0.00308159   0.00000000    -0.00004400   0.00000000
  0.00004400   0.00000000     0.00000148   0.00000000     0.00081041   0.00000000
    7    7
  0.68473572   0.00000000     0.00178463   0.00000000    -0.00005150   0.00000000
  0.00178463   0.00000000     0.10353875   0.00000000    -0.00012523   0.00000000
 -0.00005150   0.00000000    -0.00012523   0.00000000     0.10230822   0.00000000

     Dynamical  Matrix in cartesian axes

     q = (   -0.400000000  -0.400000000   0.242879598 ) 

    1    1
  0.12367062   0.00000000     0.00265794  -0.00000000    -0.00000087   0.00168607
  0.00265794   0.00000000     0.12367062  -0.00000000    -0.00000087   0.00168607
 -0.00000087  -0.00168607    -0.00000087  -0.00168607     0.17022063   0.00000000
    1    2
  0.00176639  -0.00397198    -0.01899784   0.01366678     0.00891495   0.01151273
 -0.01899784   0.01366678     0.00176639  -0.00397198     0.00891495   0.01151273
  0.00891495   0.01151273     0.00891495   0.01151273    -0.00166099   0.01365268
    1    3
  0.00002888  -0.00102094    -0.06068398   0.04430189    -0.01488397  -0.02220145
 -0.06068398   0.04430189     0.00002888  -0.00102094    -0.01488397  -0.02220145
 -0.01487855  -0.02237749    -0.01487855  -0.02237749    -0.02433620   0.00015728
    1    4
 -0.01284992  -0.00010651     0.00170970  -0.00190901     0.00137851   0.00512614
  0.00170970  -0.00190901    -0.01284992  -0.00010651     0.00137851   0.00512614
  0.00079547   0.00354072     0.00079547   0.00354072    -0.04387994  -0.00025150
    1    5
  0.00116177  -0.00074345     0.02346397  -0.01702857     0.00579387   0.00841242
  0.02346397  -0.01702857     0.00116177  -0.00074345     0.00579387   0.00841242
 -0.00151236  -0.00185445    -0.00151236  -0.00185445     0.00681489  -0.00390049
    1    6
 -0.00173978  -0.00434487     0.00119618   0.00407419    -0.00671592   0.00232896
 -0.00099629  -0.00192292     0.00026060  -0.00022267     0.00070546  -0.00048872
 -0.00089339   0.00039757    -0.00182238  -0.00013453    -0.00057488  -0.00472537
    1    7
 -0.00007995   0.00033332     0.00193628   0.00097007    -0.00028347   0.00081004
 -0.00336247  -0.00259299     0.00396136   0.00249245     0.00406437  -0.00583168
  0.00155341  -0.00096233     0.00048908  -0.00084676     0.00324260   0.00348500
    2    1
  0.00176639   0.00397198    -0.01899784  -0.01366678     0.00891495  -0.01151273
 -0.01899784  -0.01366678     0.00176639   0.00397198     0.00891495  -0.01151273
  0.00891495  -0.01151273     0.00891495  -0.01151273    -0.00166099  -0.01365268
    2    2
  0.12367062   0.00000000     0.00265794   0.00000000    -0.00000087  -0.00168607
  0.00265794   0.00000000     0.12367062   0.00000000    -0.00000087  -0.00168607
 -0.00000087   0.00168607    -0.00000087   0.00168607     0.17022063  -0.00000000
    2    3
  0.00002888   0.00102094    -0.06068398  -0.04430189    -0.01488397   0.02220145
 -0.06068398  -0.04430189     0.00002888   0.00102094    -0.01488397   0.02220145
 -0.01487855   0.02237749    -0.01487855   0.02237749    -0.02433620  -0.00015728
    2    4
  0.00116177   0.00074345     0.02346397   0.01702857     0.00579387  -0.00841242
  0.02346397   0.01702857     0.00116177   0.00074345     0.00579387  -0.00841242
 -0.00151236   0.00185445    -0.00151236   0.00185445     0.00681489   0.00390049
    2    5
 -0.01284992   0.00010651     0.00170970   0.00190901     0.00137851  -0.00512614
  0.00170970   0.00190901    -0.01284992   0.00010651     0.00137851  -0.00512614
  0.00079547  -0.00354072     0.00079547  -0.00354072    -0.04387994   0.00025150
    2    6
  0.00396136  -0.00249245    -0.00336247   0.00259299     0.00406437   0.00583168
  0.00193628  -0.00097007    -0.00007995  -0.00033332    -0.00028347  -0.00081004
  0.00048908   0.00084676     0.00155341   0.00096233     0.00324260  -0.00348500
    2    7
  0.00026060   0.00022267    -0.00099629   0.00192292     0.00070546   0.00048872
  0.00119618  -0.00407419    -0.00173978   0.00434487    -0.00671592  -0.00232896
 -0.00182238   0.00013453    -0.00089339  -0.00039757    -0.00057488   0.00472537
    3    1
  0.00002888   0.00102094    -0.06068398  -0.04430189    -0.01487855   0.02237749
 -0.06068398  -0.04430189     0.00002888   0.00102094    -0.01487855   0.02237749
 -0.01488397   0.02220145    -0.01488397   0.02220145    -0.02433620  -0.00015728
    3    2
  0.00002888  -0.00102094    -0.06068398   0.04430189    -0.01487855  -0.02237749
 -0.06068398   0.04430189     0.00002888  -0.00102094    -0.01487855  -0.02237749
 -0.01488397  -0.02220145    -0.01488397  -0.02220145    -0.02433620   0.00015728
    3    3
  0.71290747   0.00000000     0.01811561   0.00000000    -0.00139013   0.00000000
  0.01811561   0.00000000     0.71290747   0.00000000    -0.00139013   0.00000000
 -0.00139013   0.00000000    -0.00139013   0.00000000     0.48737650   0.00000000
    3    4
 -0.05935599   0.00017204    -0.00364833  -0.00087703     0.00285295  -0.00659337
 -0.00364833  -0.00087703    -0.05935599   0.00017204     0.00285295  -0.00659337
  0.00243645  -0.00492041     0.00243645  -0.00492041    -0.10556920  -0.00146020
    3    5
 -0.05935599  -0.00017204    -0.00364833   0.00087703     0.00285295   0.00659337
 -0.00364833   0.00087703    -0.05935599  -0.00017204     0.00285295   0.00659337
  0.00243645   0.00492041     0.00243645   0.00492041    -0.10556920   0.00146020
    3    6
 -0.00753356   0.02318592     0.01114129  -0.03428936     0.00017800  -0.00054783
  0.00060565  -0.00186399    -0.06989198   0.21510539     0.00002865  -0.00008819
  0.00087657  -0.00269781    -0.00005678   0.00017475    -0.01274168   0.03921487
    3    7
 -0.06989198  -0.21510539     0.00060565   0.00186399     0.00002865   0.00008819
  0.01114129   0.03428936    -0.00753356  -0.02318592     0.00017800   0.00054783
 -0.00005678  -0.00017475     0.00087657   0.00269781    -0.01274168  -0.03921487
    4    1
 -0.01284992   0.00010651     0.00170970   0.00190901     0.00079547  -0.00354072
  0.00170970   0.00190901    -0.01284992   0.00010651     0.00079547  -0.00354072
  0.00137851  -0.00512614     0.00137851  -0.00512614    -0.04387994   0.00025150
    4    2
  0.00116177  -0.00074345     0.02346397  -0.01702857    -0.00151236  -0.00185445
  0.02346397  -0.01702857     0.00116177  -0.00074345    -0.00151236  -0.00185445
  0.00579387   0.00841242     0.00579387   0.00841242     0.00681489  -0.00390049
    4    3
 -0.05935599  -0.00017204    -0.00364833   0.00087703     0.00243645   0.00492041
 -0.00364833   0.00087703    -0.05935599  -0.00017204     0.00243645   0.00492041
  0.00285295   0.00659337     0.00285295   0.00659337    -0.10556920   0.00146020
    4    4
  0.08923484  -0.00000000     0.00421987   0.00000000    -0.00056433  -0.00086393
  0.00421987   0.00000000     0.08923484   0.00000000    -0.00056433  -0.00086393
 -0.00056433   0.00086393    -0.00056433   0.00086393     0.26702412  -0.00000000
    4    5
  0.01071937  -0.00026493    -0.01000662   0.00754436    -0.00588004  -0.00912794
 -0.01000662   0.00754436     0.01071937  -0.00026493    -0.00588004  -0.00912794
 -0.00588004  -0.00912794    -0.00588004  -0.00912794    -0.02219751  -0.00230906
    4    6
  0.00140007  -0.00369801    -0.00122220   0.00255967     0.00030052  -0.00038823
  0.00084339  -0.00261324     0.00086463  -0.00253449    -0.03765102  -0.01207548
 -0.00715156   0.00353276    -0.00160854  -0.00075291    -0.00225533   0.00349383
    4    7
  0.00079024   0.00255866     0.00085371   0.00260989     0.03755810  -0.01236145
 -0.00051575  -0.00278921     0.00104095   0.00381470    -0.00001493   0.00049073
  0.00174389  -0.00033636     0.00370923  -0.00706164    -0.00022903  -0.00415222
    5    1
  0.00116177   0.00074345     0.02346397   0.01702857    -0.00151236   0.00185445
  0.02346397   0.01702857     0.00116177   0.00074345    -0.00151236   0.00185445
  0.00579387  -0.00841242     0.00579387  -0.00841242     0.00681489   0.00390049
    5    2
 -0.01284992  -0.00010651     0.00170970  -0.00190901     0.00079547   0.00354072
  0.00170970  -0.00190901    -0.01284992  -0.00010651     0.00079547   0.00354072
  0.00137851   0.00512614     0.00137851   0.00512614    -0.04387994  -0.00025150
    5    3
 -0.05935599   0.00017204    -0.00364833  -0.00087703     0.00243645  -0.00492041
 -0.00364833  -0.00087703    -0.05935599   0.00017204     0.00243645  -0.00492041
  0.00285295  -0.00659337     0.00285295  -0.00659337    -0.10556920  -0.00146020
    5    4
  0.01071937   0.00026493    -0.01000662  -0.00754436    -0.00588004   0.00912794
 -0.01000662  -0.00754436     0.01071937   0.00026493    -0.00588004   0.00912794
 -0.00588004   0.00912794    -0.00588004   0.00912794    -0.02219751   0.00230906
    5    5
  0.08923484   0.00000000     0.00421987   0.00000000    -0.00056433   0.00086393
  0.00421987   0.00000000     0.08923484   0.00000000    -0.00056433   0.00086393
 -0.00056433  -0.00086393    -0.00056433  -0.00086393     0.26702412   0.00000000
    5    6
  0.00104095  -0.00381470    -0.00051575   0.00278921    -0.00001493  -0.00049073
  0.00085371  -0.00260989     0.00079024  -0.00255866     0.03755810   0.01236145
  0.00370923   0.00706164     0.00174389   0.00033636    -0.00022903   0.00415222
    5    7
  0.00086463   0.00253449     0.00084339   0.00261324    -0.03765102   0.01207548
 -0.00122220  -0.00255967     0.00140007   0.00369801     0.00030052   0.00038823
 -0.00160854   0.00075291    -0.00715156  -0.00353276    -0.00225533  -0.00349383
    6    1
 -0.00173978   0.00434487    -0.00099629   0.00192292    -0.00089339  -0.00039757
  0.00119618  -0.00407419     0.00026060   0.00022267    -0.00182238   0.00013453
 -0.00671592  -0.00232896     0.00070546   0.00048872    -0.00057488   0.00472537
    6    2
  0.00396136   0.00249245     0.00193628   0.00097007     0.00048908  -0.00084676
 -0.00336247  -0.00259299    -0.00007995   0.00033332     0.00155341  -0.00096233
  0.00406437  -0.00583168    -0.00028347   0.00081004     0.00324260   0.00348500
    6    3
 -0.00753356  -0.02318592     0.00060565   0.00186399     0.00087657   0.00269781
  0.01114129   0.03428936    -0.06989198  -0.21510539    -0.00005678  -0.00017475
  0.00017800   0.00054783     0.00002865   0.00008819    -0.01274168  -0.03921487
    6    4
  0.00140007   0.00369801     0.00084339   0.00261324    -0.00715156  -0.00353276
 -0.00122220  -0.00255967     0.00086463   0.00253449    -0.00160854   0.00075291
  0.00030052   0.00038823    -0.03765102   0.01207548    -0.00225533  -0.00349383
    6    5
  0.00104095   0.00381470     0.00085371   0.00260989     0.00370923  -0.00706164
 -0.00051575  -0.00278921     0.00079024   0.00255866     0.00174389  -0.00033636
 -0.00001493   0.00049073     0.03755810  -0.01236145    -0.00022903  -0.00415222
    6    6
  0.10353875   0.00000000    -0.00178463   0.00000000    -0.00012523   0.00000000
 -0.00178463   0.00000000     0.68473572   0.00000000     0.00005150   0.00000000
 -0.00012523   0.00000000     0.00005150   0.00000000     0.10230822   0.00000000
    6    7
  0.00249306  -0.00181131    -0.06731613   0.04890803     0.00003559  -0.00002586
 -0.00772109   0.00560970     0.00249306  -0.00181131    -0.00000120   0.00000087
 -0.00000120   0.00000087     0.00003559  -0.00002586    -0.00065564   0.00047635
    7    1
 -0.00007995  -0.00033332    -0.00336247   0.00259299     0.00155341   0.00096233
  0.00193628  -0.00097007     0.00396136  -0.00249245     0.00048908   0.00084676
 -0.00028347  -0.00081004     0.00406437   0.00583168     0.00324260  -0.00348500
    7    2
  0.00026060  -0.00022267     0.00119618   0.00407419    -0.00182238  -0.00013453
 -0.00099629  -0.00192292    -0.00173978  -0.00434487    -0.00089339   0.00039757
  0.00070546  -0.00048872    -0.00671592   0.00232896    -0.00057488  -0.00472537
    7    3
 -0.06989198   0.21510539     0.01114129  -0.03428936    -0.00005678   0.00017475
  0.00060565  -0.00186399    -0.00753356   0.02318592     0.00087657  -0.00269781
  0.00002865  -0.00008819     0.00017800  -0.00054783    -0.01274168   0.03921487
    7    4
  0.00079024  -0.00255866    -0.00051575   0.00278921     0.00174389   0.00033636
  0.00085371  -0.00260989     0.00104095  -0.00381470     0.00370923   0.00706164
  0.03755810   0.01236145    -0.00001493  -0.00049073    -0.00022903   0.00415222
    7    5
  0.00086463  -0.00253449    -0.00122220   0.00255967    -0.00160854  -0.00075291
  0.00084339  -0.00261324     0.00140007  -0.00369801    -0.00715156   0.00353276
 -0.03765102  -0.01207548     0.00030052  -0.00038823    -0.00225533   0.00349383
    7    6
  0.00249306   0.00181131    -0.00772109  -0.00560970    -0.00000120  -0.00000087
 -0.06731613  -0.04890803     0.00249306   0.00181131     0.00003559   0.00002586
  0.00003559   0.00002586    -0.00000120  -0.00000087    -0.00065564  -0.00047635
    7    7
  0.68473572   0.00000000    -0.00178463   0.00000000     0.00005150   0.00000000
 -0.00178463   0.00000000     0.10353875   0.00000000    -0.00012523   0.00000000
  0.00005150   0.00000000    -0.00012523   0.00000000     0.10230822   0.00000000

     Diagonalizing the dynamical matrix

     q = (   -0.400000000   0.400000000   0.242879598 ) 

 **************************************************************************
     freq (    1) =       3.009868 [THz] =     100.398392 [cm-1]
 (  0.190949 -0.187991  0.190949 -0.187991  0.000000  0.000000 ) 
 ( -0.264979 -0.039851 -0.264979 -0.039851 -0.000000  0.000000 ) 
 ( -0.003882 -0.011948 -0.003882 -0.011948 -0.000000 -0.000000 ) 
 ( -0.312809  0.126445 -0.312809  0.126445 -0.000000 -0.000000 ) 
 (  0.327390 -0.081568  0.327390 -0.081568 -0.000000 -0.000000 ) 
 ( -0.092990  0.000000 -0.006216  0.000000 -0.346234  0.000000 ) 
 ( -0.006216  0.000000 -0.092990  0.000000  0.346234  0.000000 ) 
     freq (    2) =       3.058268 [THz] =     102.012856 [cm-1]
 ( -0.122797  0.222762  0.122797 -0.222762 -0.004827 -0.003977 ) 
 (  0.230281  0.108040 -0.230281 -0.108040  0.001568 -0.006055 ) 
 (  0.001699  0.005228 -0.001699 -0.005228  0.053895  0.165873 ) 
 ( -0.298197  0.088237  0.298197 -0.088237  0.033593  0.079445 ) 
 (  0.293111 -0.103890 -0.293111  0.103890  0.019520  0.084018 ) 
 (  0.002743  0.000000 -0.002023 -0.000000  0.393003 -0.000000 ) 
 (  0.002023  0.000000 -0.002743  0.000000  0.393003  0.000000 ) 
     freq (    3) =       3.404671 [THz] =     113.567609 [cm-1]
 ( -0.122674 -0.106073 -0.122674 -0.106073 -0.000000 -0.000000 ) 
 (  0.036897 -0.157920  0.036897 -0.157920  0.000000 -0.000000 ) 
 (  0.024968  0.076842  0.024968  0.076842 -0.000000  0.000000 ) 
 ( -0.107211  0.008969 -0.107211  0.008969 -0.000000  0.000000 ) 
 (  0.092007 -0.055761  0.092007 -0.055761  0.000000  0.000000 ) 
 (  0.637477 -0.000000  0.035810 -0.000000 -0.100312  0.000000 ) 
 (  0.035810 -0.000000  0.637477 -0.000000  0.100312  0.000000 ) 
     freq (    4) =       3.424431 [THz] =     114.226723 [cm-1]
 ( -0.378606 -0.263705  0.378606  0.263705 -0.128248 -0.007517 ) 
 (  0.151297 -0.435881 -0.151297  0.435881  0.099336 -0.081464 ) 
 ( -0.032705 -0.100654  0.032705  0.100654  0.009596  0.029532 ) 
 ( -0.089923  0.069523  0.089923 -0.069523 -0.036065  0.031955 ) 
 (  0.113614  0.003390 -0.113614 -0.003390  0.047960  0.004654 ) 
 (  0.023196  0.000000  0.034187  0.000000  0.127199 -0.000000 ) 
 ( -0.034187  0.000000 -0.023196  0.000000  0.127199  0.000000 ) 
     freq (    5) =       4.110250 [THz] =     137.103190 [cm-1]
 ( -0.173251 -0.077274 -0.173251 -0.077274  0.000000  0.000000 ) 
 (  0.094742 -0.164351  0.094742 -0.164351 -0.000000  0.000000 ) 
 (  0.005223  0.016075  0.005223  0.016075 -0.000000  0.000000 ) 
 ( -0.159291 -0.003433 -0.159291 -0.003433  0.000000  0.000000 ) 
 (  0.126852 -0.096406  0.126852 -0.096406 -0.000000  0.000000 ) 
 ( -0.596419  0.000000  0.008727  0.000000 -0.145524  0.000000 ) 
 (  0.008727  0.000000 -0.596419  0.000000  0.145524  0.000000 ) 
     freq (    6) =       4.242259 [THz] =     141.506538 [cm-1]
 (  0.026400 -0.100358 -0.026400  0.100358  0.333202  0.468441 ) 
 ( -0.080347 -0.065674  0.080347  0.065674  0.005776  0.574828 ) 
 (  0.002167  0.006668 -0.002167 -0.006668  0.072540  0.223256 ) 
 ( -0.114086  0.049678  0.114086 -0.049678  0.097393  0.213146 ) 
 (  0.121497 -0.026868 -0.121497  0.026868  0.046492  0.229684 ) 
 (  0.015152 -0.000000 -0.001379 -0.000000  0.185162 -0.000000 ) 
 (  0.001379  0.000000 -0.015152 -0.000000  0.185162  0.000000 ) 
     freq (    7) =       4.652030 [THz] =     155.175017 [cm-1]
 ( -0.072139 -0.009449  0.072139  0.009449  0.553025 -0.351201 ) 
 (  0.052807 -0.050047 -0.052807  0.050047 -0.653837  0.040933 ) 
 ( -0.033159 -0.102052  0.033159  0.102052 -0.028037 -0.086290 ) 
 ( -0.045438 -0.074074  0.045438  0.074074  0.090332 -0.129877 ) 
 ( -0.006780 -0.086635  0.006780  0.086635 -0.149420 -0.051977 ) 
 ( -0.024947  0.000000  0.035905 -0.000000 -0.050617  0.000000 ) 
 ( -0.035905  0.000000  0.024947 -0.000000 -0.050617  0.000000 ) 
     freq (    8) =       4.657929 [THz] =     155.371785 [cm-1]
 ( -0.018066  0.164759 -0.018066  0.164759  0.000000 -0.000000 ) 
 (  0.111458  0.122674  0.111458  0.122674 -0.000000  0.000000 ) 
 (  0.000892  0.002746  0.000892  0.002746 -0.000000 -0.000000 ) 
 ( -0.322770  0.208481 -0.322770  0.208481  0.000000 -0.000000 ) 
 (  0.383669 -0.021055  0.383669 -0.021055 -0.000000 -0.000000 ) 
 (  0.086211  0.000000 -0.002140 -0.000000 -0.377255 -0.000000 ) 
 ( -0.002140  0.000000  0.086211  0.000000  0.377255  0.000000 ) 
     freq (    9) =       5.734402 [THz] =     191.279076 [cm-1]
 (  0.127445 -0.115320 -0.127445  0.115320 -0.054614 -0.142460 ) 
 ( -0.170889 -0.018385  0.170889  0.018385 -0.039552 -0.147354 ) 
 ( -0.013264 -0.040822  0.013264  0.040822  0.053088  0.163388 ) 
 ( -0.284366 -0.050433  0.284366  0.050433  0.055919  0.113594 ) 
 (  0.200413 -0.207947 -0.200413  0.207947  0.021529  0.124768 ) 
 (  0.004163 -0.000000  0.012104 -0.000000  0.466939  0.000000 ) 
 ( -0.012104 -0.000000 -0.004163 -0.000000  0.466939  0.000000 ) 
     freq (   10) =       6.911691 [THz] =     230.549183 [cm-1]
 ( -0.008573 -0.022402  0.008573  0.022402  0.022691 -0.105389 ) 
 ( -0.006232 -0.023163  0.006232  0.023163 -0.080304 -0.071924 ) 
 (  0.049445  0.152177 -0.049445 -0.152177  0.085910  0.264405 ) 
 (  0.295375  0.334171 -0.295375 -0.334171  0.030117  0.144612 ) 
 ( -0.042543  0.443967  0.042543 -0.443967  0.060636  0.134696 ) 
 ( -0.004196 -0.000000 -0.047632  0.000000 -0.032254  0.000000 ) 
 (  0.047632 -0.000000  0.004196 -0.000000 -0.032254  0.000000 ) 
     freq (   11) =       7.184406 [THz] =     239.645972 [cm-1]
 ( -0.013224  0.032631  0.013224 -0.032631 -0.028604 -0.012980 ) 
 (  0.029879  0.018626 -0.029879 -0.018626  0.015512 -0.027314 ) 
 ( -0.046748 -0.143877  0.046748  0.143877  0.095948  0.295298 ) 
 (  0.186180 -0.373691 -0.186180  0.373691  0.033733  0.111310 ) 
 ( -0.370273 -0.192889  0.370273  0.192889  0.038135  0.109879 ) 
 (  0.006954 -0.000000  0.046187  0.000000 -0.247222  0.000000 ) 
 ( -0.046187  0.000000 -0.006954 -0.000000 -0.247222  0.000000 ) 
     freq (   12) =       7.199164 [THz] =     240.138264 [cm-1]
 (  0.021786 -0.003491  0.021786 -0.003491  0.000000 -0.000000 ) 
 ( -0.019677  0.009981 -0.019677  0.009981  0.000000  0.000000 ) 
 (  0.088245  0.271592  0.088245  0.271592 -0.000000 -0.000000 ) 
 (  0.178153  0.396971  0.178153  0.396971 -0.000000 -0.000000 ) 
 (  0.089205  0.425871  0.089205  0.425871 -0.000000 -0.000000 ) 
 ( -0.132888  0.000000  0.115439 -0.000000  0.088565 -0.000000 ) 
 (  0.115439 -0.000000 -0.132888  0.000000 -0.088565  0.000000 ) 
     freq (   13) =       9.974732 [THz] =     332.721237 [cm-1]
 ( -0.038922 -0.036347 -0.038922 -0.036347 -0.000000 -0.000000 ) 
 (  0.010124 -0.052284  0.010124 -0.052284 -0.000000  0.000000 ) 
 ( -0.059576 -0.183357 -0.059576 -0.183357  0.000000  0.000000 ) 
 (  0.027856  0.428250  0.027856  0.428250  0.000000 -0.000000 ) 
 (  0.229183  0.362835  0.229183  0.362835 -0.000000  0.000000 ) 
 (  0.052415 -0.000000 -0.101007  0.000000  0.275430  0.000000 ) 
 ( -0.101007 -0.000000  0.052415  0.000000 -0.275430  0.000000 ) 
     freq (   14) =      10.015805 [THz] =     334.091307 [cm-1]
 ( -0.039869 -0.025233  0.039869  0.025233  0.016116 -0.022678 ) 
 (  0.017423 -0.043848 -0.017423  0.043848 -0.026368 -0.008875 ) 
 (  0.088254  0.271619 -0.088254 -0.271619  0.009616  0.029596 ) 
 ( -0.155523 -0.377444  0.155523  0.377444  0.047787 -0.039391 ) 
 ( -0.096035 -0.396773  0.096035  0.396773 -0.061814 -0.003780 ) 
 (  0.230490  0.000000 -0.097774 -0.000000 -0.113575 -0.000000 ) 
 (  0.097774  0.000000 -0.230490 -0.000000 -0.113575  0.000000 ) 
     freq (   15) =      10.316429 [THz] =     344.119036 [cm-1]
 ( -0.014413 -0.012726 -0.014413 -0.012726  0.000000  0.000000 ) 
 (  0.004180 -0.018767  0.004180 -0.018767 -0.000000  0.000000 ) 
 ( -0.017282 -0.053189 -0.017282 -0.053189 -0.000000 -0.000000 ) 
 (  0.317709  0.054671  0.317709  0.054671 -0.000000 -0.000000 ) 
 ( -0.224897  0.230975 -0.224897  0.230975 -0.000000 -0.000000 ) 
 (  0.013887 -0.000000 -0.029936  0.000000 -0.535899  0.000000 ) 
 ( -0.029936  0.000000  0.013887 -0.000000  0.535899  0.000000 ) 
     freq (   16) =      10.815330 [THz] =     360.760568 [cm-1]
 (  0.013324 -0.007075 -0.013324  0.007075 -0.013345 -0.015206 ) 
 ( -0.014938  0.002107  0.014938 -0.002107  0.001858 -0.020145 ) 
 ( -0.005810 -0.017881  0.005810  0.017881  0.018792  0.057836 ) 
 ( -0.289758  0.146761  0.289758 -0.146761  0.055881  0.087889 ) 
 (  0.320683 -0.051583 -0.320683  0.051583  0.006451  0.103950 ) 
 ( -0.027320 -0.000000  0.006532  0.000000 -0.523736  0.000000 ) 
 ( -0.006532  0.000000  0.027320  0.000000 -0.523736  0.000000 ) 
     freq (   17) =      11.767869 [THz] =     392.533863 [cm-1]
 ( -0.008237 -0.007306  0.008237  0.007306 -0.002681  0.004941 ) 
 (  0.002370 -0.010753 -0.002370  0.010753  0.005073  0.002422 ) 
 (  0.014778  0.045483 -0.014778 -0.045483  0.007696  0.023687 ) 
 ( -0.020581 -0.065237  0.020581  0.065237  0.054837 -0.129886 ) 
 ( -0.021695 -0.064875  0.021695  0.064875 -0.120709 -0.072848 ) 
 ( -0.683939 -0.000000 -0.010635 -0.000000  0.002474  0.000000 ) 
 (  0.010635  0.000000  0.683939  0.000000  0.002474  0.000000 ) 
     freq (   18) =      14.130145 [THz] =     471.330905 [cm-1]
 (  0.009718 -0.007465 -0.009718  0.007465  0.001877  0.016805 ) 
 ( -0.012250 -0.000327  0.012250  0.000327  0.008359  0.014699 ) 
 ( -0.003827 -0.011778  0.003827  0.011778  0.037995  0.116936 ) 
 ( -0.035887  0.052677  0.035887 -0.052677 -0.205323 -0.655122 ) 
 (  0.059996  0.021522 -0.059996 -0.021522 -0.218962 -0.650691 ) 
 (  0.108828 -0.000000  0.003344 -0.000000 -0.019468  0.000000 ) 
 ( -0.003344  0.000000 -0.108828  0.000000 -0.019468  0.000000 ) 
     freq (   19) =      14.766809 [THz] =     492.567718 [cm-1]
 ( -0.001495  0.000587  0.001495 -0.000587 -0.023059  0.009653 ) 
 (  0.001555 -0.000404 -0.001555  0.000404  0.024329 -0.005744 ) 
 ( -0.003891 -0.011975  0.003891  0.011975 -0.001650 -0.005080 ) 
 (  0.031099  0.025843 -0.031099 -0.025843  0.670920 -0.197777 ) 
 ( -0.009969  0.039187  0.009969 -0.039187 -0.659036  0.234352 ) 
 (  0.079269 -0.000000  0.011001  0.000000  0.016546 -0.000000 ) 
 ( -0.011001  0.000000 -0.079269  0.000000  0.016546  0.000000 ) 
     freq (   20) =      22.697859 [THz] =     757.119091 [cm-1]
 ( -0.000308 -0.000131 -0.000308 -0.000131  0.000000 -0.000000 ) 
 (  0.000173 -0.000287  0.000173 -0.000287 -0.000000 -0.000000 ) 
 ( -0.015595 -0.047998 -0.015595 -0.047998  0.000000  0.000000 ) 
 (  0.003135  0.010941  0.003135  0.010941 -0.000000 -0.000000 ) 
 (  0.003895  0.010694  0.003895  0.010694 -0.000000 -0.000000 ) 
 (  0.000654  0.000000  0.705119  0.000000 -0.000025  0.000000 ) 
 (  0.705119  0.000000  0.000654 -0.000000  0.000025  0.000000 ) 
     freq (   21) =      22.860314 [THz] =     762.538010 [cm-1]
 ( -0.000071  0.000006  0.000071 -0.000006  0.000171  0.000083 ) 
 (  0.000061 -0.000037 -0.000061  0.000037 -0.000090  0.000168 ) 
 ( -0.011197 -0.034459  0.011197  0.034459 -0.000021 -0.000064 ) 
 (  0.001560  0.003298 -0.001560 -0.003298  0.006906 -0.001926 ) 
 (  0.000677  0.003585 -0.000677 -0.003585 -0.006719  0.002501 ) 
 ( -0.004828 -0.000000 -0.706106 -0.000000  0.000116  0.000000 ) 
 (  0.706106  0.000000  0.004828  0.000000  0.000116  0.000000 ) 
 **************************************************************************
