 written on 22Jun2026 at 11:11:44 by elphmod
           3
        1061
    1    1    1    1    1    1    1    1    1    1    1    1    1    1    1
    1    1    1    1    1    1    1    1    1    1    1    1    1    1    1
    1    1    1    1    1    1    1    1    1    1    1    1    1    1    1
    1    1    1    1    1    1    1    1    1    1    1    1    1    1    1
    1    1    1    1    1    1    1    1    1    1    1    1    1    1    1
    1    1    1    1    1    1    1    1    1    1    1    1    1    1    1
    1    1    1    1    1    1    1    1    1    1    1    1    1    1    1
    1    1    1    1    1    1    1    1    1    1    1    1    1    1    1
    1    1    1    1    1    1    1    1    1    1    1    1    1    1    1
    1    1    1    1    1    1    1    1    1    1    1    1    1    1    1
    1    1    1    1    1    1    1    1    1    1    1    1    1    1    1
    1    1    1    1    1    1    1    1    1    1    1    1    1    1    1
    1    1    1    1    1    1    1    1    1    1    1    1    1    1    1
    1    1    1    1    1    1    1    1    1    1    1    1    1    1    1
    1    1    1    1    1    1    1    1    1    1    1    1    1    1    1
    1    1    1    1    1    1    1    1    1    1    1    1    1    1    1
    1    1    1    1    1    1    1    1    1    1    1    1    1    1    1
    1    1    1    1    1    1    1    1    1    1    1    1    1    1    1
    1    1    1    1    1    1    1    1    1    1    1    1    1    1    1
    1    1    1    1    1    1    1    1    1    1    1    1    1    1    1
    1    1    1    1    1    1    1    1    1    1    1    1    1    1    1
    1    1    1    1    1    1    1    1    1    1    1    1    1    1    1
    1    1    1    1    1    1    1    1    1    1    1    1    1    1    1
    1    1    1    1    1    1    1    1    1    1    1    1    1    1    1
    1    1    1    1    1    1    1    1    1    1    1    1    1    1    1
    1    1    1    1    1    1    1    1    1    1    1    1    1    1    1
    1    1    1    1    1    1    1    1    1    1    1    1    1    1    1
    1    1    1    1    1    1    1    1    1    1    1    1    1    1    1
    1    1    1    1    1    1    1    1    1    1    1    1    1    1    1
    1    1    1    1    1    1    1    1    1    1    1    1    1    1    1
    1    1    1    1    1    1    1    1    1    1    1    1    1    1    1
    1    1    1    1    1    1    1    1    1    1    1    1    1    1    1
    1    1    1    1    1    1    1    1    1    1    1    1    1    1    1
    1    1    1    1    1    1    1    1    1    1    1    1    1    1    1
    1    1    1    1    1    1    1    1    1    1    1    1    1    1    1
    1    1    1    1    1    1    1    1    1    1    1    1    1    1    1
    1    1    1    1    1    1    1    1    1    1    1    1    1    1    1
    1    1    1    1    1    1    1    1    1    1    1    1    1    1    1
    1    1    1    1    1    1    1    1    1    1    1    1    1    1    1
    1    1    1    1    1    1    1    1    1    1    1    1    1    1    1
    1    1    1    1    1    1    1    1    1    1    1    1    1    1    1
    1    1    1    1    1    1    1    1    1    1    1    1    1    1    1
    1    1    1    1    1    1    1    1    1    1    1    1    1    1    1
    1    1    1    1    1    1    1    1    1    1    1    1    1    1    1
    1    1    1    1    1    1    1    1    1    1    1    1    1    1    1
    1    1    1    1    1    1    1    1    1    1    1    1    1    1    1
    1    1    1    1    1    1    1    1    1    1    1    1    1    1    1
    1    1    1    1    1    1    1    1    1    1    1    1    1    1    1
    1    1    1    1    1    1    1    1    1    1    1    1    1    1    1
    1    1    1    1    1    1    1    1    1    1    1    1    1    1    1
    1    1    1    1    1    1    1    1    1    1    1    1    1    1    1
    1    1    1    1    1    1    1    1    1    1    1    1    1    1    1
    1    1    1    1    1    1    1    1    1    1    1    1    1    1    1
    1    1    1    1    1    1    1    1    1    1    1    1    1    1    1
    1    1    1    1    1    1    1    1    1    1    1    1    1    1    1
    1    1    1    1    1    1    1    1    1    1    1    1    1    1    1
    1    1    1    1    1    1    1    1    1    1    1    1    1    1    1
    1    1    1    1    1    1    1    1    1    1    1    1    1    1    1
    1    1    1    1    1    1    1    1    1    1    1    1    1    1    1
    1    1    1    1    1    1    1    1    1    1    1    1    1    1    1
    1    1    1    1    1    1    1    1    1    1    1    1    1    1    1
    1    1    1    1    1    1    1    1    1    1    1    1    1    1    1
    1    1    1    1    1    1    1    1    1    1    1    1    1    1    1
    1    1    1    1    1    1    1    1    1    1    1    1    1    1    1
    1    1    1    1    1    1    1    1    1    1    1    1    1    1    1
    1    1    1    1    1    1    1    1    1    1    1    1    1    1    1
    1    1    1    1    1    1    1    1    1    1    1    1    1    1    1
    1    1    1    1    1    1    1    1    1    1    1    1    1    1    1
    1    1    1    1    1    1    1    1    1    1    1    1    1    1    1
    1    1    1    1    1    1    1    1    1    1    1    1    1    1    1
    1    1    1    1    1    1    1    1    1    1    1
  -10    4    4    1    1    0.000000    0.000000
  -10    4    4    2    1    0.000000    0.000000
  -10    4    4    3    1    0.000000    0.000000
  -10    4    4    1    2    0.000000    0.000000
  -10    4    4    2    2    0.000000    0.000000
  -10    4    4    3    2    0.000000    0.000000
  -10    4    4    1    3    0.000000    0.000000
  -10    4    4    2    3    0.000000    0.000000
  -10    4    4    3    3    0.000001    0.000000
  -10    5    5    1    1    0.000003    0.000000
  -10    5    5    2    1    0.000000    0.000000
  -10    5    5    3    1    0.000000    0.000000
  -10    5    5    1    2    0.000000    0.000000
  -10    5    5    2    2    0.000003    0.000000
  -10    5    5    3    2    0.000000    0.000000
  -10    5    5    1    3    0.000000    0.000000
  -10    5    5    2    3    0.000000    0.000000
  -10    5    5    3    3   -0.000410    0.000000
  -10    6    6    1    1    0.000000    0.000000
  -10    6    6    2    1    0.000000    0.000000
  -10    6    6    3    1    0.000000    0.000000
  -10    6    6    1    2    0.000000    0.000000
  -10    6    6    2    2    0.000000    0.000000
  -10    6    6    3    2    0.000000    0.000000
  -10    6    6    1    3    0.000000    0.000000
  -10    6    6    2    3    0.000000    0.000000
  -10    6    6    3    3    0.000001    0.000000
   -9    3    3    1    1    0.000000    0.000000
   -9    3    3    2    1   -0.000001    0.000000
   -9    3    3    3    1    0.000000    0.000000
   -9    3    3    1    2   -0.000001    0.000000
   -9    3    3    2    2    0.000000    0.000000
   -9    3    3    3    2    0.000000    0.000000
   -9    3    3    1    3    0.000000    0.000000
   -9    3    3    2    3    0.000000    0.000000
   -9    3    3    3    3    0.000001    0.000000
   -9    3    4    1    1   -0.000001    0.000000
   -9    3    4    2    1    0.000000    0.000000
   -9    3    4    3    1   -0.000004    0.000000
   -9    3    4    1    2    0.000000    0.000000
   -9    3    4    2    2    0.000000    0.000000
   -9    3    4    3    2    0.000000    0.000000
   -9    3    4    1    3   -0.000004    0.000000
   -9    3    4    2    3    0.000000    0.000000
   -9    3    4    3    3   -0.000001    0.000000
   -9    4    3    1    1    0.000000    0.000000
   -9    4    3    2    1    0.000000    0.000000
   -9    4    3    3    1    0.000000    0.000000
   -9    4    3    1    2    0.000000    0.000000
   -9    4    3    2    2   -0.000001    0.000000
   -9    4    3    3    2    0.000004    0.000000
   -9    4    3    1    3    0.000000    0.000000
   -9    4    3    2    3    0.000004    0.000000
   -9    4    3    3    3   -0.000001    0.000000
   -9    4    4    1    1    0.000001    0.000000
   -9    4    4    2    1    0.000003    0.000000
   -9    4    4    3    1   -0.000003    0.000000
   -9    4    4    1    2    0.000003    0.000000
   -9    4    4    2    2    0.000001    0.000000
   -9    4    4    3    2    0.000003    0.000000
   -9    4    4    1    3   -0.000003    0.000000
   -9    4    4    2    3    0.000003    0.000000
   -9    4    4    3    3   -0.000048    0.000000
   -9    4    5    1    1    0.000006    0.000000
   -9    4    5    2    1    0.000000    0.000000
   -9    4    5    3    1    0.000000    0.000000
   -9    4    5    1    2    0.000000    0.000000
   -9    4    5    2    2   -0.000006    0.000000
   -9    4    5    3    2    0.000000    0.000000
   -9    4    5    1    3    0.000000    0.000000
   -9    4    5    2    3    0.000000    0.000000
   -9    4    5    3    3   -0.000852    0.000000
   -9    5    4    1    1   -0.000006    0.000000
   -9    5    4    2    1    0.000000    0.000000
   -9    5    4    3    1    0.000000    0.000000
   -9    5    4    1    2    0.000000    0.000000
   -9    5    4    2    2    0.000006    0.000000
   -9    5    4    3    2    0.000000    0.000000
   -9    5    4    1    3    0.000000    0.000000
   -9    5    4    2    3    0.000000    0.000000
   -9    5    4    3    3   -0.000852    0.000000
   -9    5    5    1    1    0.000001    0.000000
   -9    5    5    2    1    0.000003    0.000000
   -9    5    5    3    1    0.000003    0.000000
   -9    5    5    1    2    0.000003    0.000000
   -9    5    5    2    2    0.000001    0.000000
   -9    5    5    3    2   -0.000003    0.000000
   -9    5    5    1    3    0.000003    0.000000
   -9    5    5    2    3   -0.000003    0.000000
   -9    5    5    3    3   -0.000048    0.000000
   -9    5    6    1    1   -0.000001    0.000000
   -9    5    6    2    1    0.000000    0.000000
   -9    5    6    3    1    0.000004    0.000000
   -9    5    6    1    2    0.000000    0.000000
   -9    5    6    2    2    0.000000    0.000000
   -9    5    6    3    2    0.000000    0.000000
   -9    5    6    1    3    0.000004    0.000000
   -9    5    6    2    3    0.000000    0.000000
   -9    5    6    3    3   -0.000001    0.000000
   -9    6    5    1    1    0.000000    0.000000
   -9    6    5    2    1    0.000000    0.000000
   -9    6    5    3    1    0.000000    0.000000
   -9    6    5    1    2    0.000000    0.000000
   -9    6    5    2    2   -0.000001    0.000000
   -9    6    5    3    2   -0.000004    0.000000
   -9    6    5    1    3    0.000000    0.000000
   -9    6    5    2    3   -0.000004    0.000000
   -9    6    5    3    3   -0.000001    0.000000
   -9    6    6    1    1    0.000000    0.000000
   -9    6    6    2    1   -0.000001    0.000000
   -9    6    6    3    1    0.000000    0.000000
   -9    6    6    1    2   -0.000001    0.000000
   -9    6    6    2    2    0.000000    0.000000
   -9    6    6    3    2    0.000000    0.000000
   -9    6    6    1    3    0.000000    0.000000
   -9    6    6    2    3    0.000000    0.000000
   -9    6    6    3    3    0.000001    0.000000
   -8    1    3    1    1    0.000000    0.000000
   -8    1    3    2    1    0.000000    0.000000
   -8    1    3    3    1   -0.000001    0.000000
   -8    1    3    1    2    0.000000    0.000000
   -8    1    3    2    2    0.000000    0.000000
   -8    1    3    3    2    0.000000    0.000000
   -8    1    3    1    3   -0.000001    0.000000
   -8    1    3    2    3    0.000000    0.000000
   -8    1    3    3    3    0.000000    0.000000
   -8    2    2    1    1    0.000000    0.000000
   -8    2    2    2    1    0.000001    0.000000
   -8    2    2    3    1   -0.000001    0.000000
   -8    2    2    1    2    0.000001    0.000000
   -8    2    2    2    2    0.000000    0.000000
   -8    2    2    3    2    0.000001    0.000000
   -8    2    2    1    3   -0.000001    0.000000
   -8    2    2    2    3    0.000001    0.000000
   -8    2    2    3    3    0.000000    0.000000
   -8    2    3    1    1   -0.000002    0.000000
   -8    2    3    2    1   -0.000002    0.000000
   -8    2    3    3    1   -0.000001    0.000000
   -8    2    3    1    2   -0.000002    0.000000
   -8    2    3    2    2   -0.000001    0.000000
   -8    2    3    3    2    0.000000    0.000000
   -8    2    3    1    3   -0.000001    0.000000
   -8    2    3    2    3    0.000000    0.000000
   -8    2    3    3    3    0.000000    0.000000
   -8    2    4    1    1    0.000000    0.000000
   -8    2    4    2    1    0.000000    0.000000
   -8    2    4    3    1   -0.000003    0.000000
   -8    2    4    1    2    0.000000    0.000000
   -8    2    4    2    2    0.000000    0.000000
   -8    2    4    3    2    0.000000    0.000000
   -8    2    4    1    3   -0.000003    0.000000
   -8    2    4    2    3    0.000000    0.000000
   -8    2    4    3    3   -0.000002    0.000000
   -8    3    1    1    1    0.000000    0.000000
   -8    3    1    2    1    0.000000    0.000000
   -8    3    1    3    1    0.000000    0.000000
   -8    3    1    1    2    0.000000    0.000000
   -8    3    1    2    2    0.000000    0.000000
   -8    3    1    3    2    0.000001    0.000000
   -8    3    1    1    3    0.000000    0.000000
   -8    3    1    2    3    0.000001    0.000000
   -8    3    1    3    3    0.000000    0.000000
   -8    3    2    1    1   -0.000001    0.000000
   -8    3    2    2    1   -0.000002    0.000000
   -8    3    2    3    1    0.000000    0.000000
   -8    3    2    1    2   -0.000002    0.000000
   -8    3    2    2    2   -0.000002    0.000000
   -8    3    2    3    2    0.000001    0.000000
   -8    3    2    1    3    0.000000    0.000000
   -8    3    2    2    3    0.000001    0.000000
   -8    3    2    3    3    0.000000    0.000000
   -8    3    3    1    1    0.000000    0.000000
   -8    3    3    2    1    0.000001    0.000000
   -8    3    3    3    1   -0.000003    0.000000
   -8    3    3    1    2    0.000001    0.000000
   -8    3    3    2    2    0.000000    0.000000
   -8    3    3    3    2    0.000003    0.000000
   -8    3    3    1    3   -0.000003    0.000000
   -8    3    3    2    3    0.000003    0.000000
   -8    3    3    3    3   -0.000006    0.000000
   -8    3    4    1    1   -0.000007    0.000000
   -8    3    4    2    1    0.000011    0.000000
   -8    3    4    3    1   -0.000010    0.000000
   -8    3    4    1    2    0.000011    0.000000
   -8    3    4    2    2    0.000006    0.000000
   -8    3    4    3    2    0.000024    0.000000
   -8    3    4    1    3   -0.000010    0.000000
   -8    3    4    2    3    0.000024    0.000000
   -8    3    4    3    3   -0.000028    0.000000
   -8    3    5    1    1    0.000013    0.000000
   -8    3    5    2    1    0.000000    0.000000
   -8    3    5    3    1    0.000000    0.000000
   -8    3    5    1    2    0.000000    0.000000
   -8    3    5    2    2    0.000006    0.000000
   -8    3    5    3    2    0.000000    0.000000
   -8    3    5    1    3    0.000000    0.000000
   -8    3    5    2    3    0.000000    0.000000
   -8    3    5    3    3   -0.000902    0.000000
   -8    4    2    1    1    0.000000    0.000000
   -8    4    2    2    1    0.000000    0.000000
   -8    4    2    3    1    0.000000    0.000000
   -8    4    2    1    2    0.000000    0.000000
   -8    4    2    2    2    0.000000    0.000000
   -8    4    2    3    2    0.000003    0.000000
   -8    4    2    1    3    0.000000    0.000000
   -8    4    2    2    3    0.000003    0.000000
   -8    4    2    3    3   -0.000002    0.000000
   -8    4    3    1    1    0.000006    0.000000
   -8    4    3    2    1    0.000011    0.000000
   -8    4    3    3    1   -0.000024    0.000000
   -8    4    3    1    2    0.000011    0.000000
   -8    4    3    2    2   -0.000007    0.000000
   -8    4    3    3    2    0.000010    0.000000
   -8    4    3    1    3   -0.000024    0.000000
   -8    4    3    2    3    0.000010    0.000000
   -8    4    3    3    3   -0.000028    0.000000
   -8    4    4    1    1   -0.000001    0.000000
   -8    4    4    2    1   -0.000018    0.000000
   -8    4    4    3    1    0.000000    0.000000
   -8    4    4    1    2   -0.000018    0.000000
   -8    4    4    2    2   -0.000001    0.000000
   -8    4    4    3    2    0.000000    0.000000
   -8    4    4    1    3    0.000000    0.000000
   -8    4    4    2    3    0.000000    0.000000
   -8    4    4    3    3   -0.001875    0.000000
   -8    4    5    1    1   -0.000007    0.000000
   -8    4    5    2    1    0.000011    0.000000
   -8    4    5    3    1    0.000010    0.000000
   -8    4    5    1    2    0.000011    0.000000
   -8    4    5    2    2    0.000006    0.000000
   -8    4    5    3    2   -0.000024    0.000000
   -8    4    5    1    3    0.000010    0.000000
   -8    4    5    2    3   -0.000024    0.000000
   -8    4    5    3    3   -0.000028    0.000000
   -8    4    6    1    1    0.000000    0.000000
   -8    4    6    2    1    0.000000    0.000000
   -8    4    6    3    1    0.000003    0.000000
   -8    4    6    1    2    0.000000    0.000000
   -8    4    6    2    2    0.000000    0.000000
   -8    4    6    3    2    0.000000    0.000000
   -8    4    6    1    3    0.000003    0.000000
   -8    4    6    2    3    0.000000    0.000000
   -8    4    6    3    3   -0.000002    0.000000
   -8    5    3    1    1    0.000006    0.000000
   -8    5    3    2    1    0.000000    0.000000
   -8    5    3    3    1    0.000000    0.000000
   -8    5    3    1    2    0.000000    0.000000
   -8    5    3    2    2    0.000013    0.000000
   -8    5    3    3    2    0.000000    0.000000
   -8    5    3    1    3    0.000000    0.000000
   -8    5    3    2    3    0.000000    0.000000
   -8    5    3    3    3   -0.000902    0.000000
   -8    5    4    1    1    0.000006    0.000000
   -8    5    4    2    1    0.000011    0.000000
   -8    5    4    3    1    0.000024    0.000000
   -8    5    4    1    2    0.000011    0.000000
   -8    5    4    2    2   -0.000007    0.000000
   -8    5    4    3    2   -0.000010    0.000000
   -8    5    4    1    3    0.000024    0.000000
   -8    5    4    2    3   -0.000010    0.000000
   -8    5    4    3    3   -0.000028    0.000000
   -8    5    5    1    1    0.000000    0.000000
   -8    5    5    2    1    0.000001    0.000000
   -8    5    5    3    1    0.000003    0.000000
   -8    5    5    1    2    0.000001    0.000000
   -8    5    5    2    2    0.000000    0.000000
   -8    5    5    3    2   -0.000003    0.000000
   -8    5    5    1    3    0.000003    0.000000
   -8    5    5    2    3   -0.000003    0.000000
   -8    5    5    3    3   -0.000006    0.000000
   -8    5    6    1    1   -0.000002    0.000000
   -8    5    6    2    1   -0.000002    0.000000
   -8    5    6    3    1    0.000001    0.000000
   -8    5    6    1    2   -0.000002    0.000000
   -8    5    6    2    2   -0.000001    0.000000
   -8    5    6    3    2    0.000000    0.000000
   -8    5    6    1    3    0.000001    0.000000
   -8    5    6    2    3    0.000000    0.000000
   -8    5    6    3    3    0.000000    0.000000
   -8    5    7    1    1    0.000000    0.000000
   -8    5    7    2    1    0.000000    0.000000
   -8    5    7    3    1    0.000001    0.000000
   -8    5    7    1    2    0.000000    0.000000
   -8    5    7    2    2    0.000000    0.000000
   -8    5    7    3    2    0.000000    0.000000
   -8    5    7    1    3    0.000001    0.000000
   -8    5    7    2    3    0.000000    0.000000
   -8    5    7    3    3    0.000000    0.000000
   -8    6    4    1    1    0.000000    0.000000
   -8    6    4    2    1    0.000000    0.000000
   -8    6    4    3    1    0.000000    0.000000
   -8    6    4    1    2    0.000000    0.000000
   -8    6    4    2    2    0.000000    0.000000
   -8    6    4    3    2   -0.000003    0.000000
   -8    6    4    1    3    0.000000    0.000000
   -8    6    4    2    3   -0.000003    0.000000
   -8    6    4    3    3   -0.000002    0.000000
   -8    6    5    1    1   -0.000001    0.000000
   -8    6    5    2    1   -0.000002    0.000000
   -8    6    5    3    1    0.000000    0.000000
   -8    6    5    1    2   -0.000002    0.000000
   -8    6    5    2    2   -0.000002    0.000000
   -8    6    5    3    2   -0.000001    0.000000
   -8    6    5    1    3    0.000000    0.000000
   -8    6    5    2    3   -0.000001    0.000000
   -8    6    5    3    3    0.000000    0.000000
   -8    6    6    1    1    0.000000    0.000000
   -8    6    6    2    1    0.000001    0.000000
   -8    6    6    3    1    0.000001    0.000000
   -8    6    6    1    2    0.000001    0.000000
   -8    6    6    2    2    0.000000    0.000000
   -8    6    6    3    2   -0.000001    0.000000
   -8    6    6    1    3    0.000001    0.000000
   -8    6    6    2    3   -0.000001    0.000000
   -8    6    6    3    3    0.000000    0.000000
   -8    7    5    1    1    0.000000    0.000000
   -8    7    5    2    1    0.000000    0.000000
   -8    7    5    3    1    0.000000    0.000000
   -8    7    5    1    2    0.000000    0.000000
   -8    7    5    2    2    0.000000    0.000000
   -8    7    5    3    2   -0.000001    0.000000
   -8    7    5    1    3    0.000000    0.000000
   -8    7    5    2    3   -0.000001    0.000000
   -8    7    5    3    3    0.000000    0.000000
   -7    1    2    1    1   -0.000001    0.000000
   -7    1    2    2    1    0.000000    0.000000
   -7    1    2    3    1    0.000001    0.000000
   -7    1    2    1    2    0.000000    0.000000
   -7    1    2    2    2   -0.000001    0.000000
   -7    1    2    3    2    0.000000    0.000000
   -7    1    2    1    3    0.000001    0.000000
   -7    1    2    2    3    0.000000    0.000000
   -7    1    2    3    3    0.000000    0.000000
   -7    1    3    1    1   -0.000001    0.000000
   -7    1    3    2    1   -0.000003    0.000000
   -7    1    3    3    1   -0.000001    0.000000
   -7    1    3    1    2   -0.000003    0.000000
   -7    1    3    2    2    0.000000    0.000000
   -7    1    3    3    2    0.000000    0.000000
   -7    1    3    1    3   -0.000001    0.000000
   -7    1    3    2    3    0.000000    0.000000
   -7    1    3    3    3   -0.000001    0.000000
   -7    1    4    1    1    0.000003    0.000000
   -7    1    4    2    1    0.000000    0.000000
   -7    1    4    3    1   -0.000010    0.000000
   -7    1    4    1    2    0.000000    0.000000
   -7    1    4    2    2    0.000001    0.000000
   -7    1    4    3    2    0.000000    0.000000
   -7    1    4    1    3   -0.000010    0.000000
   -7    1    4    2    3    0.000000    0.000000
   -7    1    4    3    3    0.000006    0.000000
   -7    2    1    1    1   -0.000001    0.000000
   -7    2    1    2    1    0.000000    0.000000
   -7    2    1    3    1    0.000000    0.000000
   -7    2    1    1    2    0.000000    0.000000
   -7    2    1    2    2   -0.000001    0.000000
   -7    2    1    3    2   -0.000001    0.000000
   -7    2    1    1    3    0.000000    0.000000
   -7    2    1    2    3   -0.000001    0.000000
   -7    2    1    3    3    0.000000    0.000000
   -7    2    2    1    1   -0.000002    0.000000
   -7    2    2    2    1    0.000008    0.000000
   -7    2    2    3    1   -0.000001    0.000000
   -7    2    2    1    2    0.000008    0.000000
   -7    2    2    2    2   -0.000002    0.000000
   -7    2    2    3    2    0.000001    0.000000
   -7    2    2    1    3   -0.000001    0.000000
   -7    2    2    2    3    0.000001    0.000000
   -7    2    2    3    3   -0.000002    0.000000
   -7    2    3    1    1   -0.000003    0.000000
   -7    2    3    2    1    0.000006    0.000000
   -7    2    3    3    1   -0.000011    0.000000
   -7    2    3    1    2    0.000006    0.000000
   -7    2    3    2    2   -0.000005    0.000000
   -7    2    3    3    2    0.000001    0.000000
   -7    2    3    1    3   -0.000011    0.000000
   -7    2    3    2    3    0.000001    0.000000
   -7    2    3    3    3   -0.000010    0.000000
   -7    2    4    1    1   -0.000007    0.000000
   -7    2    4    2    1   -0.000010    0.000000
   -7    2    4    3    1    0.000000    0.000000
   -7    2    4    1    2   -0.000010    0.000000
   -7    2    4    2    2    0.000001    0.000000
   -7    2    4    3    2    0.000035    0.000000
   -7    2    4    1    3    0.000000    0.000000
   -7    2    4    2    3    0.000035    0.000000
   -7    2    4    3    3   -0.000023    0.000000
   -7    2    5    1    1   -0.000069    0.000000
   -7    2    5    2    1    0.000000    0.000000
   -7    2    5    3    1    0.000000    0.000000
   -7    2    5    1    2    0.000000    0.000000
   -7    2    5    2    2    0.000008    0.000000
   -7    2    5    3    2    0.000000    0.000000
   -7    2    5    1    3    0.000000    0.000000
   -7    2    5    2    3    0.000000    0.000000
   -7    2    5    3    3   -0.000953    0.000000
   -7    3    1    1    1    0.000000    0.000000
   -7    3    1    2    1   -0.000003    0.000000
   -7    3    1    3    1    0.000000    0.000000
   -7    3    1    1    2   -0.000003    0.000000
   -7    3    1    2    2   -0.000001    0.000000
   -7    3    1    3    2    0.000001    0.000000
   -7    3    1    1    3    0.000000    0.000000
   -7    3    1    2    3    0.000001    0.000000
   -7    3    1    3    3   -0.000001    0.000000
   -7    3    2    1    1   -0.000005    0.000000
   -7    3    2    2    1    0.000006    0.000000
   -7    3    2    3    1   -0.000001    0.000000
   -7    3    2    1    2    0.000006    0.000000
   -7    3    2    2    2   -0.000003    0.000000
   -7    3    2    3    2    0.000011    0.000000
   -7    3    2    1    3   -0.000001    0.000000
   -7    3    2    2    3    0.000011    0.000000
   -7    3    2    3    3   -0.000010    0.000000
   -7    3    3    1    1    0.000017    0.000000
   -7    3    3    2    1   -0.000010    0.000000
   -7    3    3    3    1   -0.000061    0.000000
   -7    3    3    1    2   -0.000010    0.000000
   -7    3    3    2    2    0.000017    0.000000
   -7    3    3    3    2    0.000061    0.000000
   -7    3    3    1    3   -0.000061    0.000000
   -7    3    3    2    3    0.000061    0.000000
   -7    3    3    3    3   -0.000009    0.000000
   -7    3    4    1    1    0.000049    0.000000
   -7    3    4    2    1   -0.000017    0.000000
   -7    3    4    3    1    0.000000    0.000000
   -7    3    4    1    2   -0.000017    0.000000
   -7    3    4    2    2   -0.000017    0.000000
   -7    3    4    3    2    0.000000    0.000000
   -7    3    4    1    3    0.000000    0.000000
   -7    3    4    2    3    0.000000    0.000000
   -7    3    4    3    3   -0.002225    0.000000
   -7    3    5    1    1   -0.000007    0.000000
   -7    3    5    2    1   -0.000010    0.000000
   -7    3    5    3    1    0.000000    0.000000
   -7    3    5    1    2   -0.000010    0.000000
   -7    3    5    2    2    0.000001    0.000000
   -7    3    5    3    2   -0.000035    0.000000
   -7    3    5    1    3    0.000000    0.000000
   -7    3    5    2    3   -0.000035    0.000000
   -7    3    5    3    3   -0.000023    0.000000
   -7    3    6    1    1    0.000003    0.000000
   -7    3    6    2    1    0.000000    0.000000
   -7    3    6    3    1    0.000010    0.000000
   -7    3    6    1    2    0.000000    0.000000
   -7    3    6    2    2    0.000001    0.000000
   -7    3    6    3    2    0.000000    0.000000
   -7    3    6    1    3    0.000010    0.000000
   -7    3    6    2    3    0.000000    0.000000
   -7    3    6    3    3    0.000006    0.000000
   -7    4    1    1    1    0.000001    0.000000
   -7    4    1    2    1    0.000000    0.000000
   -7    4    1    3    1    0.000000    0.000000
   -7    4    1    1    2    0.000000    0.000000
   -7    4    1    2    2    0.000003    0.000000
   -7    4    1    3    2    0.000010    0.000000
   -7    4    1    1    3    0.000000    0.000000
   -7    4    1    2    3    0.000010    0.000000
   -7    4    1    3    3    0.000006    0.000000
   -7    4    2    1    1    0.000001    0.000000
   -7    4    2    2    1   -0.000010    0.000000
   -7    4    2    3    1   -0.000035    0.000000
   -7    4    2    1    2   -0.000010    0.000000
   -7    4    2    2    2   -0.000007    0.000000
   -7    4    2    3    2    0.000000    0.000000
   -7    4    2    1    3   -0.000035    0.000000
   -7    4    2    2    3    0.000000    0.000000
   -7    4    2    3    3   -0.000023    0.000000
   -7    4    3    1    1   -0.000017    0.000000
   -7    4    3    2    1   -0.000017    0.000000
   -7    4    3    3    1    0.000000    0.000000
   -7    4    3    1    2   -0.000017    0.000000
   -7    4    3    2    2    0.000049    0.000000
   -7    4    3    3    2    0.000000    0.000000
   -7    4    3    1    3    0.000000    0.000000
   -7    4    3    2    3    0.000000    0.000000
   -7    4    3    3    3   -0.002225    0.000000
   -7    4    4    1    1    0.000017    0.000000
   -7    4    4    2    1   -0.000010    0.000000
   -7    4    4    3    1    0.000061    0.000000
   -7    4    4    1    2   -0.000010    0.000000
   -7    4    4    2    2    0.000017    0.000000
   -7    4    4    3    2   -0.000061    0.000000
   -7    4    4    1    3    0.000061    0.000000
   -7    4    4    2    3   -0.000061    0.000000
   -7    4    4    3    3   -0.000009    0.000000
   -7    4    5    1    1   -0.000003    0.000000
   -7    4    5    2    1    0.000006    0.000000
   -7    4    5    3    1    0.000011    0.000000
   -7    4    5    1    2    0.000006    0.000000
   -7    4    5    2    2   -0.000005    0.000000
   -7    4    5    3    2   -0.000001    0.000000
   -7    4    5    1    3    0.000011    0.000000
   -7    4    5    2    3   -0.000001    0.000000
   -7    4    5    3    3   -0.000010    0.000000
   -7    4    6    1    1   -0.000001    0.000000
   -7    4    6    2    1   -0.000003    0.000000
   -7    4    6    3    1    0.000001    0.000000
   -7    4    6    1    2   -0.000003    0.000000
   -7    4    6    2    2    0.000000    0.000000
   -7    4    6    3    2    0.000000    0.000000
   -7    4    6    1    3    0.000001    0.000000
   -7    4    6    2    3    0.000000    0.000000
   -7    4    6    3    3   -0.000001    0.000000
   -7    5    2    1    1    0.000008    0.000000
   -7    5    2    2    1    0.000000    0.000000
   -7    5    2    3    1    0.000000    0.000000
   -7    5    2    1    2    0.000000    0.000000
   -7    5    2    2    2   -0.000069    0.000000
   -7    5    2    3    2    0.000000    0.000000
   -7    5    2    1    3    0.000000    0.000000
   -7    5    2    2    3    0.000000    0.000000
   -7    5    2    3    3   -0.000953    0.000000
   -7    5    3    1    1    0.000001    0.000000
   -7    5    3    2    1   -0.000010    0.000000
   -7    5    3    3    1    0.000035    0.000000
   -7    5    3    1    2   -0.000010    0.000000
   -7    5    3    2    2   -0.000007    0.000000
   -7    5    3    3    2    0.000000    0.000000
   -7    5    3    1    3    0.000035    0.000000
   -7    5    3    2    3    0.000000    0.000000
   -7    5    3    3    3   -0.000023    0.000000
   -7    5    4    1    1   -0.000005    0.000000
   -7    5    4    2    1    0.000006    0.000000
   -7    5    4    3    1    0.000001    0.000000
   -7    5    4    1    2    0.000006    0.000000
   -7    5    4    2    2   -0.000003    0.000000
   -7    5    4    3    2   -0.000011    0.000000
   -7    5    4    1    3    0.000001    0.000000
   -7    5    4    2    3   -0.000011    0.000000
   -7    5    4    3    3   -0.000010    0.000000
   -7    5    5    1    1   -0.000002    0.000000
   -7    5    5    2    1    0.000008    0.000000
   -7    5    5    3    1    0.000001    0.000000
   -7    5    5    1    2    0.000008    0.000000
   -7    5    5    2    2   -0.000002    0.000000
   -7    5    5    3    2   -0.000001    0.000000
   -7    5    5    1    3    0.000001    0.000000
   -7    5    5    2    3   -0.000001    0.000000
   -7    5    5    3    3   -0.000002    0.000000
   -7    5    6    1    1   -0.000001    0.000000
   -7    5    6    2    1    0.000000    0.000000
   -7    5    6    3    1   -0.000001    0.000000
   -7    5    6    1    2    0.000000    0.000000
   -7    5    6    2    2   -0.000001    0.000000
   -7    5    6    3    2    0.000000    0.000000
   -7    5    6    1    3   -0.000001    0.000000
   -7    5    6    2    3    0.000000    0.000000
   -7    5    6    3    3    0.000000    0.000000
   -7    6    3    1    1    0.000001    0.000000
   -7    6    3    2    1    0.000000    0.000000
   -7    6    3    3    1    0.000000    0.000000
   -7    6    3    1    2    0.000000    0.000000
   -7    6    3    2    2    0.000003    0.000000
   -7    6    3    3    2   -0.000010    0.000000
   -7    6    3    1    3    0.000000    0.000000
   -7    6    3    2    3   -0.000010    0.000000
   -7    6    3    3    3    0.000006    0.000000
   -7    6    4    1    1    0.000000    0.000000
   -7    6    4    2    1   -0.000003    0.000000
   -7    6    4    3    1    0.000000    0.000000
   -7    6    4    1    2   -0.000003    0.000000
   -7    6    4    2    2   -0.000001    0.000000
   -7    6    4    3    2   -0.000001    0.000000
   -7    6    4    1    3    0.000000    0.000000
   -7    6    4    2    3   -0.000001    0.000000
   -7    6    4    3    3   -0.000001    0.000000
   -7    6    5    1    1   -0.000001    0.000000
   -7    6    5    2    1    0.000000    0.000000
   -7    6    5    3    1    0.000000    0.000000
   -7    6    5    1    2    0.000000    0.000000
   -7    6    5    2    2   -0.000001    0.000000
   -7    6    5    3    2    0.000001    0.000000
   -7    6    5    1    3    0.000000    0.000000
   -7    6    5    2    3    0.000001    0.000000
   -7    6    5    3    3    0.000000    0.000000
   -6    0    2    1    1   -0.000001    0.000000
   -6    0    2    2    1    0.000001    0.000000
   -6    0    2    3    1   -0.000002    0.000000
   -6    0    2    1    2    0.000001    0.000000
   -6    0    2    2    2    0.000001    0.000000
   -6    0    2    3    2    0.000000    0.000000
   -6    0    2    1    3   -0.000002    0.000000
   -6    0    2    2    3    0.000000    0.000000
   -6    0    2    3    3    0.000000    0.000000
   -6    0    3    1    1    0.000000    0.000000
   -6    0    3    2    1    0.000001    0.000000
   -6    0    3    3    1    0.000000    0.000000
   -6    0    3    1    2    0.000001    0.000000
   -6    0    3    2    2    0.000000    0.000000
   -6    0    3    3    2    0.000000    0.000000
   -6    0    3    1    3    0.000000    0.000000
   -6    0    3    2    3    0.000000    0.000000
   -6    0    3    3    3    0.000000    0.000000
   -6    0    4    1    1    0.000013    0.000000
   -6    0    4    2    1    0.000000    0.000000
   -6    0    4    3    1   -0.000003    0.000000
   -6    0    4    1    2    0.000000    0.000000
   -6    0    4    2    2   -0.000008    0.000000
   -6    0    4    3    2    0.000000    0.000000
   -6    0    4    1    3   -0.000003    0.000000
   -6    0    4    2    3    0.000000    0.000000
   -6    0    4    3    3    0.000001    0.000000
   -6    1    1    1    1   -0.000002    0.000000
   -6    1    1    2    1    0.000003    0.000000
   -6    1    1    3    1   -0.000001    0.000000
   -6    1    1    1    2    0.000003    0.000000
   -6    1    1    2    2   -0.000002    0.000000
   -6    1    1    3    2    0.000001    0.000000
   -6    1    1    1    3   -0.000001    0.000000
   -6    1    1    2    3    0.000001    0.000000
   -6    1    1    3    3    0.000000    0.000000
   -6    1    2    1    1   -0.000007    0.000000
   -6    1    2    2    1    0.000004    0.000000
   -6    1    2    3    1    0.000000    0.000000
   -6    1    2    1    2    0.000004    0.000000
   -6    1    2    2    2   -0.000005    0.000000
   -6    1    2    3    2    0.000000    0.000000
   -6    1    2    1    3    0.000000    0.000000
   -6    1    2    2    3    0.000000    0.000000
   -6    1    2    3    3   -0.000003    0.000000
   -6    1    3    1    1   -0.000010    0.000000
   -6    1    3    2    1    0.000002    0.000000
   -6    1    3    3    1   -0.000003    0.000000
   -6    1    3    1    2    0.000002    0.000000
   -6    1    3    2    2   -0.000005    0.000000
   -6    1    3    3    2   -0.000003    0.000000
   -6    1    3    1    3   -0.000003    0.000000
   -6    1    3    2    3   -0.000003    0.000000
   -6    1    3    3    3   -0.000008    0.000000
   -6    1    4    1    1    0.000032    0.000000
   -6    1    4    2    1   -0.000061    0.000000
   -6    1    4    3    1    0.000013    0.000000
   -6    1    4    1    2   -0.000061    0.000000
   -6    1    4    2    2   -0.000006    0.000000
   -6    1    4    3    2    0.000074    0.000000
   -6    1    4    1    3    0.000013    0.000000
   -6    1    4    2    3    0.000074    0.000000
   -6    1    4    3    3   -0.000024    0.000000
   -6    1    5    1    1   -0.000239    0.000000
   -6    1    5    2    1    0.000000    0.000000
   -6    1    5    3    1    0.000000    0.000000
   -6    1    5    1    2    0.000000    0.000000
   -6    1    5    2    2    0.000006    0.000000
   -6    1    5    3    2    0.000000    0.000000
   -6    1    5    1    3    0.000000    0.000000
   -6    1    5    2    3    0.000000    0.000000
   -6    1    5    3    3   -0.000778    0.000000
   -6    2    0    1    1    0.000001    0.000000
   -6    2    0    2    1    0.000001    0.000000
   -6    2    0    3    1    0.000000    0.000000
   -6    2    0    1    2    0.000001    0.000000
   -6    2    0    2    2   -0.000001    0.000000
   -6    2    0    3    2    0.000002    0.000000
   -6    2    0    1    3    0.000000    0.000000
   -6    2    0    2    3    0.000002    0.000000
   -6    2    0    3    3    0.000000    0.000000
   -6    2    1    1    1   -0.000005    0.000000
   -6    2    1    2    1    0.000004    0.000000
   -6    2    1    3    1    0.000000    0.000000
   -6    2    1    1    2    0.000004    0.000000
   -6    2    1    2    2   -0.000007    0.000000
   -6    2    1    3    2    0.000000    0.000000
   -6    2    1    1    3    0.000000    0.000000
   -6    2    1    2    3    0.000000    0.000000
   -6    2    1    3    3   -0.000003    0.000000
   -6    2    2    1    1   -0.000029    0.000000
   -6    2    2    2    1    0.000014    0.000000
   -6    2    2    3    1    0.000003    0.000000
   -6    2    2    1    2    0.000014    0.000000
   -6    2    2    2    2   -0.000029    0.000000
   -6    2    2    3    2   -0.000003    0.000000
   -6    2    2    1    3    0.000003    0.000000
   -6    2    2    2    3   -0.000003    0.000000
   -6    2    2    3    3   -0.000044    0.000000
   -6    2    3    1    1   -0.000050    0.000000
   -6    2    3    2    1   -0.000022    0.000000
   -6    2    3    3    1   -0.000112    0.000000
   -6    2    3    1    2   -0.000022    0.000000
   -6    2    3    2    2    0.000052    0.000000
   -6    2    3    3    2    0.000146    0.000000
   -6    2    3    1    3   -0.000112    0.000000
   -6    2    3    2    3    0.000146    0.000000
   -6    2    3    3    3    0.000004    0.000000
   -6    2    4    1    1    0.000087    0.000000
   -6    2    4    2    1    0.000043    0.000000
   -6    2    4    3    1    0.000000    0.000000
   -6    2    4    1    2    0.000043    0.000000
   -6    2    4    2    2   -0.000012    0.000000
   -6    2    4    3    2    0.000000    0.000000
   -6    2    4    1    3    0.000000    0.000000
   -6    2    4    2    3    0.000000    0.000000
   -6    2    4    3    3   -0.002462    0.000000
   -6    2    5    1    1    0.000032    0.000000
   -6    2    5    2    1   -0.000061    0.000000
   -6    2    5    3    1   -0.000013    0.000000
   -6    2    5    1    2   -0.000061    0.000000
   -6    2    5    2    2   -0.000006    0.000000
   -6    2    5    3    2   -0.000074    0.000000
   -6    2    5    1    3   -0.000013    0.000000
   -6    2    5    2    3   -0.000074    0.000000
   -6    2    5    3    3   -0.000024    0.000000
   -6    2    6    1    1    0.000013    0.000000
   -6    2    6    2    1    0.000000    0.000000
   -6    2    6    3    1    0.000003    0.000000
   -6    2    6    1    2    0.000000    0.000000
   -6    2    6    2    2   -0.000008    0.000000
   -6    2    6    3    2    0.000000    0.000000
   -6    2    6    1    3    0.000003    0.000000
   -6    2    6    2    3    0.000000    0.000000
   -6    2    6    3    3    0.000001    0.000000
   -6    3    0    1    1    0.000000    0.000000
   -6    3    0    2    1    0.000001    0.000000
   -6    3    0    3    1    0.000000    0.000000
   -6    3    0    1    2    0.000001    0.000000
   -6    3    0    2    2    0.000000    0.000000
   -6    3    0    3    2    0.000000    0.000000
   -6    3    0    1    3    0.000000    0.000000
   -6    3    0    2    3    0.000000    0.000000
   -6    3    0    3    3    0.000000    0.000000
   -6    3    1    1    1   -0.000005    0.000000
   -6    3    1    2    1    0.000002    0.000000
   -6    3    1    3    1    0.000003    0.000000
   -6    3    1    1    2    0.000002    0.000000
   -6    3    1    2    2   -0.000010    0.000000
   -6    3    1    3    2    0.000003    0.000000
   -6    3    1    1    3    0.000003    0.000000
   -6    3    1    2    3    0.000003    0.000000
   -6    3    1    3    3   -0.000008    0.000000
   -6    3    2    1    1    0.000052    0.000000
   -6    3    2    2    1   -0.000022    0.000000
   -6    3    2    3    1   -0.000146    0.000000
   -6    3    2    1    2   -0.000022    0.000000
   -6    3    2    2    2   -0.000050    0.000000
   -6    3    2    3    2    0.000112    0.000000
   -6    3    2    1    3   -0.000146    0.000000
   -6    3    2    2    3    0.000112    0.000000
   -6    3    2    3    3    0.000004    0.000000
   -6    3    3    1    1    0.000000    0.000000
   -6    3    3    2    1   -0.000177    0.000000
   -6    3    3    3    1    0.000000    0.000000
   -6    3    3    1    2   -0.000177    0.000000
   -6    3    3    2    2    0.000000    0.000000
   -6    3    3    3    2    0.000000    0.000000
   -6    3    3    1    3    0.000000    0.000000
   -6    3    3    2    3    0.000000    0.000000
   -6    3    3    3    3   -0.003484    0.000000
   -6    3    4    1    1   -0.000050    0.000000
   -6    3    4    2    1   -0.000022    0.000000
   -6    3    4    3    1    0.000112    0.000000
   -6    3    4    1    2   -0.000022    0.000000
   -6    3    4    2    2    0.000052    0.000000
   -6    3    4    3    2   -0.000146    0.000000
   -6    3    4    1    3    0.000112    0.000000
   -6    3    4    2    3   -0.000146    0.000000
   -6    3    4    3    3    0.000004    0.000000
   -6    3    5    1    1   -0.000010    0.000000
   -6    3    5    2    1    0.000002    0.000000
   -6    3    5    3    1    0.000003    0.000000
   -6    3    5    1    2    0.000002    0.000000
   -6    3    5    2    2   -0.000005    0.000000
   -6    3    5    3    2    0.000003    0.000000
   -6    3    5    1    3    0.000003    0.000000
   -6    3    5    2    3    0.000003    0.000000
   -6    3    5    3    3   -0.000008    0.000000
   -6    3    6    1    1    0.000000    0.000000
   -6    3    6    2    1    0.000001    0.000000
   -6    3    6    3    1    0.000000    0.000000
   -6    3    6    1    2    0.000001    0.000000
   -6    3    6    2    2    0.000000    0.000000
   -6    3    6    3    2    0.000000    0.000000
   -6    3    6    1    3    0.000000    0.000000
   -6    3    6    2    3    0.000000    0.000000
   -6    3    6    3    3    0.000000    0.000000
   -6    4    0    1    1   -0.000008    0.000000
   -6    4    0    2    1    0.000000    0.000000
   -6    4    0    3    1    0.000000    0.000000
   -6    4    0    1    2    0.000000    0.000000
   -6    4    0    2    2    0.000013    0.000000
   -6    4    0    3    2    0.000003    0.000000
   -6    4    0    1    3    0.000000    0.000000
   -6    4    0    2    3    0.000003    0.000000
   -6    4    0    3    3    0.000001    0.000000
   -6    4    1    1    1   -0.000006    0.000000
   -6    4    1    2    1   -0.000061    0.000000
   -6    4    1    3    1   -0.000074    0.000000
   -6    4    1    1    2   -0.000061    0.000000
   -6    4    1    2    2    0.000032    0.000000
   -6    4    1    3    2   -0.000013    0.000000
   -6    4    1    1    3   -0.000074    0.000000
   -6    4    1    2    3   -0.000013    0.000000
   -6    4    1    3    3   -0.000024    0.000000
   -6    4    2    1    1   -0.000012    0.000000
   -6    4    2    2    1    0.000043    0.000000
   -6    4    2    3    1    0.000000    0.000000
   -6    4    2    1    2    0.000043    0.000000
   -6    4    2    2    2    0.000087    0.000000
   -6    4    2    3    2    0.000000    0.000000
   -6    4    2    1    3    0.000000    0.000000
   -6    4    2    2    3    0.000000    0.000000
   -6    4    2    3    3   -0.002462    0.000000
   -6    4    3    1    1    0.000052    0.000000
   -6    4    3    2    1   -0.000022    0.000000
   -6    4    3    3    1    0.000146    0.000000
   -6    4    3    1    2   -0.000022    0.000000
   -6    4    3    2    2   -0.000050    0.000000
   -6    4    3    3    2   -0.000112    0.000000
   -6    4    3    1    3    0.000146    0.000000
   -6    4    3    2    3   -0.000112    0.000000
   -6    4    3    3    3    0.000004    0.000000
   -6    4    4    1    1   -0.000029    0.000000
   -6    4    4    2    1    0.000014    0.000000
   -6    4    4    3    1   -0.000003    0.000000
   -6    4    4    1    2    0.000014    0.000000
   -6    4    4    2    2   -0.000029    0.000000
   -6    4    4    3    2    0.000003    0.000000
   -6    4    4    1    3   -0.000003    0.000000
   -6    4    4    2    3    0.000003    0.000000
   -6    4    4    3    3   -0.000044    0.000000
   -6    4    5    1    1   -0.000007    0.000000
   -6    4    5    2    1    0.000004    0.000000
   -6    4    5    3    1    0.000000    0.000000
   -6    4    5    1    2    0.000004    0.000000
   -6    4    5    2    2   -0.000005    0.000000
   -6    4    5    3    2    0.000000    0.000000
   -6    4    5    1    3    0.000000    0.000000
   -6    4    5    2    3    0.000000    0.000000
   -6    4    5    3    3   -0.000003    0.000000
   -6    4    6    1    1   -0.000001    0.000000
   -6    4    6    2    1    0.000001    0.000000
   -6    4    6    3    1    0.000002    0.000000
   -6    4    6    1    2    0.000001    0.000000
   -6    4    6    2    2    0.000001    0.000000
   -6    4    6    3    2    0.000000    0.000000
   -6    4    6    1    3    0.000002    0.000000
   -6    4    6    2    3    0.000000    0.000000
   -6    4    6    3    3    0.000000    0.000000
   -6    5    1    1    1    0.000006    0.000000
   -6    5    1    2    1    0.000000    0.000000
   -6    5    1    3    1    0.000000    0.000000
   -6    5    1    1    2    0.000000    0.000000
   -6    5    1    2    2   -0.000239    0.000000
   -6    5    1    3    2    0.000000    0.000000
   -6    5    1    1    3    0.000000    0.000000
   -6    5    1    2    3    0.000000    0.000000
   -6    5    1    3    3   -0.000778    0.000000
   -6    5    2    1    1   -0.000006    0.000000
   -6    5    2    2    1   -0.000061    0.000000
   -6    5    2    3    1    0.000074    0.000000
   -6    5    2    1    2   -0.000061    0.000000
   -6    5    2    2    2    0.000032    0.000000
   -6    5    2    3    2    0.000013    0.000000
   -6    5    2    1    3    0.000074    0.000000
   -6    5    2    2    3    0.000013    0.000000
   -6    5    2    3    3   -0.000024    0.000000
   -6    5    3    1    1   -0.000005    0.000000
   -6    5    3    2    1    0.000002    0.000000
   -6    5    3    3    1   -0.000003    0.000000
   -6    5    3    1    2    0.000002    0.000000
   -6    5    3    2    2   -0.000010    0.000000
   -6    5    3    3    2   -0.000003    0.000000
   -6    5    3    1    3   -0.000003    0.000000
   -6    5    3    2    3   -0.000003    0.000000
   -6    5    3    3    3   -0.000008    0.000000
   -6    5    4    1    1   -0.000005    0.000000
   -6    5    4    2    1    0.000004    0.000000
   -6    5    4    3    1    0.000000    0.000000
   -6    5    4    1    2    0.000004    0.000000
   -6    5    4    2    2   -0.000007    0.000000
   -6    5    4    3    2    0.000000    0.000000
   -6    5    4    1    3    0.000000    0.000000
   -6    5    4    2    3    0.000000    0.000000
   -6    5    4    3    3   -0.000003    0.000000
   -6    5    5    1    1   -0.000002    0.000000
   -6    5    5    2    1    0.000003    0.000000
   -6    5    5    3    1    0.000001    0.000000
   -6    5    5    1    2    0.000003    0.000000
   -6    5    5    2    2   -0.000002    0.000000
   -6    5    5    3    2   -0.000001    0.000000
   -6    5    5    1    3    0.000001    0.000000
   -6    5    5    2    3   -0.000001    0.000000
   -6    5    5    3    3    0.000000    0.000000
   -6    6    2    1    1   -0.000008    0.000000
   -6    6    2    2    1    0.000000    0.000000
   -6    6    2    3    1    0.000000    0.000000
   -6    6    2    1    2    0.000000    0.000000
   -6    6    2    2    2    0.000013    0.000000
   -6    6    2    3    2   -0.000003    0.000000
   -6    6    2    1    3    0.000000    0.000000
   -6    6    2    2    3   -0.000003    0.000000
   -6    6    2    3    3    0.000001    0.000000
   -6    6    3    1    1    0.000000    0.000000
   -6    6    3    2    1    0.000001    0.000000
   -6    6    3    3    1    0.000000    0.000000
   -6    6    3    1    2    0.000001    0.000000
   -6    6    3    2    2    0.000000    0.000000
   -6    6    3    3    2    0.000000    0.000000
   -6    6    3    1    3    0.000000    0.000000
   -6    6    3    2    3    0.000000    0.000000
   -6    6    3    3    3    0.000000    0.000000
   -6    6    4    1    1    0.000001    0.000000
   -6    6    4    2    1    0.000001    0.000000
   -6    6    4    3    1    0.000000    0.000000
   -6    6    4    1    2    0.000001    0.000000
   -6    6    4    2    2   -0.000001    0.000000
   -6    6    4    3    2   -0.000002    0.000000
   -6    6    4    1    3    0.000000    0.000000
   -6    6    4    2    3   -0.000002    0.000000
   -6    6    4    3    3    0.000000    0.000000
   -5   -2    2    1    1    0.000000    0.000000
   -5   -2    2    2    1   -0.000001    0.000000
   -5   -2    2    3    1    0.000000    0.000000
   -5   -2    2    1    2   -0.000001    0.000000
   -5   -2    2    2    2    0.000000    0.000000
   -5   -2    2    3    2    0.000000    0.000000
   -5   -2    2    1    3    0.000000    0.000000
   -5   -2    2    2    3    0.000000    0.000000
   -5   -2    2    3    3    0.000000    0.000000
   -5   -1    1    1    1    0.000000    0.000000
   -5   -1    1    2    1    0.000003    0.000000
   -5   -1    1    3    1    0.000000    0.000000
   -5   -1    1    1    2    0.000003    0.000000
   -5   -1    1    2    2    0.000000    0.000000
   -5   -1    1    3    2    0.000000    0.000000
   -5   -1    1    1    3    0.000000    0.000000
   -5   -1    1    2    3    0.000000    0.000000
   -5   -1    1    3    3    0.000000    0.000000
   -5   -1    2    1    1   -0.000002    0.000000
   -5   -1    2    2    1    0.000000    0.000000
   -5   -1    2    3    1    0.000001    0.000000
   -5   -1    2    1    2    0.000000    0.000000
   -5   -1    2    2    2   -0.000001    0.000000
   -5   -1    2    3    2    0.000001    0.000000
   -5   -1    2    1    3    0.000001    0.000000
   -5   -1    2    2    3    0.000001    0.000000
   -5   -1    2    3    3    0.000000    0.000000
   -5   -1    3    1    1    0.000003    0.000000
   -5   -1    3    2    1   -0.000003    0.000000
   -5   -1    3    3    1   -0.000001    0.000000
   -5   -1    3    1    2   -0.000003    0.000000
   -5   -1    3    2    2    0.000001    0.000000
   -5   -1    3    3    2   -0.000001    0.000000
   -5   -1    3    1    3   -0.000001    0.000000
   -5   -1    3    2    3   -0.000001    0.000000
   -5   -1    3    3    3    0.000001    0.000000
   -5   -1    4    1    1    0.000022    0.000000
   -5   -1    4    2    1    0.000000    0.000000
   -5   -1    4    3    1    0.000000    0.000000
   -5   -1    4    1    2    0.000000    0.000000
   -5   -1    4    2    2   -0.000003    0.000000
   -5   -1    4    3    2    0.000000    0.000000
   -5   -1    4    1    3    0.000000    0.000000
   -5   -1    4    2    3    0.000000    0.000000
   -5   -1    4    3    3    0.000014    0.000000
   -5    0    0    1    1   -0.000001    0.000000
   -5    0    0    2    1   -0.000002    0.000000
   -5    0    0    3    1    0.000000    0.000000
   -5    0    0    1    2   -0.000002    0.000000
   -5    0    0    2    2   -0.000001    0.000000
   -5    0    0    3    2    0.000000    0.000000
   -5    0    0    1    3    0.000000    0.000000
   -5    0    0    2    3    0.000000    0.000000
   -5    0    0    3    3    0.000000    0.000000
   -5    0    1    1    1   -0.000002    0.000000
   -5    0    1    2    1    0.000001    0.000000
   -5    0    1    3    1    0.000001    0.000000
   -5    0    1    1    2    0.000001    0.000000
   -5    0    1    2    2    0.000000    0.000000
   -5    0    1    3    2    0.000001    0.000000
   -5    0    1    1    3    0.000001    0.000000
   -5    0    1    2    3    0.000001    0.000000
   -5    0    1    3    3   -0.000001    0.000000
   -5    0    2    1    1   -0.000005    0.000000
   -5    0    2    2    1    0.000010    0.000000
   -5    0    2    3    1    0.000000    0.000000
   -5    0    2    1    2    0.000010    0.000000
   -5    0    2    2    2    0.000000    0.000000
   -5    0    2    3    2    0.000000    0.000000
   -5    0    2    1    3    0.000000    0.000000
   -5    0    2    2    3    0.000000    0.000000
   -5    0    2    3    3   -0.000001    0.000000
   -5    0    3    1    1    0.000018    0.000000
   -5    0    3    2    1   -0.000004    0.000000
   -5    0    3    3    1   -0.000014    0.000000
   -5    0    3    1    2   -0.000004    0.000000
   -5    0    3    2    2   -0.000003    0.000000
   -5    0    3    3    2   -0.000013    0.000000
   -5    0    3    1    3   -0.000014    0.000000
   -5    0    3    2    3   -0.000013    0.000000
   -5    0    3    3    3    0.000017    0.000000
   -5    0    4    1    1    0.000106    0.000000
   -5    0    4    2    1   -0.000023    0.000000
   -5    0    4    3    1    0.000015    0.000000
   -5    0    4    1    2   -0.000023    0.000000
   -5    0    4    2    2   -0.000001    0.000000
   -5    0    4    3    2    0.000064    0.000000
   -5    0    4    1    3    0.000015    0.000000
   -5    0    4    2    3    0.000064    0.000000
   -5    0    4    3    3   -0.000161    0.000000
   -5    0    5    1    1   -0.000344    0.000000
   -5    0    5    2    1    0.000000    0.000000
   -5    0    5    3    1    0.000000    0.000000
   -5    0    5    1    2    0.000000    0.000000
   -5    0    5    2    2    0.000003    0.000000
   -5    0    5    3    2    0.000000    0.000000
   -5    0    5    1    3    0.000000    0.000000
   -5    0    5    2    3    0.000000    0.000000
   -5    0    5    3    3   -0.000603    0.000000
   -5    1   -1    1    1    0.000000    0.000000
   -5    1   -1    2    1    0.000003    0.000000
   -5    1   -1    3    1    0.000000    0.000000
   -5    1   -1    1    2    0.000003    0.000000
   -5    1   -1    2    2    0.000000    0.000000
   -5    1   -1    3    2    0.000000    0.000000
   -5    1   -1    1    3    0.000000    0.000000
   -5    1   -1    2    3    0.000000    0.000000
   -5    1   -1    3    3    0.000000    0.000000
   -5    1    0    1    1    0.000000    0.000000
   -5    1    0    2    1    0.000001    0.000000
   -5    1    0    3    1   -0.000001    0.000000
   -5    1    0    1    2    0.000001    0.000000
   -5    1    0    2    2   -0.000002    0.000000
   -5    1    0    3    2   -0.000001    0.000000
   -5    1    0    1    3   -0.000001    0.000000
   -5    1    0    2    3   -0.000001    0.000000
   -5    1    0    3    3   -0.000001    0.000000
   -5    1    1    1    1   -0.000007    0.000000
   -5    1    1    2    1    0.000008    0.000000
   -5    1    1    3    1   -0.000002    0.000000
   -5    1    1    1    2    0.000008    0.000000
   -5    1    1    2    2   -0.000007    0.000000
   -5    1    1    3    2    0.000002    0.000000
   -5    1    1    1    3   -0.000002    0.000000
   -5    1    1    2    3    0.000002    0.000000
   -5    1    1    3    3   -0.000006    0.000000
   -5    1    2    1    1   -0.000040    0.000000
   -5    1    2    2    1    0.000047    0.000000
   -5    1    2    3    1    0.000004    0.000000
   -5    1    2    1    2    0.000047    0.000000
   -5    1    2    2    2   -0.000031    0.000000
   -5    1    2    3    2    0.000001    0.000000
   -5    1    2    1    3    0.000004    0.000000
   -5    1    2    2    3    0.000001    0.000000
   -5    1    2    3    3   -0.000039    0.000000
   -5    1    3    1    1   -0.000050    0.000000
   -5    1    3    2    1   -0.000092    0.000000
   -5    1    3    3    1   -0.000072    0.000000
   -5    1    3    1    2   -0.000092    0.000000
   -5    1    3    2    2    0.000003    0.000000
   -5    1    3    3    2    0.000205    0.000000
   -5    1    3    1    3   -0.000072    0.000000
   -5    1    3    2    3    0.000205    0.000000
   -5    1    3    3    3    0.000025    0.000000
   -5    1    4    1    1   -0.000361    0.000000
   -5    1    4    2    1    0.000088    0.000000
   -5    1    4    3    1    0.000000    0.000000
   -5    1    4    1    2    0.000088    0.000000
   -5    1    4    2    2    0.000056    0.000000
   -5    1    4    3    2    0.000000    0.000000
   -5    1    4    1    3    0.000000    0.000000
   -5    1    4    2    3    0.000000    0.000000
   -5    1    4    3    3   -0.002107    0.000000
   -5    1    5    1    1    0.000106    0.000000
   -5    1    5    2    1   -0.000023    0.000000
   -5    1    5    3    1   -0.000015    0.000000
   -5    1    5    1    2   -0.000023    0.000000
   -5    1    5    2    2   -0.000001    0.000000
   -5    1    5    3    2   -0.000064    0.000000
   -5    1    5    1    3   -0.000015    0.000000
   -5    1    5    2    3   -0.000064    0.000000
   -5    1    5    3    3   -0.000161    0.000000
   -5    1    6    1    1    0.000022    0.000000
   -5    1    6    2    1    0.000000    0.000000
   -5    1    6    3    1    0.000000    0.000000
   -5    1    6    1    2    0.000000    0.000000
   -5    1    6    2    2   -0.000003    0.000000
   -5    1    6    3    2    0.000000    0.000000
   -5    1    6    1    3    0.000000    0.000000
   -5    1    6    2    3    0.000000    0.000000
   -5    1    6    3    3    0.000014    0.000000
   -5    2   -2    1    1    0.000000    0.000000
   -5    2   -2    2    1   -0.000001    0.000000
   -5    2   -2    3    1    0.000000    0.000000
   -5    2   -2    1    2   -0.000001    0.000000
   -5    2   -2    2    2    0.000000    0.000000
   -5    2   -2    3    2    0.000000    0.000000
   -5    2   -2    1    3    0.000000    0.000000
   -5    2   -2    2    3    0.000000    0.000000
   -5    2   -2    3    3    0.000000    0.000000
   -5    2   -1    1    1   -0.000001    0.000000
   -5    2   -1    2    1    0.000000    0.000000
   -5    2   -1    3    1   -0.000001    0.000000
   -5    2   -1    1    2    0.000000    0.000000
   -5    2   -1    2    2   -0.000002    0.000000
   -5    2   -1    3    2   -0.000001    0.000000
   -5    2   -1    1    3   -0.000001    0.000000
   -5    2   -1    2    3   -0.000001    0.000000
   -5    2   -1    3    3    0.000000    0.000000
   -5    2    0    1    1    0.000000    0.000000
   -5    2    0    2    1    0.000010    0.000000
   -5    2    0    3    1    0.000000    0.000000
   -5    2    0    1    2    0.000010    0.000000
   -5    2    0    2    2   -0.000005    0.000000
   -5    2    0    3    2    0.000000    0.000000
   -5    2    0    1    3    0.000000    0.000000
   -5    2    0    2    3    0.000000    0.000000
   -5    2    0    3    3   -0.000001    0.000000
   -5    2    1    1    1   -0.000031    0.000000
   -5    2    1    2    1    0.000047    0.000000
   -5    2    1    3    1   -0.000001    0.000000
   -5    2    1    1    2    0.000047    0.000000
   -5    2    1    2    2   -0.000040    0.000000
   -5    2    1    3    2   -0.000004    0.000000
   -5    2    1    1    3   -0.000001    0.000000
   -5    2    1    2    3   -0.000004    0.000000
   -5    2    1    3    3   -0.000039    0.000000
   -5    2    2    1    1    0.000005    0.000000
   -5    2    2    2    1    0.000121    0.000000
   -5    2    2    3    1   -0.000274    0.000000
   -5    2    2    1    2    0.000121    0.000000
   -5    2    2    2    2    0.000005    0.000000
   -5    2    2    3    2    0.000274    0.000000
   -5    2    2    1    3   -0.000274    0.000000
   -5    2    2    2    3    0.000274    0.000000
   -5    2    2    3    3   -0.000004    0.000000
   -5    2    3    1    1    0.000661    0.000000
   -5    2    3    2    1   -0.000372    0.000000
   -5    2    3    3    1    0.000000    0.000000
   -5    2    3    1    2   -0.000372    0.000000
   -5    2    3    2    2   -0.000101    0.000000
   -5    2    3    3    2    0.000000    0.000000
   -5    2    3    1    3    0.000000    0.000000
   -5    2    3    2    3    0.000000    0.000000
   -5    2    3    3    3   -0.005154    0.000000
   -5    2    4    1    1   -0.000050    0.000000
   -5    2    4    2    1   -0.000092    0.000000
   -5    2    4    3    1    0.000072    0.000000
   -5    2    4    1    2   -0.000092    0.000000
   -5    2    4    2    2    0.000003    0.000000
   -5    2    4    3    2   -0.000205    0.000000
   -5    2    4    1    3    0.000072    0.000000
   -5    2    4    2    3   -0.000205    0.000000
   -5    2    4    3    3    0.000025    0.000000
   -5    2    5    1    1    0.000018    0.000000
   -5    2    5    2    1   -0.000004    0.000000
   -5    2    5    3    1    0.000014    0.000000
   -5    2    5    1    2   -0.000004    0.000000
   -5    2    5    2    2   -0.000003    0.000000
   -5    2    5    3    2    0.000013    0.000000
   -5    2    5    1    3    0.000014    0.000000
   -5    2    5    2    3    0.000013    0.000000
   -5    2    5    3    3    0.000017    0.000000
   -5    2    6    1    1    0.000003    0.000000
   -5    2    6    2    1   -0.000003    0.000000
   -5    2    6    3    1    0.000001    0.000000
   -5    2    6    1    2   -0.000003    0.000000
   -5    2    6    2    2    0.000001    0.000000
   -5    2    6    3    2    0.000001    0.000000
   -5    2    6    1    3    0.000001    0.000000
   -5    2    6    2    3    0.000001    0.000000
   -5    2    6    3    3    0.000001    0.000000
   -5    3   -1    1    1    0.000001    0.000000
   -5    3   -1    2    1   -0.000003    0.000000
   -5    3   -1    3    1    0.000001    0.000000
   -5    3   -1    1    2   -0.000003    0.000000
   -5    3   -1    2    2    0.000003    0.000000
   -5    3   -1    3    2    0.000001    0.000000
   -5    3   -1    1    3    0.000001    0.000000
   -5    3   -1    2    3    0.000001    0.000000
   -5    3   -1    3    3    0.000001    0.000000
   -5    3    0    1    1   -0.000003    0.000000
   -5    3    0    2    1   -0.000004    0.000000
   -5    3    0    3    1    0.000013    0.000000
   -5    3    0    1    2   -0.000004    0.000000
   -5    3    0    2    2    0.000018    0.000000
   -5    3    0    3    2    0.000014    0.000000
   -5    3    0    1    3    0.000013    0.000000
   -5    3    0    2    3    0.000014    0.000000
   -5    3    0    3    3    0.000017    0.000000
   -5    3    1    1    1    0.000003    0.000000
   -5    3    1    2    1   -0.000092    0.000000
   -5    3    1    3    1   -0.000205    0.000000
   -5    3    1    1    2   -0.000092    0.000000
   -5    3    1    2    2   -0.000050    0.000000
   -5    3    1    3    2    0.000072    0.000000
   -5    3    1    1    3   -0.000205    0.000000
   -5    3    1    2    3    0.000072    0.000000
   -5    3    1    3    3    0.000025    0.000000
   -5    3    2    1    1   -0.000101    0.000000
   -5    3    2    2    1   -0.000372    0.000000
   -5    3    2    3    1    0.000000    0.000000
   -5    3    2    1    2   -0.000372    0.000000
   -5    3    2    2    2    0.000661    0.000000
   -5    3    2    3    2    0.000000    0.000000
   -5    3    2    1    3    0.000000    0.000000
   -5    3    2    2    3    0.000000    0.000000
   -5    3    2    3    3   -0.005154    0.000000
   -5    3    3    1    1    0.000005    0.000000
   -5    3    3    2    1    0.000121    0.000000
   -5    3    3    3    1    0.000274    0.000000
   -5    3    3    1    2    0.000121    0.000000
   -5    3    3    2    2    0.000005    0.000000
   -5    3    3    3    2   -0.000274    0.000000
   -5    3    3    1    3    0.000274    0.000000
   -5    3    3    2    3   -0.000274    0.000000
   -5    3    3    3    3   -0.000004    0.000000
   -5    3    4    1    1   -0.000040    0.000000
   -5    3    4    2    1    0.000047    0.000000
   -5    3    4    3    1   -0.000004    0.000000
   -5    3    4    1    2    0.000047    0.000000
   -5    3    4    2    2   -0.000031    0.000000
   -5    3    4    3    2   -0.000001    0.000000
   -5    3    4    1    3   -0.000004    0.000000
   -5    3    4    2    3   -0.000001    0.000000
   -5    3    4    3    3   -0.000039    0.000000
   -5    3    5    1    1   -0.000005    0.000000
   -5    3    5    2    1    0.000010    0.000000
   -5    3    5    3    1    0.000000    0.000000
   -5    3    5    1    2    0.000010    0.000000
   -5    3    5    2    2    0.000000    0.000000
   -5    3    5    3    2    0.000000    0.000000
   -5    3    5    1    3    0.000000    0.000000
   -5    3    5    2    3    0.000000    0.000000
   -5    3    5    3    3   -0.000001    0.000000
   -5    3    6    1    1   -0.000002    0.000000
   -5    3    6    2    1    0.000000    0.000000
   -5    3    6    3    1   -0.000001    0.000000
   -5    3    6    1    2    0.000000    0.000000
   -5    3    6    2    2   -0.000001    0.000000
   -5    3    6    3    2   -0.000001    0.000000
   -5    3    6    1    3   -0.000001    0.000000
   -5    3    6    2    3   -0.000001    0.000000
   -5    3    6    3    3    0.000000    0.000000
   -5    3    7    1    1    0.000000    0.000000
   -5    3    7    2    1   -0.000001    0.000000
   -5    3    7    3    1    0.000000    0.000000
   -5    3    7    1    2   -0.000001    0.000000
   -5    3    7    2    2    0.000000    0.000000
   -5    3    7    3    2    0.000000    0.000000
   -5    3    7    1    3    0.000000    0.000000
   -5    3    7    2    3    0.000000    0.000000
   -5    3    7    3    3    0.000000    0.000000
   -5    4   -1    1    1   -0.000003    0.000000
   -5    4   -1    2    1    0.000000    0.000000
   -5    4   -1    3    1    0.000000    0.000000
   -5    4   -1    1    2    0.000000    0.000000
   -5    4   -1    2    2    0.000022    0.000000
   -5    4   -1    3    2    0.000000    0.000000
   -5    4   -1    1    3    0.000000    0.000000
   -5    4   -1    2    3    0.000000    0.000000
   -5    4   -1    3    3    0.000014    0.000000
   -5    4    0    1    1   -0.000001    0.000000
   -5    4    0    2    1   -0.000023    0.000000
   -5    4    0    3    1   -0.000064    0.000000
   -5    4    0    1    2   -0.000023    0.000000
   -5    4    0    2    2    0.000106    0.000000
   -5    4    0    3    2   -0.000015    0.000000
   -5    4    0    1    3   -0.000064    0.000000
   -5    4    0    2    3   -0.000015    0.000000
   -5    4    0    3    3   -0.000161    0.000000
   -5    4    1    1    1    0.000056    0.000000
   -5    4    1    2    1    0.000088    0.000000
   -5    4    1    3    1    0.000000    0.000000
   -5    4    1    1    2    0.000088    0.000000
   -5    4    1    2    2   -0.000361    0.000000
   -5    4    1    3    2    0.000000    0.000000
   -5    4    1    1    3    0.000000    0.000000
   -5    4    1    2    3    0.000000    0.000000
   -5    4    1    3    3   -0.002107    0.000000
   -5    4    2    1    1    0.000003    0.000000
   -5    4    2    2    1   -0.000092    0.000000
   -5    4    2    3    1    0.000205    0.000000
   -5    4    2    1    2   -0.000092    0.000000
   -5    4    2    2    2   -0.000050    0.000000
   -5    4    2    3    2   -0.000072    0.000000
   -5    4    2    1    3    0.000205    0.000000
   -5    4    2    2    3   -0.000072    0.000000
   -5    4    2    3    3    0.000025    0.000000
   -5    4    3    1    1   -0.000031    0.000000
   -5    4    3    2    1    0.000047    0.000000
   -5    4    3    3    1    0.000001    0.000000
   -5    4    3    1    2    0.000047    0.000000
   -5    4    3    2    2   -0.000040    0.000000
   -5    4    3    3    2    0.000004    0.000000
   -5    4    3    1    3    0.000001    0.000000
   -5    4    3    2    3    0.000004    0.000000
   -5    4    3    3    3   -0.000039    0.000000
   -5    4    4    1    1   -0.000007    0.000000
   -5    4    4    2    1    0.000008    0.000000
   -5    4    4    3    1    0.000002    0.000000
   -5    4    4    1    2    0.000008    0.000000
   -5    4    4    2    2   -0.000007    0.000000
   -5    4    4    3    2   -0.000002    0.000000
   -5    4    4    1    3    0.000002    0.000000
   -5    4    4    2    3   -0.000002    0.000000
   -5    4    4    3    3   -0.000006    0.000000
   -5    4    5    1    1   -0.000002    0.000000
   -5    4    5    2    1    0.000001    0.000000
   -5    4    5    3    1   -0.000001    0.000000
   -5    4    5    1    2    0.000001    0.000000
   -5    4    5    2    2    0.000000    0.000000
   -5    4    5    3    2   -0.000001    0.000000
   -5    4    5    1    3   -0.000001    0.000000
   -5    4    5    2    3   -0.000001    0.000000
   -5    4    5    3    3   -0.000001    0.000000
   -5    4    6    1    1    0.000000    0.000000
   -5    4    6    2    1    0.000003    0.000000
   -5    4    6    3    1    0.000000    0.000000
   -5    4    6    1    2    0.000003    0.000000
   -5    4    6    2    2    0.000000    0.000000
   -5    4    6    3    2    0.000000    0.000000
   -5    4    6    1    3    0.000000    0.000000
   -5    4    6    2    3    0.000000    0.000000
   -5    4    6    3    3    0.000000    0.000000
   -5    5    0    1    1    0.000003    0.000000
   -5    5    0    2    1    0.000000    0.000000
   -5    5    0    3    1    0.000000    0.000000
   -5    5    0    1    2    0.000000    0.000000
   -5    5    0    2    2   -0.000344    0.000000
   -5    5    0    3    2    0.000000    0.000000
   -5    5    0    1    3    0.000000    0.000000
   -5    5    0    2    3    0.000000    0.000000
   -5    5    0    3    3   -0.000603    0.000000
   -5    5    1    1    1   -0.000001    0.000000
   -5    5    1    2    1   -0.000023    0.000000
   -5    5    1    3    1    0.000064    0.000000
   -5    5    1    1    2   -0.000023    0.000000
   -5    5    1    2    2    0.000106    0.000000
   -5    5    1    3    2    0.000015    0.000000
   -5    5    1    1    3    0.000064    0.000000
   -5    5    1    2    3    0.000015    0.000000
   -5    5    1    3    3   -0.000161    0.000000
   -5    5    2    1    1   -0.000003    0.000000
   -5    5    2    2    1   -0.000004    0.000000
   -5    5    2    3    1   -0.000013    0.000000
   -5    5    2    1    2   -0.000004    0.000000
   -5    5    2    2    2    0.000018    0.000000
   -5    5    2    3    2   -0.000014    0.000000
   -5    5    2    1    3   -0.000013    0.000000
   -5    5    2    2    3   -0.000014    0.000000
   -5    5    2    3    3    0.000017    0.000000
   -5    5    3    1    1    0.000000    0.000000
   -5    5    3    2    1    0.000010    0.000000
   -5    5    3    3    1    0.000000    0.000000
   -5    5    3    1    2    0.000010    0.000000
   -5    5    3    2    2   -0.000005    0.000000
   -5    5    3    3    2    0.000000    0.000000
   -5    5    3    1    3    0.000000    0.000000
   -5    5    3    2    3    0.000000    0.000000
   -5    5    3    3    3   -0.000001    0.000000
   -5    5    4    1    1    0.000000    0.000000
   -5    5    4    2    1    0.000001    0.000000
   -5    5    4    3    1    0.000001    0.000000
   -5    5    4    1    2    0.000001    0.000000
   -5    5    4    2    2   -0.000002    0.000000
   -5    5    4    3    2    0.000001    0.000000
   -5    5    4    1    3    0.000001    0.000000
   -5    5    4    2    3    0.000001    0.000000
   -5    5    4    3    3   -0.000001    0.000000
   -5    5    5    1    1   -0.000001    0.000000
   -5    5    5    2    1   -0.000002    0.000000
   -5    5    5    3    1    0.000000    0.000000
   -5    5    5    1    2   -0.000002    0.000000
   -5    5    5    2    2   -0.000001    0.000000
   -5    5    5    3    2    0.000000    0.000000
   -5    5    5    1    3    0.000000    0.000000
   -5    5    5    2    3    0.000000    0.000000
   -5    5    5    3    3    0.000000    0.000000
   -5    6    1    1    1   -0.000003    0.000000
   -5    6    1    2    1    0.000000    0.000000
   -5    6    1    3    1    0.000000    0.000000
   -5    6    1    1    2    0.000000    0.000000
   -5    6    1    2    2    0.000022    0.000000
   -5    6    1    3    2    0.000000    0.000000
   -5    6    1    1    3    0.000000    0.000000
   -5    6    1    2    3    0.000000    0.000000
   -5    6    1    3    3    0.000014    0.000000
   -5    6    2    1    1    0.000001    0.000000
   -5    6    2    2    1   -0.000003    0.000000
   -5    6    2    3    1   -0.000001    0.000000
   -5    6    2    1    2   -0.000003    0.000000
   -5    6    2    2    2    0.000003    0.000000
   -5    6    2    3    2   -0.000001    0.000000
   -5    6    2    1    3   -0.000001    0.000000
   -5    6    2    2    3   -0.000001    0.000000
   -5    6    2    3    3    0.000001    0.000000
   -5    6    3    1    1   -0.000001    0.000000
   -5    6    3    2    1    0.000000    0.000000
   -5    6    3    3    1    0.000001    0.000000
   -5    6    3    1    2    0.000000    0.000000
   -5    6    3    2    2   -0.000002    0.000000
   -5    6    3    3    2    0.000001    0.000000
   -5    6    3    1    3    0.000001    0.000000
   -5    6    3    2    3    0.000001    0.000000
   -5    6    3    3    3    0.000000    0.000000
   -5    6    4    1    1    0.000000    0.000000
   -5    6    4    2    1    0.000003    0.000000
   -5    6    4    3    1    0.000000    0.000000
   -5    6    4    1    2    0.000003    0.000000
   -5    6    4    2    2    0.000000    0.000000
   -5    6    4    3    2    0.000000    0.000000
   -5    6    4    1    3    0.000000    0.000000
   -5    6    4    2    3    0.000000    0.000000
   -5    6    4    3    3    0.000000    0.000000
   -5    7    3    1    1    0.000000    0.000000
   -5    7    3    2    1   -0.000001    0.000000
   -5    7    3    3    1    0.000000    0.000000
   -5    7    3    1    2   -0.000001    0.000000
   -5    7    3    2    2    0.000000    0.000000
   -5    7    3    3    2    0.000000    0.000000
   -5    7    3    1    3    0.000000    0.000000
   -5    7    3    2    3    0.000000    0.000000
   -5    7    3    3    3    0.000000    0.000000
   -4   -3    2    1    1    0.000000    0.000000
   -4   -3    2    2    1    0.000001    0.000000
   -4   -3    2    3    1    0.000000    0.000000
   -4   -3    2    1    2    0.000001    0.000000
   -4   -3    2    2    2    0.000000    0.000000
   -4   -3    2    3    2    0.000000    0.000000
   -4   -3    2    1    3    0.000000    0.000000
   -4   -3    2    2    3    0.000000    0.000000
   -4   -3    2    3    3    0.000000    0.000000
   -4   -2    1    1    1    0.000000    0.000000
   -4   -2    1    2    1   -0.000001    0.000000
   -4   -2    1    3    1    0.000000    0.000000
   -4   -2    1    1    2   -0.000001    0.000000
   -4   -2    1    2    2    0.000000    0.000000
   -4   -2    1    3    2    0.000000    0.000000
   -4   -2    1    1    3    0.000000    0.000000
   -4   -2    1    2    3    0.000000    0.000000
   -4   -2    1    3    3    0.000000    0.000000
   -4   -2    2    1    1   -0.000001    0.000000
   -4   -2    2    2    1    0.000000    0.000000
   -4   -2    2    3    1    0.000000    0.000000
   -4   -2    2    1    2    0.000000    0.000000
   -4   -2    2    2    2    0.000002    0.000000
   -4   -2    2    3    2   -0.000001    0.000000
   -4   -2    2    1    3    0.000000    0.000000
   -4   -2    2    2    3   -0.000001    0.000000
   -4   -2    2    3    3    0.000000    0.000000
   -4   -2    3    1    1    0.000003    0.000000
   -4   -2    3    2    1    0.000003    0.000000
   -4   -2    3    3    1    0.000001    0.000000
   -4   -2    3    1    2    0.000003    0.000000
   -4   -2    3    2    2    0.000001    0.000000
   -4   -2    3    3    2   -0.000001    0.000000
   -4   -2    3    1    3    0.000001    0.000000
   -4   -2    3    2    3   -0.000001    0.000000
   -4   -2    3    3    3    0.000001    0.000000
   -4   -2    4    1    1    0.000013    0.000000
   -4   -2    4    2    1    0.000000    0.000000
   -4   -2    4    3    1    0.000003    0.000000
   -4   -2    4    1    2    0.000000    0.000000
   -4   -2    4    2    2   -0.000008    0.000000
   -4   -2    4    3    2    0.000000    0.000000
   -4   -2    4    1    3    0.000003    0.000000
   -4   -2    4    2    3    0.000000    0.000000
   -4   -2    4    3    3    0.000001    0.000000
   -4   -1    0    1    1    0.000001    0.000000
   -4   -1    0    2    1    0.000001    0.000000
   -4   -1    0    3    1    0.000000    0.000000
   -4   -1    0    1    2    0.000001    0.000000
   -4   -1    0    2    2    0.000001    0.000000
   -4   -1    0    3    2    0.000000    0.000000
   -4   -1    0    1    3    0.000000    0.000000
   -4   -1    0    2    3    0.000000    0.000000
   -4   -1    0    3    3    0.000000    0.000000
   -4   -1    1    1    1   -0.000002    0.000000
   -4   -1    1    2    1    0.000002    0.000000
   -4   -1    1    3    1    0.000000    0.000000
   -4   -1    1    1    2    0.000002    0.000000
   -4   -1    1    2    2    0.000000    0.000000
   -4   -1    1    3    2   -0.000001    0.000000
   -4   -1    1    1    3    0.000000    0.000000
   -4   -1    1    2    3   -0.000001    0.000000
   -4   -1    1    3    3    0.000000    0.000000
   -4   -1    2    1    1   -0.000010    0.000000
   -4   -1    2    2    1    0.000002    0.000000
   -4   -1    2    3    1    0.000001    0.000000
   -4   -1    2    1    2    0.000002    0.000000
   -4   -1    2    2    2    0.000005    0.000000
   -4   -1    2    3    2    0.000001    0.000000
   -4   -1    2    1    3    0.000001    0.000000
   -4   -1    2    2    3    0.000001    0.000000
   -4   -1    2    3    3    0.000002    0.000000
   -4   -1    3    1    1    0.000033    0.000000
   -4   -1    3    2    1    0.000000    0.000000
   -4   -1    3    3    1    0.000000    0.000000
   -4   -1    3    1    2    0.000000    0.000000
   -4   -1    3    2    2   -0.000006    0.000000
   -4   -1    3    3    2   -0.000006    0.000000
   -4   -1    3    1    3    0.000000    0.000000
   -4   -1    3    2    3   -0.000006    0.000000
   -4   -1    3    3    3    0.000019    0.000000
   -4   -1    4    1    1    0.000106    0.000000
   -4   -1    4    2    1    0.000023    0.000000
   -4   -1    4    3    1   -0.000015    0.000000
   -4   -1    4    1    2    0.000023    0.000000
   -4   -1    4    2    2   -0.000001    0.000000
   -4   -1    4    3    2    0.000064    0.000000
   -4   -1    4    1    3   -0.000015    0.000000
   -4   -1    4    2    3    0.000064    0.000000
   -4   -1    4    3    3   -0.000161    0.000000
   -4   -1    5    1    1   -0.000239    0.000000
   -4   -1    5    2    1    0.000000    0.000000
   -4   -1    5    3    1    0.000000    0.000000
   -4   -1    5    1    2    0.000000    0.000000
   -4   -1    5    2    2    0.000006    0.000000
   -4   -1    5    3    2    0.000000    0.000000
   -4   -1    5    1    3    0.000000    0.000000
   -4   -1    5    2    3    0.000000    0.000000
   -4   -1    5    3    3   -0.000778    0.000000
   -4    0   -1    1    1    0.000001    0.000000
   -4    0   -1    2    1    0.000001    0.000000
   -4    0   -1    3    1    0.000000    0.000000
   -4    0   -1    1    2    0.000001    0.000000
   -4    0   -1    2    2    0.000001    0.000000
   -4    0   -1    3    2    0.000000    0.000000
   -4    0   -1    1    3    0.000000    0.000000
   -4    0   -1    2    3    0.000000    0.000000
   -4    0   -1    3    3    0.000000    0.000000
   -4    0    0    1    1   -0.000002    0.000000
   -4    0    0    2    1    0.000005    0.000000
   -4    0    0    3    1    0.000001    0.000000
   -4    0    0    1    2    0.000005    0.000000
   -4    0    0    2    2   -0.000002    0.000000
   -4    0    0    3    2   -0.000001    0.000000
   -4    0    0    1    3    0.000001    0.000000
   -4    0    0    2    3   -0.000001    0.000000
   -4    0    0    3    3   -0.000001    0.000000
   -4    0    1    1    1   -0.000016    0.000000
   -4    0    1    2    1    0.000022    0.000000
   -4    0    1    3    1    0.000001    0.000000
   -4    0    1    1    2    0.000022    0.000000
   -4    0    1    2    2   -0.000004    0.000000
   -4    0    1    3    2    0.000003    0.000000
   -4    0    1    1    3    0.000001    0.000000
   -4    0    1    2    3    0.000003    0.000000
   -4    0    1    3    3   -0.000004    0.000000
   -4    0    2    1    1   -0.000032    0.000000
   -4    0    2    2    1    0.000048    0.000000
   -4    0    2    3    1    0.000013    0.000000
   -4    0    2    1    2    0.000048    0.000000
   -4    0    2    2    2    0.000009    0.000000
   -4    0    2    3    2    0.000007    0.000000
   -4    0    2    1    3    0.000013    0.000000
   -4    0    2    2    3    0.000007    0.000000
   -4    0    2    3    3    0.000012    0.000000
   -4    0    3    1    1    0.000519    0.000000
   -4    0    3    2    1   -0.000087    0.000000
   -4    0    3    3    1   -0.000032    0.000000
   -4    0    3    1    2   -0.000087    0.000000
   -4    0    3    2    2   -0.000063    0.000000
   -4    0    3    3    2    0.000218    0.000000
   -4    0    3    1    3   -0.000032    0.000000
   -4    0    3    2    3    0.000218    0.000000
   -4    0    3    3    3   -0.000229    0.000000
   -4    0    4    1    1   -0.000766    0.000000
   -4    0    4    2    1    0.000000    0.000000
   -4    0    4    3    1    0.000000    0.000000
   -4    0    4    1    2    0.000000    0.000000
   -4    0    4    2    2    0.000017    0.000000
   -4    0    4    3    2    0.000000    0.000000
   -4    0    4    1    3    0.000000    0.000000
   -4    0    4    2    3    0.000000    0.000000
   -4    0    4    3    3   -0.001473    0.000000
   -4    0    5    1    1    0.000106    0.000000
   -4    0    5    2    1    0.000023    0.000000
   -4    0    5    3    1    0.000015    0.000000
   -4    0    5    1    2    0.000023    0.000000
   -4    0    5    2    2   -0.000001    0.000000
   -4    0    5    3    2   -0.000064    0.000000
   -4    0    5    1    3    0.000015    0.000000
   -4    0    5    2    3   -0.000064    0.000000
   -4    0    5    3    3   -0.000161    0.000000
   -4    0    6    1    1    0.000013    0.000000
   -4    0    6    2    1    0.000000    0.000000
   -4    0    6    3    1   -0.000003    0.000000
   -4    0    6    1    2    0.000000    0.000000
   -4    0    6    2    2   -0.000008    0.000000
   -4    0    6    3    2    0.000000    0.000000
   -4    0    6    1    3   -0.000003    0.000000
   -4    0    6    2    3    0.000000    0.000000
   -4    0    6    3    3    0.000001    0.000000
   -4    1   -2    1    1    0.000000    0.000000
   -4    1   -2    2    1   -0.000001    0.000000
   -4    1   -2    3    1    0.000000    0.000000
   -4    1   -2    1    2   -0.000001    0.000000
   -4    1   -2    2    2    0.000000    0.000000
   -4    1   -2    3    2    0.000000    0.000000
   -4    1   -2    1    3    0.000000    0.000000
   -4    1   -2    2    3    0.000000    0.000000
   -4    1   -2    3    3    0.000000    0.000000
   -4    1   -1    1    1    0.000000    0.000000
   -4    1   -1    2    1    0.000002    0.000000
   -4    1   -1    3    1    0.000001    0.000000
   -4    1   -1    1    2    0.000002    0.000000
   -4    1   -1    2    2   -0.000002    0.000000
   -4    1   -1    3    2    0.000000    0.000000
   -4    1   -1    1    3    0.000001    0.000000
   -4    1   -1    2    3    0.000000    0.000000
   -4    1   -1    3    3    0.000000    0.000000
   -4    1    0    1    1   -0.000004    0.000000
   -4    1    0    2    1    0.000022    0.000000
   -4    1    0    3    1   -0.000003    0.000000
   -4    1    0    1    2    0.000022    0.000000
   -4    1    0    2    2   -0.000016    0.000000
   -4    1    0    3    2   -0.000001    0.000000
   -4    1    0    1    3   -0.000003    0.000000
   -4    1    0    2    3   -0.000001    0.000000
   -4    1    0    3    3   -0.000004    0.000000
   -4    1    1    1    1   -0.000080    0.000000
   -4    1    1    2    1    0.000157    0.000000
   -4    1    1    3    1    0.000025    0.000000
   -4    1    1    1    2    0.000157    0.000000
   -4    1    1    2    2   -0.000080    0.000000
   -4    1    1    3    2   -0.000025    0.000000
   -4    1    1    1    3    0.000025    0.000000
   -4    1    1    2    3   -0.000025    0.000000
   -4    1    1    3    3   -0.000111    0.000000
   -4    1    2    1    1   -0.000513    0.000000
   -4    1    2    2    1    0.000371    0.000000
   -4    1    2    3    1   -0.000326    0.000000
   -4    1    2    1    2    0.000371    0.000000
   -4    1    2    2    2    0.000118    0.000000
   -4    1    2    3    2    0.000477    0.000000
   -4    1    2    1    3   -0.000326    0.000000
   -4    1    2    2    3    0.000477    0.000000
   -4    1    2    3    3    0.000066    0.000000
   -4    1    3    1    1    0.002705    0.000000
   -4    1    3    2    1   -0.000075    0.000000
   -4    1    3    3    1    0.000000    0.000000
   -4    1    3    1    2   -0.000075    0.000000
   -4    1    3    2    2    0.000068    0.000000
   -4    1    3    3    2    0.000000    0.000000
   -4    1    3    1    3    0.000000    0.000000
   -4    1    3    2    3    0.000000    0.000000
   -4    1    3    3    3   -0.004162    0.000000
   -4    1    4    1    1    0.000519    0.000000
   -4    1    4    2    1   -0.000087    0.000000
   -4    1    4    3    1    0.000032    0.000000
   -4    1    4    1    2   -0.000087    0.000000
   -4    1    4    2    2   -0.000063    0.000000
   -4    1    4    3    2   -0.000218    0.000000
   -4    1    4    1    3    0.000032    0.000000
   -4    1    4    2    3   -0.000218    0.000000
   -4    1    4    3    3   -0.000229    0.000000
   -4    1    5    1    1    0.000033    0.000000
   -4    1    5    2    1    0.000000    0.000000
   -4    1    5    3    1    0.000000    0.000000
   -4    1    5    1    2    0.000000    0.000000
   -4    1    5    2    2   -0.000006    0.000000
   -4    1    5    3    2    0.000006    0.000000
   -4    1    5    1    3    0.000000    0.000000
   -4    1    5    2    3    0.000006    0.000000
   -4    1    5    3    3    0.000019    0.000000
   -4    1    6    1    1    0.000003    0.000000
   -4    1    6    2    1    0.000003    0.000000
   -4    1    6    3    1   -0.000001    0.000000
   -4    1    6    1    2    0.000003    0.000000
   -4    1    6    2    2    0.000001    0.000000
   -4    1    6    3    2    0.000001    0.000000
   -4    1    6    1    3   -0.000001    0.000000
   -4    1    6    2    3    0.000001    0.000000
   -4    1    6    3    3    0.000001    0.000000
   -4    2   -3    1    1    0.000000    0.000000
   -4    2   -3    2    1    0.000001    0.000000
   -4    2   -3    3    1    0.000000    0.000000
   -4    2   -3    1    2    0.000001    0.000000
   -4    2   -3    2    2    0.000000    0.000000
   -4    2   -3    3    2    0.000000    0.000000
   -4    2   -3    1    3    0.000000    0.000000
   -4    2   -3    2    3    0.000000    0.000000
   -4    2   -3    3    3    0.000000    0.000000
   -4    2   -2    1    1    0.000002    0.000000
   -4    2   -2    2    1    0.000000    0.000000
   -4    2   -2    3    1    0.000001    0.000000
   -4    2   -2    1    2    0.000000    0.000000
   -4    2   -2    2    2   -0.000001    0.000000
   -4    2   -2    3    2    0.000000    0.000000
   -4    2   -2    1    3    0.000001    0.000000
   -4    2   -2    2    3    0.000000    0.000000
   -4    2   -2    3    3    0.000000    0.000000
   -4    2   -1    1    1    0.000005    0.000000
   -4    2   -1    2    1    0.000002    0.000000
   -4    2   -1    3    1   -0.000001    0.000000
   -4    2   -1    1    2    0.000002    0.000000
   -4    2   -1    2    2   -0.000010    0.000000
   -4    2   -1    3    2   -0.000001    0.000000
   -4    2   -1    1    3   -0.000001    0.000000
   -4    2   -1    2    3   -0.000001    0.000000
   -4    2   -1    3    3    0.000002    0.000000
   -4    2    0    1    1    0.000009    0.000000
   -4    2    0    2    1    0.000048    0.000000
   -4    2    0    3    1   -0.000007    0.000000
   -4    2    0    1    2    0.000048    0.000000
   -4    2    0    2    2   -0.000032    0.000000
   -4    2    0    3    2   -0.000013    0.000000
   -4    2    0    1    3   -0.000007    0.000000
   -4    2    0    2    3   -0.000013    0.000000
   -4    2    0    3    3    0.000012    0.000000
   -4    2    1    1    1    0.000118    0.000000
   -4    2    1    2    1    0.000371    0.000000
   -4    2    1    3    1   -0.000477    0.000000
   -4    2    1    1    2    0.000371    0.000000
   -4    2    1    2    2   -0.000513    0.000000
   -4    2    1    3    2    0.000326    0.000000
   -4    2    1    1    3   -0.000477    0.000000
   -4    2    1    2    3    0.000326    0.000000
   -4    2    1    3    3    0.000066    0.000000
   -4    2    2    1    1    0.000771    0.000000
   -4    2    2    2    1   -0.002100    0.000000
   -4    2    2    3    1    0.000000    0.000000
   -4    2    2    1    2   -0.002100    0.000000
   -4    2    2    2    2    0.000771    0.000000
   -4    2    2    3    2    0.000000    0.000000
   -4    2    2    1    3    0.000000    0.000000
   -4    2    2    2    3    0.000000    0.000000
   -4    2    2    3    3   -0.013886    0.000000
   -4    2    3    1    1   -0.000513    0.000000
   -4    2    3    2    1    0.000371    0.000000
   -4    2    3    3    1    0.000326    0.000000
   -4    2    3    1    2    0.000371    0.000000
   -4    2    3    2    2    0.000118    0.000000
   -4    2    3    3    2   -0.000477    0.000000
   -4    2    3    1    3    0.000326    0.000000
   -4    2    3    2    3   -0.000477    0.000000
   -4    2    3    3    3    0.000066    0.000000
   -4    2    4    1    1   -0.000032    0.000000
   -4    2    4    2    1    0.000048    0.000000
   -4    2    4    3    1   -0.000013    0.000000
   -4    2    4    1    2    0.000048    0.000000
   -4    2    4    2    2    0.000009    0.000000
   -4    2    4    3    2   -0.000007    0.000000
   -4    2    4    1    3   -0.000013    0.000000
   -4    2    4    2    3   -0.000007    0.000000
   -4    2    4    3    3    0.000012    0.000000
   -4    2    5    1    1   -0.000010    0.000000
   -4    2    5    2    1    0.000002    0.000000
   -4    2    5    3    1   -0.000001    0.000000
   -4    2    5    1    2    0.000002    0.000000
   -4    2    5    2    2    0.000005    0.000000
   -4    2    5    3    2   -0.000001    0.000000
   -4    2    5    1    3   -0.000001    0.000000
   -4    2    5    2    3   -0.000001    0.000000
   -4    2    5    3    3    0.000002    0.000000
   -4    2    6    1    1   -0.000001    0.000000
   -4    2    6    2    1    0.000000    0.000000
   -4    2    6    3    1    0.000000    0.000000
   -4    2    6    1    2    0.000000    0.000000
   -4    2    6    2    2    0.000002    0.000000
   -4    2    6    3    2    0.000001    0.000000
   -4    2    6    1    3    0.000000    0.000000
   -4    2    6    2    3    0.000001    0.000000
   -4    2    6    3    3    0.000000    0.000000
   -4    2    7    1    1    0.000000    0.000000
   -4    2    7    2    1    0.000001    0.000000
   -4    2    7    3    1    0.000000    0.000000
   -4    2    7    1    2    0.000001    0.000000
   -4    2    7    2    2    0.000000    0.000000
   -4    2    7    3    2    0.000000    0.000000
   -4    2    7    1    3    0.000000    0.000000
   -4    2    7    2    3    0.000000    0.000000
   -4    2    7    3    3    0.000000    0.000000
   -4    3   -2    1    1    0.000001    0.000000
   -4    3   -2    2    1    0.000003    0.000000
   -4    3   -2    3    1    0.000001    0.000000
   -4    3   -2    1    2    0.000003    0.000000
   -4    3   -2    2    2    0.000003    0.000000
   -4    3   -2    3    2   -0.000001    0.000000
   -4    3   -2    1    3    0.000001    0.000000
   -4    3   -2    2    3   -0.000001    0.000000
   -4    3   -2    3    3    0.000001    0.000000
   -4    3   -1    1    1   -0.000006    0.000000
   -4    3   -1    2    1    0.000000    0.000000
   -4    3   -1    3    1    0.000006    0.000000
   -4    3   -1    1    2    0.000000    0.000000
   -4    3   -1    2    2    0.000033    0.000000
   -4    3   -1    3    2    0.000000    0.000000
   -4    3   -1    1    3    0.000006    0.000000
   -4    3   -1    2    3    0.000000    0.000000
   -4    3   -1    3    3    0.000019    0.000000
   -4    3    0    1    1   -0.000063    0.000000
   -4    3    0    2    1   -0.000087    0.000000
   -4    3    0    3    1   -0.000218    0.000000
   -4    3    0    1    2   -0.000087    0.000000
   -4    3    0    2    2    0.000519    0.000000
   -4    3    0    3    2    0.000032    0.000000
   -4    3    0    1    3   -0.000218    0.000000
   -4    3    0    2    3    0.000032    0.000000
   -4    3    0    3    3   -0.000229    0.000000
   -4    3    1    1    1    0.000068    0.000000
   -4    3    1    2    1   -0.000075    0.000000
   -4    3    1    3    1    0.000000    0.000000
   -4    3    1    1    2   -0.000075    0.000000
   -4    3    1    2    2    0.002705    0.000000
   -4    3    1    3    2    0.000000    0.000000
   -4    3    1    1    3    0.000000    0.000000
   -4    3    1    2    3    0.000000    0.000000
   -4    3    1    3    3   -0.004162    0.000000
   -4    3    2    1    1    0.000118    0.000000
   -4    3    2    2    1    0.000371    0.000000
   -4    3    2    3    1    0.000477    0.000000
   -4    3    2    1    2    0.000371    0.000000
   -4    3    2    2    2   -0.000513    0.000000
   -4    3    2    3    2   -0.000326    0.000000
   -4    3    2    1    3    0.000477    0.000000
   -4    3    2    2    3   -0.000326    0.000000
   -4    3    2    3    3    0.000066    0.000000
   -4    3    3    1    1   -0.000080    0.000000
   -4    3    3    2    1    0.000157    0.000000
   -4    3    3    3    1   -0.000025    0.000000
   -4    3    3    1    2    0.000157    0.000000
   -4    3    3    2    2   -0.000080    0.000000
   -4    3    3    3    2    0.000025    0.000000
   -4    3    3    1    3   -0.000025    0.000000
   -4    3    3    2    3    0.000025    0.000000
   -4    3    3    3    3   -0.000111    0.000000
   -4    3    4    1    1   -0.000016    0.000000
   -4    3    4    2    1    0.000022    0.000000
   -4    3    4    3    1   -0.000001    0.000000
   -4    3    4    1    2    0.000022    0.000000
   -4    3    4    2    2   -0.000004    0.000000
   -4    3    4    3    2   -0.000003    0.000000
   -4    3    4    1    3   -0.000001    0.000000
   -4    3    4    2    3   -0.000003    0.000000
   -4    3    4    3    3   -0.000004    0.000000
   -4    3    5    1    1   -0.000002    0.000000
   -4    3    5    2    1    0.000002    0.000000
   -4    3    5    3    1    0.000000    0.000000
   -4    3    5    1    2    0.000002    0.000000
   -4    3    5    2    2    0.000000    0.000000
   -4    3    5    3    2    0.000001    0.000000
   -4    3    5    1    3    0.000000    0.000000
   -4    3    5    2    3    0.000001    0.000000
   -4    3    5    3    3    0.000000    0.000000
   -4    3    6    1    1    0.000000    0.000000
   -4    3    6    2    1   -0.000001    0.000000
   -4    3    6    3    1    0.000000    0.000000
   -4    3    6    1    2   -0.000001    0.000000
   -4    3    6    2    2    0.000000    0.000000
   -4    3    6    3    2    0.000000    0.000000
   -4    3    6    1    3    0.000000    0.000000
   -4    3    6    2    3    0.000000    0.000000
   -4    3    6    3    3    0.000000    0.000000
   -4    4   -2    1    1   -0.000008    0.000000
   -4    4   -2    2    1    0.000000    0.000000
   -4    4   -2    3    1    0.000000    0.000000
   -4    4   -2    1    2    0.000000    0.000000
   -4    4   -2    2    2    0.000013    0.000000
   -4    4   -2    3    2   -0.000003    0.000000
   -4    4   -2    1    3    0.000000    0.000000
   -4    4   -2    2    3   -0.000003    0.000000
   -4    4   -2    3    3    0.000001    0.000000
   -4    4   -1    1    1   -0.000001    0.000000
   -4    4   -1    2    1    0.000023    0.000000
   -4    4   -1    3    1   -0.000064    0.000000
   -4    4   -1    1    2    0.000023    0.000000
   -4    4   -1    2    2    0.000106    0.000000
   -4    4   -1    3    2    0.000015    0.000000
   -4    4   -1    1    3   -0.000064    0.000000
   -4    4   -1    2    3    0.000015    0.000000
   -4    4   -1    3    3   -0.000161    0.000000
   -4    4    0    1    1    0.000017    0.000000
   -4    4    0    2    1    0.000000    0.000000
   -4    4    0    3    1    0.000000    0.000000
   -4    4    0    1    2    0.000000    0.000000
   -4    4    0    2    2   -0.000766    0.000000
   -4    4    0    3    2    0.000000    0.000000
   -4    4    0    1    3    0.000000    0.000000
   -4    4    0    2    3    0.000000    0.000000
   -4    4    0    3    3   -0.001473    0.000000
   -4    4    1    1    1   -0.000063    0.000000
   -4    4    1    2    1   -0.000087    0.000000
   -4    4    1    3    1    0.000218    0.000000
   -4    4    1    1    2   -0.000087    0.000000
   -4    4    1    2    2    0.000519    0.000000
   -4    4    1    3    2   -0.000032    0.000000
   -4    4    1    1    3    0.000218    0.000000
   -4    4    1    2    3   -0.000032    0.000000
   -4    4    1    3    3   -0.000229    0.000000
   -4    4    2    1    1    0.000009    0.000000
   -4    4    2    2    1    0.000048    0.000000
   -4    4    2    3    1    0.000007    0.000000
   -4    4    2    1    2    0.000048    0.000000
   -4    4    2    2    2   -0.000032    0.000000
   -4    4    2    3    2    0.000013    0.000000
   -4    4    2    1    3    0.000007    0.000000
   -4    4    2    2    3    0.000013    0.000000
   -4    4    2    3    3    0.000012    0.000000
   -4    4    3    1    1   -0.000004    0.000000
   -4    4    3    2    1    0.000022    0.000000
   -4    4    3    3    1    0.000003    0.000000
   -4    4    3    1    2    0.000022    0.000000
   -4    4    3    2    2   -0.000016    0.000000
   -4    4    3    3    2    0.000001    0.000000
   -4    4    3    1    3    0.000003    0.000000
   -4    4    3    2    3    0.000001    0.000000
   -4    4    3    3    3   -0.000004    0.000000
   -4    4    4    1    1   -0.000002    0.000000
   -4    4    4    2    1    0.000005    0.000000
   -4    4    4    3    1   -0.000001    0.000000
   -4    4    4    1    2    0.000005    0.000000
   -4    4    4    2    2   -0.000002    0.000000
   -4    4    4    3    2    0.000001    0.000000
   -4    4    4    1    3   -0.000001    0.000000
   -4    4    4    2    3    0.000001    0.000000
   -4    4    4    3    3   -0.000001    0.000000
   -4    4    5    1    1    0.000001    0.000000
   -4    4    5    2    1    0.000001    0.000000
   -4    4    5    3    1    0.000000    0.000000
   -4    4    5    1    2    0.000001    0.000000
   -4    4    5    2    2    0.000001    0.000000
   -4    4    5    3    2    0.000000    0.000000
   -4    4    5    1    3    0.000000    0.000000
   -4    4    5    2    3    0.000000    0.000000
   -4    4    5    3    3    0.000000    0.000000
   -4    5   -1    1    1    0.000006    0.000000
   -4    5   -1    2    1    0.000000    0.000000
   -4    5   -1    3    1    0.000000    0.000000
   -4    5   -1    1    2    0.000000    0.000000
   -4    5   -1    2    2   -0.000239    0.000000
   -4    5   -1    3    2    0.000000    0.000000
   -4    5   -1    1    3    0.000000    0.000000
   -4    5   -1    2    3    0.000000    0.000000
   -4    5   -1    3    3   -0.000778    0.000000
   -4    5    0    1    1   -0.000001    0.000000
   -4    5    0    2    1    0.000023    0.000000
   -4    5    0    3    1    0.000064    0.000000
   -4    5    0    1    2    0.000023    0.000000
   -4    5    0    2    2    0.000106    0.000000
   -4    5    0    3    2   -0.000015    0.000000
   -4    5    0    1    3    0.000064    0.000000
   -4    5    0    2    3   -0.000015    0.000000
   -4    5    0    3    3   -0.000161    0.000000
   -4    5    1    1    1   -0.000006    0.000000
   -4    5    1    2    1    0.000000    0.000000
   -4    5    1    3    1   -0.000006    0.000000
   -4    5    1    1    2    0.000000    0.000000
   -4    5    1    2    2    0.000033    0.000000
   -4    5    1    3    2    0.000000    0.000000
   -4    5    1    1    3   -0.000006    0.000000
   -4    5    1    2    3    0.000000    0.000000
   -4    5    1    3    3    0.000019    0.000000
   -4    5    2    1    1    0.000005    0.000000
   -4    5    2    2    1    0.000002    0.000000
   -4    5    2    3    1    0.000001    0.000000
   -4    5    2    1    2    0.000002    0.000000
   -4    5    2    2    2   -0.000010    0.000000
   -4    5    2    3    2    0.000001    0.000000
   -4    5    2    1    3    0.000001    0.000000
   -4    5    2    2    3    0.000001    0.000000
   -4    5    2    3    3    0.000002    0.000000
   -4    5    3    1    1    0.000000    0.000000
   -4    5    3    2    1    0.000002    0.000000
   -4    5    3    3    1   -0.000001    0.000000
   -4    5    3    1    2    0.000002    0.000000
   -4    5    3    2    2   -0.000002    0.000000
   -4    5    3    3    2    0.000000    0.000000
   -4    5    3    1    3   -0.000001    0.000000
   -4    5    3    2    3    0.000000    0.000000
   -4    5    3    3    3    0.000000    0.000000
   -4    5    4    1    1    0.000001    0.000000
   -4    5    4    2    1    0.000001    0.000000
   -4    5    4    3    1    0.000000    0.000000
   -4    5    4    1    2    0.000001    0.000000
   -4    5    4    2    2    0.000001    0.000000
   -4    5    4    3    2    0.000000    0.000000
   -4    5    4    1    3    0.000000    0.000000
   -4    5    4    2    3    0.000000    0.000000
   -4    5    4    3    3    0.000000    0.000000
   -4    6    0    1    1   -0.000008    0.000000
   -4    6    0    2    1    0.000000    0.000000
   -4    6    0    3    1    0.000000    0.000000
   -4    6    0    1    2    0.000000    0.000000
   -4    6    0    2    2    0.000013    0.000000
   -4    6    0    3    2    0.000003    0.000000
   -4    6    0    1    3    0.000000    0.000000
   -4    6    0    2    3    0.000003    0.000000
   -4    6    0    3    3    0.000001    0.000000
   -4    6    1    1    1    0.000001    0.000000
   -4    6    1    2    1    0.000003    0.000000
   -4    6    1    3    1   -0.000001    0.000000
   -4    6    1    1    2    0.000003    0.000000
   -4    6    1    2    2    0.000003    0.000000
   -4    6    1    3    2    0.000001    0.000000
   -4    6    1    1    3   -0.000001    0.000000
   -4    6    1    2    3    0.000001    0.000000
   -4    6    1    3    3    0.000001    0.000000
   -4    6    2    1    1    0.000002    0.000000
   -4    6    2    2    1    0.000000    0.000000
   -4    6    2    3    1   -0.000001    0.000000
   -4    6    2    1    2    0.000000    0.000000
   -4    6    2    2    2   -0.000001    0.000000
   -4    6    2    3    2    0.000000    0.000000
   -4    6    2    1    3   -0.000001    0.000000
   -4    6    2    2    3    0.000000    0.000000
   -4    6    2    3    3    0.000000    0.000000
   -4    6    3    1    1    0.000000    0.000000
   -4    6    3    2    1   -0.000001    0.000000
   -4    6    3    3    1    0.000000    0.000000
   -4    6    3    1    2   -0.000001    0.000000
   -4    6    3    2    2    0.000000    0.000000
   -4    6    3    3    2    0.000000    0.000000
   -4    6    3    1    3    0.000000    0.000000
   -4    6    3    2    3    0.000000    0.000000
   -4    6    3    3    3    0.000000    0.000000
   -4    7    2    1    1    0.000000    0.000000
   -4    7    2    2    1    0.000001    0.000000
   -4    7    2    3    1    0.000000    0.000000
   -4    7    2    1    2    0.000001    0.000000
   -4    7    2    2    2    0.000000    0.000000
   -4    7    2    3    2    0.000000    0.000000
   -4    7    2    1    3    0.000000    0.000000
   -4    7    2    2    3    0.000000    0.000000
   -4    7    2    3    3    0.000000    0.000000
   -3   -3    1    1    1    0.000000    0.000000
   -3   -3    1    2    1    0.000001    0.000000
   -3   -3    1    3    1    0.000000    0.000000
   -3   -3    1    1    2    0.000001    0.000000
   -3   -3    1    2    2    0.000000    0.000000
   -3   -3    1    3    2    0.000000    0.000000
   -3   -3    1    1    3    0.000000    0.000000
   -3   -3    1    2    3    0.000000    0.000000
   -3   -3    1    3    3    0.000000    0.000000
   -3   -3    2    1    1   -0.000002    0.000000
   -3   -3    2    2    1    0.000000    0.000000
   -3   -3    2    3    1   -0.000001    0.000000
   -3   -3    2    1    2    0.000000    0.000000
   -3   -3    2    2    2   -0.000001    0.000000
   -3   -3    2    3    2    0.000001    0.000000
   -3   -3    2    1    3   -0.000001    0.000000
   -3   -3    2    2    3    0.000001    0.000000
   -3   -3    2    3    3    0.000000    0.000000
   -3   -3    3    1    1    0.000000    0.000000
   -3   -3    3    2    1   -0.000001    0.000000
   -3   -3    3    3    1    0.000000    0.000000
   -3   -3    3    1    2   -0.000001    0.000000
   -3   -3    3    2    2    0.000000    0.000000
   -3   -3    3    3    2    0.000000    0.000000
   -3   -3    3    1    3    0.000000    0.000000
   -3   -3    3    2    3    0.000000    0.000000
   -3   -3    3    3    3    0.000000    0.000000
   -3   -3    4    1    1    0.000003    0.000000
   -3   -3    4    2    1    0.000000    0.000000
   -3   -3    4    3    1    0.000010    0.000000
   -3   -3    4    1    2    0.000000    0.000000
   -3   -3    4    2    2    0.000001    0.000000
   -3   -3    4    3    2    0.000000    0.000000
   -3   -3    4    1    3    0.000010    0.000000
   -3   -3    4    2    3    0.000000    0.000000
   -3   -3    4    3    3    0.000006    0.000000
   -3   -2    0    1    1   -0.000001    0.000000
   -3   -2    0    2    1   -0.000003    0.000000
   -3   -2    0    3    1    0.000000    0.000000
   -3   -2    0    1    2   -0.000003    0.000000
   -3   -2    0    2    2   -0.000001    0.000000
   -3   -2    0    3    2    0.000000    0.000000
   -3   -2    0    1    3    0.000000    0.000000
   -3   -2    0    2    3    0.000000    0.000000
   -3   -2    0    3    3    0.000000    0.000000
   -3   -2    1    1    1   -0.000002    0.000000
   -3   -2    1    2    1    0.000000    0.000000
   -3   -2    1    3    1    0.000000    0.000000
   -3   -2    1    1    2    0.000000    0.000000
   -3   -2    1    2    2    0.000001    0.000000
   -3   -2    1    3    2    0.000003    0.000000
   -3   -2    1    1    3    0.000000    0.000000
   -3   -2    1    2    3    0.000003    0.000000
   -3   -2    1    3    3    0.000001    0.000000
   -3   -2    2    1    1   -0.000010    0.000000
   -3   -2    2    2    1   -0.000002    0.000000
   -3   -2    2    3    1   -0.000001    0.000000
   -3   -2    2    1    2   -0.000002    0.000000
   -3   -2    2    2    2    0.000005    0.000000
   -3   -2    2    3    2    0.000001    0.000000
   -3   -2    2    1    3   -0.000001    0.000000
   -3   -2    2    2    3    0.000001    0.000000
   -3   -2    2    3    3    0.000002    0.000000
   -3   -2    3    1    1    0.000018    0.000000
   -3   -2    3    2    1    0.000004    0.000000
   -3   -2    3    3    1    0.000014    0.000000
   -3   -2    3    1    2    0.000004    0.000000
   -3   -2    3    2    2   -0.000003    0.000000
   -3   -2    3    3    2   -0.000013    0.000000
   -3   -2    3    1    3    0.000014    0.000000
   -3   -2    3    2    3   -0.000013    0.000000
   -3   -2    3    3    3    0.000017    0.000000
   -3   -2    4    1    1    0.000032    0.000000
   -3   -2    4    2    1    0.000061    0.000000
   -3   -2    4    3    1   -0.000013    0.000000
   -3   -2    4    1    2    0.000061    0.000000
   -3   -2    4    2    2   -0.000006    0.000000
   -3   -2    4    3    2    0.000074    0.000000
   -3   -2    4    1    3   -0.000013    0.000000
   -3   -2    4    2    3    0.000074    0.000000
   -3   -2    4    3    3   -0.000024    0.000000
   -3   -2    5    1    1   -0.000069    0.000000
   -3   -2    5    2    1    0.000000    0.000000
   -3   -2    5    3    1    0.000000    0.000000
   -3   -2    5    1    2    0.000000    0.000000
   -3   -2    5    2    2    0.000008    0.000000
   -3   -2    5    3    2    0.000000    0.000000
   -3   -2    5    1    3    0.000000    0.000000
   -3   -2    5    2    3    0.000000    0.000000
   -3   -2    5    3    3   -0.000953    0.000000
   -3   -1   -1    1    1   -0.000002    0.000000
   -3   -1   -1    2    1    0.000005    0.000000
   -3   -1   -1    3    1    0.000000    0.000000
   -3   -1   -1    1    2    0.000005    0.000000
   -3   -1   -1    2    2   -0.000002    0.000000
   -3   -1   -1    3    2    0.000000    0.000000
   -3   -1   -1    1    3    0.000000    0.000000
   -3   -1   -1    2    3    0.000000    0.000000
   -3   -1   -1    3    3    0.000000    0.000000
   -3   -1    0    1    1   -0.000005    0.000000
   -3   -1    0    2    1    0.000003    0.000000
   -3   -1    0    3    1   -0.000001    0.000000
   -3   -1    0    1    2    0.000003    0.000000
   -3   -1    0    2    2    0.000000    0.000000
   -3   -1    0    3    2    0.000003    0.000000
   -3   -1    0    1    3   -0.000001    0.000000
   -3   -1    0    2    3    0.000003    0.000000
   -3   -1    0    3    3    0.000000    0.000000
   -3   -1    1    1    1   -0.000029    0.000000
   -3   -1    1    2    1    0.000008    0.000000
   -3   -1    1    3    1   -0.000001    0.000000
   -3   -1    1    1    2    0.000008    0.000000
   -3   -1    1    2    2    0.000006    0.000000
   -3   -1    1    3    2    0.000007    0.000000
   -3   -1    1    1    3   -0.000001    0.000000
   -3   -1    1    2    3    0.000007    0.000000
   -3   -1    1    3    3    0.000007    0.000000
   -3   -1    2    1    1   -0.000121    0.000000
   -3   -1    2    2    1    0.000000    0.000000
   -3   -1    2    3    1    0.000000    0.000000
   -3   -1    2    1    2    0.000000    0.000000
   -3   -1    2    2    2    0.000057    0.000000
   -3   -1    2    3    2    0.000012    0.000000
   -3   -1    2    1    3    0.000000    0.000000
   -3   -1    2    2    3    0.000012    0.000000
   -3   -1    2    3    3    0.000073    0.000000
   -3   -1    3    1    1    0.000519    0.000000
   -3   -1    3    2    1    0.000087    0.000000
   -3   -1    3    3    1    0.000032    0.000000
   -3   -1    3    1    2    0.000087    0.000000
   -3   -1    3    2    2   -0.000063    0.000000
   -3   -1    3    3    2    0.000218    0.000000
   -3   -1    3    1    3    0.000032    0.000000
   -3   -1    3    2    3    0.000218    0.000000
   -3   -1    3    3    3   -0.000229    0.000000
   -3   -1    4    1    1   -0.000361    0.000000
   -3   -1    4    2    1   -0.000088    0.000000
   -3   -1    4    3    1    0.000000    0.000000
   -3   -1    4    1    2   -0.000088    0.000000
   -3   -1    4    2    2    0.000056    0.000000
   -3   -1    4    3    2    0.000000    0.000000
   -3   -1    4    1    3    0.000000    0.000000
   -3   -1    4    2    3    0.000000    0.000000
   -3   -1    4    3    3   -0.002107    0.000000
   -3   -1    5    1    1    0.000032    0.000000
   -3   -1    5    2    1    0.000061    0.000000
   -3   -1    5    3    1    0.000013    0.000000
   -3   -1    5    1    2    0.000061    0.000000
   -3   -1    5    2    2   -0.000006    0.000000
   -3   -1    5    3    2   -0.000074    0.000000
   -3   -1    5    1    3    0.000013    0.000000
   -3   -1    5    2    3   -0.000074    0.000000
   -3   -1    5    3    3   -0.000024    0.000000
   -3   -1    6    1    1    0.000003    0.000000
   -3   -1    6    2    1    0.000000    0.000000
   -3   -1    6    3    1   -0.000010    0.000000
   -3   -1    6    1    2    0.000000    0.000000
   -3   -1    6    2    2    0.000001    0.000000
   -3   -1    6    3    2    0.000000    0.000000
   -3   -1    6    1    3   -0.000010    0.000000
   -3   -1    6    2    3    0.000000    0.000000
   -3   -1    6    3    3    0.000006    0.000000
   -3    0   -2    1    1   -0.000001    0.000000
   -3    0   -2    2    1   -0.000003    0.000000
   -3    0   -2    3    1    0.000000    0.000000
   -3    0   -2    1    2   -0.000003    0.000000
   -3    0   -2    2    2   -0.000001    0.000000
   -3    0   -2    3    2    0.000000    0.000000
   -3    0   -2    1    3    0.000000    0.000000
   -3    0   -2    2    3    0.000000    0.000000
   -3    0   -2    3    3    0.000000    0.000000
   -3    0   -1    1    1    0.000000    0.000000
   -3    0   -1    2    1    0.000003    0.000000
   -3    0   -1    3    1   -0.000003    0.000000
   -3    0   -1    1    2    0.000003    0.000000
   -3    0   -1    2    2   -0.000005    0.000000
   -3    0   -1    3    2    0.000001    0.000000
   -3    0   -1    1    3   -0.000003    0.000000
   -3    0   -1    2    3    0.000001    0.000000
   -3    0   -1    3    3    0.000000    0.000000
   -3    0    0    1    1   -0.000017    0.000000
   -3    0    0    2    1    0.000032    0.000000
   -3    0    0    3    1   -0.000006    0.000000
   -3    0    0    1    2    0.000032    0.000000
   -3    0    0    2    2   -0.000017    0.000000
   -3    0    0    3    2    0.000006    0.000000
   -3    0    0    1    3   -0.000006    0.000000
   -3    0    0    2    3    0.000006    0.000000
   -3    0    0    3    3   -0.000013    0.000000
   -3    0    1    1    1   -0.000155    0.000000
   -3    0    1    2    1    0.000209    0.000000
   -3    0    1    3    1    0.000072    0.000000
   -3    0    1    1    2    0.000209    0.000000
   -3    0    1    2    2   -0.000023    0.000000
   -3    0    1    3    2    0.000031    0.000000
   -3    0    1    1    3    0.000072    0.000000
   -3    0    1    2    3    0.000031    0.000000
   -3    0    1    3    3   -0.000085    0.000000
   -3    0    2    1    1   -0.000204    0.000000
   -3    0    2    2    1    0.000053    0.000000
   -3    0    2    3    1    0.000005    0.000000
   -3    0    2    1    2    0.000053    0.000000
   -3    0    2    2    2   -0.000104    0.000000
   -3    0    2    3    2    0.000396    0.000000
   -3    0    2    1    3    0.000005    0.000000
   -3    0    2    2    3    0.000396    0.000000
   -3    0    2    3    3   -0.000258    0.000000
   -3    0    3    1    1    0.004007    0.000000
   -3    0    3    2    1    0.000000    0.000000
   -3    0    3    3    1    0.000000    0.000000
   -3    0    3    1    2    0.000000    0.000000
   -3    0    3    2    2    0.000223    0.000000
   -3    0    3    3    2    0.000000    0.000000
   -3    0    3    1    3    0.000000    0.000000
   -3    0    3    2    3    0.000000    0.000000
   -3    0    3    3    3   -0.004411    0.000000
   -3    0    4    1    1    0.000519    0.000000
   -3    0    4    2    1    0.000087    0.000000
   -3    0    4    3    1   -0.000032    0.000000
   -3    0    4    1    2    0.000087    0.000000
   -3    0    4    2    2   -0.000063    0.000000
   -3    0    4    3    2   -0.000218    0.000000
   -3    0    4    1    3   -0.000032    0.000000
   -3    0    4    2    3   -0.000218    0.000000
   -3    0    4    3    3   -0.000229    0.000000
   -3    0    5    1    1    0.000018    0.000000
   -3    0    5    2    1    0.000004    0.000000
   -3    0    5    3    1   -0.000014    0.000000
   -3    0    5    1    2    0.000004    0.000000
   -3    0    5    2    2   -0.000003    0.000000
   -3    0    5    3    2    0.000013    0.000000
   -3    0    5    1    3   -0.000014    0.000000
   -3    0    5    2    3    0.000013    0.000000
   -3    0    5    3    3    0.000017    0.000000
   -3    0    6    1    1    0.000000    0.000000
   -3    0    6    2    1   -0.000001    0.000000
   -3    0    6    3    1    0.000000    0.000000
   -3    0    6    1    2   -0.000001    0.000000
   -3    0    6    2    2    0.000000    0.000000
   -3    0    6    3    2    0.000000    0.000000
   -3    0    6    1    3    0.000000    0.000000
   -3    0    6    2    3    0.000000    0.000000
   -3    0    6    3    3    0.000000    0.000000
   -3    1   -3    1    1    0.000000    0.000000
   -3    1   -3    2    1    0.000001    0.000000
   -3    1   -3    3    1    0.000000    0.000000
   -3    1   -3    1    2    0.000001    0.000000
   -3    1   -3    2    2    0.000000    0.000000
   -3    1   -3    3    2    0.000000    0.000000
   -3    1   -3    1    3    0.000000    0.000000
   -3    1   -3    2    3    0.000000    0.000000
   -3    1   -3    3    3    0.000000    0.000000
   -3    1   -2    1    1    0.000001    0.000000
   -3    1   -2    2    1    0.000000    0.000000
   -3    1   -2    3    1   -0.000003    0.000000
   -3    1   -2    1    2    0.000000    0.000000
   -3    1   -2    2    2   -0.000002    0.000000
   -3    1   -2    3    2    0.000000    0.000000
   -3    1   -2    1    3   -0.000003    0.000000
   -3    1   -2    2    3    0.000000    0.000000
   -3    1   -2    3    3    0.000001    0.000000
   -3    1   -1    1    1    0.000006    0.000000
   -3    1   -1    2    1    0.000008    0.000000
   -3    1   -1    3    1   -0.000007    0.000000
   -3    1   -1    1    2    0.000008    0.000000
   -3    1   -1    2    2   -0.000029    0.000000
   -3    1   -1    3    2    0.000001    0.000000
   -3    1   -1    1    3   -0.000007    0.000000
   -3    1   -1    2    3    0.000001    0.000000
   -3    1   -1    3    3    0.000007    0.000000
   -3    1    0    1    1   -0.000023    0.000000
   -3    1    0    2    1    0.000209    0.000000
   -3    1    0    3    1   -0.000031    0.000000
   -3    1    0    1    2    0.000209    0.000000
   -3    1    0    2    2   -0.000155    0.000000
   -3    1    0    3    2   -0.000072    0.000000
   -3    1    0    1    3   -0.000031    0.000000
   -3    1    0    2    3   -0.000072    0.000000
   -3    1    0    3    3   -0.000085    0.000000
   -3    1    1    1    1   -0.000426    0.000000
   -3    1    1    2    1    0.003251    0.000000
   -3    1    1    3    1   -0.001013    0.000000
   -3    1    1    1    2    0.003251    0.000000
   -3    1    1    2    2   -0.000426    0.000000
   -3    1    1    3    2    0.001013    0.000000
   -3    1    1    1    3   -0.001013    0.000000
   -3    1    1    2    3    0.001013    0.000000
   -3    1    1    3    3    0.000121    0.000000
   -3    1    2    1    1    0.013520    0.000000
   -3    1    2    2    1   -0.001208    0.000000
   -3    1    2    3    1    0.000000    0.000000
   -3    1    2    1    2   -0.001208    0.000000
   -3    1    2    2    2   -0.000251    0.000000
   -3    1    2    3    2    0.000000    0.000000
   -3    1    2    1    3    0.000000    0.000000
   -3    1    2    2    3    0.000000    0.000000
   -3    1    2    3    3   -0.020289    0.000000
   -3    1    3    1    1   -0.000204    0.000000
   -3    1    3    2    1    0.000053    0.000000
   -3    1    3    3    1   -0.000005    0.000000
   -3    1    3    1    2    0.000053    0.000000
   -3    1    3    2    2   -0.000104    0.000000
   -3    1    3    3    2   -0.000396    0.000000
   -3    1    3    1    3   -0.000005    0.000000
   -3    1    3    2    3   -0.000396    0.000000
   -3    1    3    3    3   -0.000258    0.000000
   -3    1    4    1    1   -0.000121    0.000000
   -3    1    4    2    1    0.000000    0.000000
   -3    1    4    3    1    0.000000    0.000000
   -3    1    4    1    2    0.000000    0.000000
   -3    1    4    2    2    0.000057    0.000000
   -3    1    4    3    2   -0.000012    0.000000
   -3    1    4    1    3    0.000000    0.000000
   -3    1    4    2    3   -0.000012    0.000000
   -3    1    4    3    3    0.000073    0.000000
   -3    1    5    1    1   -0.000010    0.000000
   -3    1    5    2    1   -0.000002    0.000000
   -3    1    5    3    1    0.000001    0.000000
   -3    1    5    1    2   -0.000002    0.000000
   -3    1    5    2    2    0.000005    0.000000
   -3    1    5    3    2   -0.000001    0.000000
   -3    1    5    1    3    0.000001    0.000000
   -3    1    5    2    3   -0.000001    0.000000
   -3    1    5    3    3    0.000002    0.000000
   -3    1    6    1    1   -0.000002    0.000000
   -3    1    6    2    1    0.000000    0.000000
   -3    1    6    3    1    0.000001    0.000000
   -3    1    6    1    2    0.000000    0.000000
   -3    1    6    2    2   -0.000001    0.000000
   -3    1    6    3    2   -0.000001    0.000000
   -3    1    6    1    3    0.000001    0.000000
   -3    1    6    2    3   -0.000001    0.000000
   -3    1    6    3    3    0.000000    0.000000
   -3    2   -3    1    1   -0.000001    0.000000
   -3    2   -3    2    1    0.000000    0.000000
   -3    2   -3    3    1   -0.000001    0.000000
   -3    2   -3    1    2    0.000000    0.000000
   -3    2   -3    2    2   -0.000002    0.000000
   -3    2   -3    3    2    0.000001    0.000000
   -3    2   -3    1    3   -0.000001    0.000000
   -3    2   -3    2    3    0.000001    0.000000
   -3    2   -3    3    3    0.000000    0.000000
   -3    2   -2    1    1    0.000005    0.000000
   -3    2   -2    2    1   -0.000002    0.000000
   -3    2   -2    3    1   -0.000001    0.000000
   -3    2   -2    1    2   -0.000002    0.000000
   -3    2   -2    2    2   -0.000010    0.000000
   -3    2   -2    3    2    0.000001    0.000000
   -3    2   -2    1    3   -0.000001    0.000000
   -3    2   -2    2    3    0.000001    0.000000
   -3    2   -2    3    3    0.000002    0.000000
   -3    2   -1    1    1    0.000057    0.000000
   -3    2   -1    2    1    0.000000    0.000000
   -3    2   -1    3    1   -0.000012    0.000000
   -3    2   -1    1    2    0.000000    0.000000
   -3    2   -1    2    2   -0.000121    0.000000
   -3    2   -1    3    2    0.000000    0.000000
   -3    2   -1    1    3   -0.000012    0.000000
   -3    2   -1    2    3    0.000000    0.000000
   -3    2   -1    3    3    0.000073    0.000000
   -3    2    0    1    1   -0.000104    0.000000
   -3    2    0    2    1    0.000053    0.000000
   -3    2    0    3    1   -0.000396    0.000000
   -3    2    0    1    2    0.000053    0.000000
   -3    2    0    2    2   -0.000204    0.000000
   -3    2    0    3    2   -0.000005    0.000000
   -3    2    0    1    3   -0.000396    0.000000
   -3    2    0    2    3   -0.000005    0.000000
   -3    2    0    3    3   -0.000258    0.000000
   -3    2    1    1    1   -0.000251    0.000000
   -3    2    1    2    1   -0.001208    0.000000
   -3    2    1    3    1    0.000000    0.000000
   -3    2    1    1    2   -0.001208    0.000000
   -3    2    1    2    2    0.013520    0.000000
   -3    2    1    3    2    0.000000    0.000000
   -3    2    1    1    3    0.000000    0.000000
   -3    2    1    2    3    0.000000    0.000000
   -3    2    1    3    3   -0.020289    0.000000
   -3    2    2    1    1   -0.000426    0.000000
   -3    2    2    2    1    0.003251    0.000000
   -3    2    2    3    1    0.001013    0.000000
   -3    2    2    1    2    0.003251    0.000000
   -3    2    2    2    2   -0.000426    0.000000
   -3    2    2    3    2   -0.001013    0.000000
   -3    2    2    1    3    0.001013    0.000000
   -3    2    2    2    3   -0.001013    0.000000
   -3    2    2    3    3    0.000121    0.000000
   -3    2    3    1    1   -0.000155    0.000000
   -3    2    3    2    1    0.000209    0.000000
   -3    2    3    3    1   -0.000072    0.000000
   -3    2    3    1    2    0.000209    0.000000
   -3    2    3    2    2   -0.000023    0.000000
   -3    2    3    3    2   -0.000031    0.000000
   -3    2    3    1    3   -0.000072    0.000000
   -3    2    3    2    3   -0.000031    0.000000
   -3    2    3    3    3   -0.000085    0.000000
   -3    2    4    1    1   -0.000029    0.000000
   -3    2    4    2    1    0.000008    0.000000
   -3    2    4    3    1    0.000001    0.000000
   -3    2    4    1    2    0.000008    0.000000
   -3    2    4    2    2    0.000006    0.000000
   -3    2    4    3    2   -0.000007    0.000000
   -3    2    4    1    3    0.000001    0.000000
   -3    2    4    2    3   -0.000007    0.000000
   -3    2    4    3    3    0.000007    0.000000
   -3    2    5    1    1   -0.000002    0.000000
   -3    2    5    2    1    0.000000    0.000000
   -3    2    5    3    1    0.000000    0.000000
   -3    2    5    1    2    0.000000    0.000000
   -3    2    5    2    2    0.000001    0.000000
   -3    2    5    3    2   -0.000003    0.000000
   -3    2    5    1    3    0.000000    0.000000
   -3    2    5    2    3   -0.000003    0.000000
   -3    2    5    3    3    0.000001    0.000000
   -3    2    6    1    1    0.000000    0.000000
   -3    2    6    2    1    0.000001    0.000000
   -3    2    6    3    1    0.000000    0.000000
   -3    2    6    1    2    0.000001    0.000000
   -3    2    6    2    2    0.000000    0.000000
   -3    2    6    3    2    0.000000    0.000000
   -3    2    6    1    3    0.000000    0.000000
   -3    2    6    2    3    0.000000    0.000000
   -3    2    6    3    3    0.000000    0.000000
   -3    3   -3    1    1    0.000000    0.000000
   -3    3   -3    2    1   -0.000001    0.000000
   -3    3   -3    3    1    0.000000    0.000000
   -3    3   -3    1    2   -0.000001    0.000000
   -3    3   -3    2    2    0.000000    0.000000
   -3    3   -3    3    2    0.000000    0.000000
   -3    3   -3    1    3    0.000000    0.000000
   -3    3   -3    2    3    0.000000    0.000000
   -3    3   -3    3    3    0.000000    0.000000
   -3    3   -2    1    1   -0.000003    0.000000
   -3    3   -2    2    1    0.000004    0.000000
   -3    3   -2    3    1    0.000013    0.000000
   -3    3   -2    1    2    0.000004    0.000000
   -3    3   -2    2    2    0.000018    0.000000
   -3    3   -2    3    2   -0.000014    0.000000
   -3    3   -2    1    3    0.000013    0.000000
   -3    3   -2    2    3   -0.000014    0.000000
   -3    3   -2    3    3    0.000017    0.000000
   -3    3   -1    1    1   -0.000063    0.000000
   -3    3   -1    2    1    0.000087    0.000000
   -3    3   -1    3    1   -0.000218    0.000000
   -3    3   -1    1    2    0.000087    0.000000
   -3    3   -1    2    2    0.000519    0.000000
   -3    3   -1    3    2   -0.000032    0.000000
   -3    3   -1    1    3   -0.000218    0.000000
   -3    3   -1    2    3   -0.000032    0.000000
   -3    3   -1    3    3   -0.000229    0.000000
   -3    3    0    1    1    0.000223    0.000000
   -3    3    0    2    1    0.000000    0.000000
   -3    3    0    3    1    0.000000    0.000000
   -3    3    0    1    2    0.000000    0.000000
   -3    3    0    2    2    0.004007    0.000000
   -3    3    0    3    2    0.000000    0.000000
   -3    3    0    1    3    0.000000    0.000000
   -3    3    0    2    3    0.000000    0.000000
   -3    3    0    3    3   -0.004411    0.000000
   -3    3    1    1    1   -0.000104    0.000000
   -3    3    1    2    1    0.000053    0.000000
   -3    3    1    3    1    0.000396    0.000000
   -3    3    1    1    2    0.000053    0.000000
   -3    3    1    2    2   -0.000204    0.000000
   -3    3    1    3    2    0.000005    0.000000
   -3    3    1    1    3    0.000396    0.000000
   -3    3    1    2    3    0.000005    0.000000
   -3    3    1    3    3   -0.000258    0.000000
   -3    3    2    1    1   -0.000023    0.000000
   -3    3    2    2    1    0.000209    0.000000
   -3    3    2    3    1    0.000031    0.000000
   -3    3    2    1    2    0.000209    0.000000
   -3    3    2    2    2   -0.000155    0.000000
   -3    3    2    3    2    0.000072    0.000000
   -3    3    2    1    3    0.000031    0.000000
   -3    3    2    2    3    0.000072    0.000000
   -3    3    2    3    3   -0.000085    0.000000
   -3    3    3    1    1   -0.000017    0.000000
   -3    3    3    2    1    0.000032    0.000000
   -3    3    3    3    1    0.000006    0.000000
   -3    3    3    1    2    0.000032    0.000000
   -3    3    3    2    2   -0.000017    0.000000
   -3    3    3    3    2   -0.000006    0.000000
   -3    3    3    1    3    0.000006    0.000000
   -3    3    3    2    3   -0.000006    0.000000
   -3    3    3    3    3   -0.000013    0.000000
   -3    3    4    1    1   -0.000005    0.000000
   -3    3    4    2    1    0.000003    0.000000
   -3    3    4    3    1    0.000001    0.000000
   -3    3    4    1    2    0.000003    0.000000
   -3    3    4    2    2    0.000000    0.000000
   -3    3    4    3    2   -0.000003    0.000000
   -3    3    4    1    3    0.000001    0.000000
   -3    3    4    2    3   -0.000003    0.000000
   -3    3    4    3    3    0.000000    0.000000
   -3    3    5    1    1   -0.000001    0.000000
   -3    3    5    2    1   -0.000003    0.000000
   -3    3    5    3    1    0.000000    0.000000
   -3    3    5    1    2   -0.000003    0.000000
   -3    3    5    2    2   -0.000001    0.000000
   -3    3    5    3    2    0.000000    0.000000
   -3    3    5    1    3    0.000000    0.000000
   -3    3    5    2    3    0.000000    0.000000
   -3    3    5    3    3    0.000000    0.000000
   -3    4   -3    1    1    0.000001    0.000000
   -3    4   -3    2    1    0.000000    0.000000
   -3    4   -3    3    1    0.000000    0.000000
   -3    4   -3    1    2    0.000000    0.000000
   -3    4   -3    2    2    0.000003    0.000000
   -3    4   -3    3    2   -0.000010    0.000000
   -3    4   -3    1    3    0.000000    0.000000
   -3    4   -3    2    3   -0.000010    0.000000
   -3    4   -3    3    3    0.000006    0.000000
   -3    4   -2    1    1   -0.000006    0.000000
   -3    4   -2    2    1    0.000061    0.000000
   -3    4   -2    3    1   -0.000074    0.000000
   -3    4   -2    1    2    0.000061    0.000000
   -3    4   -2    2    2    0.000032    0.000000
   -3    4   -2    3    2    0.000013    0.000000
   -3    4   -2    1    3   -0.000074    0.000000
   -3    4   -2    2    3    0.000013    0.000000
   -3    4   -2    3    3   -0.000024    0.000000
   -3    4   -1    1    1    0.000056    0.000000
   -3    4   -1    2    1   -0.000088    0.000000
   -3    4   -1    3    1    0.000000    0.000000
   -3    4   -1    1    2   -0.000088    0.000000
   -3    4   -1    2    2   -0.000361    0.000000
   -3    4   -1    3    2    0.000000    0.000000
   -3    4   -1    1    3    0.000000    0.000000
   -3    4   -1    2    3    0.000000    0.000000
   -3    4   -1    3    3   -0.002107    0.000000
   -3    4    0    1    1   -0.000063    0.000000
   -3    4    0    2    1    0.000087    0.000000
   -3    4    0    3    1    0.000218    0.000000
   -3    4    0    1    2    0.000087    0.000000
   -3    4    0    2    2    0.000519    0.000000
   -3    4    0    3    2    0.000032    0.000000
   -3    4    0    1    3    0.000218    0.000000
   -3    4    0    2    3    0.000032    0.000000
   -3    4    0    3    3   -0.000229    0.000000
   -3    4    1    1    1    0.000057    0.000000
   -3    4    1    2    1    0.000000    0.000000
   -3    4    1    3    1    0.000012    0.000000
   -3    4    1    1    2    0.000000    0.000000
   -3    4    1    2    2   -0.000121    0.000000
   -3    4    1    3    2    0.000000    0.000000
   -3    4    1    1    3    0.000012    0.000000
   -3    4    1    2    3    0.000000    0.000000
   -3    4    1    3    3    0.000073    0.000000
   -3    4    2    1    1    0.000006    0.000000
   -3    4    2    2    1    0.000008    0.000000
   -3    4    2    3    1    0.000007    0.000000
   -3    4    2    1    2    0.000008    0.000000
   -3    4    2    2    2   -0.000029    0.000000
   -3    4    2    3    2   -0.000001    0.000000
   -3    4    2    1    3    0.000007    0.000000
   -3    4    2    2    3   -0.000001    0.000000
   -3    4    2    3    3    0.000007    0.000000
   -3    4    3    1    1    0.000000    0.000000
   -3    4    3    2    1    0.000003    0.000000
   -3    4    3    3    1    0.000003    0.000000
   -3    4    3    1    2    0.000003    0.000000
   -3    4    3    2    2   -0.000005    0.000000
   -3    4    3    3    2   -0.000001    0.000000
   -3    4    3    1    3    0.000003    0.000000
   -3    4    3    2    3   -0.000001    0.000000
   -3    4    3    3    3    0.000000    0.000000
   -3    4    4    1    1   -0.000002    0.000000
   -3    4    4    2    1    0.000005    0.000000
   -3    4    4    3    1    0.000000    0.000000
   -3    4    4    1    2    0.000005    0.000000
   -3    4    4    2    2   -0.000002    0.000000
   -3    4    4    3    2    0.000000    0.000000
   -3    4    4    1    3    0.000000    0.000000
   -3    4    4    2    3    0.000000    0.000000
   -3    4    4    3    3    0.000000    0.000000
   -3    5   -2    1    1    0.000008    0.000000
   -3    5   -2    2    1    0.000000    0.000000
   -3    5   -2    3    1    0.000000    0.000000
   -3    5   -2    1    2    0.000000    0.000000
   -3    5   -2    2    2   -0.000069    0.000000
   -3    5   -2    3    2    0.000000    0.000000
   -3    5   -2    1    3    0.000000    0.000000
   -3    5   -2    2    3    0.000000    0.000000
   -3    5   -2    3    3   -0.000953    0.000000
   -3    5   -1    1    1   -0.000006    0.000000
   -3    5   -1    2    1    0.000061    0.000000
   -3    5   -1    3    1    0.000074    0.000000
   -3    5   -1    1    2    0.000061    0.000000
   -3    5   -1    2    2    0.000032    0.000000
   -3    5   -1    3    2   -0.000013    0.000000
   -3    5   -1    1    3    0.000074    0.000000
   -3    5   -1    2    3   -0.000013    0.000000
   -3    5   -1    3    3   -0.000024    0.000000
   -3    5    0    1    1   -0.000003    0.000000
   -3    5    0    2    1    0.000004    0.000000
   -3    5    0    3    1   -0.000013    0.000000
   -3    5    0    1    2    0.000004    0.000000
   -3    5    0    2    2    0.000018    0.000000
   -3    5    0    3    2    0.000014    0.000000
   -3    5    0    1    3   -0.000013    0.000000
   -3    5    0    2    3    0.000014    0.000000
   -3    5    0    3    3    0.000017    0.000000
   -3    5    1    1    1    0.000005    0.000000
   -3    5    1    2    1   -0.000002    0.000000
   -3    5    1    3    1    0.000001    0.000000
   -3    5    1    1    2   -0.000002    0.000000
   -3    5    1    2    2   -0.000010    0.000000
   -3    5    1    3    2   -0.000001    0.000000
   -3    5    1    1    3    0.000001    0.000000
   -3    5    1    2    3   -0.000001    0.000000
   -3    5    1    3    3    0.000002    0.000000
   -3    5    2    1    1    0.000001    0.000000
   -3    5    2    2    1    0.000000    0.000000
   -3    5    2    3    1    0.000003    0.000000
   -3    5    2    1    2    0.000000    0.000000
   -3    5    2    2    2   -0.000002    0.000000
   -3    5    2    3    2    0.000000    0.000000
   -3    5    2    1    3    0.000003    0.000000
   -3    5    2    2    3    0.000000    0.000000
   -3    5    2    3    3    0.000001    0.000000
   -3    5    3    1    1   -0.000001    0.000000
   -3    5    3    2    1   -0.000003    0.000000
   -3    5    3    3    1    0.000000    0.000000
   -3    5    3    1    2   -0.000003    0.000000
   -3    5    3    2    2   -0.000001    0.000000
   -3    5    3    3    2    0.000000    0.000000
   -3    5    3    1    3    0.000000    0.000000
   -3    5    3    2    3    0.000000    0.000000
   -3    5    3    3    3    0.000000    0.000000
   -3    6   -1    1    1    0.000001    0.000000
   -3    6   -1    2    1    0.000000    0.000000
   -3    6   -1    3    1    0.000000    0.000000
   -3    6   -1    1    2    0.000000    0.000000
   -3    6   -1    2    2    0.000003    0.000000
   -3    6   -1    3    2    0.000010    0.000000
   -3    6   -1    1    3    0.000000    0.000000
   -3    6   -1    2    3    0.000010    0.000000
   -3    6   -1    3    3    0.000006    0.000000
   -3    6    0    1    1    0.000000    0.000000
   -3    6    0    2    1   -0.000001    0.000000
   -3    6    0    3    1    0.000000    0.000000
   -3    6    0    1    2   -0.000001    0.000000
   -3    6    0    2    2    0.000000    0.000000
   -3    6    0    3    2    0.000000    0.000000
   -3    6    0    1    3    0.000000    0.000000
   -3    6    0    2    3    0.000000    0.000000
   -3    6    0    3    3    0.000000    0.000000
   -3    6    1    1    1   -0.000001    0.000000
   -3    6    1    2    1    0.000000    0.000000
   -3    6    1    3    1    0.000001    0.000000
   -3    6    1    1    2    0.000000    0.000000
   -3    6    1    2    2   -0.000002    0.000000
   -3    6    1    3    2   -0.000001    0.000000
   -3    6    1    1    3    0.000001    0.000000
   -3    6    1    2    3   -0.000001    0.000000
   -3    6    1    3    3    0.000000    0.000000
   -3    6    2    1    1    0.000000    0.000000
   -3    6    2    2    1    0.000001    0.000000
   -3    6    2    3    1    0.000000    0.000000
   -3    6    2    1    2    0.000001    0.000000
   -3    6    2    2    2    0.000000    0.000000
   -3    6    2    3    2    0.000000    0.000000
   -3    6    2    1    3    0.000000    0.000000
   -3    6    2    2    3    0.000000    0.000000
   -3    6    2    3    3    0.000000    0.000000
   -2   -5    3    1    1    0.000000    0.000000
   -2   -5    3    2    1    0.000000    0.000000
   -2   -5    3    3    1    0.000001    0.000000
   -2   -5    3    1    2    0.000000    0.000000
   -2   -5    3    2    2    0.000000    0.000000
   -2   -5    3    3    2    0.000000    0.000000
   -2   -5    3    1    3    0.000001    0.000000
   -2   -5    3    2    3    0.000000    0.000000
   -2   -5    3    3    3    0.000000    0.000000
   -2   -4    1    1    1    0.000000    0.000000
   -2   -4    1    2    1   -0.000003    0.000000
   -2   -4    1    3    1    0.000000    0.000000
   -2   -4    1    1    2   -0.000003    0.000000
   -2   -4    1    2    2    0.000000    0.000000
   -2   -4    1    3    2    0.000000    0.000000
   -2   -4    1    1    3    0.000000    0.000000
   -2   -4    1    2    3    0.000000    0.000000
   -2   -4    1    3    3    0.000000    0.000000
   -2   -4    2    1    1   -0.000001    0.000000
   -2   -4    2    2    1   -0.000001    0.000000
   -2   -4    2    3    1    0.000002    0.000000
   -2   -4    2    1    2   -0.000001    0.000000
   -2   -4    2    2    2    0.000001    0.000000
   -2   -4    2    3    2    0.000000    0.000000
   -2   -4    2    1    3    0.000002    0.000000
   -2   -4    2    2    3    0.000000    0.000000
   -2   -4    2    3    3    0.000000    0.000000
   -2   -4    3    1    1   -0.000001    0.000000
   -2   -4    3    2    1    0.000003    0.000000
   -2   -4    3    3    1    0.000001    0.000000
   -2   -4    3    1    2    0.000003    0.000000
   -2   -4    3    2    2    0.000000    0.000000
   -2   -4    3    3    2    0.000000    0.000000
   -2   -4    3    1    3    0.000001    0.000000
   -2   -4    3    2    3    0.000000    0.000000
   -2   -4    3    3    3   -0.000001    0.000000
   -2   -4    4    1    1    0.000000    0.000000
   -2   -4    4    2    1    0.000000    0.000000
   -2   -4    4    3    1    0.000003    0.000000
   -2   -4    4    1    2    0.000000    0.000000
   -2   -4    4    2    2    0.000000    0.000000
   -2   -4    4    3    2    0.000000    0.000000
   -2   -4    4    1    3    0.000003    0.000000
   -2   -4    4    2    3    0.000000    0.000000
   -2   -4    4    3    3   -0.000002    0.000000
   -2   -3    0    1    1   -0.000001    0.000000
   -2   -3    0    2    1    0.000003    0.000000
   -2   -3    0    3    1    0.000000    0.000000
   -2   -3    0    1    2    0.000003    0.000000
   -2   -3    0    2    2   -0.000001    0.000000
   -2   -3    0    3    2    0.000000    0.000000
   -2   -3    0    1    3    0.000000    0.000000
   -2   -3    0    2    3    0.000000    0.000000
   -2   -3    0    3    3    0.000000    0.000000
   -2   -3    1    1    1   -0.000002    0.000000
   -2   -3    1    2    1   -0.000002    0.000000
   -2   -3    1    3    1    0.000000    0.000000
   -2   -3    1    1    2   -0.000002    0.000000
   -2   -3    1    2    2    0.000000    0.000000
   -2   -3    1    3    2   -0.000001    0.000000
   -2   -3    1    1    3    0.000000    0.000000
   -2   -3    1    2    3   -0.000001    0.000000
   -2   -3    1    3    3    0.000000    0.000000
   -2   -3    2    1    1   -0.000005    0.000000
   -2   -3    2    2    1   -0.000010    0.000000
   -2   -3    2    3    1    0.000000    0.000000
   -2   -3    2    1    2   -0.000010    0.000000
   -2   -3    2    2    2    0.000000    0.000000
   -2   -3    2    3    2    0.000000    0.000000
   -2   -3    2    1    3    0.000000    0.000000
   -2   -3    2    2    3    0.000000    0.000000
   -2   -3    2    3    3   -0.000001    0.000000
   -2   -3    3    1    1   -0.000010    0.000000
   -2   -3    3    2    1   -0.000002    0.000000
   -2   -3    3    3    1    0.000003    0.000000
   -2   -3    3    1    2   -0.000002    0.000000
   -2   -3    3    2    2   -0.000005    0.000000
   -2   -3    3    3    2   -0.000003    0.000000
   -2   -3    3    1    3    0.000003    0.000000
   -2   -3    3    2    3   -0.000003    0.000000
   -2   -3    3    3    3   -0.000008    0.000000
   -2   -3    4    1    1   -0.000007    0.000000
   -2   -3    4    2    1    0.000010    0.000000
   -2   -3    4    3    1    0.000000    0.000000
   -2   -3    4    1    2    0.000010    0.000000
   -2   -3    4    2    2    0.000001    0.000000
   -2   -3    4    3    2    0.000035    0.000000
   -2   -3    4    1    3    0.000000    0.000000
   -2   -3    4    2    3    0.000035    0.000000
   -2   -3    4    3    3   -0.000023    0.000000
   -2   -3    5    1    1    0.000013    0.000000
   -2   -3    5    2    1    0.000000    0.000000
   -2   -3    5    3    1    0.000000    0.000000
   -2   -3    5    1    2    0.000000    0.000000
   -2   -3    5    2    2    0.000006    0.000000
   -2   -3    5    3    2    0.000000    0.000000
   -2   -3    5    1    3    0.000000    0.000000
   -2   -3    5    2    3    0.000000    0.000000
   -2   -3    5    3    3   -0.000902    0.000000
   -2   -2   -1    1    1    0.000000    0.000000
   -2   -2   -1    2    1   -0.000001    0.000000
   -2   -2   -1    3    1    0.000000    0.000000
   -2   -2   -1    1    2   -0.000001    0.000000
   -2   -2   -1    2    2    0.000000    0.000000
   -2   -2   -1    3    2    0.000000    0.000000
   -2   -2   -1    1    3    0.000000    0.000000
   -2   -2   -1    2    3    0.000000    0.000000
   -2   -2   -1    3    3    0.000000    0.000000
   -2   -2    0    1    1   -0.000007    0.000000
   -2   -2    0    2    1    0.000000    0.000000
   -2   -2    0    3    1    0.000000    0.000000
   -2   -2    0    1    2    0.000000    0.000000
   -2   -2    0    2    2    0.000000    0.000000
   -2   -2    0    3    2    0.000001    0.000000
   -2   -2    0    1    3    0.000000    0.000000
   -2   -2    0    2    3    0.000001    0.000000
   -2   -2    0    3    3    0.000002    0.000000
   -2   -2    1    1    1   -0.000029    0.000000
   -2   -2    1    2    1   -0.000008    0.000000
   -2   -2    1    3    1    0.000001    0.000000
   -2   -2    1    1    2   -0.000008    0.000000
   -2   -2    1    2    2    0.000006    0.000000
   -2   -2    1    3    2    0.000007    0.000000
   -2   -2    1    1    3    0.000001    0.000000
   -2   -2    1    2    3    0.000007    0.000000
   -2   -2    1    3    3    0.000007    0.000000
   -2   -2    2    1    1   -0.000032    0.000000
   -2   -2    2    2    1   -0.000048    0.000000
   -2   -2    2    3    1   -0.000013    0.000000
   -2   -2    2    1    2   -0.000048    0.000000
   -2   -2    2    2    2    0.000009    0.000000
   -2   -2    2    3    2    0.000007    0.000000
   -2   -2    2    1    3   -0.000013    0.000000
   -2   -2    2    2    3    0.000007    0.000000
   -2   -2    2    3    3    0.000012    0.000000
   -2   -2    3    1    1   -0.000050    0.000000
   -2   -2    3    2    1    0.000092    0.000000
   -2   -2    3    3    1    0.000072    0.000000
   -2   -2    3    1    2    0.000092    0.000000
   -2   -2    3    2    2    0.000003    0.000000
   -2   -2    3    3    2    0.000205    0.000000
   -2   -2    3    1    3    0.000072    0.000000
   -2   -2    3    2    3    0.000205    0.000000
   -2   -2    3    3    3    0.000025    0.000000
   -2   -2    4    1    1    0.000087    0.000000
   -2   -2    4    2    1   -0.000043    0.000000
   -2   -2    4    3    1    0.000000    0.000000
   -2   -2    4    1    2   -0.000043    0.000000
   -2   -2    4    2    2   -0.000012    0.000000
   -2   -2    4    3    2    0.000000    0.000000
   -2   -2    4    1    3    0.000000    0.000000
   -2   -2    4    2    3    0.000000    0.000000
   -2   -2    4    3    3   -0.002462    0.000000
   -2   -2    5    1    1   -0.000007    0.000000
   -2   -2    5    2    1    0.000010    0.000000
   -2   -2    5    3    1    0.000000    0.000000
   -2   -2    5    1    2    0.000010    0.000000
   -2   -2    5    2    2    0.000001    0.000000
   -2   -2    5    3    2   -0.000035    0.000000
   -2   -2    5    1    3    0.000000    0.000000
   -2   -2    5    2    3   -0.000035    0.000000
   -2   -2    5    3    3   -0.000023    0.000000
   -2   -2    6    1    1    0.000000    0.000000
   -2   -2    6    2    1    0.000000    0.000000
   -2   -2    6    3    1   -0.000003    0.000000
   -2   -2    6    1    2    0.000000    0.000000
   -2   -2    6    2    2    0.000000    0.000000
   -2   -2    6    3    2    0.000000    0.000000
   -2   -2    6    1    3   -0.000003    0.000000
   -2   -2    6    2    3    0.000000    0.000000
   -2   -2    6    3    3   -0.000002    0.000000
   -2   -1   -2    1    1    0.000000    0.000000
   -2   -1   -2    2    1   -0.000001    0.000000
   -2   -1   -2    3    1    0.000000    0.000000
   -2   -1   -2    1    2   -0.000001    0.000000
   -2   -1   -2    2    2    0.000000    0.000000
   -2   -1   -2    3    2    0.000000    0.000000
   -2   -1   -2    1    3    0.000000    0.000000
   -2   -1   -2    2    3    0.000000    0.000000
   -2   -1   -2    3    3    0.000000    0.000000
   -2   -1   -1    1    1   -0.000003    0.000000
   -2   -1   -1    2    1    0.000003    0.000000
   -2   -1   -1    3    1   -0.000001    0.000000
   -2   -1   -1    1    2    0.000003    0.000000
   -2   -1   -1    2    2   -0.000003    0.000000
   -2   -1   -1    3    2    0.000001    0.000000
   -2   -1   -1    1    3   -0.000001    0.000000
   -2   -1   -1    2    3    0.000001    0.000000
   -2   -1   -1    3    3    0.000000    0.000000
   -2   -1    0    1    1   -0.000032    0.000000
   -2   -1    0    2    1    0.000007    0.000000
   -2   -1    0    3    1   -0.000012    0.000000
   -2   -1    0    1    2    0.000007    0.000000
   -2   -1    0    2    2   -0.000007    0.000000
   -2   -1    0    3    2    0.000022    0.000000
   -2   -1    0    1    3   -0.000012    0.000000
   -2   -1    0    2    3    0.000022    0.000000
   -2   -1    0    3    3    0.000016    0.000000
   -2   -1    1    1    1   -0.000473    0.000000
   -2   -1    1    2    1    0.000000    0.000000
   -2   -1    1    3    1    0.000000    0.000000
   -2   -1    1    1    2    0.000000    0.000000
   -2   -1    1    2    2    0.000114    0.000000
   -2   -1    1    3    2    0.000205    0.000000
   -2   -1    1    1    3    0.000000    0.000000
   -2   -1    1    2    3    0.000205    0.000000
   -2   -1    1    3    3    0.000341    0.000000
   -2   -1    2    1    1   -0.000204    0.000000
   -2   -1    2    2    1   -0.000053    0.000000
   -2   -1    2    3    1   -0.000005    0.000000
   -2   -1    2    1    2   -0.000053    0.000000
   -2   -1    2    2    2   -0.000104    0.000000
   -2   -1    2    3    2    0.000396    0.000000
   -2   -1    2    1    3   -0.000005    0.000000
   -2   -1    2    2    3    0.000396    0.000000
   -2   -1    2    3    3   -0.000258    0.000000
   -2   -1    3    1    1    0.002705    0.000000
   -2   -1    3    2    1    0.000075    0.000000
   -2   -1    3    3    1    0.000000    0.000000
   -2   -1    3    1    2    0.000075    0.000000
   -2   -1    3    2    2    0.000068    0.000000
   -2   -1    3    3    2    0.000000    0.000000
   -2   -1    3    1    3    0.000000    0.000000
   -2   -1    3    2    3    0.000000    0.000000
   -2   -1    3    3    3   -0.004162    0.000000
   -2   -1    4    1    1   -0.000050    0.000000
   -2   -1    4    2    1    0.000092    0.000000
   -2   -1    4    3    1   -0.000072    0.000000
   -2   -1    4    1    2    0.000092    0.000000
   -2   -1    4    2    2    0.000003    0.000000
   -2   -1    4    3    2   -0.000205    0.000000
   -2   -1    4    1    3   -0.000072    0.000000
   -2   -1    4    2    3   -0.000205    0.000000
   -2   -1    4    3    3    0.000025    0.000000
   -2   -1    5    1    1   -0.000010    0.000000
   -2   -1    5    2    1   -0.000002    0.000000
   -2   -1    5    3    1   -0.000003    0.000000
   -2   -1    5    1    2   -0.000002    0.000000
   -2   -1    5    2    2   -0.000005    0.000000
   -2   -1    5    3    2    0.000003    0.000000
   -2   -1    5    1    3   -0.000003    0.000000
   -2   -1    5    2    3    0.000003    0.000000
   -2   -1    5    3    3   -0.000008    0.000000
   -2   -1    6    1    1   -0.000001    0.000000
   -2   -1    6    2    1    0.000003    0.000000
   -2   -1    6    3    1   -0.000001    0.000000
   -2   -1    6    1    2    0.000003    0.000000
   -2   -1    6    2    2    0.000000    0.000000
   -2   -1    6    3    2    0.000000    0.000000
   -2   -1    6    1    3   -0.000001    0.000000
   -2   -1    6    2    3    0.000000    0.000000
   -2   -1    6    3    3   -0.000001    0.000000
   -2   -1    7    1    1    0.000000    0.000000
   -2   -1    7    2    1    0.000000    0.000000
   -2   -1    7    3    1   -0.000001    0.000000
   -2   -1    7    1    2    0.000000    0.000000
   -2   -1    7    2    2    0.000000    0.000000
   -2   -1    7    3    2    0.000000    0.000000
   -2   -1    7    1    3   -0.000001    0.000000
   -2   -1    7    2    3    0.000000    0.000000
   -2   -1    7    3    3    0.000000    0.000000
   -2    0   -3    1    1   -0.000001    0.000000
   -2    0   -3    2    1    0.000003    0.000000
   -2    0   -3    3    1    0.000000    0.000000
   -2    0   -3    1    2    0.000003    0.000000
   -2    0   -3    2    2   -0.000001    0.000000
   -2    0   -3    3    2    0.000000    0.000000
   -2    0   -3    1    3    0.000000    0.000000
   -2    0   -3    2    3    0.000000    0.000000
   -2    0   -3    3    3    0.000000    0.000000
   -2    0   -2    1    1    0.000000    0.000000
   -2    0   -2    2    1    0.000000    0.000000
   -2    0   -2    3    1   -0.000001    0.000000
   -2    0   -2    1    2    0.000000    0.000000
   -2    0   -2    2    2   -0.000007    0.000000
   -2    0   -2    3    2    0.000000    0.000000
   -2    0   -2    1    3   -0.000001    0.000000
   -2    0   -2    2    3    0.000000    0.000000
   -2    0   -2    3    3    0.000002    0.000000
   -2    0   -1    1    1   -0.000007    0.000000
   -2    0   -1    2    1    0.000007    0.000000
   -2    0   -1    3    1   -0.000022    0.000000
   -2    0   -1    1    2    0.000007    0.000000
   -2    0   -1    2    2   -0.000032    0.000000
   -2    0   -1    3    2    0.000012    0.000000
   -2    0   -1    1    3   -0.000022    0.000000
   -2    0   -1    2    3    0.000012    0.000000
   -2    0   -1    3    3    0.000016    0.000000
   -2    0    0    1    1   -0.000228    0.000000
   -2    0    0    2    1    0.000182    0.000000
   -2    0    0    3    1    0.000024    0.000000
   -2    0    0    1    2    0.000182    0.000000
   -2    0    0    2    2   -0.000228    0.000000
   -2    0    0    3    2   -0.000024    0.000000
   -2    0    0    1    3    0.000024    0.000000
   -2    0    0    2    3   -0.000024    0.000000
   -2    0    0    3    3   -0.000349    0.000000
   -2    0    1    1    1   -0.005973    0.000000
   -2    0    1    2    1    0.004195    0.000000
   -2    0    1    3    1   -0.000820    0.000000
   -2    0    1    1    2    0.004195    0.000000
   -2    0    1    2    2    0.000319    0.000000
   -2    0    1    3    2    0.001455    0.000000
   -2    0    1    1    3   -0.000820    0.000000
   -2    0    1    2    3    0.001455    0.000000
   -2    0    1    3    3   -0.000501    0.000000
   -2    0    2    1    1    0.046258    0.000000
   -2    0    2    2    1    0.000000    0.000000
   -2    0    2    3    1    0.000000    0.000000
   -2    0    2    1    2    0.000000    0.000000
   -2    0    2    2    2    0.000856    0.000000
   -2    0    2    3    2    0.000000    0.000000
   -2    0    2    1    3    0.000000    0.000000
   -2    0    2    2    3    0.000000    0.000000
   -2    0    2    3    3    0.004989    0.000000
   -2    0    3    1    1   -0.000204    0.000000
   -2    0    3    2    1   -0.000053    0.000000
   -2    0    3    3    1    0.000005    0.000000
   -2    0    3    1    2   -0.000053    0.000000
   -2    0    3    2    2   -0.000104    0.000000
   -2    0    3    3    2   -0.000396    0.000000
   -2    0    3    1    3    0.000005    0.000000
   -2    0    3    2    3   -0.000396    0.000000
   -2    0    3    3    3   -0.000258    0.000000
   -2    0    4    1    1   -0.000032    0.000000
   -2    0    4    2    1   -0.000048    0.000000
   -2    0    4    3    1    0.000013    0.000000
   -2    0    4    1    2   -0.000048    0.000000
   -2    0    4    2    2    0.000009    0.000000
   -2    0    4    3    2   -0.000007    0.000000
   -2    0    4    1    3    0.000013    0.000000
   -2    0    4    2    3   -0.000007    0.000000
   -2    0    4    3    3    0.000012    0.000000
   -2    0    5    1    1   -0.000005    0.000000
   -2    0    5    2    1   -0.000010    0.000000
   -2    0    5    3    1    0.000000    0.000000
   -2    0    5    1    2   -0.000010    0.000000
   -2    0    5    2    2    0.000000    0.000000
   -2    0    5    3    2    0.000000    0.000000
   -2    0    5    1    3    0.000000    0.000000
   -2    0    5    2    3    0.000000    0.000000
   -2    0    5    3    3   -0.000001    0.000000
   -2    0    6    1    1   -0.000001    0.000000
   -2    0    6    2    1   -0.000001    0.000000
   -2    0    6    3    1   -0.000002    0.000000
   -2    0    6    1    2   -0.000001    0.000000
   -2    0    6    2    2    0.000001    0.000000
   -2    0    6    3    2    0.000000    0.000000
   -2    0    6    1    3   -0.000002    0.000000
   -2    0    6    2    3    0.000000    0.000000
   -2    0    6    3    3    0.000000    0.000000
   -2    1   -4    1    1    0.000000    0.000000
   -2    1   -4    2    1   -0.000003    0.000000
   -2    1   -4    3    1    0.000000    0.000000
   -2    1   -4    1    2   -0.000003    0.000000
   -2    1   -4    2    2    0.000000    0.000000
   -2    1   -4    3    2    0.000000    0.000000
   -2    1   -4    1    3    0.000000    0.000000
   -2    1   -4    2    3    0.000000    0.000000
   -2    1   -4    3    3    0.000000    0.000000
   -2    1   -3    1    1    0.000000    0.000000
   -2    1   -3    2    1   -0.000002    0.000000
   -2    1   -3    3    1    0.000001    0.000000
   -2    1   -3    1    2   -0.000002    0.000000
   -2    1   -3    2    2   -0.000002    0.000000
   -2    1   -3    3    2    0.000000    0.000000
   -2    1   -3    1    3    0.000001    0.000000
   -2    1   -3    2    3    0.000000    0.000000
   -2    1   -3    3    3    0.000000    0.000000
   -2    1   -2    1    1    0.000006    0.000000
   -2    1   -2    2    1   -0.000008    0.000000
   -2    1   -2    3    1   -0.000007    0.000000
   -2    1   -2    1    2   -0.000008    0.000000
   -2    1   -2    2    2   -0.000029    0.000000
   -2    1   -2    3    2   -0.000001    0.000000
   -2    1   -2    1    3   -0.000007    0.000000
   -2    1   -2    2    3   -0.000001    0.000000
   -2    1   -2    3    3    0.000007    0.000000
   -2    1   -1    1    1    0.000114    0.000000
   -2    1   -1    2    1    0.000000    0.000000
   -2    1   -1    3    1   -0.000205    0.000000
   -2    1   -1    1    2    0.000000    0.000000
   -2    1   -1    2    2   -0.000473    0.000000
   -2    1   -1    3    2    0.000000    0.000000
   -2    1   -1    1    3   -0.000205    0.000000
   -2    1   -1    2    3    0.000000    0.000000
   -2    1   -1    3    3    0.000341    0.000000
   -2    1    0    1    1    0.000319    0.000000
   -2    1    0    2    1    0.004195    0.000000
   -2    1    0    3    1   -0.001455    0.000000
   -2    1    0    1    2    0.004195    0.000000
   -2    1    0    2    2   -0.005973    0.000000
   -2    1    0    3    2    0.000820    0.000000
   -2    1    0    1    3   -0.001455    0.000000
   -2    1    0    2    3    0.000820    0.000000
   -2    1    0    3    3   -0.000501    0.000000
   -2    1    1    1    1    0.015803    0.000000
   -2    1    1    2    1   -0.010628    0.000000
   -2    1    1    3    1    0.000000    0.000000
   -2    1    1    1    2   -0.010628    0.000000
   -2    1    1    2    2    0.015803    0.000000
   -2    1    1    3    2    0.000000    0.000000
   -2    1    1    1    3    0.000000    0.000000
   -2    1    1    2    3    0.000000    0.000000
   -2    1    1    3    3   -0.121293    0.000000
   -2    1    2    1    1   -0.005973    0.000000
   -2    1    2    2    1    0.004195    0.000000
   -2    1    2    3    1    0.000820    0.000000
   -2    1    2    1    2    0.004195    0.000000
   -2    1    2    2    2    0.000319    0.000000
   -2    1    2    3    2   -0.001455    0.000000
   -2    1    2    1    3    0.000820    0.000000
   -2    1    2    2    3   -0.001455    0.000000
   -2    1    2    3    3   -0.000501    0.000000
   -2    1    3    1    1   -0.000473    0.000000
   -2    1    3    2    1    0.000000    0.000000
   -2    1    3    3    1    0.000000    0.000000
   -2    1    3    1    2    0.000000    0.000000
   -2    1    3    2    2    0.000114    0.000000
   -2    1    3    3    2   -0.000205    0.000000
   -2    1    3    1    3    0.000000    0.000000
   -2    1    3    2    3   -0.000205    0.000000
   -2    1    3    3    3    0.000341    0.000000
   -2    1    4    1    1   -0.000029    0.000000
   -2    1    4    2    1   -0.000008    0.000000
   -2    1    4    3    1   -0.000001    0.000000
   -2    1    4    1    2   -0.000008    0.000000
   -2    1    4    2    2    0.000006    0.000000
   -2    1    4    3    2   -0.000007    0.000000
   -2    1    4    1    3   -0.000001    0.000000
   -2    1    4    2    3   -0.000007    0.000000
   -2    1    4    3    3    0.000007    0.000000
   -2    1    5    1    1   -0.000002    0.000000
   -2    1    5    2    1   -0.000002    0.000000
   -2    1    5    3    1    0.000000    0.000000
   -2    1    5    1    2   -0.000002    0.000000
   -2    1    5    2    2    0.000000    0.000000
   -2    1    5    3    2    0.000001    0.000000
   -2    1    5    1    3    0.000000    0.000000
   -2    1    5    2    3    0.000001    0.000000
   -2    1    5    3    3    0.000000    0.000000
   -2    1    6    1    1    0.000000    0.000000
   -2    1    6    2    1   -0.000003    0.000000
   -2    1    6    3    1    0.000000    0.000000
   -2    1    6    1    2   -0.000003    0.000000
   -2    1    6    2    2    0.000000    0.000000
   -2    1    6    3    2    0.000000    0.000000
   -2    1    6    1    3    0.000000    0.000000
   -2    1    6    2    3    0.000000    0.000000
   -2    1    6    3    3    0.000000    0.000000
   -2    2   -4    1    1    0.000001    0.000000
   -2    2   -4    2    1   -0.000001    0.000000
   -2    2   -4    3    1    0.000000    0.000000
   -2    2   -4    1    2   -0.000001    0.000000
   -2    2   -4    2    2   -0.000001    0.000000
   -2    2   -4    3    2   -0.000002    0.000000
   -2    2   -4    1    3    0.000000    0.000000
   -2    2   -4    2    3   -0.000002    0.000000
   -2    2   -4    3    3    0.000000    0.000000
   -2    2   -3    1    1    0.000000    0.000000
   -2    2   -3    2    1   -0.000010    0.000000
   -2    2   -3    3    1    0.000000    0.000000
   -2    2   -3    1    2   -0.000010    0.000000
   -2    2   -3    2    2   -0.000005    0.000000
   -2    2   -3    3    2    0.000000    0.000000
   -2    2   -3    1    3    0.000000    0.000000
   -2    2   -3    2    3    0.000000    0.000000
   -2    2   -3    3    3   -0.000001    0.000000
   -2    2   -2    1    1    0.000009    0.000000
   -2    2   -2    2    1   -0.000048    0.000000
   -2    2   -2    3    1   -0.000007    0.000000
   -2    2   -2    1    2   -0.000048    0.000000
   -2    2   -2    2    2   -0.000032    0.000000
   -2    2   -2    3    2    0.000013    0.000000
   -2    2   -2    1    3   -0.000007    0.000000
   -2    2   -2    2    3    0.000013    0.000000
   -2    2   -2    3    3    0.000012    0.000000
   -2    2   -1    1    1   -0.000104    0.000000
   -2    2   -1    2    1   -0.000053    0.000000
   -2    2   -1    3    1   -0.000396    0.000000
   -2    2   -1    1    2   -0.000053    0.000000
   -2    2   -1    2    2   -0.000204    0.000000
   -2    2   -1    3    2    0.000005    0.000000
   -2    2   -1    1    3   -0.000396    0.000000
   -2    2   -1    2    3    0.000005    0.000000
   -2    2   -1    3    3   -0.000258    0.000000
   -2    2    0    1    1    0.000856    0.000000
   -2    2    0    2    1    0.000000    0.000000
   -2    2    0    3    1    0.000000    0.000000
   -2    2    0    1    2    0.000000    0.000000
   -2    2    0    2    2    0.046258    0.000000
   -2    2    0    3    2    0.000000    0.000000
   -2    2    0    1    3    0.000000    0.000000
   -2    2    0    2    3    0.000000    0.000000
   -2    2    0    3    3    0.004989    0.000000
   -2    2    1    1    1    0.000319    0.000000
   -2    2    1    2    1    0.004195    0.000000
   -2    2    1    3    1    0.001455    0.000000
   -2    2    1    1    2    0.004195    0.000000
   -2    2    1    2    2   -0.005973    0.000000
   -2    2    1    3    2   -0.000820    0.000000
   -2    2    1    1    3    0.001455    0.000000
   -2    2    1    2    3   -0.000820    0.000000
   -2    2    1    3    3   -0.000501    0.000000
   -2    2    2    1    1   -0.000228    0.000000
   -2    2    2    2    1    0.000182    0.000000
   -2    2    2    3    1   -0.000024    0.000000
   -2    2    2    1    2    0.000182    0.000000
   -2    2    2    2    2   -0.000228    0.000000
   -2    2    2    3    2    0.000024    0.000000
   -2    2    2    1    3   -0.000024    0.000000
   -2    2    2    2    3    0.000024    0.000000
   -2    2    2    3    3   -0.000349    0.000000
   -2    2    3    1    1   -0.000032    0.000000
   -2    2    3    2    1    0.000007    0.000000
   -2    2    3    3    1    0.000012    0.000000
   -2    2    3    1    2    0.000007    0.000000
   -2    2    3    2    2   -0.000007    0.000000
   -2    2    3    3    2   -0.000022    0.000000
   -2    2    3    1    3    0.000012    0.000000
   -2    2    3    2    3   -0.000022    0.000000
   -2    2    3    3    3    0.000016    0.000000
   -2    2    4    1    1   -0.000007    0.000000
   -2    2    4    2    1    0.000000    0.000000
   -2    2    4    3    1    0.000000    0.000000
   -2    2    4    1    2    0.000000    0.000000
   -2    2    4    2    2    0.000000    0.000000
   -2    2    4    3    2   -0.000001    0.000000
   -2    2    4    1    3    0.000000    0.000000
   -2    2    4    2    3   -0.000001    0.000000
   -2    2    4    3    3    0.000002    0.000000
   -2    2    5    1    1   -0.000001    0.000000
   -2    2    5    2    1    0.000003    0.000000
   -2    2    5    3    1    0.000000    0.000000
   -2    2    5    1    2    0.000003    0.000000
   -2    2    5    2    2   -0.000001    0.000000
   -2    2    5    3    2    0.000000    0.000000
   -2    2    5    1    3    0.000000    0.000000
   -2    2    5    2    3    0.000000    0.000000
   -2    2    5    3    3    0.000000    0.000000
   -2    3   -5    1    1    0.000000    0.000000
   -2    3   -5    2    1    0.000000    0.000000
   -2    3   -5    3    1    0.000000    0.000000
   -2    3   -5    1    2    0.000000    0.000000
   -2    3   -5    2    2    0.000000    0.000000
   -2    3   -5    3    2   -0.000001    0.000000
   -2    3   -5    1    3    0.000000    0.000000
   -2    3   -5    2    3   -0.000001    0.000000
   -2    3   -5    3    3    0.000000    0.000000
   -2    3   -4    1    1    0.000000    0.000000
   -2    3   -4    2    1    0.000003    0.000000
   -2    3   -4    3    1    0.000000    0.000000
   -2    3   -4    1    2    0.000003    0.000000
   -2    3   -4    2    2   -0.000001    0.000000
   -2    3   -4    3    2   -0.000001    0.000000
   -2    3   -4    1    3    0.000000    0.000000
   -2    3   -4    2    3   -0.000001    0.000000
   -2    3   -4    3    3   -0.000001    0.000000
   -2    3   -3    1    1   -0.000005    0.000000
   -2    3   -3    2    1   -0.000002    0.000000
   -2    3   -3    3    1    0.000003    0.000000
   -2    3   -3    1    2   -0.000002    0.000000
   -2    3   -3    2    2   -0.000010    0.000000
   -2    3   -3    3    2   -0.000003    0.000000
   -2    3   -3    1    3    0.000003    0.000000
   -2    3   -3    2    3   -0.000003    0.000000
   -2    3   -3    3    3   -0.000008    0.000000
   -2    3   -2    1    1    0.000003    0.000000
   -2    3   -2    2    1    0.000092    0.000000
   -2    3   -2    3    1   -0.000205    0.000000
   -2    3   -2    1    2    0.000092    0.000000
   -2    3   -2    2    2   -0.000050    0.000000
   -2    3   -2    3    2   -0.000072    0.000000
   -2    3   -2    1    3   -0.000205    0.000000
   -2    3   -2    2    3   -0.000072    0.000000
   -2    3   -2    3    3    0.000025    0.000000
   -2    3   -1    1    1    0.000068    0.000000
   -2    3   -1    2    1    0.000075    0.000000
   -2    3   -1    3    1    0.000000    0.000000
   -2    3   -1    1    2    0.000075    0.000000
   -2    3   -1    2    2    0.002705    0.000000
   -2    3   -1    3    2    0.000000    0.000000
   -2    3   -1    1    3    0.000000    0.000000
   -2    3   -1    2    3    0.000000    0.000000
   -2    3   -1    3    3   -0.004162    0.000000
   -2    3    0    1    1   -0.000104    0.000000
   -2    3    0    2    1   -0.000053    0.000000
   -2    3    0    3    1    0.000396    0.000000
   -2    3    0    1    2   -0.000053    0.000000
   -2    3    0    2    2   -0.000204    0.000000
   -2    3    0    3    2   -0.000005    0.000000
   -2    3    0    1    3    0.000396    0.000000
   -2    3    0    2    3   -0.000005    0.000000
   -2    3    0    3    3   -0.000258    0.000000
   -2    3    1    1    1    0.000114    0.000000
   -2    3    1    2    1    0.000000    0.000000
   -2    3    1    3    1    0.000205    0.000000
   -2    3    1    1    2    0.000000    0.000000
   -2    3    1    2    2   -0.000473    0.000000
   -2    3    1    3    2    0.000000    0.000000
   -2    3    1    1    3    0.000205    0.000000
   -2    3    1    2    3    0.000000    0.000000
   -2    3    1    3    3    0.000341    0.000000
   -2    3    2    1    1   -0.000007    0.000000
   -2    3    2    2    1    0.000007    0.000000
   -2    3    2    3    1    0.000022    0.000000
   -2    3    2    1    2    0.000007    0.000000
   -2    3    2    2    2   -0.000032    0.000000
   -2    3    2    3    2   -0.000012    0.000000
   -2    3    2    1    3    0.000022    0.000000
   -2    3    2    2    3   -0.000012    0.000000
   -2    3    2    3    3    0.000016    0.000000
   -2    3    3    1    1   -0.000003    0.000000
   -2    3    3    2    1    0.000003    0.000000
   -2    3    3    3    1    0.000001    0.000000
   -2    3    3    1    2    0.000003    0.000000
   -2    3    3    2    2   -0.000003    0.000000
   -2    3    3    3    2   -0.000001    0.000000
   -2    3    3    1    3    0.000001    0.000000
   -2    3    3    2    3   -0.000001    0.000000
   -2    3    3    3    3    0.000000    0.000000
   -2    3    4    1    1    0.000000    0.000000
   -2    3    4    2    1   -0.000001    0.000000
   -2    3    4    3    1    0.000000    0.000000
   -2    3    4    1    2   -0.000001    0.000000
   -2    3    4    2    2    0.000000    0.000000
   -2    3    4    3    2    0.000000    0.000000
   -2    3    4    1    3    0.000000    0.000000
   -2    3    4    2    3    0.000000    0.000000
   -2    3    4    3    3    0.000000    0.000000
   -2    4   -4    1    1    0.000000    0.000000
   -2    4   -4    2    1    0.000000    0.000000
   -2    4   -4    3    1    0.000000    0.000000
   -2    4   -4    1    2    0.000000    0.000000
   -2    4   -4    2    2    0.000000    0.000000
   -2    4   -4    3    2   -0.000003    0.000000
   -2    4   -4    1    3    0.000000    0.000000
   -2    4   -4    2    3   -0.000003    0.000000
   -2    4   -4    3    3   -0.000002    0.000000
   -2    4   -3    1    1    0.000001    0.000000
   -2    4   -3    2    1    0.000010    0.000000
   -2    4   -3    3    1   -0.000035    0.000000
   -2    4   -3    1    2    0.000010    0.000000
   -2    4   -3    2    2   -0.000007    0.000000
   -2    4   -3    3    2    0.000000    0.000000
   -2    4   -3    1    3   -0.000035    0.000000
   -2    4   -3    2    3    0.000000    0.000000
   -2    4   -3    3    3   -0.000023    0.000000
   -2    4   -2    1    1   -0.000012    0.000000
   -2    4   -2    2    1   -0.000043    0.000000
   -2    4   -2    3    1    0.000000    0.000000
   -2    4   -2    1    2   -0.000043    0.000000
   -2    4   -2    2    2    0.000087    0.000000
   -2    4   -2    3    2    0.000000    0.000000
   -2    4   -2    1    3    0.000000    0.000000
   -2    4   -2    2    3    0.000000    0.000000
   -2    4   -2    3    3   -0.002462    0.000000
   -2    4   -1    1    1    0.000003    0.000000
   -2    4   -1    2    1    0.000092    0.000000
   -2    4   -1    3    1    0.000205    0.000000
   -2    4   -1    1    2    0.000092    0.000000
   -2    4   -1    2    2   -0.000050    0.000000
   -2    4   -1    3    2    0.000072    0.000000
   -2    4   -1    1    3    0.000205    0.000000
   -2    4   -1    2    3    0.000072    0.000000
   -2    4   -1    3    3    0.000025    0.000000
   -2    4    0    1    1    0.000009    0.000000
   -2    4    0    2    1   -0.000048    0.000000
   -2    4    0    3    1    0.000007    0.000000
   -2    4    0    1    2   -0.000048    0.000000
   -2    4    0    2    2   -0.000032    0.000000
   -2    4    0    3    2   -0.000013    0.000000
   -2    4    0    1    3    0.000007    0.000000
   -2    4    0    2    3   -0.000013    0.000000
   -2    4    0    3    3    0.000012    0.000000
   -2    4    1    1    1    0.000006    0.000000
   -2    4    1    2    1   -0.000008    0.000000
   -2    4    1    3    1    0.000007    0.000000
   -2    4    1    1    2   -0.000008    0.000000
   -2    4    1    2    2   -0.000029    0.000000
   -2    4    1    3    2    0.000001    0.000000
   -2    4    1    1    3    0.000007    0.000000
   -2    4    1    2    3    0.000001    0.000000
   -2    4    1    3    3    0.000007    0.000000
   -2    4    2    1    1    0.000000    0.000000
   -2    4    2    2    1    0.000000    0.000000
   -2    4    2    3    1    0.000001    0.000000
   -2    4    2    1    2    0.000000    0.000000
   -2    4    2    2    2   -0.000007    0.000000
   -2    4    2    3    2    0.000000    0.000000
   -2    4    2    1    3    0.000001    0.000000
   -2    4    2    2    3    0.000000    0.000000
   -2    4    2    3    3    0.000002    0.000000
   -2    4    3    1    1    0.000000    0.000000
   -2    4    3    2    1   -0.000001    0.000000
   -2    4    3    3    1    0.000000    0.000000
   -2    4    3    1    2   -0.000001    0.000000
   -2    4    3    2    2    0.000000    0.000000
   -2    4    3    3    2    0.000000    0.000000
   -2    4    3    1    3    0.000000    0.000000
   -2    4    3    2    3    0.000000    0.000000
   -2    4    3    3    3    0.000000    0.000000
   -2    5   -3    1    1    0.000006    0.000000
   -2    5   -3    2    1    0.000000    0.000000
   -2    5   -3    3    1    0.000000    0.000000
   -2    5   -3    1    2    0.000000    0.000000
   -2    5   -3    2    2    0.000013    0.000000
   -2    5   -3    3    2    0.000000    0.000000
   -2    5   -3    1    3    0.000000    0.000000
   -2    5   -3    2    3    0.000000    0.000000
   -2    5   -3    3    3   -0.000902    0.000000
   -2    5   -2    1    1    0.000001    0.000000
   -2    5   -2    2    1    0.000010    0.000000
   -2    5   -2    3    1    0.000035    0.000000
   -2    5   -2    1    2    0.000010    0.000000
   -2    5   -2    2    2   -0.000007    0.000000
   -2    5   -2    3    2    0.000000    0.000000
   -2    5   -2    1    3    0.000035    0.000000
   -2    5   -2    2    3    0.000000    0.000000
   -2    5   -2    3    3   -0.000023    0.000000
   -2    5   -1    1    1   -0.000005    0.000000
   -2    5   -1    2    1   -0.000002    0.000000
   -2    5   -1    3    1   -0.000003    0.000000
   -2    5   -1    1    2   -0.000002    0.000000
   -2    5   -1    2    2   -0.000010    0.000000
   -2    5   -1    3    2    0.000003    0.000000
   -2    5   -1    1    3   -0.000003    0.000000
   -2    5   -1    2    3    0.000003    0.000000
   -2    5   -1    3    3   -0.000008    0.000000
   -2    5    0    1    1    0.000000    0.000000
   -2    5    0    2    1   -0.000010    0.000000
   -2    5    0    3    1    0.000000    0.000000
   -2    5    0    1    2   -0.000010    0.000000
   -2    5    0    2    2   -0.000005    0.000000
   -2    5    0    3    2    0.000000    0.000000
   -2    5    0    1    3    0.000000    0.000000
   -2    5    0    2    3    0.000000    0.000000
   -2    5    0    3    3   -0.000001    0.000000
   -2    5    1    1    1    0.000000    0.000000
   -2    5    1    2    1   -0.000002    0.000000
   -2    5    1    3    1   -0.000001    0.000000
   -2    5    1    1    2   -0.000002    0.000000
   -2    5    1    2    2   -0.000002    0.000000
   -2    5    1    3    2    0.000000    0.000000
   -2    5    1    1    3   -0.000001    0.000000
   -2    5    1    2    3    0.000000    0.000000
   -2    5    1    3    3    0.000000    0.000000
   -2    5    2    1    1   -0.000001    0.000000
   -2    5    2    2    1    0.000003    0.000000
   -2    5    2    3    1    0.000000    0.000000
   -2    5    2    1    2    0.000003    0.000000
   -2    5    2    2    2   -0.000001    0.000000
   -2    5    2    3    2    0.000000    0.000000
   -2    5    2    1    3    0.000000    0.000000
   -2    5    2    2    3    0.000000    0.000000
   -2    5    2    3    3    0.000000    0.000000
   -2    6   -2    1    1    0.000000    0.000000
   -2    6   -2    2    1    0.000000    0.000000
   -2    6   -2    3    1    0.000000    0.000000
   -2    6   -2    1    2    0.000000    0.000000
   -2    6   -2    2    2    0.000000    0.000000
   -2    6   -2    3    2    0.000003    0.000000
   -2    6   -2    1    3    0.000000    0.000000
   -2    6   -2    2    3    0.000003    0.000000
   -2    6   -2    3    3   -0.000002    0.000000
   -2    6   -1    1    1    0.000000    0.000000
   -2    6   -1    2    1    0.000003    0.000000
   -2    6   -1    3    1    0.000000    0.000000
   -2    6   -1    1    2    0.000003    0.000000
   -2    6   -1    2    2   -0.000001    0.000000
   -2    6   -1    3    2    0.000001    0.000000
   -2    6   -1    1    3    0.000000    0.000000
   -2    6   -1    2    3    0.000001    0.000000
   -2    6   -1    3    3   -0.000001    0.000000
   -2    6    0    1    1    0.000001    0.000000
   -2    6    0    2    1   -0.000001    0.000000
   -2    6    0    3    1    0.000000    0.000000
   -2    6    0    1    2   -0.000001    0.000000
   -2    6    0    2    2   -0.000001    0.000000
   -2    6    0    3    2    0.000002    0.000000
   -2    6    0    1    3    0.000000    0.000000
   -2    6    0    2    3    0.000002    0.000000
   -2    6    0    3    3    0.000000    0.000000
   -2    6    1    1    1    0.000000    0.000000
   -2    6    1    2    1   -0.000003    0.000000
   -2    6    1    3    1    0.000000    0.000000
   -2    6    1    1    2   -0.000003    0.000000
   -2    6    1    2    2    0.000000    0.000000
   -2    6    1    3    2    0.000000    0.000000
   -2    6    1    1    3    0.000000    0.000000
   -2    6    1    2    3    0.000000    0.000000
   -2    6    1    3    3    0.000000    0.000000
   -2    7   -1    1    1    0.000000    0.000000
   -2    7   -1    2    1    0.000000    0.000000
   -2    7   -1    3    1    0.000000    0.000000
   -2    7   -1    1    2    0.000000    0.000000
   -2    7   -1    2    2    0.000000    0.000000
   -2    7   -1    3    2    0.000001    0.000000
   -2    7   -1    1    3    0.000000    0.000000
   -2    7   -1    2    3    0.000001    0.000000
   -2    7   -1    3    3    0.000000    0.000000
   -1   -5    2    1    1   -0.000001    0.000000
   -1   -5    2    2    1    0.000000    0.000000
   -1   -5    2    3    1   -0.000001    0.000000
   -1   -5    2    1    2    0.000000    0.000000
   -1   -5    2    2    2   -0.000001    0.000000
   -1   -5    2    3    2    0.000000    0.000000
   -1   -5    2    1    3   -0.000001    0.000000
   -1   -5    2    2    3    0.000000    0.000000
   -1   -5    2    3    3    0.000000    0.000000
   -1   -5    3    1    1   -0.000002    0.000000
   -1   -5    3    2    1    0.000002    0.000000
   -1   -5    3    3    1    0.000001    0.000000
   -1   -5    3    1    2    0.000002    0.000000
   -1   -5    3    2    2   -0.000001    0.000000
   -1   -5    3    3    2    0.000000    0.000000
   -1   -5    3    1    3    0.000001    0.000000
   -1   -5    3    2    3    0.000000    0.000000
   -1   -5    3    3    3    0.000000    0.000000
   -1   -5    4    1    1   -0.000001    0.000000
   -1   -5    4    2    1    0.000000    0.000000
   -1   -5    4    3    1    0.000004    0.000000
   -1   -5    4    1    2    0.000000    0.000000
   -1   -5    4    2    2    0.000000    0.000000
   -1   -5    4    3    2    0.000000    0.000000
   -1   -5    4    1    3    0.000004    0.000000
   -1   -5    4    2    3    0.000000    0.000000
   -1   -5    4    3    3   -0.000001    0.000000
   -1   -4    0    1    1    0.000001    0.000000
   -1   -4    0    2    1   -0.000001    0.000000
   -1   -4    0    3    1    0.000000    0.000000
   -1   -4    0    1    2   -0.000001    0.000000
   -1   -4    0    2    2    0.000001    0.000000
   -1   -4    0    3    2    0.000000    0.000000
   -1   -4    0    1    3    0.000000    0.000000
   -1   -4    0    2    3    0.000000    0.000000
   -1   -4    0    3    3    0.000000    0.000000
   -1   -4    1    1    1   -0.000002    0.000000
   -1   -4    1    2    1   -0.000001    0.000000
   -1   -4    1    3    1   -0.000001    0.000000
   -1   -4    1    1    2   -0.000001    0.000000
   -1   -4    1    2    2    0.000000    0.000000
   -1   -4    1    3    2    0.000001    0.000000
   -1   -4    1    1    3   -0.000001    0.000000
   -1   -4    1    2    3    0.000001    0.000000
   -1   -4    1    3    3   -0.000001    0.000000
   -1   -4    2    1    1   -0.000007    0.000000
   -1   -4    2    2    1   -0.000004    0.000000
   -1   -4    2    3    1    0.000000    0.000000
   -1   -4    2    1    2   -0.000004    0.000000
   -1   -4    2    2    2   -0.000005    0.000000
   -1   -4    2    3    2    0.000000    0.000000
   -1   -4    2    1    3    0.000000    0.000000
   -1   -4    2    2    3    0.000000    0.000000
   -1   -4    2    3    3   -0.000003    0.000000
   -1   -4    3    1    1   -0.000003    0.000000
   -1   -4    3    2    1   -0.000006    0.000000
   -1   -4    3    3    1    0.000011    0.000000
   -1   -4    3    1    2   -0.000006    0.000000
   -1   -4    3    2    2   -0.000005    0.000000
   -1   -4    3    3    2    0.000001    0.000000
   -1   -4    3    1    3    0.000011    0.000000
   -1   -4    3    2    3    0.000001    0.000000
   -1   -4    3    3    3   -0.000010    0.000000
   -1   -4    4    1    1   -0.000007    0.000000
   -1   -4    4    2    1   -0.000011    0.000000
   -1   -4    4    3    1    0.000010    0.000000
   -1   -4    4    1    2   -0.000011    0.000000
   -1   -4    4    2    2    0.000006    0.000000
   -1   -4    4    3    2    0.000024    0.000000
   -1   -4    4    1    3    0.000010    0.000000
   -1   -4    4    2    3    0.000024    0.000000
   -1   -4    4    3    3   -0.000028    0.000000
   -1   -4    5    1    1    0.000006    0.000000
   -1   -4    5    2    1    0.000000    0.000000
   -1   -4    5    3    1    0.000000    0.000000
   -1   -4    5    1    2    0.000000    0.000000
   -1   -4    5    2    2   -0.000006    0.000000
   -1   -4    5    3    2    0.000000    0.000000
   -1   -4    5    1    3    0.000000    0.000000
   -1   -4    5    2    3    0.000000    0.000000
   -1   -4    5    3    3   -0.000852    0.000000
   -1   -3   -1    1    1    0.000000    0.000000
   -1   -3   -1    2    1    0.000001    0.000000
   -1   -3   -1    3    1    0.000000    0.000000
   -1   -3   -1    1    2    0.000001    0.000000
   -1   -3   -1    2    2    0.000000    0.000000
   -1   -3   -1    3    2    0.000000    0.000000
   -1   -3   -1    1    3    0.000000    0.000000
   -1   -3   -1    2    3    0.000000    0.000000
   -1   -3   -1    3    3    0.000000    0.000000
   -1   -3    0    1    1   -0.000005    0.000000
   -1   -3    0    2    1   -0.000003    0.000000
   -1   -3    0    3    1    0.000001    0.000000
   -1   -3    0    1    2   -0.000003    0.000000
   -1   -3    0    2    2    0.000000    0.000000
   -1   -3    0    3    2    0.000003    0.000000
   -1   -3    0    1    3    0.000001    0.000000
   -1   -3    0    2    3    0.000003    0.000000
   -1   -3    0    3    3    0.000000    0.000000
   -1   -3    1    1    1   -0.000016    0.000000
   -1   -3    1    2    1   -0.000022    0.000000
   -1   -3    1    3    1   -0.000001    0.000000
   -1   -3    1    1    2   -0.000022    0.000000
   -1   -3    1    2    2   -0.000004    0.000000
   -1   -3    1    3    2    0.000003    0.000000
   -1   -3    1    1    3   -0.000001    0.000000
   -1   -3    1    2    3    0.000003    0.000000
   -1   -3    1    3    3   -0.000004    0.000000
   -1   -3    2    1    1   -0.000040    0.000000
   -1   -3    2    2    1   -0.000047    0.000000
   -1   -3    2    3    1   -0.000004    0.000000
   -1   -3    2    1    2   -0.000047    0.000000
   -1   -3    2    2    2   -0.000031    0.000000
   -1   -3    2    3    2    0.000001    0.000000
   -1   -3    2    1    3   -0.000004    0.000000
   -1   -3    2    2    3    0.000001    0.000000
   -1   -3    2    3    3   -0.000039    0.000000
   -1   -3    3    1    1   -0.000050    0.000000
   -1   -3    3    2    1    0.000022    0.000000
   -1   -3    3    3    1    0.000112    0.000000
   -1   -3    3    1    2    0.000022    0.000000
   -1   -3    3    2    2    0.000052    0.000000
   -1   -3    3    3    2    0.000146    0.000000
   -1   -3    3    1    3    0.000112    0.000000
   -1   -3    3    2    3    0.000146    0.000000
   -1   -3    3    3    3    0.000004    0.000000
   -1   -3    4    1    1    0.000049    0.000000
   -1   -3    4    2    1    0.000017    0.000000
   -1   -3    4    3    1    0.000000    0.000000
   -1   -3    4    1    2    0.000017    0.000000
   -1   -3    4    2    2   -0.000017    0.000000
   -1   -3    4    3    2    0.000000    0.000000
   -1   -3    4    1    3    0.000000    0.000000
   -1   -3    4    2    3    0.000000    0.000000
   -1   -3    4    3    3   -0.002225    0.000000
   -1   -3    5    1    1   -0.000007    0.000000
   -1   -3    5    2    1   -0.000011    0.000000
   -1   -3    5    3    1   -0.000010    0.000000
   -1   -3    5    1    2   -0.000011    0.000000
   -1   -3    5    2    2    0.000006    0.000000
   -1   -3    5    3    2   -0.000024    0.000000
   -1   -3    5    1    3   -0.000010    0.000000
   -1   -3    5    2    3   -0.000024    0.000000
   -1   -3    5    3    3   -0.000028    0.000000
   -1   -3    6    1    1   -0.000001    0.000000
   -1   -3    6    2    1    0.000000    0.000000
   -1   -3    6    3    1   -0.000004    0.000000
   -1   -3    6    1    2    0.000000    0.000000
   -1   -3    6    2    2    0.000000    0.000000
   -1   -3    6    3    2    0.000000    0.000000
   -1   -3    6    1    3   -0.000004    0.000000
   -1   -3    6    2    3    0.000000    0.000000
   -1   -3    6    3    3   -0.000001    0.000000
   -1   -2   -2    1    1   -0.000001    0.000000
   -1   -2   -2    2    1   -0.000001    0.000000
   -1   -2   -2    3    1    0.000000    0.000000
   -1   -2   -2    1    2   -0.000001    0.000000
   -1   -2   -2    2    2   -0.000001    0.000000
   -1   -2   -2    3    2    0.000000    0.000000
   -1   -2   -2    1    3    0.000000    0.000000
   -1   -2   -2    2    3    0.000000    0.000000
   -1   -2   -2    3    3    0.000000    0.000000
   -1   -2   -1    1    1   -0.000003    0.000000
   -1   -2   -1    2    1    0.000000    0.000000
   -1   -2   -1    3    1    0.000000    0.000000
   -1   -2   -1    1    2    0.000000    0.000000
   -1   -2   -1    2    2   -0.000002    0.000000
   -1   -2   -1    3    2    0.000004    0.000000
   -1   -2   -1    1    3    0.000000    0.000000
   -1   -2   -1    2    3    0.000004    0.000000
   -1   -2   -1    3    3    0.000000    0.000000
   -1   -2    0    1    1   -0.000032    0.000000
   -1   -2    0    2    1   -0.000007    0.000000
   -1   -2    0    3    1    0.000012    0.000000
   -1   -2    0    1    2   -0.000007    0.000000
   -1   -2    0    2    2   -0.000007    0.000000
   -1   -2    0    3    2    0.000022    0.000000
   -1   -2    0    1    3    0.000012    0.000000
   -1   -2    0    2    3    0.000022    0.000000
   -1   -2    0    3    3    0.000016    0.000000
   -1   -2    1    1    1   -0.000155    0.000000
   -1   -2    1    2    1   -0.000209    0.000000
   -1   -2    1    3    1   -0.000072    0.000000
   -1   -2    1    1    2   -0.000209    0.000000
   -1   -2    1    2    2   -0.000023    0.000000
   -1   -2    1    3    2    0.000031    0.000000
   -1   -2    1    1    3   -0.000072    0.000000
   -1   -2    1    2    3    0.000031    0.000000
   -1   -2    1    3    3   -0.000085    0.000000
   -1   -2    2    1    1   -0.000513    0.000000
   -1   -2    2    2    1   -0.000371    0.000000
   -1   -2    2    3    1    0.000326    0.000000
   -1   -2    2    1    2   -0.000371    0.000000
   -1   -2    2    2    2    0.000118    0.000000
   -1   -2    2    3    2    0.000477    0.000000
   -1   -2    2    1    3    0.000326    0.000000
   -1   -2    2    2    3    0.000477    0.000000
   -1   -2    2    3    3    0.000066    0.000000
   -1   -2    3    1    1    0.000661    0.000000
   -1   -2    3    2    1    0.000372    0.000000
   -1   -2    3    3    1    0.000000    0.000000
   -1   -2    3    1    2    0.000372    0.000000
   -1   -2    3    2    2   -0.000101    0.000000
   -1   -2    3    3    2    0.000000    0.000000
   -1   -2    3    1    3    0.000000    0.000000
   -1   -2    3    2    3    0.000000    0.000000
   -1   -2    3    3    3   -0.005154    0.000000
   -1   -2    4    1    1   -0.000050    0.000000
   -1   -2    4    2    1    0.000022    0.000000
   -1   -2    4    3    1   -0.000112    0.000000
   -1   -2    4    1    2    0.000022    0.000000
   -1   -2    4    2    2    0.000052    0.000000
   -1   -2    4    3    2   -0.000146    0.000000
   -1   -2    4    1    3   -0.000112    0.000000
   -1   -2    4    2    3   -0.000146    0.000000
   -1   -2    4    3    3    0.000004    0.000000
   -1   -2    5    1    1   -0.000003    0.000000
   -1   -2    5    2    1   -0.000006    0.000000
   -1   -2    5    3    1   -0.000011    0.000000
   -1   -2    5    1    2   -0.000006    0.000000
   -1   -2    5    2    2   -0.000005    0.000000
   -1   -2    5    3    2   -0.000001    0.000000
   -1   -2    5    1    3   -0.000011    0.000000
   -1   -2    5    2    3   -0.000001    0.000000
   -1   -2    5    3    3   -0.000010    0.000000
   -1   -2    6    1    1   -0.000002    0.000000
   -1   -2    6    2    1    0.000002    0.000000
   -1   -2    6    3    1   -0.000001    0.000000
   -1   -2    6    1    2    0.000002    0.000000
   -1   -2    6    2    2   -0.000001    0.000000
   -1   -2    6    3    2    0.000000    0.000000
   -1   -2    6    1    3   -0.000001    0.000000
   -1   -2    6    2    3    0.000000    0.000000
   -1   -2    6    3    3    0.000000    0.000000
   -1   -1   -3    1    1    0.000000    0.000000
   -1   -1   -3    2    1    0.000001    0.000000
   -1   -1   -3    3    1    0.000000    0.000000
   -1   -1   -3    1    2    0.000001    0.000000
   -1   -1   -3    2    2    0.000000    0.000000
   -1   -1   -3    3    2    0.000000    0.000000
   -1   -1   -3    1    3    0.000000    0.000000
   -1   -1   -3    2    3    0.000000    0.000000
   -1   -1   -3    3    3    0.000000    0.000000
   -1   -1   -2    1    1   -0.000002    0.000000
   -1   -1   -2    2    1    0.000000    0.000000
   -1   -1   -2    3    1   -0.000004    0.000000
   -1   -1   -2    1    2    0.000000    0.000000
   -1   -1   -2    2    2   -0.000003    0.000000
   -1   -1   -2    3    2    0.000000    0.000000
   -1   -1   -2    1    3   -0.000004    0.000000
   -1   -1   -2    2    3    0.000000    0.000000
   -1   -1   -2    3    3    0.000000    0.000000
   -1   -1   -1    1    1   -0.000041    0.000000
   -1   -1   -1    2    1    0.000012    0.000000
   -1   -1   -1    3    1   -0.000008    0.000000
   -1   -1   -1    1    2    0.000012    0.000000
   -1   -1   -1    2    2   -0.000041    0.000000
   -1   -1   -1    3    2    0.000008    0.000000
   -1   -1   -1    1    3   -0.000008    0.000000
   -1   -1   -1    2    3    0.000008    0.000000
   -1   -1   -1    3    3   -0.000013    0.000000
   -1   -1    0    1    1   -0.001003    0.000000
   -1   -1    0    2    1    0.000000    0.000000
   -1   -1    0    3    1    0.000000    0.000000
   -1   -1    0    1    2    0.000000    0.000000
   -1   -1    0    2    2   -0.000259    0.000000
   -1   -1    0    3    2    0.000779    0.000000
   -1   -1    0    1    3    0.000000    0.000000
   -1   -1    0    2    3    0.000779    0.000000
   -1   -1    0    3    3    0.000814    0.000000
   -1   -1    1    1    1   -0.005973    0.000000
   -1   -1    1    2    1   -0.004195    0.000000
   -1   -1    1    3    1    0.000820    0.000000
   -1   -1    1    1    2   -0.004195    0.000000
   -1   -1    1    2    2    0.000319    0.000000
   -1   -1    1    3    2    0.001455    0.000000
   -1   -1    1    1    3    0.000820    0.000000
   -1   -1    1    2    3    0.001455    0.000000
   -1   -1    1    3    3   -0.000501    0.000000
   -1   -1    2    1    1    0.013520    0.000000
   -1   -1    2    2    1    0.001208    0.000000
   -1   -1    2    3    1    0.000000    0.000000
   -1   -1    2    1    2    0.001208    0.000000
   -1   -1    2    2    2   -0.000251    0.000000
   -1   -1    2    3    2    0.000000    0.000000
   -1   -1    2    1    3    0.000000    0.000000
   -1   -1    2    2    3    0.000000    0.000000
   -1   -1    2    3    3   -0.020289    0.000000
   -1   -1    3    1    1   -0.000513    0.000000
   -1   -1    3    2    1   -0.000371    0.000000
   -1   -1    3    3    1   -0.000326    0.000000
   -1   -1    3    1    2   -0.000371    0.000000
   -1   -1    3    2    2    0.000118    0.000000
   -1   -1    3    3    2   -0.000477    0.000000
   -1   -1    3    1    3   -0.000326    0.000000
   -1   -1    3    2    3   -0.000477    0.000000
   -1   -1    3    3    3    0.000066    0.000000
   -1   -1    4    1    1   -0.000040    0.000000
   -1   -1    4    2    1   -0.000047    0.000000
   -1   -1    4    3    1    0.000004    0.000000
   -1   -1    4    1    2   -0.000047    0.000000
   -1   -1    4    2    2   -0.000031    0.000000
   -1   -1    4    3    2   -0.000001    0.000000
   -1   -1    4    1    3    0.000004    0.000000
   -1   -1    4    2    3   -0.000001    0.000000
   -1   -1    4    3    3   -0.000039    0.000000
   -1   -1    5    1    1   -0.000007    0.000000
   -1   -1    5    2    1   -0.000004    0.000000
   -1   -1    5    3    1    0.000000    0.000000
   -1   -1    5    1    2   -0.000004    0.000000
   -1   -1    5    2    2   -0.000005    0.000000
   -1   -1    5    3    2    0.000000    0.000000
   -1   -1    5    1    3    0.000000    0.000000
   -1   -1    5    2    3    0.000000    0.000000
   -1   -1    5    3    3   -0.000003    0.000000
   -1   -1    6    1    1   -0.000001    0.000000
   -1   -1    6    2    1    0.000000    0.000000
   -1   -1    6    3    1    0.000001    0.000000
   -1   -1    6    1    2    0.000000    0.000000
   -1   -1    6    2    2   -0.000001    0.000000
   -1   -1    6    3    2    0.000000    0.000000
   -1   -1    6    1    3    0.000001    0.000000
   -1   -1    6    2    3    0.000000    0.000000
   -1   -1    6    3    3    0.000000    0.000000
   -1    0   -4    1    1    0.000001    0.000000
   -1    0   -4    2    1   -0.000001    0.000000
   -1    0   -4    3    1    0.000000    0.000000
   -1    0   -4    1    2   -0.000001    0.000000
   -1    0   -4    2    2    0.000001    0.000000
   -1    0   -4    3    2    0.000000    0.000000
   -1    0   -4    1    3    0.000000    0.000000
   -1    0   -4    2    3    0.000000    0.000000
   -1    0   -4    3    3    0.000000    0.000000
   -1    0   -3    1    1    0.000000    0.000000
   -1    0   -3    2    1   -0.000003    0.000000
   -1    0   -3    3    1   -0.000003    0.000000
   -1    0   -3    1    2   -0.000003    0.000000
   -1    0   -3    2    2   -0.000005    0.000000
   -1    0   -3    3    2   -0.000001    0.000000
   -1    0   -3    1    3   -0.000003    0.000000
   -1    0   -3    2    3   -0.000001    0.000000
   -1    0   -3    3    3    0.000000    0.000000
   -1    0   -2    1    1   -0.000007    0.000000
   -1    0   -2    2    1   -0.000007    0.000000
   -1    0   -2    3    1   -0.000022    0.000000
   -1    0   -2    1    2   -0.000007    0.000000
   -1    0   -2    2    2   -0.000032    0.000000
   -1    0   -2    3    2   -0.000012    0.000000
   -1    0   -2    1    3   -0.000022    0.000000
   -1    0   -2    2    3   -0.000012    0.000000
   -1    0   -2    3    3    0.000016    0.000000
   -1    0   -1    1    1   -0.000259    0.000000
   -1    0   -1    2    1    0.000000    0.000000
   -1    0   -1    3    1   -0.000779    0.000000
   -1    0   -1    1    2    0.000000    0.000000
   -1    0   -1    2    2   -0.001003    0.000000
   -1    0   -1    3    2    0.000000    0.000000
   -1    0   -1    1    3   -0.000779    0.000000
   -1    0   -1    2    3    0.000000    0.000000
   -1    0   -1    3    3    0.000814    0.000000
   -1    0    0    1    1   -0.018053    0.000000
   -1    0    0    2    1    0.009518    0.000000
   -1    0    0    3    1   -0.006946    0.000000
   -1    0    0    1    2    0.009518    0.000000
   -1    0    0    2    2   -0.018053    0.000000
   -1    0    0    3    2    0.006946    0.000000
   -1    0    0    1    3   -0.006946    0.000000
   -1    0    0    2    3    0.006946    0.000000
   -1    0    0    3    3    0.002113    0.000000
   -1    0    1    1    1   -0.306728    0.000000
   -1    0    1    2    1    0.000000    0.000000
   -1    0    1    3    1    0.000000    0.000000
   -1    0    1    1    2    0.000000    0.000000
   -1    0    1    2    2   -0.042929    0.000000
   -1    0    1    3    2    0.000000    0.000000
   -1    0    1    1    3    0.000000    0.000000
   -1    0    1    2    3    0.000000    0.000000
   -1    0    1    3    3   -0.371710    0.000000
   -1    0    2    1    1   -0.005973    0.000000
   -1    0    2    2    1   -0.004195    0.000000
   -1    0    2    3    1   -0.000820    0.000000
   -1    0    2    1    2   -0.004195    0.000000
   -1    0    2    2    2    0.000319    0.000000
   -1    0    2    3    2   -0.001455    0.000000
   -1    0    2    1    3   -0.000820    0.000000
   -1    0    2    2    3   -0.001455    0.000000
   -1    0    2    3    3   -0.000501    0.000000
   -1    0    3    1    1   -0.000155    0.000000
   -1    0    3    2    1   -0.000209    0.000000
   -1    0    3    3    1    0.000072    0.000000
   -1    0    3    1    2   -0.000209    0.000000
   -1    0    3    2    2   -0.000023    0.000000
   -1    0    3    3    2   -0.000031    0.000000
   -1    0    3    1    3    0.000072    0.000000
   -1    0    3    2    3   -0.000031    0.000000
   -1    0    3    3    3   -0.000085    0.000000
   -1    0    4    1    1   -0.000016    0.000000
   -1    0    4    2    1   -0.000022    0.000000
   -1    0    4    3    1    0.000001    0.000000
   -1    0    4    1    2   -0.000022    0.000000
   -1    0    4    2    2   -0.000004    0.000000
   -1    0    4    3    2   -0.000003    0.000000
   -1    0    4    1    3    0.000001    0.000000
   -1    0    4    2    3   -0.000003    0.000000
   -1    0    4    3    3   -0.000004    0.000000
   -1    0    5    1    1   -0.000002    0.000000
   -1    0    5    2    1   -0.000001    0.000000
   -1    0    5    3    1    0.000001    0.000000
   -1    0    5    1    2   -0.000001    0.000000
   -1    0    5    2    2    0.000000    0.000000
   -1    0    5    3    2   -0.000001    0.000000
   -1    0    5    1    3    0.000001    0.000000
   -1    0    5    2    3   -0.000001    0.000000
   -1    0    5    3    3   -0.000001    0.000000
   -1    1   -4    1    1    0.000000    0.000000
   -1    1   -4    2    1   -0.000001    0.000000
   -1    1   -4    3    1   -0.000001    0.000000
   -1    1   -4    1    2   -0.000001    0.000000
   -1    1   -4    2    2   -0.000002    0.000000
   -1    1   -4    3    2    0.000001    0.000000
   -1    1   -4    1    3   -0.000001    0.000000
   -1    1   -4    2    3    0.000001    0.000000
   -1    1   -4    3    3   -0.000001    0.000000
   -1    1   -3    1    1   -0.000004    0.000000
   -1    1   -3    2    1   -0.000022    0.000000
   -1    1   -3    3    1   -0.000003    0.000000
   -1    1   -3    1    2   -0.000022    0.000000
   -1    1   -3    2    2   -0.000016    0.000000
   -1    1   -3    3    2    0.000001    0.000000
   -1    1   -3    1    3   -0.000003    0.000000
   -1    1   -3    2    3    0.000001    0.000000
   -1    1   -3    3    3   -0.000004    0.000000
   -1    1   -2    1    1   -0.000023    0.000000
   -1    1   -2    2    1   -0.000209    0.000000
   -1    1   -2    3    1   -0.000031    0.000000
   -1    1   -2    1    2   -0.000209    0.000000
   -1    1   -2    2    2   -0.000155    0.000000
   -1    1   -2    3    2    0.000072    0.000000
   -1    1   -2    1    3   -0.000031    0.000000
   -1    1   -2    2    3    0.000072    0.000000
   -1    1   -2    3    3   -0.000085    0.000000
   -1    1   -1    1    1    0.000319    0.000000
   -1    1   -1    2    1   -0.004195    0.000000
   -1    1   -1    3    1   -0.001455    0.000000
   -1    1   -1    1    2   -0.004195    0.000000
   -1    1   -1    2    2   -0.005973    0.000000
   -1    1   -1    3    2   -0.000820    0.000000
   -1    1   -1    1    3   -0.001455    0.000000
   -1    1   -1    2    3   -0.000820    0.000000
   -1    1   -1    3    3   -0.000501    0.000000
   -1    1    0    1    1   -0.042929    0.000000
   -1    1    0    2    1    0.000000    0.000000
   -1    1    0    3    1    0.000000    0.000000
   -1    1    0    1    2    0.000000    0.000000
   -1    1    0    2    2   -0.306728    0.000000
   -1    1    0    3    2    0.000000    0.000000
   -1    1    0    1    3    0.000000    0.000000
   -1    1    0    2    3    0.000000    0.000000
   -1    1    0    3    3   -0.371710    0.000000
   -1    1    1    1    1   -0.018053    0.000000
   -1    1    1    2    1    0.009518    0.000000
   -1    1    1    3    1    0.006946    0.000000
   -1    1    1    1    2    0.009518    0.000000
   -1    1    1    2    2   -0.018053    0.000000
   -1    1    1    3    2   -0.006946    0.000000
   -1    1    1    1    3    0.006946    0.000000
   -1    1    1    2    3   -0.006946    0.000000
   -1    1    1    3    3    0.002113    0.000000
   -1    1    2    1    1   -0.001003    0.000000
   -1    1    2    2    1    0.000000    0.000000
   -1    1    2    3    1    0.000000    0.000000
   -1    1    2    1    2    0.000000    0.000000
   -1    1    2    2    2   -0.000259    0.000000
   -1    1    2    3    2   -0.000779    0.000000
   -1    1    2    1    3    0.000000    0.000000
   -1    1    2    2    3   -0.000779    0.000000
   -1    1    2    3    3    0.000814    0.000000
   -1    1    3    1    1   -0.000032    0.000000
   -1    1    3    2    1   -0.000007    0.000000
   -1    1    3    3    1   -0.000012    0.000000
   -1    1    3    1    2   -0.000007    0.000000
   -1    1    3    2    2   -0.000007    0.000000
   -1    1    3    3    2   -0.000022    0.000000
   -1    1    3    1    3   -0.000012    0.000000
   -1    1    3    2    3   -0.000022    0.000000
   -1    1    3    3    3    0.000016    0.000000
   -1    1    4    1    1   -0.000005    0.000000
   -1    1    4    2    1   -0.000003    0.000000
   -1    1    4    3    1   -0.000001    0.000000
   -1    1    4    1    2   -0.000003    0.000000
   -1    1    4    2    2    0.000000    0.000000
   -1    1    4    3    2   -0.000003    0.000000
   -1    1    4    1    3   -0.000001    0.000000
   -1    1    4    2    3   -0.000003    0.000000
   -1    1    4    3    3    0.000000    0.000000
   -1    1    5    1    1    0.000001    0.000000
   -1    1    5    2    1   -0.000001    0.000000
   -1    1    5    3    1    0.000000    0.000000
   -1    1    5    1    2   -0.000001    0.000000
   -1    1    5    2    2    0.000001    0.000000
   -1    1    5    3    2    0.000000    0.000000
   -1    1    5    1    3    0.000000    0.000000
   -1    1    5    2    3    0.000000    0.000000
   -1    1    5    3    3    0.000000    0.000000
   -1    2   -5    1    1   -0.000001    0.000000
   -1    2   -5    2    1    0.000000    0.000000
   -1    2   -5    3    1    0.000000    0.000000
   -1    2   -5    1    2    0.000000    0.000000
   -1    2   -5    2    2   -0.000001    0.000000
   -1    2   -5    3    2    0.000001    0.000000
   -1    2   -5    1    3    0.000000    0.000000
   -1    2   -5    2    3    0.000001    0.000000
   -1    2   -5    3    3    0.000000    0.000000
   -1    2   -4    1    1   -0.000005    0.000000
   -1    2   -4    2    1   -0.000004    0.000000
   -1    2   -4    3    1    0.000000    0.000000
   -1    2   -4    1    2   -0.000004    0.000000
   -1    2   -4    2    2   -0.000007    0.000000
   -1    2   -4    3    2    0.000000    0.000000
   -1    2   -4    1    3    0.000000    0.000000
   -1    2   -4    2    3    0.000000    0.000000
   -1    2   -4    3    3   -0.000003    0.000000
   -1    2   -3    1    1   -0.000031    0.000000
   -1    2   -3    2    1   -0.000047    0.000000
   -1    2   -3    3    1   -0.000001    0.000000
   -1    2   -3    1    2   -0.000047    0.000000
   -1    2   -3    2    2   -0.000040    0.000000
   -1    2   -3    3    2    0.000004    0.000000
   -1    2   -3    1    3   -0.000001    0.000000
   -1    2   -3    2    3    0.000004    0.000000
   -1    2   -3    3    3   -0.000039    0.000000
   -1    2   -2    1    1    0.000118    0.000000
   -1    2   -2    2    1   -0.000371    0.000000
   -1    2   -2    3    1   -0.000477    0.000000
   -1    2   -2    1    2   -0.000371    0.000000
   -1    2   -2    2    2   -0.000513    0.000000
   -1    2   -2    3    2   -0.000326    0.000000
   -1    2   -2    1    3   -0.000477    0.000000
   -1    2   -2    2    3   -0.000326    0.000000
   -1    2   -2    3    3    0.000066    0.000000
   -1    2   -1    1    1   -0.000251    0.000000
   -1    2   -1    2    1    0.001208    0.000000
   -1    2   -1    3    1    0.000000    0.000000
   -1    2   -1    1    2    0.001208    0.000000
   -1    2   -1    2    2    0.013520    0.000000
   -1    2   -1    3    2    0.000000    0.000000
   -1    2   -1    1    3    0.000000    0.000000
   -1    2   -1    2    3    0.000000    0.000000
   -1    2   -1    3    3   -0.020289    0.000000
   -1    2    0    1    1    0.000319    0.000000
   -1    2    0    2    1   -0.004195    0.000000
   -1    2    0    3    1    0.001455    0.000000
   -1    2    0    1    2   -0.004195    0.000000
   -1    2    0    2    2   -0.005973    0.000000
   -1    2    0    3    2    0.000820    0.000000
   -1    2    0    1    3    0.001455    0.000000
   -1    2    0    2    3    0.000820    0.000000
   -1    2    0    3    3   -0.000501    0.000000
   -1    2    1    1    1   -0.000259    0.000000
   -1    2    1    2    1    0.000000    0.000000
   -1    2    1    3    1    0.000779    0.000000
   -1    2    1    1    2    0.000000    0.000000
   -1    2    1    2    2   -0.001003    0.000000
   -1    2    1    3    2    0.000000    0.000000
   -1    2    1    1    3    0.000779    0.000000
   -1    2    1    2    3    0.000000    0.000000
   -1    2    1    3    3    0.000814    0.000000
   -1    2    2    1    1   -0.000041    0.000000
   -1    2    2    2    1    0.000012    0.000000
   -1    2    2    3    1    0.000008    0.000000
   -1    2    2    1    2    0.000012    0.000000
   -1    2    2    2    2   -0.000041    0.000000
   -1    2    2    3    2   -0.000008    0.000000
   -1    2    2    1    3    0.000008    0.000000
   -1    2    2    2    3   -0.000008    0.000000
   -1    2    2    3    3   -0.000013    0.000000
   -1    2    3    1    1   -0.000003    0.000000
   -1    2    3    2    1    0.000000    0.000000
   -1    2    3    3    1    0.000000    0.000000
   -1    2    3    1    2    0.000000    0.000000
   -1    2    3    2    2   -0.000002    0.000000
   -1    2    3    3    2   -0.000004    0.000000
   -1    2    3    1    3    0.000000    0.000000
   -1    2    3    2    3   -0.000004    0.000000
   -1    2    3    3    3    0.000000    0.000000
   -1    2    4    1    1    0.000000    0.000000
   -1    2    4    2    1    0.000001    0.000000
   -1    2    4    3    1    0.000000    0.000000
   -1    2    4    1    2    0.000001    0.000000
   -1    2    4    2    2    0.000000    0.000000
   -1    2    4    3    2    0.000000    0.000000
   -1    2    4    1    3    0.000000    0.000000
   -1    2    4    2    3    0.000000    0.000000
   -1    2    4    3    3    0.000000    0.000000
   -1    3   -5    1    1   -0.000001    0.000000
   -1    3   -5    2    1    0.000002    0.000000
   -1    3   -5    3    1    0.000000    0.000000
   -1    3   -5    1    2    0.000002    0.000000
   -1    3   -5    2    2   -0.000002    0.000000
   -1    3   -5    3    2   -0.000001    0.000000
   -1    3   -5    1    3    0.000000    0.000000
   -1    3   -5    2    3   -0.000001    0.000000
   -1    3   -5    3    3    0.000000    0.000000
   -1    3   -4    1    1   -0.000005    0.000000
   -1    3   -4    2    1   -0.000006    0.000000
   -1    3   -4    3    1   -0.000001    0.000000
   -1    3   -4    1    2   -0.000006    0.000000
   -1    3   -4    2    2   -0.000003    0.000000
   -1    3   -4    3    2   -0.000011    0.000000
   -1    3   -4    1    3   -0.000001    0.000000
   -1    3   -4    2    3   -0.000011    0.000000
   -1    3   -4    3    3   -0.000010    0.000000
   -1    3   -3    1    1    0.000052    0.000000
   -1    3   -3    2    1    0.000022    0.000000
   -1    3   -3    3    1   -0.000146    0.000000
   -1    3   -3    1    2    0.000022    0.000000
   -1    3   -3    2    2   -0.000050    0.000000
   -1    3   -3    3    2   -0.000112    0.000000
   -1    3   -3    1    3   -0.000146    0.000000
   -1    3   -3    2    3   -0.000112    0.000000
   -1    3   -3    3    3    0.000004    0.000000
   -1    3   -2    1    1   -0.000101    0.000000
   -1    3   -2    2    1    0.000372    0.000000
   -1    3   -2    3    1    0.000000    0.000000
   -1    3   -2    1    2    0.000372    0.000000
   -1    3   -2    2    2    0.000661    0.000000
   -1    3   -2    3    2    0.000000    0.000000
   -1    3   -2    1    3    0.000000    0.000000
   -1    3   -2    2    3    0.000000    0.000000
   -1    3   -2    3    3   -0.005154    0.000000
   -1    3   -1    1    1    0.000118    0.000000
   -1    3   -1    2    1   -0.000371    0.000000
   -1    3   -1    3    1    0.000477    0.000000
   -1    3   -1    1    2   -0.000371    0.000000
   -1    3   -1    2    2   -0.000513    0.000000
   -1    3   -1    3    2    0.000326    0.000000
   -1    3   -1    1    3    0.000477    0.000000
   -1    3   -1    2    3    0.000326    0.000000
   -1    3   -1    3    3    0.000066    0.000000
   -1    3    0    1    1   -0.000023    0.000000
   -1    3    0    2    1   -0.000209    0.000000
   -1    3    0    3    1    0.000031    0.000000
   -1    3    0    1    2   -0.000209    0.000000
   -1    3    0    2    2   -0.000155    0.000000
   -1    3    0    3    2   -0.000072    0.000000
   -1    3    0    1    3    0.000031    0.000000
   -1    3    0    2    3   -0.000072    0.000000
   -1    3    0    3    3   -0.000085    0.000000
   -1    3    1    1    1   -0.000007    0.000000
   -1    3    1    2    1   -0.000007    0.000000
   -1    3    1    3    1    0.000022    0.000000
   -1    3    1    1    2   -0.000007    0.000000
   -1    3    1    2    2   -0.000032    0.000000
   -1    3    1    3    2    0.000012    0.000000
   -1    3    1    1    3    0.000022    0.000000
   -1    3    1    2    3    0.000012    0.000000
   -1    3    1    3    3    0.000016    0.000000
   -1    3    2    1    1   -0.000002    0.000000
   -1    3    2    2    1    0.000000    0.000000
   -1    3    2    3    1    0.000004    0.000000
   -1    3    2    1    2    0.000000    0.000000
   -1    3    2    2    2   -0.000003    0.000000
   -1    3    2    3    2    0.000000    0.000000
   -1    3    2    1    3    0.000004    0.000000
   -1    3    2    2    3    0.000000    0.000000
   -1    3    2    3    3    0.000000    0.000000
   -1    3    3    1    1   -0.000001    0.000000
   -1    3    3    2    1   -0.000001    0.000000
   -1    3    3    3    1    0.000000    0.000000
   -1    3    3    1    2   -0.000001    0.000000
   -1    3    3    2    2   -0.000001    0.000000
   -1    3    3    3    2    0.000000    0.000000
   -1    3    3    1    3    0.000000    0.000000
   -1    3    3    2    3    0.000000    0.000000
   -1    3    3    3    3    0.000000    0.000000
   -1    4   -5    1    1    0.000000    0.000000
   -1    4   -5    2    1    0.000000    0.000000
   -1    4   -5    3    1    0.000000    0.000000
   -1    4   -5    1    2    0.000000    0.000000
   -1    4   -5    2    2   -0.000001    0.000000
   -1    4   -5    3    2   -0.000004    0.000000
   -1    4   -5    1    3    0.000000    0.000000
   -1    4   -5    2    3   -0.000004    0.000000
   -1    4   -5    3    3   -0.000001    0.000000
   -1    4   -4    1    1    0.000006    0.000000
   -1    4   -4    2    1   -0.000011    0.000000
   -1    4   -4    3    1   -0.000024    0.000000
   -1    4   -4    1    2   -0.000011    0.000000
   -1    4   -4    2    2   -0.000007    0.000000
   -1    4   -4    3    2   -0.000010    0.000000
   -1    4   -4    1    3   -0.000024    0.000000
   -1    4   -4    2    3   -0.000010    0.000000
   -1    4   -4    3    3   -0.000028    0.000000
   -1    4   -3    1    1   -0.000017    0.000000
   -1    4   -3    2    1    0.000017    0.000000
   -1    4   -3    3    1    0.000000    0.000000
   -1    4   -3    1    2    0.000017    0.000000
   -1    4   -3    2    2    0.000049    0.000000
   -1    4   -3    3    2    0.000000    0.000000
   -1    4   -3    1    3    0.000000    0.000000
   -1    4   -3    2    3    0.000000    0.000000
   -1    4   -3    3    3   -0.002225    0.000000
   -1    4   -2    1    1    0.000052    0.000000
   -1    4   -2    2    1    0.000022    0.000000
   -1    4   -2    3    1    0.000146    0.000000
   -1    4   -2    1    2    0.000022    0.000000
   -1    4   -2    2    2   -0.000050    0.000000
   -1    4   -2    3    2    0.000112    0.000000
   -1    4   -2    1    3    0.000146    0.000000
   -1    4   -2    2    3    0.000112    0.000000
   -1    4   -2    3    3    0.000004    0.000000
   -1    4   -1    1    1   -0.000031    0.000000
   -1    4   -1    2    1   -0.000047    0.000000
   -1    4   -1    3    1    0.000001    0.000000
   -1    4   -1    1    2   -0.000047    0.000000
   -1    4   -1    2    2   -0.000040    0.000000
   -1    4   -1    3    2   -0.000004    0.000000
   -1    4   -1    1    3    0.000001    0.000000
   -1    4   -1    2    3   -0.000004    0.000000
   -1    4   -1    3    3   -0.000039    0.000000
   -1    4    0    1    1   -0.000004    0.000000
   -1    4    0    2    1   -0.000022    0.000000
   -1    4    0    3    1    0.000003    0.000000
   -1    4    0    1    2   -0.000022    0.000000
   -1    4    0    2    2   -0.000016    0.000000
   -1    4    0    3    2   -0.000001    0.000000
   -1    4    0    1    3    0.000003    0.000000
   -1    4    0    2    3   -0.000001    0.000000
   -1    4    0    3    3   -0.000004    0.000000
   -1    4    1    1    1    0.000000    0.000000
   -1    4    1    2    1   -0.000003    0.000000
   -1    4    1    3    1    0.000003    0.000000
   -1    4    1    1    2   -0.000003    0.000000
   -1    4    1    2    2   -0.000005    0.000000
   -1    4    1    3    2    0.000001    0.000000
   -1    4    1    1    3    0.000003    0.000000
   -1    4    1    2    3    0.000001    0.000000
   -1    4    1    3    3    0.000000    0.000000
   -1    4    2    1    1    0.000000    0.000000
   -1    4    2    2    1    0.000001    0.000000
   -1    4    2    3    1    0.000000    0.000000
   -1    4    2    1    2    0.000001    0.000000
   -1    4    2    2    2    0.000000    0.000000
   -1    4    2    3    2    0.000000    0.000000
   -1    4    2    1    3    0.000000    0.000000
   -1    4    2    2    3    0.000000    0.000000
   -1    4    2    3    3    0.000000    0.000000
   -1    5   -4    1    1   -0.000006    0.000000
   -1    5   -4    2    1    0.000000    0.000000
   -1    5   -4    3    1    0.000000    0.000000
   -1    5   -4    1    2    0.000000    0.000000
   -1    5   -4    2    2    0.000006    0.000000
   -1    5   -4    3    2    0.000000    0.000000
   -1    5   -4    1    3    0.000000    0.000000
   -1    5   -4    2    3    0.000000    0.000000
   -1    5   -4    3    3   -0.000852    0.000000
   -1    5   -3    1    1    0.000006    0.000000
   -1    5   -3    2    1   -0.000011    0.000000
   -1    5   -3    3    1    0.000024    0.000000
   -1    5   -3    1    2   -0.000011    0.000000
   -1    5   -3    2    2   -0.000007    0.000000
   -1    5   -3    3    2    0.000010    0.000000
   -1    5   -3    1    3    0.000024    0.000000
   -1    5   -3    2    3    0.000010    0.000000
   -1    5   -3    3    3   -0.000028    0.000000
   -1    5   -2    1    1   -0.000005    0.000000
   -1    5   -2    2    1   -0.000006    0.000000
   -1    5   -2    3    1    0.000001    0.000000
   -1    5   -2    1    2   -0.000006    0.000000
   -1    5   -2    2    2   -0.000003    0.000000
   -1    5   -2    3    2    0.000011    0.000000
   -1    5   -2    1    3    0.000001    0.000000
   -1    5   -2    2    3    0.000011    0.000000
   -1    5   -2    3    3   -0.000010    0.000000
   -1    5   -1    1    1   -0.000005    0.000000
   -1    5   -1    2    1   -0.000004    0.000000
   -1    5   -1    3    1    0.000000    0.000000
   -1    5   -1    1    2   -0.000004    0.000000
   -1    5   -1    2    2   -0.000007    0.000000
   -1    5   -1    3    2    0.000000    0.000000
   -1    5   -1    1    3    0.000000    0.000000
   -1    5   -1    2    3    0.000000    0.000000
   -1    5   -1    3    3   -0.000003    0.000000
   -1    5    0    1    1    0.000000    0.000000
   -1    5    0    2    1   -0.000001    0.000000
   -1    5    0    3    1    0.000001    0.000000
   -1    5    0    1    2   -0.000001    0.000000
   -1    5    0    2    2   -0.000002    0.000000
   -1    5    0    3    2   -0.000001    0.000000
   -1    5    0    1    3    0.000001    0.000000
   -1    5    0    2    3   -0.000001    0.000000
   -1    5    0    3    3   -0.000001    0.000000
   -1    5    1    1    1    0.000001    0.000000
   -1    5    1    2    1   -0.000001    0.000000
   -1    5    1    3    1    0.000000    0.000000
   -1    5    1    1    2   -0.000001    0.000000
   -1    5    1    2    2    0.000001    0.000000
   -1    5    1    3    2    0.000000    0.000000
   -1    5    1    1    3    0.000000    0.000000
   -1    5    1    2    3    0.000000    0.000000
   -1    5    1    3    3    0.000000    0.000000
   -1    6   -3    1    1    0.000000    0.000000
   -1    6   -3    2    1    0.000000    0.000000
   -1    6   -3    3    1    0.000000    0.000000
   -1    6   -3    1    2    0.000000    0.000000
   -1    6   -3    2    2   -0.000001    0.000000
   -1    6   -3    3    2    0.000004    0.000000
   -1    6   -3    1    3    0.000000    0.000000
   -1    6   -3    2    3    0.000004    0.000000
   -1    6   -3    3    3   -0.000001    0.000000
   -1    6   -2    1    1   -0.000001    0.000000
   -1    6   -2    2    1    0.000002    0.000000
   -1    6   -2    3    1    0.000000    0.000000
   -1    6   -2    1    2    0.000002    0.000000
   -1    6   -2    2    2   -0.000002    0.000000
   -1    6   -2    3    2    0.000001    0.000000
   -1    6   -2    1    3    0.000000    0.000000
   -1    6   -2    2    3    0.000001    0.000000
   -1    6   -2    3    3    0.000000    0.000000
   -1    6   -1    1    1   -0.000001    0.000000
   -1    6   -1    2    1    0.000000    0.000000
   -1    6   -1    3    1    0.000000    0.000000
   -1    6   -1    1    2    0.000000    0.000000
   -1    6   -1    2    2   -0.000001    0.000000
   -1    6   -1    3    2   -0.000001    0.000000
   -1    6   -1    1    3    0.000000    0.000000
   -1    6   -1    2    3   -0.000001    0.000000
   -1    6   -1    3    3    0.000000    0.000000
    0   -6    2    1    1    0.000000    0.000000
    0   -6    2    2    1   -0.000001    0.000000
    0   -6    2    3    1    0.000001    0.000000
    0   -6    2    1    2   -0.000001    0.000000
    0   -6    2    2    2    0.000000    0.000000
    0   -6    2    3    2    0.000001    0.000000
    0   -6    2    1    3    0.000001    0.000000
    0   -6    2    2    3    0.000001    0.000000
    0   -6    2    3    3    0.000000    0.000000
    0   -6    3    1    1    0.000000    0.000000
    0   -6    3    2    1    0.000001    0.000000
    0   -6    3    3    1    0.000000    0.000000
    0   -6    3    1    2    0.000001    0.000000
    0   -6    3    2    2    0.000000    0.000000
    0   -6    3    3    2    0.000000    0.000000
    0   -6    3    1    3    0.000000    0.000000
    0   -6    3    2    3    0.000000    0.000000
    0   -6    3    3    3    0.000001    0.000000
    0   -6    4    1    1    0.000000    0.000000
    0   -6    4    2    1    0.000000    0.000000
    0   -6    4    3    1    0.000000    0.000000
    0   -6    4    1    2    0.000000    0.000000
    0   -6    4    2    2    0.000000    0.000000
    0   -6    4    3    2    0.000000    0.000000
    0   -6    4    1    3    0.000000    0.000000
    0   -6    4    2    3    0.000000    0.000000
    0   -6    4    3    3    0.000001    0.000000
    0   -5    0    1    1   -0.000001    0.000000
    0   -5    0    2    1    0.000002    0.000000
    0   -5    0    3    1    0.000000    0.000000
    0   -5    0    1    2    0.000002    0.000000
    0   -5    0    2    2   -0.000001    0.000000
    0   -5    0    3    2    0.000000    0.000000
    0   -5    0    1    3    0.000000    0.000000
    0   -5    0    2    3    0.000000    0.000000
    0   -5    0    3    3    0.000000    0.000000
    0   -5    1    1    1   -0.000002    0.000000
    0   -5    1    2    1   -0.000003    0.000000
    0   -5    1    3    1    0.000001    0.000000
    0   -5    1    1    2   -0.000003    0.000000
    0   -5    1    2    2   -0.000002    0.000000
    0   -5    1    3    2    0.000001    0.000000
    0   -5    1    1    3    0.000001    0.000000
    0   -5    1    2    3    0.000001    0.000000
    0   -5    1    3    3    0.000000    0.000000
    0   -5    2    1    1   -0.000002    0.000000
    0   -5    2    2    1   -0.000008    0.000000
    0   -5    2    3    1    0.000001    0.000000
    0   -5    2    1    2   -0.000008    0.000000
    0   -5    2    2    2   -0.000002    0.000000
    0   -5    2    3    2    0.000001    0.000000
    0   -5    2    1    3    0.000001    0.000000
    0   -5    2    2    3    0.000001    0.000000
    0   -5    2    3    3   -0.000002    0.000000
    0   -5    3    1    1    0.000000    0.000000
    0   -5    3    2    1   -0.000001    0.000000
    0   -5    3    3    1    0.000003    0.000000
    0   -5    3    1    2   -0.000001    0.000000
    0   -5    3    2    2    0.000000    0.000000
    0   -5    3    3    2    0.000003    0.000000
    0   -5    3    1    3    0.000003    0.000000
    0   -5    3    2    3    0.000003    0.000000
    0   -5    3    3    3   -0.000006    0.000000
    0   -5    4    1    1    0.000001    0.000000
    0   -5    4    2    1   -0.000003    0.000000
    0   -5    4    3    1    0.000003    0.000000
    0   -5    4    1    2   -0.000003    0.000000
    0   -5    4    2    2    0.000001    0.000000
    0   -5    4    3    2    0.000003    0.000000
    0   -5    4    1    3    0.000003    0.000000
    0   -5    4    2    3    0.000003    0.000000
    0   -5    4    3    3   -0.000048    0.000000
    0   -5    5    1    1    0.000003    0.000000
    0   -5    5    2    1    0.000000    0.000000
    0   -5    5    3    1    0.000000    0.000000
    0   -5    5    1    2    0.000000    0.000000
    0   -5    5    2    2    0.000003    0.000000
    0   -5    5    3    2    0.000000    0.000000
    0   -5    5    1    3    0.000000    0.000000
    0   -5    5    2    3    0.000000    0.000000
    0   -5    5    3    3   -0.000410    0.000000
    0   -4   -1    1    1   -0.000002    0.000000
    0   -4   -1    2    1   -0.000005    0.000000
    0   -4   -1    3    1    0.000000    0.000000
    0   -4   -1    1    2   -0.000005    0.000000
    0   -4   -1    2    2   -0.000002    0.000000
    0   -4   -1    3    2    0.000000    0.000000
    0   -4   -1    1    3    0.000000    0.000000
    0   -4   -1    2    3    0.000000    0.000000
    0   -4   -1    3    3    0.000000    0.000000
    0   -4    0    1    1   -0.000002    0.000000
    0   -4    0    2    1   -0.000005    0.000000
    0   -4    0    3    1   -0.000001    0.000000
    0   -4    0    1    2   -0.000005    0.000000
    0   -4    0    2    2   -0.000002    0.000000
    0   -4    0    3    2   -0.000001    0.000000
    0   -4    0    1    3   -0.000001    0.000000
    0   -4    0    2    3   -0.000001    0.000000
    0   -4    0    3    3   -0.000001    0.000000
    0   -4    1    1    1   -0.000007    0.000000
    0   -4    1    2    1   -0.000008    0.000000
    0   -4    1    3    1    0.000002    0.000000
    0   -4    1    1    2   -0.000008    0.000000
    0   -4    1    2    2   -0.000007    0.000000
    0   -4    1    3    2    0.000002    0.000000
    0   -4    1    1    3    0.000002    0.000000
    0   -4    1    2    3    0.000002    0.000000
    0   -4    1    3    3   -0.000006    0.000000
    0   -4    2    1    1   -0.000029    0.000000
    0   -4    2    2    1   -0.000014    0.000000
    0   -4    2    3    1   -0.000003    0.000000
    0   -4    2    1    2   -0.000014    0.000000
    0   -4    2    2    2   -0.000029    0.000000
    0   -4    2    3    2   -0.000003    0.000000
    0   -4    2    1    3   -0.000003    0.000000
    0   -4    2    2    3   -0.000003    0.000000
    0   -4    2    3    3   -0.000044    0.000000
    0   -4    3    1    1    0.000017    0.000000
    0   -4    3    2    1    0.000010    0.000000
    0   -4    3    3    1    0.000061    0.000000
    0   -4    3    1    2    0.000010    0.000000
    0   -4    3    2    2    0.000017    0.000000
    0   -4    3    3    2    0.000061    0.000000
    0   -4    3    1    3    0.000061    0.000000
    0   -4    3    2    3    0.000061    0.000000
    0   -4    3    3    3   -0.000009    0.000000
    0   -4    4    1    1   -0.000001    0.000000
    0   -4    4    2    1    0.000018    0.000000
    0   -4    4    3    1    0.000000    0.000000
    0   -4    4    1    2    0.000018    0.000000
    0   -4    4    2    2   -0.000001    0.000000
    0   -4    4    3    2    0.000000    0.000000
    0   -4    4    1    3    0.000000    0.000000
    0   -4    4    2    3    0.000000    0.000000
    0   -4    4    3    3   -0.001875    0.000000
    0   -4    5    1    1    0.000001    0.000000
    0   -4    5    2    1   -0.000003    0.000000
    0   -4    5    3    1   -0.000003    0.000000
    0   -4    5    1    2   -0.000003    0.000000
    0   -4    5    2    2    0.000001    0.000000
    0   -4    5    3    2   -0.000003    0.000000
    0   -4    5    1    3   -0.000003    0.000000
    0   -4    5    2    3   -0.000003    0.000000
    0   -4    5    3    3   -0.000048    0.000000
    0   -4    6    1    1    0.000000    0.000000
    0   -4    6    2    1    0.000000    0.000000
    0   -4    6    3    1    0.000000    0.000000
    0   -4    6    1    2    0.000000    0.000000
    0   -4    6    2    2    0.000000    0.000000
    0   -4    6    3    2    0.000000    0.000000
    0   -4    6    1    3    0.000000    0.000000
    0   -4    6    2    3    0.000000    0.000000
    0   -4    6    3    3    0.000001    0.000000
    0   -3   -2    1    1   -0.000001    0.000000
    0   -3   -2    2    1    0.000001    0.000000
    0   -3   -2    3    1    0.000000    0.000000
    0   -3   -2    1    2    0.000001    0.000000
    0   -3   -2    2    2   -0.000001    0.000000
    0   -3   -2    3    2    0.000000    0.000000
    0   -3   -2    1    3    0.000000    0.000000
    0   -3   -2    2    3    0.000000    0.000000
    0   -3   -2    3    3    0.000000    0.000000
    0   -3   -1    1    1   -0.000003    0.000000
    0   -3   -1    2    1   -0.000003    0.000000
    0   -3   -1    3    1    0.000001    0.000000
    0   -3   -1    1    2   -0.000003    0.000000
    0   -3   -1    2    2   -0.000003    0.000000
    0   -3   -1    3    2    0.000001    0.000000
    0   -3   -1    1    3    0.000001    0.000000
    0   -3   -1    2    3    0.000001    0.000000
    0   -3   -1    3    3    0.000000    0.000000
    0   -3    0    1    1   -0.000017    0.000000
    0   -3    0    2    1   -0.000032    0.000000
    0   -3    0    3    1    0.000006    0.000000
    0   -3    0    1    2   -0.000032    0.000000
    0   -3    0    2    2   -0.000017    0.000000
    0   -3    0    3    2    0.000006    0.000000
    0   -3    0    1    3    0.000006    0.000000
    0   -3    0    2    3    0.000006    0.000000
    0   -3    0    3    3   -0.000013    0.000000
    0   -3    1    1    1   -0.000080    0.000000
    0   -3    1    2    1   -0.000157    0.000000
    0   -3    1    3    1   -0.000025    0.000000
    0   -3    1    1    2   -0.000157    0.000000
    0   -3    1    2    2   -0.000080    0.000000
    0   -3    1    3    2   -0.000025    0.000000
    0   -3    1    1    3   -0.000025    0.000000
    0   -3    1    2    3   -0.000025    0.000000
    0   -3    1    3    3   -0.000111    0.000000
    0   -3    2    1    1    0.000005    0.000000
    0   -3    2    2    1   -0.000121    0.000000
    0   -3    2    3    1    0.000274    0.000000
    0   -3    2    1    2   -0.000121    0.000000
    0   -3    2    2    2    0.000005    0.000000
    0   -3    2    3    2    0.000274    0.000000
    0   -3    2    1    3    0.000274    0.000000
    0   -3    2    2    3    0.000274    0.000000
    0   -3    2    3    3   -0.000004    0.000000
    0   -3    3    1    1    0.000000    0.000000
    0   -3    3    2    1    0.000177    0.000000
    0   -3    3    3    1    0.000000    0.000000
    0   -3    3    1    2    0.000177    0.000000
    0   -3    3    2    2    0.000000    0.000000
    0   -3    3    3    2    0.000000    0.000000
    0   -3    3    1    3    0.000000    0.000000
    0   -3    3    2    3    0.000000    0.000000
    0   -3    3    3    3   -0.003484    0.000000
    0   -3    4    1    1    0.000017    0.000000
    0   -3    4    2    1    0.000010    0.000000
    0   -3    4    3    1   -0.000061    0.000000
    0   -3    4    1    2    0.000010    0.000000
    0   -3    4    2    2    0.000017    0.000000
    0   -3    4    3    2   -0.000061    0.000000
    0   -3    4    1    3   -0.000061    0.000000
    0   -3    4    2    3   -0.000061    0.000000
    0   -3    4    3    3   -0.000009    0.000000
    0   -3    5    1    1    0.000000    0.000000
    0   -3    5    2    1   -0.000001    0.000000
    0   -3    5    3    1   -0.000003    0.000000
    0   -3    5    1    2   -0.000001    0.000000
    0   -3    5    2    2    0.000000    0.000000
    0   -3    5    3    2   -0.000003    0.000000
    0   -3    5    1    3   -0.000003    0.000000
    0   -3    5    2    3   -0.000003    0.000000
    0   -3    5    3    3   -0.000006    0.000000
    0   -3    6    1    1    0.000000    0.000000
    0   -3    6    2    1    0.000001    0.000000
    0   -3    6    3    1    0.000000    0.000000
    0   -3    6    1    2    0.000001    0.000000
    0   -3    6    2    2    0.000000    0.000000
    0   -3    6    3    2    0.000000    0.000000
    0   -3    6    1    3    0.000000    0.000000
    0   -3    6    2    3    0.000000    0.000000
    0   -3    6    3    3    0.000001    0.000000
    0   -2   -3    1    1   -0.000001    0.000000
    0   -2   -3    2    1    0.000001    0.000000
    0   -2   -3    3    1    0.000000    0.000000
    0   -2   -3    1    2    0.000001    0.000000
    0   -2   -3    2    2   -0.000001    0.000000
    0   -2   -3    3    2    0.000000    0.000000
    0   -2   -3    1    3    0.000000    0.000000
    0   -2   -3    2    3    0.000000    0.000000
    0   -2   -3    3    3    0.000000    0.000000
    0   -2   -2    1    1   -0.000005    0.000000
    0   -2   -2    2    1    0.000000    0.000000
    0   -2   -2    3    1    0.000000    0.000000
    0   -2   -2    1    2    0.000000    0.000000
    0   -2   -2    2    2   -0.000005    0.000000
    0   -2   -2    3    2    0.000000    0.000000
    0   -2   -2    1    3    0.000000    0.000000
    0   -2   -2    2    3    0.000000    0.000000
    0   -2   -2    3    3   -0.000003    0.000000
    0   -2   -1    1    1   -0.000041    0.000000
    0   -2   -1    2    1   -0.000012    0.000000
    0   -2   -1    3    1    0.000008    0.000000
    0   -2   -1    1    2   -0.000012    0.000000
    0   -2   -1    2    2   -0.000041    0.000000
    0   -2   -1    3    2    0.000008    0.000000
    0   -2   -1    1    3    0.000008    0.000000
    0   -2   -1    2    3    0.000008    0.000000
    0   -2   -1    3    3   -0.000013    0.000000
    0   -2    0    1    1   -0.000228    0.000000
    0   -2    0    2    1   -0.000182    0.000000
    0   -2    0    3    1   -0.000024    0.000000
    0   -2    0    1    2   -0.000182    0.000000
    0   -2    0    2    2   -0.000228    0.000000
    0   -2    0    3    2   -0.000024    0.000000
    0   -2    0    1    3   -0.000024    0.000000
    0   -2    0    2    3   -0.000024    0.000000
    0   -2    0    3    3   -0.000349    0.000000
    0   -2    1    1    1   -0.000426    0.000000
    0   -2    1    2    1   -0.003251    0.000000
    0   -2    1    3    1    0.001013    0.000000
    0   -2    1    1    2   -0.003251    0.000000
    0   -2    1    2    2   -0.000426    0.000000
    0   -2    1    3    2    0.001013    0.000000
    0   -2    1    1    3    0.001013    0.000000
    0   -2    1    2    3    0.001013    0.000000
    0   -2    1    3    3    0.000121    0.000000
    0   -2    2    1    1    0.000771    0.000000
    0   -2    2    2    1    0.002100    0.000000
    0   -2    2    3    1    0.000000    0.000000
    0   -2    2    1    2    0.002100    0.000000
    0   -2    2    2    2    0.000771    0.000000
    0   -2    2    3    2    0.000000    0.000000
    0   -2    2    1    3    0.000000    0.000000
    0   -2    2    2    3    0.000000    0.000000
    0   -2    2    3    3   -0.013886    0.000000
    0   -2    3    1    1    0.000005    0.000000
    0   -2    3    2    1   -0.000121    0.000000
    0   -2    3    3    1   -0.000274    0.000000
    0   -2    3    1    2   -0.000121    0.000000
    0   -2    3    2    2    0.000005    0.000000
    0   -2    3    3    2   -0.000274    0.000000
    0   -2    3    1    3   -0.000274    0.000000
    0   -2    3    2    3   -0.000274    0.000000
    0   -2    3    3    3   -0.000004    0.000000
    0   -2    4    1    1   -0.000029    0.000000
    0   -2    4    2    1   -0.000014    0.000000
    0   -2    4    3    1    0.000003    0.000000
    0   -2    4    1    2   -0.000014    0.000000
    0   -2    4    2    2   -0.000029    0.000000
    0   -2    4    3    2    0.000003    0.000000
    0   -2    4    1    3    0.000003    0.000000
    0   -2    4    2    3    0.000003    0.000000
    0   -2    4    3    3   -0.000044    0.000000
    0   -2    5    1    1   -0.000002    0.000000
    0   -2    5    2    1   -0.000008    0.000000
    0   -2    5    3    1   -0.000001    0.000000
    0   -2    5    1    2   -0.000008    0.000000
    0   -2    5    2    2   -0.000002    0.000000
    0   -2    5    3    2   -0.000001    0.000000
    0   -2    5    1    3   -0.000001    0.000000
    0   -2    5    2    3   -0.000001    0.000000
    0   -2    5    3    3   -0.000002    0.000000
    0   -2    6    1    1    0.000000    0.000000
    0   -2    6    2    1   -0.000001    0.000000
    0   -2    6    3    1   -0.000001    0.000000
    0   -2    6    1    2   -0.000001    0.000000
    0   -2    6    2    2    0.000000    0.000000
    0   -2    6    3    2   -0.000001    0.000000
    0   -2    6    1    3   -0.000001    0.000000
    0   -2    6    2    3   -0.000001    0.000000
    0   -2    6    3    3    0.000000    0.000000
    0   -1   -4    1    1   -0.000002    0.000000
    0   -1   -4    2    1   -0.000005    0.000000
    0   -1   -4    3    1    0.000000    0.000000
    0   -1   -4    1    2   -0.000005    0.000000
    0   -1   -4    2    2   -0.000002    0.000000
    0   -1   -4    3    2    0.000000    0.000000
    0   -1   -4    1    3    0.000000    0.000000
    0   -1   -4    2    3    0.000000    0.000000
    0   -1   -4    3    3    0.000000    0.000000
    0   -1   -3    1    1   -0.000003    0.000000
    0   -1   -3    2    1   -0.000003    0.000000
    0   -1   -3    3    1   -0.000001    0.000000
    0   -1   -3    1    2   -0.000003    0.000000
    0   -1   -3    2    2   -0.000003    0.000000
    0   -1   -3    3    2   -0.000001    0.000000
    0   -1   -3    1    3   -0.000001    0.000000
    0   -1   -3    2    3   -0.000001    0.000000
    0   -1   -3    3    3    0.000000    0.000000
    0   -1   -2    1    1   -0.000041    0.000000
    0   -1   -2    2    1   -0.000012    0.000000
    0   -1   -2    3    1   -0.000008    0.000000
    0   -1   -2    1    2   -0.000012    0.000000
    0   -1   -2    2    2   -0.000041    0.000000
    0   -1   -2    3    2   -0.000008    0.000000
    0   -1   -2    1    3   -0.000008    0.000000
    0   -1   -2    2    3   -0.000008    0.000000
    0   -1   -2    3    3   -0.000013    0.000000
    0   -1   -1    1    1    0.000097    0.000000
    0   -1   -1    2    1    0.000000    0.000000
    0   -1   -1    3    1    0.000000    0.000000
    0   -1   -1    1    2    0.000000    0.000000
    0   -1   -1    2    2    0.000097    0.000000
    0   -1   -1    3    2    0.000000    0.000000
    0   -1   -1    1    3    0.000000    0.000000
    0   -1   -1    2    3    0.000000    0.000000
    0   -1   -1    3    3   -0.002136    0.000000
    0   -1    0    1    1   -0.018053    0.000000
    0   -1    0    2    1   -0.009518    0.000000
    0   -1    0    3    1    0.006946    0.000000
    0   -1    0    1    2   -0.009518    0.000000
    0   -1    0    2    2   -0.018053    0.000000
    0   -1    0    3    2    0.006946    0.000000
    0   -1    0    1    3    0.006946    0.000000
    0   -1    0    2    3    0.006946    0.000000
    0   -1    0    3    3    0.002113    0.000000
    0   -1    1    1    1    0.015803    0.000000
    0   -1    1    2    1    0.010628    0.000000
    0   -1    1    3    1    0.000000    0.000000
    0   -1    1    1    2    0.010628    0.000000
    0   -1    1    2    2    0.015803    0.000000
    0   -1    1    3    2    0.000000    0.000000
    0   -1    1    1    3    0.000000    0.000000
    0   -1    1    2    3    0.000000    0.000000
    0   -1    1    3    3   -0.121293    0.000000
    0   -1    2    1    1   -0.000426    0.000000
    0   -1    2    2    1   -0.003251    0.000000
    0   -1    2    3    1   -0.001013    0.000000
    0   -1    2    1    2   -0.003251    0.000000
    0   -1    2    2    2   -0.000426    0.000000
    0   -1    2    3    2   -0.001013    0.000000
    0   -1    2    1    3   -0.001013    0.000000
    0   -1    2    2    3   -0.001013    0.000000
    0   -1    2    3    3    0.000121    0.000000
    0   -1    3    1    1   -0.000080    0.000000
    0   -1    3    2    1   -0.000157    0.000000
    0   -1    3    3    1    0.000025    0.000000
    0   -1    3    1    2   -0.000157    0.000000
    0   -1    3    2    2   -0.000080    0.000000
    0   -1    3    3    2    0.000025    0.000000
    0   -1    3    1    3    0.000025    0.000000
    0   -1    3    2    3    0.000025    0.000000
    0   -1    3    3    3   -0.000111    0.000000
    0   -1    4    1    1   -0.000007    0.000000
    0   -1    4    2    1   -0.000008    0.000000
    0   -1    4    3    1   -0.000002    0.000000
    0   -1    4    1    2   -0.000008    0.000000
    0   -1    4    2    2   -0.000007    0.000000
    0   -1    4    3    2   -0.000002    0.000000
    0   -1    4    1    3   -0.000002    0.000000
    0   -1    4    2    3   -0.000002    0.000000
    0   -1    4    3    3   -0.000006    0.000000
    0   -1    5    1    1   -0.000002    0.000000
    0   -1    5    2    1   -0.000003    0.000000
    0   -1    5    3    1   -0.000001    0.000000
    0   -1    5    1    2   -0.000003    0.000000
    0   -1    5    2    2   -0.000002    0.000000
    0   -1    5    3    2   -0.000001    0.000000
    0   -1    5    1    3   -0.000001    0.000000
    0   -1    5    2    3   -0.000001    0.000000
    0   -1    5    3    3    0.000000    0.000000
    0    0   -5    1    1   -0.000001    0.000000
    0    0   -5    2    1    0.000002    0.000000
    0    0   -5    3    1    0.000000    0.000000
    0    0   -5    1    2    0.000002    0.000000
    0    0   -5    2    2   -0.000001    0.000000
    0    0   -5    3    2    0.000000    0.000000
    0    0   -5    1    3    0.000000    0.000000
    0    0   -5    2    3    0.000000    0.000000
    0    0   -5    3    3    0.000000    0.000000
    0    0   -4    1    1   -0.000002    0.000000
    0    0   -4    2    1   -0.000005    0.000000
    0    0   -4    3    1    0.000001    0.000000
    0    0   -4    1    2   -0.000005    0.000000
    0    0   -4    2    2   -0.000002    0.000000
    0    0   -4    3    2    0.000001    0.000000
    0    0   -4    1    3    0.000001    0.000000
    0    0   -4    2    3    0.000001    0.000000
    0    0   -4    3    3   -0.000001    0.000000
    0    0   -3    1    1   -0.000017    0.000000
    0    0   -3    2    1   -0.000032    0.000000
    0    0   -3    3    1   -0.000006    0.000000
    0    0   -3    1    2   -0.000032    0.000000
    0    0   -3    2    2   -0.000017    0.000000
    0    0   -3    3    2   -0.000006    0.000000
    0    0   -3    1    3   -0.000006    0.000000
    0    0   -3    2    3   -0.000006    0.000000
    0    0   -3    3    3   -0.000013    0.000000
    0    0   -2    1    1   -0.000228    0.000000
    0    0   -2    2    1   -0.000182    0.000000
    0    0   -2    3    1    0.000024    0.000000
    0    0   -2    1    2   -0.000182    0.000000
    0    0   -2    2    2   -0.000228    0.000000
    0    0   -2    3    2    0.000024    0.000000
    0    0   -2    1    3    0.000024    0.000000
    0    0   -2    2    3    0.000024    0.000000
    0    0   -2    3    3   -0.000349    0.000000
    0    0   -1    1    1   -0.018053    0.000000
    0    0   -1    2    1   -0.009518    0.000000
    0    0   -1    3    1   -0.006946    0.000000
    0    0   -1    1    2   -0.009518    0.000000
    0    0   -1    2    2   -0.018053    0.000000
    0    0   -1    3    2   -0.006946    0.000000
    0    0   -1    1    3   -0.006946    0.000000
    0    0   -1    2    3   -0.006946    0.000000
    0    0   -1    3    3    0.002113    0.000000
    0    0    0    1    1   11.334697    0.000000
    0    0    0    2    1    0.000000    0.000000
    0    0    0    3    1    0.000000    0.000000
    0    0    0    1    2    0.000000    0.000000
    0    0    0    2    2   11.334697    0.000000
    0    0    0    3    2    0.000000    0.000000
    0    0    0    1    3    0.000000    0.000000
    0    0    0    2    3    0.000000    0.000000
    0    0    0    3    3   11.242231    0.000000
    0    0    1    1    1   -0.018053    0.000000
    0    0    1    2    1   -0.009518    0.000000
    0    0    1    3    1   -0.006946    0.000000
    0    0    1    1    2   -0.009518    0.000000
    0    0    1    2    2   -0.018053    0.000000
    0    0    1    3    2   -0.006946    0.000000
    0    0    1    1    3   -0.006946    0.000000
    0    0    1    2    3   -0.006946    0.000000
    0    0    1    3    3    0.002113    0.000000
    0    0    2    1    1   -0.000228    0.000000
    0    0    2    2    1   -0.000182    0.000000
    0    0    2    3    1    0.000024    0.000000
    0    0    2    1    2   -0.000182    0.000000
    0    0    2    2    2   -0.000228    0.000000
    0    0    2    3    2    0.000024    0.000000
    0    0    2    1    3    0.000024    0.000000
    0    0    2    2    3    0.000024    0.000000
    0    0    2    3    3   -0.000349    0.000000
    0    0    3    1    1   -0.000017    0.000000
    0    0    3    2    1   -0.000032    0.000000
    0    0    3    3    1   -0.000006    0.000000
    0    0    3    1    2   -0.000032    0.000000
    0    0    3    2    2   -0.000017    0.000000
    0    0    3    3    2   -0.000006    0.000000
    0    0    3    1    3   -0.000006    0.000000
    0    0    3    2    3   -0.000006    0.000000
    0    0    3    3    3   -0.000013    0.000000
    0    0    4    1    1   -0.000002    0.000000
    0    0    4    2    1   -0.000005    0.000000
    0    0    4    3    1    0.000001    0.000000
    0    0    4    1    2   -0.000005    0.000000
    0    0    4    2    2   -0.000002    0.000000
    0    0    4    3    2    0.000001    0.000000
    0    0    4    1    3    0.000001    0.000000
    0    0    4    2    3    0.000001    0.000000
    0    0    4    3    3   -0.000001    0.000000
    0    0    5    1    1   -0.000001    0.000000
    0    0    5    2    1    0.000002    0.000000
    0    0    5    3    1    0.000000    0.000000
    0    0    5    1    2    0.000002    0.000000
    0    0    5    2    2   -0.000001    0.000000
    0    0    5    3    2    0.000000    0.000000
    0    0    5    1    3    0.000000    0.000000
    0    0    5    2    3    0.000000    0.000000
    0    0    5    3    3    0.000000    0.000000
    0    1   -5    1    1   -0.000002    0.000000
    0    1   -5    2    1   -0.000003    0.000000
    0    1   -5    3    1   -0.000001    0.000000
    0    1   -5    1    2   -0.000003    0.000000
    0    1   -5    2    2   -0.000002    0.000000
    0    1   -5    3    2   -0.000001    0.000000
    0    1   -5    1    3   -0.000001    0.000000
    0    1   -5    2    3   -0.000001    0.000000
    0    1   -5    3    3    0.000000    0.000000
    0    1   -4    1    1   -0.000007    0.000000
    0    1   -4    2    1   -0.000008    0.000000
    0    1   -4    3    1   -0.000002    0.000000
    0    1   -4    1    2   -0.000008    0.000000
    0    1   -4    2    2   -0.000007    0.000000
    0    1   -4    3    2   -0.000002    0.000000
    0    1   -4    1    3   -0.000002    0.000000
    0    1   -4    2    3   -0.000002    0.000000
    0    1   -4    3    3   -0.000006    0.000000
    0    1   -3    1    1   -0.000080    0.000000
    0    1   -3    2    1   -0.000157    0.000000
    0    1   -3    3    1    0.000025    0.000000
    0    1   -3    1    2   -0.000157    0.000000
    0    1   -3    2    2   -0.000080    0.000000
    0    1   -3    3    2    0.000025    0.000000
    0    1   -3    1    3    0.000025    0.000000
    0    1   -3    2    3    0.000025    0.000000
    0    1   -3    3    3   -0.000111    0.000000
    0    1   -2    1    1   -0.000426    0.000000
    0    1   -2    2    1   -0.003251    0.000000
    0    1   -2    3    1   -0.001013    0.000000
    0    1   -2    1    2   -0.003251    0.000000
    0    1   -2    2    2   -0.000426    0.000000
    0    1   -2    3    2   -0.001013    0.000000
    0    1   -2    1    3   -0.001013    0.000000
    0    1   -2    2    3   -0.001013    0.000000
    0    1   -2    3    3    0.000121    0.000000
    0    1   -1    1    1    0.015803    0.000000
    0    1   -1    2    1    0.010628    0.000000
    0    1   -1    3    1    0.000000    0.000000
    0    1   -1    1    2    0.010628    0.000000
    0    1   -1    2    2    0.015803    0.000000
    0    1   -1    3    2    0.000000    0.000000
    0    1   -1    1    3    0.000000    0.000000
    0    1   -1    2    3    0.000000    0.000000
    0    1   -1    3    3   -0.121293    0.000000
    0    1    0    1    1   -0.018053    0.000000
    0    1    0    2    1   -0.009518    0.000000
    0    1    0    3    1    0.006946    0.000000
    0    1    0    1    2   -0.009518    0.000000
    0    1    0    2    2   -0.018053    0.000000
    0    1    0    3    2    0.006946    0.000000
    0    1    0    1    3    0.006946    0.000000
    0    1    0    2    3    0.006946    0.000000
    0    1    0    3    3    0.002113    0.000000
    0    1    1    1    1    0.000097    0.000000
    0    1    1    2    1    0.000000    0.000000
    0    1    1    3    1    0.000000    0.000000
    0    1    1    1    2    0.000000    0.000000
    0    1    1    2    2    0.000097    0.000000
    0    1    1    3    2    0.000000    0.000000
    0    1    1    1    3    0.000000    0.000000
    0    1    1    2    3    0.000000    0.000000
    0    1    1    3    3   -0.002136    0.000000
    0    1    2    1    1   -0.000041    0.000000
    0    1    2    2    1   -0.000012    0.000000
    0    1    2    3    1   -0.000008    0.000000
    0    1    2    1    2   -0.000012    0.000000
    0    1    2    2    2   -0.000041    0.000000
    0    1    2    3    2   -0.000008    0.000000
    0    1    2    1    3   -0.000008    0.000000
    0    1    2    2    3   -0.000008    0.000000
    0    1    2    3    3   -0.000013    0.000000
    0    1    3    1    1   -0.000003    0.000000
    0    1    3    2    1   -0.000003    0.000000
    0    1    3    3    1   -0.000001    0.000000
    0    1    3    1    2   -0.000003    0.000000
    0    1    3    2    2   -0.000003    0.000000
    0    1    3    3    2   -0.000001    0.000000
    0    1    3    1    3   -0.000001    0.000000
    0    1    3    2    3   -0.000001    0.000000
    0    1    3    3    3    0.000000    0.000000
    0    1    4    1    1   -0.000002    0.000000
    0    1    4    2    1   -0.000005    0.000000
    0    1    4    3    1    0.000000    0.000000
    0    1    4    1    2   -0.000005    0.000000
    0    1    4    2    2   -0.000002    0.000000
    0    1    4    3    2    0.000000    0.000000
    0    1    4    1    3    0.000000    0.000000
    0    1    4    2    3    0.000000    0.000000
    0    1    4    3    3    0.000000    0.000000
    0    2   -6    1    1    0.000000    0.000000
    0    2   -6    2    1   -0.000001    0.000000
    0    2   -6    3    1   -0.000001    0.000000
    0    2   -6    1    2   -0.000001    0.000000
    0    2   -6    2    2    0.000000    0.000000
    0    2   -6    3    2   -0.000001    0.000000
    0    2   -6    1    3   -0.000001    0.000000
    0    2   -6    2    3   -0.000001    0.000000
    0    2   -6    3    3    0.000000    0.000000
    0    2   -5    1    1   -0.000002    0.000000
    0    2   -5    2    1   -0.000008    0.000000
    0    2   -5    3    1   -0.000001    0.000000
    0    2   -5    1    2   -0.000008    0.000000
    0    2   -5    2    2   -0.000002    0.000000
    0    2   -5    3    2   -0.000001    0.000000
    0    2   -5    1    3   -0.000001    0.000000
    0    2   -5    2    3   -0.000001    0.000000
    0    2   -5    3    3   -0.000002    0.000000
    0    2   -4    1    1   -0.000029    0.000000
    0    2   -4    2    1   -0.000014    0.000000
    0    2   -4    3    1    0.000003    0.000000
    0    2   -4    1    2   -0.000014    0.000000
    0    2   -4    2    2   -0.000029    0.000000
    0    2   -4    3    2    0.000003    0.000000
    0    2   -4    1    3    0.000003    0.000000
    0    2   -4    2    3    0.000003    0.000000
    0    2   -4    3    3   -0.000044    0.000000
    0    2   -3    1    1    0.000005    0.000000
    0    2   -3    2    1   -0.000121    0.000000
    0    2   -3    3    1   -0.000274    0.000000
    0    2   -3    1    2   -0.000121    0.000000
    0    2   -3    2    2    0.000005    0.000000
    0    2   -3    3    2   -0.000274    0.000000
    0    2   -3    1    3   -0.000274    0.000000
    0    2   -3    2    3   -0.000274    0.000000
    0    2   -3    3    3   -0.000004    0.000000
    0    2   -2    1    1    0.000771    0.000000
    0    2   -2    2    1    0.002100    0.000000
    0    2   -2    3    1    0.000000    0.000000
    0    2   -2    1    2    0.002100    0.000000
    0    2   -2    2    2    0.000771    0.000000
    0    2   -2    3    2    0.000000    0.000000
    0    2   -2    1    3    0.000000    0.000000
    0    2   -2    2    3    0.000000    0.000000
    0    2   -2    3    3   -0.013886    0.000000
    0    2   -1    1    1   -0.000426    0.000000
    0    2   -1    2    1   -0.003251    0.000000
    0    2   -1    3    1    0.001013    0.000000
    0    2   -1    1    2   -0.003251    0.000000
    0    2   -1    2    2   -0.000426    0.000000
    0    2   -1    3    2    0.001013    0.000000
    0    2   -1    1    3    0.001013    0.000000
    0    2   -1    2    3    0.001013    0.000000
    0    2   -1    3    3    0.000121    0.000000
    0    2    0    1    1   -0.000228    0.000000
    0    2    0    2    1   -0.000182    0.000000
    0    2    0    3    1   -0.000024    0.000000
    0    2    0    1    2   -0.000182    0.000000
    0    2    0    2    2   -0.000228    0.000000
    0    2    0    3    2   -0.000024    0.000000
    0    2    0    1    3   -0.000024    0.000000
    0    2    0    2    3   -0.000024    0.000000
    0    2    0    3    3   -0.000349    0.000000
    0    2    1    1    1   -0.000041    0.000000
    0    2    1    2    1   -0.000012    0.000000
    0    2    1    3    1    0.000008    0.000000
    0    2    1    1    2   -0.000012    0.000000
    0    2    1    2    2   -0.000041    0.000000
    0    2    1    3    2    0.000008    0.000000
    0    2    1    1    3    0.000008    0.000000
    0    2    1    2    3    0.000008    0.000000
    0    2    1    3    3   -0.000013    0.000000
    0    2    2    1    1   -0.000005    0.000000
    0    2    2    2    1    0.000000    0.000000
    0    2    2    3    1    0.000000    0.000000
    0    2    2    1    2    0.000000    0.000000
    0    2    2    2    2   -0.000005    0.000000
    0    2    2    3    2    0.000000    0.000000
    0    2    2    1    3    0.000000    0.000000
    0    2    2    2    3    0.000000    0.000000
    0    2    2    3    3   -0.000003    0.000000
    0    2    3    1    1   -0.000001    0.000000
    0    2    3    2    1    0.000001    0.000000
    0    2    3    3    1    0.000000    0.000000
    0    2    3    1    2    0.000001    0.000000
    0    2    3    2    2   -0.000001    0.000000
    0    2    3    3    2    0.000000    0.000000
    0    2    3    1    3    0.000000    0.000000
    0    2    3    2    3    0.000000    0.000000
    0    2    3    3    3    0.000000    0.000000
    0    3   -6    1    1    0.000000    0.000000
    0    3   -6    2    1    0.000001    0.000000
    0    3   -6    3    1    0.000000    0.000000
    0    3   -6    1    2    0.000001    0.000000
    0    3   -6    2    2    0.000000    0.000000
    0    3   -6    3    2    0.000000    0.000000
    0    3   -6    1    3    0.000000    0.000000
    0    3   -6    2    3    0.000000    0.000000
    0    3   -6    3    3    0.000001    0.000000
    0    3   -5    1    1    0.000000    0.000000
    0    3   -5    2    1   -0.000001    0.000000
    0    3   -5    3    1   -0.000003    0.000000
    0    3   -5    1    2   -0.000001    0.000000
    0    3   -5    2    2    0.000000    0.000000
    0    3   -5    3    2   -0.000003    0.000000
    0    3   -5    1    3   -0.000003    0.000000
    0    3   -5    2    3   -0.000003    0.000000
    0    3   -5    3    3   -0.000006    0.000000
    0    3   -4    1    1    0.000017    0.000000
    0    3   -4    2    1    0.000010    0.000000
    0    3   -4    3    1   -0.000061    0.000000
    0    3   -4    1    2    0.000010    0.000000
    0    3   -4    2    2    0.000017    0.000000
    0    3   -4    3    2   -0.000061    0.000000
    0    3   -4    1    3   -0.000061    0.000000
    0    3   -4    2    3   -0.000061    0.000000
    0    3   -4    3    3   -0.000009    0.000000
    0    3   -3    1    1    0.000000    0.000000
    0    3   -3    2    1    0.000177    0.000000
    0    3   -3    3    1    0.000000    0.000000
    0    3   -3    1    2    0.000177    0.000000
    0    3   -3    2    2    0.000000    0.000000
    0    3   -3    3    2    0.000000    0.000000
    0    3   -3    1    3    0.000000    0.000000
    0    3   -3    2    3    0.000000    0.000000
    0    3   -3    3    3   -0.003484    0.000000
    0    3   -2    1    1    0.000005    0.000000
    0    3   -2    2    1   -0.000121    0.000000
    0    3   -2    3    1    0.000274    0.000000
    0    3   -2    1    2   -0.000121    0.000000
    0    3   -2    2    2    0.000005    0.000000
    0    3   -2    3    2    0.000274    0.000000
    0    3   -2    1    3    0.000274    0.000000
    0    3   -2    2    3    0.000274    0.000000
    0    3   -2    3    3   -0.000004    0.000000
    0    3   -1    1    1   -0.000080    0.000000
    0    3   -1    2    1   -0.000157    0.000000
    0    3   -1    3    1   -0.000025    0.000000
    0    3   -1    1    2   -0.000157    0.000000
    0    3   -1    2    2   -0.000080    0.000000
    0    3   -1    3    2   -0.000025    0.000000
    0    3   -1    1    3   -0.000025    0.000000
    0    3   -1    2    3   -0.000025    0.000000
    0    3   -1    3    3   -0.000111    0.000000
    0    3    0    1    1   -0.000017    0.000000
    0    3    0    2    1   -0.000032    0.000000
    0    3    0    3    1    0.000006    0.000000
    0    3    0    1    2   -0.000032    0.000000
    0    3    0    2    2   -0.000017    0.000000
    0    3    0    3    2    0.000006    0.000000
    0    3    0    1    3    0.000006    0.000000
    0    3    0    2    3    0.000006    0.000000
    0    3    0    3    3   -0.000013    0.000000
    0    3    1    1    1   -0.000003    0.000000
    0    3    1    2    1   -0.000003    0.000000
    0    3    1    3    1    0.000001    0.000000
    0    3    1    1    2   -0.000003    0.000000
    0    3    1    2    2   -0.000003    0.000000
    0    3    1    3    2    0.000001    0.000000
    0    3    1    1    3    0.000001    0.000000
    0    3    1    2    3    0.000001    0.000000
    0    3    1    3    3    0.000000    0.000000
    0    3    2    1    1   -0.000001    0.000000
    0    3    2    2    1    0.000001    0.000000
    0    3    2    3    1    0.000000    0.000000
    0    3    2    1    2    0.000001    0.000000
    0    3    2    2    2   -0.000001    0.000000
    0    3    2    3    2    0.000000    0.000000
    0    3    2    1    3    0.000000    0.000000
    0    3    2    2    3    0.000000    0.000000
    0    3    2    3    3    0.000000    0.000000
    0    4   -6    1    1    0.000000    0.000000
    0    4   -6    2    1    0.000000    0.000000
    0    4   -6    3    1    0.000000    0.000000
    0    4   -6    1    2    0.000000    0.000000
    0    4   -6    2    2    0.000000    0.000000
    0    4   -6    3    2    0.000000    0.000000
    0    4   -6    1    3    0.000000    0.000000
    0    4   -6    2    3    0.000000    0.000000
    0    4   -6    3    3    0.000001    0.000000
    0    4   -5    1    1    0.000001    0.000000
    0    4   -5    2    1   -0.000003    0.000000
    0    4   -5    3    1   -0.000003    0.000000
    0    4   -5    1    2   -0.000003    0.000000
    0    4   -5    2    2    0.000001    0.000000
    0    4   -5    3    2   -0.000003    0.000000
    0    4   -5    1    3   -0.000003    0.000000
    0    4   -5    2    3   -0.000003    0.000000
    0    4   -5    3    3   -0.000048    0.000000
    0    4   -4    1    1   -0.000001    0.000000
    0    4   -4    2    1    0.000018    0.000000
    0    4   -4    3    1    0.000000    0.000000
    0    4   -4    1    2    0.000018    0.000000
    0    4   -4    2    2   -0.000001    0.000000
    0    4   -4    3    2    0.000000    0.000000
    0    4   -4    1    3    0.000000    0.000000
    0    4   -4    2    3    0.000000    0.000000
    0    4   -4    3    3   -0.001875    0.000000
    0    4   -3    1    1    0.000017    0.000000
    0    4   -3    2    1    0.000010    0.000000
    0    4   -3    3    1    0.000061    0.000000
    0    4   -3    1    2    0.000010    0.000000
    0    4   -3    2    2    0.000017    0.000000
    0    4   -3    3    2    0.000061    0.000000
    0    4   -3    1    3    0.000061    0.000000
    0    4   -3    2    3    0.000061    0.000000
    0    4   -3    3    3   -0.000009    0.000000
    0    4   -2    1    1   -0.000029    0.000000
    0    4   -2    2    1   -0.000014    0.000000
    0    4   -2    3    1   -0.000003    0.000000
    0    4   -2    1    2   -0.000014    0.000000
    0    4   -2    2    2   -0.000029    0.000000
    0    4   -2    3    2   -0.000003    0.000000
    0    4   -2    1    3   -0.000003    0.000000
    0    4   -2    2    3   -0.000003    0.000000
    0    4   -2    3    3   -0.000044    0.000000
    0    4   -1    1    1   -0.000007    0.000000
    0    4   -1    2    1   -0.000008    0.000000
    0    4   -1    3    1    0.000002    0.000000
    0    4   -1    1    2   -0.000008    0.000000
    0    4   -1    2    2   -0.000007    0.000000
    0    4   -1    3    2    0.000002    0.000000
    0    4   -1    1    3    0.000002    0.000000
    0    4   -1    2    3    0.000002    0.000000
    0    4   -1    3    3   -0.000006    0.000000
    0    4    0    1    1   -0.000002    0.000000
    0    4    0    2    1   -0.000005    0.000000
    0    4    0    3    1   -0.000001    0.000000
    0    4    0    1    2   -0.000005    0.000000
    0    4    0    2    2   -0.000002    0.000000
    0    4    0    3    2   -0.000001    0.000000
    0    4    0    1    3   -0.000001    0.000000
    0    4    0    2    3   -0.000001    0.000000
    0    4    0    3    3   -0.000001    0.000000
    0    4    1    1    1   -0.000002    0.000000
    0    4    1    2    1   -0.000005    0.000000
    0    4    1    3    1    0.000000    0.000000
    0    4    1    1    2   -0.000005    0.000000
    0    4    1    2    2   -0.000002    0.000000
    0    4    1    3    2    0.000000    0.000000
    0    4    1    1    3    0.000000    0.000000
    0    4    1    2    3    0.000000    0.000000
    0    4    1    3    3    0.000000    0.000000
    0    5   -5    1    1    0.000003    0.000000
    0    5   -5    2    1    0.000000    0.000000
    0    5   -5    3    1    0.000000    0.000000
    0    5   -5    1    2    0.000000    0.000000
    0    5   -5    2    2    0.000003    0.000000
    0    5   -5    3    2    0.000000    0.000000
    0    5   -5    1    3    0.000000    0.000000
    0    5   -5    2    3    0.000000    0.000000
    0    5   -5    3    3   -0.000410    0.000000
    0    5   -4    1    1    0.000001    0.000000
    0    5   -4    2    1   -0.000003    0.000000
    0    5   -4    3    1    0.000003    0.000000
    0    5   -4    1    2   -0.000003    0.000000
    0    5   -4    2    2    0.000001    0.000000
    0    5   -4    3    2    0.000003    0.000000
    0    5   -4    1    3    0.000003    0.000000
    0    5   -4    2    3    0.000003    0.000000
    0    5   -4    3    3   -0.000048    0.000000
    0    5   -3    1    1    0.000000    0.000000
    0    5   -3    2    1   -0.000001    0.000000
    0    5   -3    3    1    0.000003    0.000000
    0    5   -3    1    2   -0.000001    0.000000
    0    5   -3    2    2    0.000000    0.000000
    0    5   -3    3    2    0.000003    0.000000
    0    5   -3    1    3    0.000003    0.000000
    0    5   -3    2    3    0.000003    0.000000
    0    5   -3    3    3   -0.000006    0.000000
    0    5   -2    1    1   -0.000002    0.000000
    0    5   -2    2    1   -0.000008    0.000000
    0    5   -2    3    1    0.000001    0.000000
    0    5   -2    1    2   -0.000008    0.000000
    0    5   -2    2    2   -0.000002    0.000000
    0    5   -2    3    2    0.000001    0.000000
    0    5   -2    1    3    0.000001    0.000000
    0    5   -2    2    3    0.000001    0.000000
    0    5   -2    3    3   -0.000002    0.000000
    0    5   -1    1    1   -0.000002    0.000000
    0    5   -1    2    1   -0.000003    0.000000
    0    5   -1    3    1    0.000001    0.000000
    0    5   -1    1    2   -0.000003    0.000000
    0    5   -1    2    2   -0.000002    0.000000
    0    5   -1    3    2    0.000001    0.000000
    0    5   -1    1    3    0.000001    0.000000
    0    5   -1    2    3    0.000001    0.000000
    0    5   -1    3    3    0.000000    0.000000
    0    5    0    1    1   -0.000001    0.000000
    0    5    0    2    1    0.000002    0.000000
    0    5    0    3    1    0.000000    0.000000
    0    5    0    1    2    0.000002    0.000000
    0    5    0    2    2   -0.000001    0.000000
    0    5    0    3    2    0.000000    0.000000
    0    5    0    1    3    0.000000    0.000000
    0    5    0    2    3    0.000000    0.000000
    0    5    0    3    3    0.000000    0.000000
    0    6   -4    1    1    0.000000    0.000000
    0    6   -4    2    1    0.000000    0.000000
    0    6   -4    3    1    0.000000    0.000000
    0    6   -4    1    2    0.000000    0.000000
    0    6   -4    2    2    0.000000    0.000000
    0    6   -4    3    2    0.000000    0.000000
    0    6   -4    1    3    0.000000    0.000000
    0    6   -4    2    3    0.000000    0.000000
    0    6   -4    3    3    0.000001    0.000000
    0    6   -3    1    1    0.000000    0.000000
    0    6   -3    2    1    0.000001    0.000000
    0    6   -3    3    1    0.000000    0.000000
    0    6   -3    1    2    0.000001    0.000000
    0    6   -3    2    2    0.000000    0.000000
    0    6   -3    3    2    0.000000    0.000000
    0    6   -3    1    3    0.000000    0.000000
    0    6   -3    2    3    0.000000    0.000000
    0    6   -3    3    3    0.000001    0.000000
    0    6   -2    1    1    0.000000    0.000000
    0    6   -2    2    1   -0.000001    0.000000
    0    6   -2    3    1    0.000001    0.000000
    0    6   -2    1    2   -0.000001    0.000000
    0    6   -2    2    2    0.000000    0.000000
    0    6   -2    3    2    0.000001    0.000000
    0    6   -2    1    3    0.000001    0.000000
    0    6   -2    2    3    0.000001    0.000000
    0    6   -2    3    3    0.000000    0.000000
    1   -6    1    1    1   -0.000001    0.000000
    1   -6    1    2    1    0.000000    0.000000
    1   -6    1    3    1    0.000000    0.000000
    1   -6    1    1    2    0.000000    0.000000
    1   -6    1    2    2   -0.000001    0.000000
    1   -6    1    3    2   -0.000001    0.000000
    1   -6    1    1    3    0.000000    0.000000
    1   -6    1    2    3   -0.000001    0.000000
    1   -6    1    3    3    0.000000    0.000000
    1   -6    2    1    1   -0.000001    0.000000
    1   -6    2    2    1    0.000002    0.000000
    1   -6    2    3    1    0.000000    0.000000
    1   -6    2    1    2    0.000002    0.000000
    1   -6    2    2    2   -0.000002    0.000000
    1   -6    2    3    2    0.000001    0.000000
    1   -6    2    1    3    0.000000    0.000000
    1   -6    2    2    3    0.000001    0.000000
    1   -6    2    3    3    0.000000    0.000000
    1   -6    3    1    1    0.000000    0.000000
    1   -6    3    2    1    0.000000    0.000000
    1   -6    3    3    1    0.000000    0.000000
    1   -6    3    1    2    0.000000    0.000000
    1   -6    3    2    2   -0.000001    0.000000
    1   -6    3    3    2    0.000004    0.000000
    1   -6    3    1    3    0.000000    0.000000
    1   -6    3    2    3    0.000004    0.000000
    1   -6    3    3    3   -0.000001    0.000000
    1   -5   -1    1    1    0.000001    0.000000
    1   -5   -1    2    1   -0.000001    0.000000
    1   -5   -1    3    1    0.000000    0.000000
    1   -5   -1    1    2   -0.000001    0.000000
    1   -5   -1    2    2    0.000001    0.000000
    1   -5   -1    3    2    0.000000    0.000000
    1   -5   -1    1    3    0.000000    0.000000
    1   -5   -1    2    3    0.000000    0.000000
    1   -5   -1    3    3    0.000000    0.000000
    1   -5    0    1    1    0.000000    0.000000
    1   -5    0    2    1   -0.000001    0.000000
    1   -5    0    3    1    0.000001    0.000000
    1   -5    0    1    2   -0.000001    0.000000
    1   -5    0    2    2   -0.000002    0.000000
    1   -5    0    3    2   -0.000001    0.000000
    1   -5    0    1    3    0.000001    0.000000
    1   -5    0    2    3   -0.000001    0.000000
    1   -5    0    3    3   -0.000001    0.000000
    1   -5    1    1    1   -0.000005    0.000000
    1   -5    1    2    1   -0.000004    0.000000
    1   -5    1    3    1    0.000000    0.000000
    1   -5    1    1    2   -0.000004    0.000000
    1   -5    1    2    2   -0.000007    0.000000
    1   -5    1    3    2    0.000000    0.000000
    1   -5    1    1    3    0.000000    0.000000
    1   -5    1    2    3    0.000000    0.000000
    1   -5    1    3    3   -0.000003    0.000000
    1   -5    2    1    1   -0.000005    0.000000
    1   -5    2    2    1   -0.000006    0.000000
    1   -5    2    3    1    0.000001    0.000000
    1   -5    2    1    2   -0.000006    0.000000
    1   -5    2    2    2   -0.000003    0.000000
    1   -5    2    3    2    0.000011    0.000000
    1   -5    2    1    3    0.000001    0.000000
    1   -5    2    2    3    0.000011    0.000000
    1   -5    2    3    3   -0.000010    0.000000
    1   -5    3    1    1    0.000006    0.000000
    1   -5    3    2    1   -0.000011    0.000000
    1   -5    3    3    1    0.000024    0.000000
    1   -5    3    1    2   -0.000011    0.000000
    1   -5    3    2    2   -0.000007    0.000000
    1   -5    3    3    2    0.000010    0.000000
    1   -5    3    1    3    0.000024    0.000000
    1   -5    3    2    3    0.000010    0.000000
    1   -5    3    3    3   -0.000028    0.000000
    1   -5    4    1    1   -0.000006    0.000000
    1   -5    4    2    1    0.000000    0.000000
    1   -5    4    3    1    0.000000    0.000000
    1   -5    4    1    2    0.000000    0.000000
    1   -5    4    2    2    0.000006    0.000000
    1   -5    4    3    2    0.000000    0.000000
    1   -5    4    1    3    0.000000    0.000000
    1   -5    4    2    3    0.000000    0.000000
    1   -5    4    3    3   -0.000852    0.000000
    1   -4   -2    1    1    0.000000    0.000000
    1   -4   -2    2    1    0.000001    0.000000
    1   -4   -2    3    1    0.000000    0.000000
    1   -4   -2    1    2    0.000001    0.000000
    1   -4   -2    2    2    0.000000    0.000000
    1   -4   -2    3    2    0.000000    0.000000
    1   -4   -2    1    3    0.000000    0.000000
    1   -4   -2    2    3    0.000000    0.000000
    1   -4   -2    3    3    0.000000    0.000000
    1   -4   -1    1    1    0.000000    0.000000
    1   -4   -1    2    1   -0.000003    0.000000
    1   -4   -1    3    1    0.000003    0.000000
    1   -4   -1    1    2   -0.000003    0.000000
    1   -4   -1    2    2   -0.000005    0.000000
    1   -4   -1    3    2    0.000001    0.000000
    1   -4   -1    1    3    0.000003    0.000000
    1   -4   -1    2    3    0.000001    0.000000
    1   -4   -1    3    3    0.000000    0.000000
    1   -4    0    1    1   -0.000004    0.000000
    1   -4    0    2    1   -0.000022    0.000000
    1   -4    0    3    1    0.000003    0.000000
    1   -4    0    1    2   -0.000022    0.000000
    1   -4    0    2    2   -0.000016    0.000000
    1   -4    0    3    2   -0.000001    0.000000
    1   -4    0    1    3    0.000003    0.000000
    1   -4    0    2    3   -0.000001    0.000000
    1   -4    0    3    3   -0.000004    0.000000
    1   -4    1    1    1   -0.000031    0.000000
    1   -4    1    2    1   -0.000047    0.000000
    1   -4    1    3    1    0.000001    0.000000
    1   -4    1    1    2   -0.000047    0.000000
    1   -4    1    2    2   -0.000040    0.000000
    1   -4    1    3    2   -0.000004    0.000000
    1   -4    1    1    3    0.000001    0.000000
    1   -4    1    2    3   -0.000004    0.000000
    1   -4    1    3    3   -0.000039    0.000000
    1   -4    2    1    1    0.000052    0.000000
    1   -4    2    2    1    0.000022    0.000000
    1   -4    2    3    1    0.000146    0.000000
    1   -4    2    1    2    0.000022    0.000000
    1   -4    2    2    2   -0.000050    0.000000
    1   -4    2    3    2    0.000112    0.000000
    1   -4    2    1    3    0.000146    0.000000
    1   -4    2    2    3    0.000112    0.000000
    1   -4    2    3    3    0.000004    0.000000
    1   -4    3    1    1   -0.000017    0.000000
    1   -4    3    2    1    0.000017    0.000000
    1   -4    3    3    1    0.000000    0.000000
    1   -4    3    1    2    0.000017    0.000000
    1   -4    3    2    2    0.000049    0.000000
    1   -4    3    3    2    0.000000    0.000000
    1   -4    3    1    3    0.000000    0.000000
    1   -4    3    2    3    0.000000    0.000000
    1   -4    3    3    3   -0.002225    0.000000
    1   -4    4    1    1    0.000006    0.000000
    1   -4    4    2    1   -0.000011    0.000000
    1   -4    4    3    1   -0.000024    0.000000
    1   -4    4    1    2   -0.000011    0.000000
    1   -4    4    2    2   -0.000007    0.000000
    1   -4    4    3    2   -0.000010    0.000000
    1   -4    4    1    3   -0.000024    0.000000
    1   -4    4    2    3   -0.000010    0.000000
    1   -4    4    3    3   -0.000028    0.000000
    1   -4    5    1    1    0.000000    0.000000
    1   -4    5    2    1    0.000000    0.000000
    1   -4    5    3    1    0.000000    0.000000
    1   -4    5    1    2    0.000000    0.000000
    1   -4    5    2    2   -0.000001    0.000000
    1   -4    5    3    2   -0.000004    0.000000
    1   -4    5    1    3    0.000000    0.000000
    1   -4    5    2    3   -0.000004    0.000000
    1   -4    5    3    3   -0.000001    0.000000
    1   -3   -3    1    1   -0.000001    0.000000
    1   -3   -3    2    1   -0.000001    0.000000
    1   -3   -3    3    1    0.000000    0.000000
    1   -3   -3    1    2   -0.000001    0.000000
    1   -3   -3    2    2   -0.000001    0.000000
    1   -3   -3    3    2    0.000000    0.000000
    1   -3   -3    1    3    0.000000    0.000000
    1   -3   -3    2    3    0.000000    0.000000
    1   -3   -3    3    3    0.000000    0.000000
    1   -3   -2    1    1   -0.000002    0.000000
    1   -3   -2    2    1    0.000000    0.000000
    1   -3   -2    3    1    0.000004    0.000000
    1   -3   -2    1    2    0.000000    0.000000
    1   -3   -2    2    2   -0.000003    0.000000
    1   -3   -2    3    2    0.000000    0.000000
    1   -3   -2    1    3    0.000004    0.000000
    1   -3   -2    2    3    0.000000    0.000000
    1   -3   -2    3    3    0.000000    0.000000
    1   -3   -1    1    1   -0.000007    0.000000
    1   -3   -1    2    1   -0.000007    0.000000
    1   -3   -1    3    1    0.000022    0.000000
    1   -3   -1    1    2   -0.000007    0.000000
    1   -3   -1    2    2   -0.000032    0.000000
    1   -3   -1    3    2    0.000012    0.000000
    1   -3   -1    1    3    0.000022    0.000000
    1   -3   -1    2    3    0.000012    0.000000
    1   -3   -1    3    3    0.000016    0.000000
    1   -3    0    1    1   -0.000023    0.000000
    1   -3    0    2    1   -0.000209    0.000000
    1   -3    0    3    1    0.000031    0.000000
    1   -3    0    1    2   -0.000209    0.000000
    1   -3    0    2    2   -0.000155    0.000000
    1   -3    0    3    2   -0.000072    0.000000
    1   -3    0    1    3    0.000031    0.000000
    1   -3    0    2    3   -0.000072    0.000000
    1   -3    0    3    3   -0.000085    0.000000
    1   -3    1    1    1    0.000118    0.000000
    1   -3    1    2    1   -0.000371    0.000000
    1   -3    1    3    1    0.000477    0.000000
    1   -3    1    1    2   -0.000371    0.000000
    1   -3    1    2    2   -0.000513    0.000000
    1   -3    1    3    2    0.000326    0.000000
    1   -3    1    1    3    0.000477    0.000000
    1   -3    1    2    3    0.000326    0.000000
    1   -3    1    3    3    0.000066    0.000000
    1   -3    2    1    1   -0.000101    0.000000
    1   -3    2    2    1    0.000372    0.000000
    1   -3    2    3    1    0.000000    0.000000
    1   -3    2    1    2    0.000372    0.000000
    1   -3    2    2    2    0.000661    0.000000
    1   -3    2    3    2    0.000000    0.000000
    1   -3    2    1    3    0.000000    0.000000
    1   -3    2    2    3    0.000000    0.000000
    1   -3    2    3    3   -0.005154    0.000000
    1   -3    3    1    1    0.000052    0.000000
    1   -3    3    2    1    0.000022    0.000000
    1   -3    3    3    1   -0.000146    0.000000
    1   -3    3    1    2    0.000022    0.000000
    1   -3    3    2    2   -0.000050    0.000000
    1   -3    3    3    2   -0.000112    0.000000
    1   -3    3    1    3   -0.000146    0.000000
    1   -3    3    2    3   -0.000112    0.000000
    1   -3    3    3    3    0.000004    0.000000
    1   -3    4    1    1   -0.000005    0.000000
    1   -3    4    2    1   -0.000006    0.000000
    1   -3    4    3    1   -0.000001    0.000000
    1   -3    4    1    2   -0.000006    0.000000
    1   -3    4    2    2   -0.000003    0.000000
    1   -3    4    3    2   -0.000011    0.000000
    1   -3    4    1    3   -0.000001    0.000000
    1   -3    4    2    3   -0.000011    0.000000
    1   -3    4    3    3   -0.000010    0.000000
    1   -3    5    1    1   -0.000001    0.000000
    1   -3    5    2    1    0.000002    0.000000
    1   -3    5    3    1    0.000000    0.000000
    1   -3    5    1    2    0.000002    0.000000
    1   -3    5    2    2   -0.000002    0.000000
    1   -3    5    3    2   -0.000001    0.000000
    1   -3    5    1    3    0.000000    0.000000
    1   -3    5    2    3   -0.000001    0.000000
    1   -3    5    3    3    0.000000    0.000000
    1   -2   -4    1    1    0.000000    0.000000
    1   -2   -4    2    1    0.000001    0.000000
    1   -2   -4    3    1    0.000000    0.000000
    1   -2   -4    1    2    0.000001    0.000000
    1   -2   -4    2    2    0.000000    0.000000
    1   -2   -4    3    2    0.000000    0.000000
    1   -2   -4    1    3    0.000000    0.000000
    1   -2   -4    2    3    0.000000    0.000000
    1   -2   -4    3    3    0.000000    0.000000
    1   -2   -3    1    1   -0.000003    0.000000
    1   -2   -3    2    1    0.000000    0.000000
    1   -2   -3    3    1    0.000000    0.000000
    1   -2   -3    1    2    0.000000    0.000000
    1   -2   -3    2    2   -0.000002    0.000000
    1   -2   -3    3    2   -0.000004    0.000000
    1   -2   -3    1    3    0.000000    0.000000
    1   -2   -3    2    3   -0.000004    0.000000
    1   -2   -3    3    3    0.000000    0.000000
    1   -2   -2    1    1   -0.000041    0.000000
    1   -2   -2    2    1    0.000012    0.000000
    1   -2   -2    3    1    0.000008    0.000000
    1   -2   -2    1    2    0.000012    0.000000
    1   -2   -2    2    2   -0.000041    0.000000
    1   -2   -2    3    2   -0.000008    0.000000
    1   -2   -2    1    3    0.000008    0.000000
    1   -2   -2    2    3   -0.000008    0.000000
    1   -2   -2    3    3   -0.000013    0.000000
    1   -2   -1    1    1   -0.000259    0.000000
    1   -2   -1    2    1    0.000000    0.000000
    1   -2   -1    3    1    0.000779    0.000000
    1   -2   -1    1    2    0.000000    0.000000
    1   -2   -1    2    2   -0.001003    0.000000
    1   -2   -1    3    2    0.000000    0.000000
    1   -2   -1    1    3    0.000779    0.000000
    1   -2   -1    2    3    0.000000    0.000000
    1   -2   -1    3    3    0.000814    0.000000
    1   -2    0    1    1    0.000319    0.000000
    1   -2    0    2    1   -0.004195    0.000000
    1   -2    0    3    1    0.001455    0.000000
    1   -2    0    1    2   -0.004195    0.000000
    1   -2    0    2    2   -0.005973    0.000000
    1   -2    0    3    2    0.000820    0.000000
    1   -2    0    1    3    0.001455    0.000000
    1   -2    0    2    3    0.000820    0.000000
    1   -2    0    3    3   -0.000501    0.000000
    1   -2    1    1    1   -0.000251    0.000000
    1   -2    1    2    1    0.001208    0.000000
    1   -2    1    3    1    0.000000    0.000000
    1   -2    1    1    2    0.001208    0.000000
    1   -2    1    2    2    0.013520    0.000000
    1   -2    1    3    2    0.000000    0.000000
    1   -2    1    1    3    0.000000    0.000000
    1   -2    1    2    3    0.000000    0.000000
    1   -2    1    3    3   -0.020289    0.000000
    1   -2    2    1    1    0.000118    0.000000
    1   -2    2    2    1   -0.000371    0.000000
    1   -2    2    3    1   -0.000477    0.000000
    1   -2    2    1    2   -0.000371    0.000000
    1   -2    2    2    2   -0.000513    0.000000
    1   -2    2    3    2   -0.000326    0.000000
    1   -2    2    1    3   -0.000477    0.000000
    1   -2    2    2    3   -0.000326    0.000000
    1   -2    2    3    3    0.000066    0.000000
    1   -2    3    1    1   -0.000031    0.000000
    1   -2    3    2    1   -0.000047    0.000000
    1   -2    3    3    1   -0.000001    0.000000
    1   -2    3    1    2   -0.000047    0.000000
    1   -2    3    2    2   -0.000040    0.000000
    1   -2    3    3    2    0.000004    0.000000
    1   -2    3    1    3   -0.000001    0.000000
    1   -2    3    2    3    0.000004    0.000000
    1   -2    3    3    3   -0.000039    0.000000
    1   -2    4    1    1   -0.000005    0.000000
    1   -2    4    2    1   -0.000004    0.000000
    1   -2    4    3    1    0.000000    0.000000
    1   -2    4    1    2   -0.000004    0.000000
    1   -2    4    2    2   -0.000007    0.000000
    1   -2    4    3    2    0.000000    0.000000
    1   -2    4    1    3    0.000000    0.000000
    1   -2    4    2    3    0.000000    0.000000
    1   -2    4    3    3   -0.000003    0.000000
    1   -2    5    1    1   -0.000001    0.000000
    1   -2    5    2    1    0.000000    0.000000
    1   -2    5    3    1    0.000000    0.000000
    1   -2    5    1    2    0.000000    0.000000
    1   -2    5    2    2   -0.000001    0.000000
    1   -2    5    3    2    0.000001    0.000000
    1   -2    5    1    3    0.000000    0.000000
    1   -2    5    2    3    0.000001    0.000000
    1   -2    5    3    3    0.000000    0.000000
    1   -1   -5    1    1    0.000001    0.000000
    1   -1   -5    2    1   -0.000001    0.000000
    1   -1   -5    3    1    0.000000    0.000000
    1   -1   -5    1    2   -0.000001    0.000000
    1   -1   -5    2    2    0.000001    0.000000
    1   -1   -5    3    2    0.000000    0.000000
    1   -1   -5    1    3    0.000000    0.000000
    1   -1   -5    2    3    0.000000    0.000000
    1   -1   -5    3    3    0.000000    0.000000
    1   -1   -4    1    1   -0.000005    0.000000
    1   -1   -4    2    1   -0.000003    0.000000
    1   -1   -4    3    1   -0.000001    0.000000
    1   -1   -4    1    2   -0.000003    0.000000
    1   -1   -4    2    2    0.000000    0.000000
    1   -1   -4    3    2   -0.000003    0.000000
    1   -1   -4    1    3   -0.000001    0.000000
    1   -1   -4    2    3   -0.000003    0.000000
    1   -1   -4    3    3    0.000000    0.000000
    1   -1   -3    1    1   -0.000032    0.000000
    1   -1   -3    2    1   -0.000007    0.000000
    1   -1   -3    3    1   -0.000012    0.000000
    1   -1   -3    1    2   -0.000007    0.000000
    1   -1   -3    2    2   -0.000007    0.000000
    1   -1   -3    3    2   -0.000022    0.000000
    1   -1   -3    1    3   -0.000012    0.000000
    1   -1   -3    2    3   -0.000022    0.000000
    1   -1   -3    3    3    0.000016    0.000000
    1   -1   -2    1    1   -0.001003    0.000000
    1   -1   -2    2    1    0.000000    0.000000
    1   -1   -2    3    1    0.000000    0.000000
    1   -1   -2    1    2    0.000000    0.000000
    1   -1   -2    2    2   -0.000259    0.000000
    1   -1   -2    3    2   -0.000779    0.000000
    1   -1   -2    1    3    0.000000    0.000000
    1   -1   -2    2    3   -0.000779    0.000000
    1   -1   -2    3    3    0.000814    0.000000
    1   -1   -1    1    1   -0.018053    0.000000
    1   -1   -1    2    1    0.009518    0.000000
    1   -1   -1    3    1    0.006946    0.000000
    1   -1   -1    1    2    0.009518    0.000000
    1   -1   -1    2    2   -0.018053    0.000000
    1   -1   -1    3    2   -0.006946    0.000000
    1   -1   -1    1    3    0.006946    0.000000
    1   -1   -1    2    3   -0.006946    0.000000
    1   -1   -1    3    3    0.002113    0.000000
    1   -1    0    1    1   -0.042929    0.000000
    1   -1    0    2    1    0.000000    0.000000
    1   -1    0    3    1    0.000000    0.000000
    1   -1    0    1    2    0.000000    0.000000
    1   -1    0    2    2   -0.306728    0.000000
    1   -1    0    3    2    0.000000    0.000000
    1   -1    0    1    3    0.000000    0.000000
    1   -1    0    2    3    0.000000    0.000000
    1   -1    0    3    3   -0.371710    0.000000
    1   -1    1    1    1    0.000319    0.000000
    1   -1    1    2    1   -0.004195    0.000000
    1   -1    1    3    1   -0.001455    0.000000
    1   -1    1    1    2   -0.004195    0.000000
    1   -1    1    2    2   -0.005973    0.000000
    1   -1    1    3    2   -0.000820    0.000000
    1   -1    1    1    3   -0.001455    0.000000
    1   -1    1    2    3   -0.000820    0.000000
    1   -1    1    3    3   -0.000501    0.000000
    1   -1    2    1    1   -0.000023    0.000000
    1   -1    2    2    1   -0.000209    0.000000
    1   -1    2    3    1   -0.000031    0.000000
    1   -1    2    1    2   -0.000209    0.000000
    1   -1    2    2    2   -0.000155    0.000000
    1   -1    2    3    2    0.000072    0.000000
    1   -1    2    1    3   -0.000031    0.000000
    1   -1    2    2    3    0.000072    0.000000
    1   -1    2    3    3   -0.000085    0.000000
    1   -1    3    1    1   -0.000004    0.000000
    1   -1    3    2    1   -0.000022    0.000000
    1   -1    3    3    1   -0.000003    0.000000
    1   -1    3    1    2   -0.000022    0.000000
    1   -1    3    2    2   -0.000016    0.000000
    1   -1    3    3    2    0.000001    0.000000
    1   -1    3    1    3   -0.000003    0.000000
    1   -1    3    2    3    0.000001    0.000000
    1   -1    3    3    3   -0.000004    0.000000
    1   -1    4    1    1    0.000000    0.000000
    1   -1    4    2    1   -0.000001    0.000000
    1   -1    4    3    1   -0.000001    0.000000
    1   -1    4    1    2   -0.000001    0.000000
    1   -1    4    2    2   -0.000002    0.000000
    1   -1    4    3    2    0.000001    0.000000
    1   -1    4    1    3   -0.000001    0.000000
    1   -1    4    2    3    0.000001    0.000000
    1   -1    4    3    3   -0.000001    0.000000
    1    0   -5    1    1   -0.000002    0.000000
    1    0   -5    2    1   -0.000001    0.000000
    1    0   -5    3    1    0.000001    0.000000
    1    0   -5    1    2   -0.000001    0.000000
    1    0   -5    2    2    0.000000    0.000000
    1    0   -5    3    2   -0.000001    0.000000
    1    0   -5    1    3    0.000001    0.000000
    1    0   -5    2    3   -0.000001    0.000000
    1    0   -5    3    3   -0.000001    0.000000
    1    0   -4    1    1   -0.000016    0.000000
    1    0   -4    2    1   -0.000022    0.000000
    1    0   -4    3    1    0.000001    0.000000
    1    0   -4    1    2   -0.000022    0.000000
    1    0   -4    2    2   -0.000004    0.000000
    1    0   -4    3    2   -0.000003    0.000000
    1    0   -4    1    3    0.000001    0.000000
    1    0   -4    2    3   -0.000003    0.000000
    1    0   -4    3    3   -0.000004    0.000000
    1    0   -3    1    1   -0.000155    0.000000
    1    0   -3    2    1   -0.000209    0.000000
    1    0   -3    3    1    0.000072    0.000000
    1    0   -3    1    2   -0.000209    0.000000
    1    0   -3    2    2   -0.000023    0.000000
    1    0   -3    3    2   -0.000031    0.000000
    1    0   -3    1    3    0.000072    0.000000
    1    0   -3    2    3   -0.000031    0.000000
    1    0   -3    3    3   -0.000085    0.000000
    1    0   -2    1    1   -0.005973    0.000000
    1    0   -2    2    1   -0.004195    0.000000
    1    0   -2    3    1   -0.000820    0.000000
    1    0   -2    1    2   -0.004195    0.000000
    1    0   -2    2    2    0.000319    0.000000
    1    0   -2    3    2   -0.001455    0.000000
    1    0   -2    1    3   -0.000820    0.000000
    1    0   -2    2    3   -0.001455    0.000000
    1    0   -2    3    3   -0.000501    0.000000
    1    0   -1    1    1   -0.306728    0.000000
    1    0   -1    2    1    0.000000    0.000000
    1    0   -1    3    1    0.000000    0.000000
    1    0   -1    1    2    0.000000    0.000000
    1    0   -1    2    2   -0.042929    0.000000
    1    0   -1    3    2    0.000000    0.000000
    1    0   -1    1    3    0.000000    0.000000
    1    0   -1    2    3    0.000000    0.000000
    1    0   -1    3    3   -0.371710    0.000000
    1    0    0    1    1   -0.018053    0.000000
    1    0    0    2    1    0.009518    0.000000
    1    0    0    3    1   -0.006946    0.000000
    1    0    0    1    2    0.009518    0.000000
    1    0    0    2    2   -0.018053    0.000000
    1    0    0    3    2    0.006946    0.000000
    1    0    0    1    3   -0.006946    0.000000
    1    0    0    2    3    0.006946    0.000000
    1    0    0    3    3    0.002113    0.000000
    1    0    1    1    1   -0.000259    0.000000
    1    0    1    2    1    0.000000    0.000000
    1    0    1    3    1   -0.000779    0.000000
    1    0    1    1    2    0.000000    0.000000
    1    0    1    2    2   -0.001003    0.000000
    1    0    1    3    2    0.000000    0.000000
    1    0    1    1    3   -0.000779    0.000000
    1    0    1    2    3    0.000000    0.000000
    1    0    1    3    3    0.000814    0.000000
    1    0    2    1    1   -0.000007    0.000000
    1    0    2    2    1   -0.000007    0.000000
    1    0    2    3    1   -0.000022    0.000000
    1    0    2    1    2   -0.000007    0.000000
    1    0    2    2    2   -0.000032    0.000000
    1    0    2    3    2   -0.000012    0.000000
    1    0    2    1    3   -0.000022    0.000000
    1    0    2    2    3   -0.000012    0.000000
    1    0    2    3    3    0.000016    0.000000
    1    0    3    1    1    0.000000    0.000000
    1    0    3    2    1   -0.000003    0.000000
    1    0    3    3    1   -0.000003    0.000000
    1    0    3    1    2   -0.000003    0.000000
    1    0    3    2    2   -0.000005    0.000000
    1    0    3    3    2   -0.000001    0.000000
    1    0    3    1    3   -0.000003    0.000000
    1    0    3    2    3   -0.000001    0.000000
    1    0    3    3    3    0.000000    0.000000
    1    0    4    1    1    0.000001    0.000000
    1    0    4    2    1   -0.000001    0.000000
    1    0    4    3    1    0.000000    0.000000
    1    0    4    1    2   -0.000001    0.000000
    1    0    4    2    2    0.000001    0.000000
    1    0    4    3    2    0.000000    0.000000
    1    0    4    1    3    0.000000    0.000000
    1    0    4    2    3    0.000000    0.000000
    1    0    4    3    3    0.000000    0.000000
    1    1   -6    1    1   -0.000001    0.000000
    1    1   -6    2    1    0.000000    0.000000
    1    1   -6    3    1    0.000001    0.000000
    1    1   -6    1    2    0.000000    0.000000
    1    1   -6    2    2   -0.000001    0.000000
    1    1   -6    3    2    0.000000    0.000000
    1    1   -6    1    3    0.000001    0.000000
    1    1   -6    2    3    0.000000    0.000000
    1    1   -6    3    3    0.000000    0.000000
    1    1   -5    1    1   -0.000007    0.000000
    1    1   -5    2    1   -0.000004    0.000000
    1    1   -5    3    1    0.000000    0.000000
    1    1   -5    1    2   -0.000004    0.000000
    1    1   -5    2    2   -0.000005    0.000000
    1    1   -5    3    2    0.000000    0.000000
    1    1   -5    1    3    0.000000    0.000000
    1    1   -5    2    3    0.000000    0.000000
    1    1   -5    3    3   -0.000003    0.000000
    1    1   -4    1    1   -0.000040    0.000000
    1    1   -4    2    1   -0.000047    0.000000
    1    1   -4    3    1    0.000004    0.000000
    1    1   -4    1    2   -0.000047    0.000000
    1    1   -4    2    2   -0.000031    0.000000
    1    1   -4    3    2   -0.000001    0.000000
    1    1   -4    1    3    0.000004    0.000000
    1    1   -4    2    3   -0.000001    0.000000
    1    1   -4    3    3   -0.000039    0.000000
    1    1   -3    1    1   -0.000513    0.000000
    1    1   -3    2    1   -0.000371    0.000000
    1    1   -3    3    1   -0.000326    0.000000
    1    1   -3    1    2   -0.000371    0.000000
    1    1   -3    2    2    0.000118    0.000000
    1    1   -3    3    2   -0.000477    0.000000
    1    1   -3    1    3   -0.000326    0.000000
    1    1   -3    2    3   -0.000477    0.000000
    1    1   -3    3    3    0.000066    0.000000
    1    1   -2    1    1    0.013520    0.000000
    1    1   -2    2    1    0.001208    0.000000
    1    1   -2    3    1    0.000000    0.000000
    1    1   -2    1    2    0.001208    0.000000
    1    1   -2    2    2   -0.000251    0.000000
    1    1   -2    3    2    0.000000    0.000000
    1    1   -2    1    3    0.000000    0.000000
    1    1   -2    2    3    0.000000    0.000000
    1    1   -2    3    3   -0.020289    0.000000
    1    1   -1    1    1   -0.005973    0.000000
    1    1   -1    2    1   -0.004195    0.000000
    1    1   -1    3    1    0.000820    0.000000
    1    1   -1    1    2   -0.004195    0.000000
    1    1   -1    2    2    0.000319    0.000000
    1    1   -1    3    2    0.001455    0.000000
    1    1   -1    1    3    0.000820    0.000000
    1    1   -1    2    3    0.001455    0.000000
    1    1   -1    3    3   -0.000501    0.000000
    1    1    0    1    1   -0.001003    0.000000
    1    1    0    2    1    0.000000    0.000000
    1    1    0    3    1    0.000000    0.000000
    1    1    0    1    2    0.000000    0.000000
    1    1    0    2    2   -0.000259    0.000000
    1    1    0    3    2    0.000779    0.000000
    1    1    0    1    3    0.000000    0.000000
    1    1    0    2    3    0.000779    0.000000
    1    1    0    3    3    0.000814    0.000000
    1    1    1    1    1   -0.000041    0.000000
    1    1    1    2    1    0.000012    0.000000
    1    1    1    3    1   -0.000008    0.000000
    1    1    1    1    2    0.000012    0.000000
    1    1    1    2    2   -0.000041    0.000000
    1    1    1    3    2    0.000008    0.000000
    1    1    1    1    3   -0.000008    0.000000
    1    1    1    2    3    0.000008    0.000000
    1    1    1    3    3   -0.000013    0.000000
    1    1    2    1    1   -0.000002    0.000000
    1    1    2    2    1    0.000000    0.000000
    1    1    2    3    1   -0.000004    0.000000
    1    1    2    1    2    0.000000    0.000000
    1    1    2    2    2   -0.000003    0.000000
    1    1    2    3    2    0.000000    0.000000
    1    1    2    1    3   -0.000004    0.000000
    1    1    2    2    3    0.000000    0.000000
    1    1    2    3    3    0.000000    0.000000
    1    1    3    1    1    0.000000    0.000000
    1    1    3    2    1    0.000001    0.000000
    1    1    3    3    1    0.000000    0.000000
    1    1    3    1    2    0.000001    0.000000
    1    1    3    2    2    0.000000    0.000000
    1    1    3    3    2    0.000000    0.000000
    1    1    3    1    3    0.000000    0.000000
    1    1    3    2    3    0.000000    0.000000
    1    1    3    3    3    0.000000    0.000000
    1    2   -6    1    1   -0.000002    0.000000
    1    2   -6    2    1    0.000002    0.000000
    1    2   -6    3    1   -0.000001    0.000000
    1    2   -6    1    2    0.000002    0.000000
    1    2   -6    2    2   -0.000001    0.000000
    1    2   -6    3    2    0.000000    0.000000
    1    2   -6    1    3   -0.000001    0.000000
    1    2   -6    2    3    0.000000    0.000000
    1    2   -6    3    3    0.000000    0.000000
    1    2   -5    1    1   -0.000003    0.000000
    1    2   -5    2    1   -0.000006    0.000000
    1    2   -5    3    1   -0.000011    0.000000
    1    2   -5    1    2   -0.000006    0.000000
    1    2   -5    2    2   -0.000005    0.000000
    1    2   -5    3    2   -0.000001    0.000000
    1    2   -5    1    3   -0.000011    0.000000
    1    2   -5    2    3   -0.000001    0.000000
    1    2   -5    3    3   -0.000010    0.000000
    1    2   -4    1    1   -0.000050    0.000000
    1    2   -4    2    1    0.000022    0.000000
    1    2   -4    3    1   -0.000112    0.000000
    1    2   -4    1    2    0.000022    0.000000
    1    2   -4    2    2    0.000052    0.000000
    1    2   -4    3    2   -0.000146    0.000000
    1    2   -4    1    3   -0.000112    0.000000
    1    2   -4    2    3   -0.000146    0.000000
    1    2   -4    3    3    0.000004    0.000000
    1    2   -3    1    1    0.000661    0.000000
    1    2   -3    2    1    0.000372    0.000000
    1    2   -3    3    1    0.000000    0.000000
    1    2   -3    1    2    0.000372    0.000000
    1    2   -3    2    2   -0.000101    0.000000
    1    2   -3    3    2    0.000000    0.000000
    1    2   -3    1    3    0.000000    0.000000
    1    2   -3    2    3    0.000000    0.000000
    1    2   -3    3    3   -0.005154    0.000000
    1    2   -2    1    1   -0.000513    0.000000
    1    2   -2    2    1   -0.000371    0.000000
    1    2   -2    3    1    0.000326    0.000000
    1    2   -2    1    2   -0.000371    0.000000
    1    2   -2    2    2    0.000118    0.000000
    1    2   -2    3    2    0.000477    0.000000
    1    2   -2    1    3    0.000326    0.000000
    1    2   -2    2    3    0.000477    0.000000
    1    2   -2    3    3    0.000066    0.000000
    1    2   -1    1    1   -0.000155    0.000000
    1    2   -1    2    1   -0.000209    0.000000
    1    2   -1    3    1   -0.000072    0.000000
    1    2   -1    1    2   -0.000209    0.000000
    1    2   -1    2    2   -0.000023    0.000000
    1    2   -1    3    2    0.000031    0.000000
    1    2   -1    1    3   -0.000072    0.000000
    1    2   -1    2    3    0.000031    0.000000
    1    2   -1    3    3   -0.000085    0.000000
    1    2    0    1    1   -0.000032    0.000000
    1    2    0    2    1   -0.000007    0.000000
    1    2    0    3    1    0.000012    0.000000
    1    2    0    1    2   -0.000007    0.000000
    1    2    0    2    2   -0.000007    0.000000
    1    2    0    3    2    0.000022    0.000000
    1    2    0    1    3    0.000012    0.000000
    1    2    0    2    3    0.000022    0.000000
    1    2    0    3    3    0.000016    0.000000
    1    2    1    1    1   -0.000003    0.000000
    1    2    1    2    1    0.000000    0.000000
    1    2    1    3    1    0.000000    0.000000
    1    2    1    1    2    0.000000    0.000000
    1    2    1    2    2   -0.000002    0.000000
    1    2    1    3    2    0.000004    0.000000
    1    2    1    1    3    0.000000    0.000000
    1    2    1    2    3    0.000004    0.000000
    1    2    1    3    3    0.000000    0.000000
    1    2    2    1    1   -0.000001    0.000000
    1    2    2    2    1   -0.000001    0.000000
    1    2    2    3    1    0.000000    0.000000
    1    2    2    1    2   -0.000001    0.000000
    1    2    2    2    2   -0.000001    0.000000
    1    2    2    3    2    0.000000    0.000000
    1    2    2    1    3    0.000000    0.000000
    1    2    2    2    3    0.000000    0.000000
    1    2    2    3    3    0.000000    0.000000
    1    3   -6    1    1   -0.000001    0.000000
    1    3   -6    2    1    0.000000    0.000000
    1    3   -6    3    1   -0.000004    0.000000
    1    3   -6    1    2    0.000000    0.000000
    1    3   -6    2    2    0.000000    0.000000
    1    3   -6    3    2    0.000000    0.000000
    1    3   -6    1    3   -0.000004    0.000000
    1    3   -6    2    3    0.000000    0.000000
    1    3   -6    3    3   -0.000001    0.000000
    1    3   -5    1    1   -0.000007    0.000000
    1    3   -5    2    1   -0.000011    0.000000
    1    3   -5    3    1   -0.000010    0.000000
    1    3   -5    1    2   -0.000011    0.000000
    1    3   -5    2    2    0.000006    0.000000
    1    3   -5    3    2   -0.000024    0.000000
    1    3   -5    1    3   -0.000010    0.000000
    1    3   -5    2    3   -0.000024    0.000000
    1    3   -5    3    3   -0.000028    0.000000
    1    3   -4    1    1    0.000049    0.000000
    1    3   -4    2    1    0.000017    0.000000
    1    3   -4    3    1    0.000000    0.000000
    1    3   -4    1    2    0.000017    0.000000
    1    3   -4    2    2   -0.000017    0.000000
    1    3   -4    3    2    0.000000    0.000000
    1    3   -4    1    3    0.000000    0.000000
    1    3   -4    2    3    0.000000    0.000000
    1    3   -4    3    3   -0.002225    0.000000
    1    3   -3    1    1   -0.000050    0.000000
    1    3   -3    2    1    0.000022    0.000000
    1    3   -3    3    1    0.000112    0.000000
    1    3   -3    1    2    0.000022    0.000000
    1    3   -3    2    2    0.000052    0.000000
    1    3   -3    3    2    0.000146    0.000000
    1    3   -3    1    3    0.000112    0.000000
    1    3   -3    2    3    0.000146    0.000000
    1    3   -3    3    3    0.000004    0.000000
    1    3   -2    1    1   -0.000040    0.000000
    1    3   -2    2    1   -0.000047    0.000000
    1    3   -2    3    1   -0.000004    0.000000
    1    3   -2    1    2   -0.000047    0.000000
    1    3   -2    2    2   -0.000031    0.000000
    1    3   -2    3    2    0.000001    0.000000
    1    3   -2    1    3   -0.000004    0.000000
    1    3   -2    2    3    0.000001    0.000000
    1    3   -2    3    3   -0.000039    0.000000
    1    3   -1    1    1   -0.000016    0.000000
    1    3   -1    2    1   -0.000022    0.000000
    1    3   -1    3    1   -0.000001    0.000000
    1    3   -1    1    2   -0.000022    0.000000
    1    3   -1    2    2   -0.000004    0.000000
    1    3   -1    3    2    0.000003    0.000000
    1    3   -1    1    3   -0.000001    0.000000
    1    3   -1    2    3    0.000003    0.000000
    1    3   -1    3    3   -0.000004    0.000000
    1    3    0    1    1   -0.000005    0.000000
    1    3    0    2    1   -0.000003    0.000000
    1    3    0    3    1    0.000001    0.000000
    1    3    0    1    2   -0.000003    0.000000
    1    3    0    2    2    0.000000    0.000000
    1    3    0    3    2    0.000003    0.000000
    1    3    0    1    3    0.000001    0.000000
    1    3    0    2    3    0.000003    0.000000
    1    3    0    3    3    0.000000    0.000000
    1    3    1    1    1    0.000000    0.000000
    1    3    1    2    1    0.000001    0.000000
    1    3    1    3    1    0.000000    0.000000
    1    3    1    1    2    0.000001    0.000000
    1    3    1    2    2    0.000000    0.000000
    1    3    1    3    2    0.000000    0.000000
    1    3    1    1    3    0.000000    0.000000
    1    3    1    2    3    0.000000    0.000000
    1    3    1    3    3    0.000000    0.000000
    1    4   -5    1    1    0.000006    0.000000
    1    4   -5    2    1    0.000000    0.000000
    1    4   -5    3    1    0.000000    0.000000
    1    4   -5    1    2    0.000000    0.000000
    1    4   -5    2    2   -0.000006    0.000000
    1    4   -5    3    2    0.000000    0.000000
    1    4   -5    1    3    0.000000    0.000000
    1    4   -5    2    3    0.000000    0.000000
    1    4   -5    3    3   -0.000852    0.000000
    1    4   -4    1    1   -0.000007    0.000000
    1    4   -4    2    1   -0.000011    0.000000
    1    4   -4    3    1    0.000010    0.000000
    1    4   -4    1    2   -0.000011    0.000000
    1    4   -4    2    2    0.000006    0.000000
    1    4   -4    3    2    0.000024    0.000000
    1    4   -4    1    3    0.000010    0.000000
    1    4   -4    2    3    0.000024    0.000000
    1    4   -4    3    3   -0.000028    0.000000
    1    4   -3    1    1   -0.000003    0.000000
    1    4   -3    2    1   -0.000006    0.000000
    1    4   -3    3    1    0.000011    0.000000
    1    4   -3    1    2   -0.000006    0.000000
    1    4   -3    2    2   -0.000005    0.000000
    1    4   -3    3    2    0.000001    0.000000
    1    4   -3    1    3    0.000011    0.000000
    1    4   -3    2    3    0.000001    0.000000
    1    4   -3    3    3   -0.000010    0.000000
    1    4   -2    1    1   -0.000007    0.000000
    1    4   -2    2    1   -0.000004    0.000000
    1    4   -2    3    1    0.000000    0.000000
    1    4   -2    1    2   -0.000004    0.000000
    1    4   -2    2    2   -0.000005    0.000000
    1    4   -2    3    2    0.000000    0.000000
    1    4   -2    1    3    0.000000    0.000000
    1    4   -2    2    3    0.000000    0.000000
    1    4   -2    3    3   -0.000003    0.000000
    1    4   -1    1    1   -0.000002    0.000000
    1    4   -1    2    1   -0.000001    0.000000
    1    4   -1    3    1   -0.000001    0.000000
    1    4   -1    1    2   -0.000001    0.000000
    1    4   -1    2    2    0.000000    0.000000
    1    4   -1    3    2    0.000001    0.000000
    1    4   -1    1    3   -0.000001    0.000000
    1    4   -1    2    3    0.000001    0.000000
    1    4   -1    3    3   -0.000001    0.000000
    1    4    0    1    1    0.000001    0.000000
    1    4    0    2    1   -0.000001    0.000000
    1    4    0    3    1    0.000000    0.000000
    1    4    0    1    2   -0.000001    0.000000
    1    4    0    2    2    0.000001    0.000000
    1    4    0    3    2    0.000000    0.000000
    1    4    0    1    3    0.000000    0.000000
    1    4    0    2    3    0.000000    0.000000
    1    4    0    3    3    0.000000    0.000000
    1    5   -4    1    1   -0.000001    0.000000
    1    5   -4    2    1    0.000000    0.000000
    1    5   -4    3    1    0.000004    0.000000
    1    5   -4    1    2    0.000000    0.000000
    1    5   -4    2    2    0.000000    0.000000
    1    5   -4    3    2    0.000000    0.000000
    1    5   -4    1    3    0.000004    0.000000
    1    5   -4    2    3    0.000000    0.000000
    1    5   -4    3    3   -0.000001    0.000000
    1    5   -3    1    1   -0.000002    0.000000
    1    5   -3    2    1    0.000002    0.000000
    1    5   -3    3    1    0.000001    0.000000
    1    5   -3    1    2    0.000002    0.000000
    1    5   -3    2    2   -0.000001    0.000000
    1    5   -3    3    2    0.000000    0.000000
    1    5   -3    1    3    0.000001    0.000000
    1    5   -3    2    3    0.000000    0.000000
    1    5   -3    3    3    0.000000    0.000000
    1    5   -2    1    1   -0.000001    0.000000
    1    5   -2    2    1    0.000000    0.000000
    1    5   -2    3    1   -0.000001    0.000000
    1    5   -2    1    2    0.000000    0.000000
    1    5   -2    2    2   -0.000001    0.000000
    1    5   -2    3    2    0.000000    0.000000
    1    5   -2    1    3   -0.000001    0.000000
    1    5   -2    2    3    0.000000    0.000000
    1    5   -2    3    3    0.000000    0.000000
    2   -7    1    1    1    0.000000    0.000000
    2   -7    1    2    1    0.000000    0.000000
    2   -7    1    3    1    0.000000    0.000000
    2   -7    1    1    2    0.000000    0.000000
    2   -7    1    2    2    0.000000    0.000000
    2   -7    1    3    2    0.000001    0.000000
    2   -7    1    1    3    0.000000    0.000000
    2   -7    1    2    3    0.000001    0.000000
    2   -7    1    3    3    0.000000    0.000000
    2   -6   -1    1    1    0.000000    0.000000
    2   -6   -1    2    1   -0.000003    0.000000
    2   -6   -1    3    1    0.000000    0.000000
    2   -6   -1    1    2   -0.000003    0.000000
    2   -6   -1    2    2    0.000000    0.000000
    2   -6   -1    3    2    0.000000    0.000000
    2   -6   -1    1    3    0.000000    0.000000
    2   -6   -1    2    3    0.000000    0.000000
    2   -6   -1    3    3    0.000000    0.000000
    2   -6    0    1    1    0.000001    0.000000
    2   -6    0    2    1   -0.000001    0.000000
    2   -6    0    3    1    0.000000    0.000000
    2   -6    0    1    2   -0.000001    0.000000
    2   -6    0    2    2   -0.000001    0.000000
    2   -6    0    3    2    0.000002    0.000000
    2   -6    0    1    3    0.000000    0.000000
    2   -6    0    2    3    0.000002    0.000000
    2   -6    0    3    3    0.000000    0.000000
    2   -6    1    1    1    0.000000    0.000000
    2   -6    1    2    1    0.000003    0.000000
    2   -6    1    3    1    0.000000    0.000000
    2   -6    1    1    2    0.000003    0.000000
    2   -6    1    2    2   -0.000001    0.000000
    2   -6    1    3    2    0.000001    0.000000
    2   -6    1    1    3    0.000000    0.000000
    2   -6    1    2    3    0.000001    0.000000
    2   -6    1    3    3   -0.000001    0.000000
    2   -6    2    1    1    0.000000    0.000000
    2   -6    2    2    1    0.000000    0.000000
    2   -6    2    3    1    0.000000    0.000000
    2   -6    2    1    2    0.000000    0.000000
    2   -6    2    2    2    0.000000    0.000000
    2   -6    2    3    2    0.000003    0.000000
    2   -6    2    1    3    0.000000    0.000000
    2   -6    2    2    3    0.000003    0.000000
    2   -6    2    3    3   -0.000002    0.000000
    2   -5   -2    1    1   -0.000001    0.000000
    2   -5   -2    2    1    0.000003    0.000000
    2   -5   -2    3    1    0.000000    0.000000
    2   -5   -2    1    2    0.000003    0.000000
    2   -5   -2    2    2   -0.000001    0.000000
    2   -5   -2    3    2    0.000000    0.000000
    2   -5   -2    1    3    0.000000    0.000000
    2   -5   -2    2    3    0.000000    0.000000
    2   -5   -2    3    3    0.000000    0.000000
    2   -5   -1    1    1    0.000000    0.000000
    2   -5   -1    2    1   -0.000002    0.000000
    2   -5   -1    3    1   -0.000001    0.000000
    2   -5   -1    1    2   -0.000002    0.000000
    2   -5   -1    2    2   -0.000002    0.000000
    2   -5   -1    3    2    0.000000    0.000000
    2   -5   -1    1    3   -0.000001    0.000000
    2   -5   -1    2    3    0.000000    0.000000
    2   -5   -1    3    3    0.000000    0.000000
    2   -5    0    1    1    0.000000    0.000000
    2   -5    0    2    1   -0.000010    0.000000
    2   -5    0    3    1    0.000000    0.000000
    2   -5    0    1    2   -0.000010    0.000000
    2   -5    0    2    2   -0.000005    0.000000
    2   -5    0    3    2    0.000000    0.000000
    2   -5    0    1    3    0.000000    0.000000
    2   -5    0    2    3    0.000000    0.000000
    2   -5    0    3    3   -0.000001    0.000000
    2   -5    1    1    1   -0.000005    0.000000
    2   -5    1    2    1   -0.000002    0.000000
    2   -5    1    3    1   -0.000003    0.000000
    2   -5    1    1    2   -0.000002    0.000000
    2   -5    1    2    2   -0.000010    0.000000
    2   -5    1    3    2    0.000003    0.000000
    2   -5    1    1    3   -0.000003    0.000000
    2   -5    1    2    3    0.000003    0.000000
    2   -5    1    3    3   -0.000008    0.000000
    2   -5    2    1    1    0.000001    0.000000
    2   -5    2    2    1    0.000010    0.000000
    2   -5    2    3    1    0.000035    0.000000
    2   -5    2    1    2    0.000010    0.000000
    2   -5    2    2    2   -0.000007    0.000000
    2   -5    2    3    2    0.000000    0.000000
    2   -5    2    1    3    0.000035    0.000000
    2   -5    2    2    3    0.000000    0.000000
    2   -5    2    3    3   -0.000023    0.000000
    2   -5    3    1    1    0.000006    0.000000
    2   -5    3    2    1    0.000000    0.000000
    2   -5    3    3    1    0.000000    0.000000
    2   -5    3    1    2    0.000000    0.000000
    2   -5    3    2    2    0.000013    0.000000
    2   -5    3    3    2    0.000000    0.000000
    2   -5    3    1    3    0.000000    0.000000
    2   -5    3    2    3    0.000000    0.000000
    2   -5    3    3    3   -0.000902    0.000000
    2   -4   -3    1    1    0.000000    0.000000
    2   -4   -3    2    1   -0.000001    0.000000
    2   -4   -3    3    1    0.000000    0.000000
    2   -4   -3    1    2   -0.000001    0.000000
    2   -4   -3    2    2    0.000000    0.000000
    2   -4   -3    3    2    0.000000    0.000000
    2   -4   -3    1    3    0.000000    0.000000
    2   -4   -3    2    3    0.000000    0.000000
    2   -4   -3    3    3    0.000000    0.000000
    2   -4   -2    1    1    0.000000    0.000000
    2   -4   -2    2    1    0.000000    0.000000
    2   -4   -2    3    1    0.000001    0.000000
    2   -4   -2    1    2    0.000000    0.000000
    2   -4   -2    2    2   -0.000007    0.000000
    2   -4   -2    3    2    0.000000    0.000000
    2   -4   -2    1    3    0.000001    0.000000
    2   -4   -2    2    3    0.000000    0.000000
    2   -4   -2    3    3    0.000002    0.000000
    2   -4   -1    1    1    0.000006    0.000000
    2   -4   -1    2    1   -0.000008    0.000000
    2   -4   -1    3    1    0.000007    0.000000
    2   -4   -1    1    2   -0.000008    0.000000
    2   -4   -1    2    2   -0.000029    0.000000
    2   -4   -1    3    2    0.000001    0.000000
    2   -4   -1    1    3    0.000007    0.000000
    2   -4   -1    2    3    0.000001    0.000000
    2   -4   -1    3    3    0.000007    0.000000
    2   -4    0    1    1    0.000009    0.000000
    2   -4    0    2    1   -0.000048    0.000000
    2   -4    0    3    1    0.000007    0.000000
    2   -4    0    1    2   -0.000048    0.000000
    2   -4    0    2    2   -0.000032    0.000000
    2   -4    0    3    2   -0.000013    0.000000
    2   -4    0    1    3    0.000007    0.000000
    2   -4    0    2    3   -0.000013    0.000000
    2   -4    0    3    3    0.000012    0.000000
    2   -4    1    1    1    0.000003    0.000000
    2   -4    1    2    1    0.000092    0.000000
    2   -4    1    3    1    0.000205    0.000000
    2   -4    1    1    2    0.000092    0.000000
    2   -4    1    2    2   -0.000050    0.000000
    2   -4    1    3    2    0.000072    0.000000
    2   -4    1    1    3    0.000205    0.000000
    2   -4    1    2    3    0.000072    0.000000
    2   -4    1    3    3    0.000025    0.000000
    2   -4    2    1    1   -0.000012    0.000000
    2   -4    2    2    1   -0.000043    0.000000
    2   -4    2    3    1    0.000000    0.000000
    2   -4    2    1    2   -0.000043    0.000000
    2   -4    2    2    2    0.000087    0.000000
    2   -4    2    3    2    0.000000    0.000000
    2   -4    2    1    3    0.000000    0.000000
    2   -4    2    2    3    0.000000    0.000000
    2   -4    2    3    3   -0.002462    0.000000
    2   -4    3    1    1    0.000001    0.000000
    2   -4    3    2    1    0.000010    0.000000
    2   -4    3    3    1   -0.000035    0.000000
    2   -4    3    1    2    0.000010    0.000000
    2   -4    3    2    2   -0.000007    0.000000
    2   -4    3    3    2    0.000000    0.000000
    2   -4    3    1    3   -0.000035    0.000000
    2   -4    3    2    3    0.000000    0.000000
    2   -4    3    3    3   -0.000023    0.000000
    2   -4    4    1    1    0.000000    0.000000
    2   -4    4    2    1    0.000000    0.000000
    2   -4    4    3    1    0.000000    0.000000
    2   -4    4    1    2    0.000000    0.000000
    2   -4    4    2    2    0.000000    0.000000
    2   -4    4    3    2   -0.000003    0.000000
    2   -4    4    1    3    0.000000    0.000000
    2   -4    4    2    3   -0.000003    0.000000
    2   -4    4    3    3   -0.000002    0.000000
    2   -3   -4    1    1    0.000000    0.000000
    2   -3   -4    2    1   -0.000001    0.000000
    2   -3   -4    3    1    0.000000    0.000000
    2   -3   -4    1    2   -0.000001    0.000000
    2   -3   -4    2    2    0.000000    0.000000
    2   -3   -4    3    2    0.000000    0.000000
    2   -3   -4    1    3    0.000000    0.000000
    2   -3   -4    2    3    0.000000    0.000000
    2   -3   -4    3    3    0.000000    0.000000
    2   -3   -3    1    1   -0.000003    0.000000
    2   -3   -3    2    1    0.000003    0.000000
    2   -3   -3    3    1    0.000001    0.000000
    2   -3   -3    1    2    0.000003    0.000000
    2   -3   -3    2    2   -0.000003    0.000000
    2   -3   -3    3    2   -0.000001    0.000000
    2   -3   -3    1    3    0.000001    0.000000
    2   -3   -3    2    3   -0.000001    0.000000
    2   -3   -3    3    3    0.000000    0.000000
    2   -3   -2    1    1   -0.000007    0.000000
    2   -3   -2    2    1    0.000007    0.000000
    2   -3   -2    3    1    0.000022    0.000000
    2   -3   -2    1    2    0.000007    0.000000
    2   -3   -2    2    2   -0.000032    0.000000
    2   -3   -2    3    2   -0.000012    0.000000
    2   -3   -2    1    3    0.000022    0.000000
    2   -3   -2    2    3   -0.000012    0.000000
    2   -3   -2    3    3    0.000016    0.000000
    2   -3   -1    1    1    0.000114    0.000000
    2   -3   -1    2    1    0.000000    0.000000
    2   -3   -1    3    1    0.000205    0.000000
    2   -3   -1    1    2    0.000000    0.000000
    2   -3   -1    2    2   -0.000473    0.000000
    2   -3   -1    3    2    0.000000    0.000000
    2   -3   -1    1    3    0.000205    0.000000
    2   -3   -1    2    3    0.000000    0.000000
    2   -3   -1    3    3    0.000341    0.000000
    2   -3    0    1    1   -0.000104    0.000000
    2   -3    0    2    1   -0.000053    0.000000
    2   -3    0    3    1    0.000396    0.000000
    2   -3    0    1    2   -0.000053    0.000000
    2   -3    0    2    2   -0.000204    0.000000
    2   -3    0    3    2   -0.000005    0.000000
    2   -3    0    1    3    0.000396    0.000000
    2   -3    0    2    3   -0.000005    0.000000
    2   -3    0    3    3   -0.000258    0.000000
    2   -3    1    1    1    0.000068    0.000000
    2   -3    1    2    1    0.000075    0.000000
    2   -3    1    3    1    0.000000    0.000000
    2   -3    1    1    2    0.000075    0.000000
    2   -3    1    2    2    0.002705    0.000000
    2   -3    1    3    2    0.000000    0.000000
    2   -3    1    1    3    0.000000    0.000000
    2   -3    1    2    3    0.000000    0.000000
    2   -3    1    3    3   -0.004162    0.000000
    2   -3    2    1    1    0.000003    0.000000
    2   -3    2    2    1    0.000092    0.000000
    2   -3    2    3    1   -0.000205    0.000000
    2   -3    2    1    2    0.000092    0.000000
    2   -3    2    2    2   -0.000050    0.000000
    2   -3    2    3    2   -0.000072    0.000000
    2   -3    2    1    3   -0.000205    0.000000
    2   -3    2    2    3   -0.000072    0.000000
    2   -3    2    3    3    0.000025    0.000000
    2   -3    3    1    1   -0.000005    0.000000
    2   -3    3    2    1   -0.000002    0.000000
    2   -3    3    3    1    0.000003    0.000000
    2   -3    3    1    2   -0.000002    0.000000
    2   -3    3    2    2   -0.000010    0.000000
    2   -3    3    3    2   -0.000003    0.000000
    2   -3    3    1    3    0.000003    0.000000
    2   -3    3    2    3   -0.000003    0.000000
    2   -3    3    3    3   -0.000008    0.000000
    2   -3    4    1    1    0.000000    0.000000
    2   -3    4    2    1    0.000003    0.000000
    2   -3    4    3    1    0.000000    0.000000
    2   -3    4    1    2    0.000003    0.000000
    2   -3    4    2    2   -0.000001    0.000000
    2   -3    4    3    2   -0.000001    0.000000
    2   -3    4    1    3    0.000000    0.000000
    2   -3    4    2    3   -0.000001    0.000000
    2   -3    4    3    3   -0.000001    0.000000
    2   -3    5    1    1    0.000000    0.000000
    2   -3    5    2    1    0.000000    0.000000
    2   -3    5    3    1    0.000000    0.000000
    2   -3    5    1    2    0.000000    0.000000
    2   -3    5    2    2    0.000000    0.000000
    2   -3    5    3    2   -0.000001    0.000000
    2   -3    5    1    3    0.000000    0.000000
    2   -3    5    2    3   -0.000001    0.000000
    2   -3    5    3    3    0.000000    0.000000
    2   -2   -5    1    1   -0.000001    0.000000
    2   -2   -5    2    1    0.000003    0.000000
    2   -2   -5    3    1    0.000000    0.000000
    2   -2   -5    1    2    0.000003    0.000000
    2   -2   -5    2    2   -0.000001    0.000000
    2   -2   -5    3    2    0.000000    0.000000
    2   -2   -5    1    3    0.000000    0.000000
    2   -2   -5    2    3    0.000000    0.000000
    2   -2   -5    3    3    0.000000    0.000000
    2   -2   -4    1    1   -0.000007    0.000000
    2   -2   -4    2    1    0.000000    0.000000
    2   -2   -4    3    1    0.000000    0.000000
    2   -2   -4    1    2    0.000000    0.000000
    2   -2   -4    2    2    0.000000    0.000000
    2   -2   -4    3    2   -0.000001    0.000000
    2   -2   -4    1    3    0.000000    0.000000
    2   -2   -4    2    3   -0.000001    0.000000
    2   -2   -4    3    3    0.000002    0.000000
    2   -2   -3    1    1   -0.000032    0.000000
    2   -2   -3    2    1    0.000007    0.000000
    2   -2   -3    3    1    0.000012    0.000000
    2   -2   -3    1    2    0.000007    0.000000
    2   -2   -3    2    2   -0.000007    0.000000
    2   -2   -3    3    2   -0.000022    0.000000
    2   -2   -3    1    3    0.000012    0.000000
    2   -2   -3    2    3   -0.000022    0.000000
    2   -2   -3    3    3    0.000016    0.000000
    2   -2   -2    1    1   -0.000228    0.000000
    2   -2   -2    2    1    0.000182    0.000000
    2   -2   -2    3    1   -0.000024    0.000000
    2   -2   -2    1    2    0.000182    0.000000
    2   -2   -2    2    2   -0.000228    0.000000
    2   -2   -2    3    2    0.000024    0.000000
    2   -2   -2    1    3   -0.000024    0.000000
    2   -2   -2    2    3    0.000024    0.000000
    2   -2   -2    3    3   -0.000349    0.000000
    2   -2   -1    1    1    0.000319    0.000000
    2   -2   -1    2    1    0.004195    0.000000
    2   -2   -1    3    1    0.001455    0.000000
    2   -2   -1    1    2    0.004195    0.000000
    2   -2   -1    2    2   -0.005973    0.000000
    2   -2   -1    3    2   -0.000820    0.000000
    2   -2   -1    1    3    0.001455    0.000000
    2   -2   -1    2    3   -0.000820    0.000000
    2   -2   -1    3    3   -0.000501    0.000000
    2   -2    0    1    1    0.000856    0.000000
    2   -2    0    2    1    0.000000    0.000000
    2   -2    0    3    1    0.000000    0.000000
    2   -2    0    1    2    0.000000    0.000000
    2   -2    0    2    2    0.046258    0.000000
    2   -2    0    3    2    0.000000    0.000000
    2   -2    0    1    3    0.000000    0.000000
    2   -2    0    2    3    0.000000    0.000000
    2   -2    0    3    3    0.004989    0.000000
    2   -2    1    1    1   -0.000104    0.000000
    2   -2    1    2    1   -0.000053    0.000000
    2   -2    1    3    1   -0.000396    0.000000
    2   -2    1    1    2   -0.000053    0.000000
    2   -2    1    2    2   -0.000204    0.000000
    2   -2    1    3    2    0.000005    0.000000
    2   -2    1    1    3   -0.000396    0.000000
    2   -2    1    2    3    0.000005    0.000000
    2   -2    1    3    3   -0.000258    0.000000
    2   -2    2    1    1    0.000009    0.000000
    2   -2    2    2    1   -0.000048    0.000000
    2   -2    2    3    1   -0.000007    0.000000
    2   -2    2    1    2   -0.000048    0.000000
    2   -2    2    2    2   -0.000032    0.000000
    2   -2    2    3    2    0.000013    0.000000
    2   -2    2    1    3   -0.000007    0.000000
    2   -2    2    2    3    0.000013    0.000000
    2   -2    2    3    3    0.000012    0.000000
    2   -2    3    1    1    0.000000    0.000000
    2   -2    3    2    1   -0.000010    0.000000
    2   -2    3    3    1    0.000000    0.000000
    2   -2    3    1    2   -0.000010    0.000000
    2   -2    3    2    2   -0.000005    0.000000
    2   -2    3    3    2    0.000000    0.000000
    2   -2    3    1    3    0.000000    0.000000
    2   -2    3    2    3    0.000000    0.000000
    2   -2    3    3    3   -0.000001    0.000000
    2   -2    4    1    1    0.000001    0.000000
    2   -2    4    2    1   -0.000001    0.000000
    2   -2    4    3    1    0.000000    0.000000
    2   -2    4    1    2   -0.000001    0.000000
    2   -2    4    2    2   -0.000001    0.000000
    2   -2    4    3    2   -0.000002    0.000000
    2   -2    4    1    3    0.000000    0.000000
    2   -2    4    2    3   -0.000002    0.000000
    2   -2    4    3    3    0.000000    0.000000
    2   -1   -6    1    1    0.000000    0.000000
    2   -1   -6    2    1   -0.000003    0.000000
    2   -1   -6    3    1    0.000000    0.000000
    2   -1   -6    1    2   -0.000003    0.000000
    2   -1   -6    2    2    0.000000    0.000000
    2   -1   -6    3    2    0.000000    0.000000
    2   -1   -6    1    3    0.000000    0.000000
    2   -1   -6    2    3    0.000000    0.000000
    2   -1   -6    3    3    0.000000    0.000000
    2   -1   -5    1    1   -0.000002    0.000000
    2   -1   -5    2    1   -0.000002    0.000000
    2   -1   -5    3    1    0.000000    0.000000
    2   -1   -5    1    2   -0.000002    0.000000
    2   -1   -5    2    2    0.000000    0.000000
    2   -1   -5    3    2    0.000001    0.000000
    2   -1   -5    1    3    0.000000    0.000000
    2   -1   -5    2    3    0.000001    0.000000
    2   -1   -5    3    3    0.000000    0.000000
    2   -1   -4    1    1   -0.000029    0.000000
    2   -1   -4    2    1   -0.000008    0.000000
    2   -1   -4    3    1   -0.000001    0.000000
    2   -1   -4    1    2   -0.000008    0.000000
    2   -1   -4    2    2    0.000006    0.000000
    2   -1   -4    3    2   -0.000007    0.000000
    2   -1   -4    1    3   -0.000001    0.000000
    2   -1   -4    2    3   -0.000007    0.000000
    2   -1   -4    3    3    0.000007    0.000000
    2   -1   -3    1    1   -0.000473    0.000000
    2   -1   -3    2    1    0.000000    0.000000
    2   -1   -3    3    1    0.000000    0.000000
    2   -1   -3    1    2    0.000000    0.000000
    2   -1   -3    2    2    0.000114    0.000000
    2   -1   -3    3    2   -0.000205    0.000000
    2   -1   -3    1    3    0.000000    0.000000
    2   -1   -3    2    3   -0.000205    0.000000
    2   -1   -3    3    3    0.000341    0.000000
    2   -1   -2    1    1   -0.005973    0.000000
    2   -1   -2    2    1    0.004195    0.000000
    2   -1   -2    3    1    0.000820    0.000000
    2   -1   -2    1    2    0.004195    0.000000
    2   -1   -2    2    2    0.000319    0.000000
    2   -1   -2    3    2   -0.001455    0.000000
    2   -1   -2    1    3    0.000820    0.000000
    2   -1   -2    2    3   -0.001455    0.000000
    2   -1   -2    3    3   -0.000501    0.000000
    2   -1   -1    1    1    0.015803    0.000000
    2   -1   -1    2    1   -0.010628    0.000000
    2   -1   -1    3    1    0.000000    0.000000
    2   -1   -1    1    2   -0.010628    0.000000
    2   -1   -1    2    2    0.015803    0.000000
    2   -1   -1    3    2    0.000000    0.000000
    2   -1   -1    1    3    0.000000    0.000000
    2   -1   -1    2    3    0.000000    0.000000
    2   -1   -1    3    3   -0.121293    0.000000
    2   -1    0    1    1    0.000319    0.000000
    2   -1    0    2    1    0.004195    0.000000
    2   -1    0    3    1   -0.001455    0.000000
    2   -1    0    1    2    0.004195    0.000000
    2   -1    0    2    2   -0.005973    0.000000
    2   -1    0    3    2    0.000820    0.000000
    2   -1    0    1    3   -0.001455    0.000000
    2   -1    0    2    3    0.000820    0.000000
    2   -1    0    3    3   -0.000501    0.000000
    2   -1    1    1    1    0.000114    0.000000
    2   -1    1    2    1    0.000000    0.000000
    2   -1    1    3    1   -0.000205    0.000000
    2   -1    1    1    2    0.000000    0.000000
    2   -1    1    2    2   -0.000473    0.000000
    2   -1    1    3    2    0.000000    0.000000
    2   -1    1    1    3   -0.000205    0.000000
    2   -1    1    2    3    0.000000    0.000000
    2   -1    1    3    3    0.000341    0.000000
    2   -1    2    1    1    0.000006    0.000000
    2   -1    2    2    1   -0.000008    0.000000
    2   -1    2    3    1   -0.000007    0.000000
    2   -1    2    1    2   -0.000008    0.000000
    2   -1    2    2    2   -0.000029    0.000000
    2   -1    2    3    2   -0.000001    0.000000
    2   -1    2    1    3   -0.000007    0.000000
    2   -1    2    2    3   -0.000001    0.000000
    2   -1    2    3    3    0.000007    0.000000
    2   -1    3    1    1    0.000000    0.000000
    2   -1    3    2    1   -0.000002    0.000000
    2   -1    3    3    1    0.000001    0.000000
    2   -1    3    1    2   -0.000002    0.000000
    2   -1    3    2    2   -0.000002    0.000000
    2   -1    3    3    2    0.000000    0.000000
    2   -1    3    1    3    0.000001    0.000000
    2   -1    3    2    3    0.000000    0.000000
    2   -1    3    3    3    0.000000    0.000000
    2   -1    4    1    1    0.000000    0.000000
    2   -1    4    2    1   -0.000003    0.000000
    2   -1    4    3    1    0.000000    0.000000
    2   -1    4    1    2   -0.000003    0.000000
    2   -1    4    2    2    0.000000    0.000000
    2   -1    4    3    2    0.000000    0.000000
    2   -1    4    1    3    0.000000    0.000000
    2   -1    4    2    3    0.000000    0.000000
    2   -1    4    3    3    0.000000    0.000000
    2    0   -6    1    1   -0.000001    0.000000
    2    0   -6    2    1   -0.000001    0.000000
    2    0   -6    3    1   -0.000002    0.000000
    2    0   -6    1    2   -0.000001    0.000000
    2    0   -6    2    2    0.000001    0.000000
    2    0   -6    3    2    0.000000    0.000000
    2    0   -6    1    3   -0.000002    0.000000
    2    0   -6    2    3    0.000000    0.000000
    2    0   -6    3    3    0.000000    0.000000
    2    0   -5    1    1   -0.000005    0.000000
    2    0   -5    2    1   -0.000010    0.000000
    2    0   -5    3    1    0.000000    0.000000
    2    0   -5    1    2   -0.000010    0.000000
    2    0   -5    2    2    0.000000    0.000000
    2    0   -5    3    2    0.000000    0.000000
    2    0   -5    1    3    0.000000    0.000000
    2    0   -5    2    3    0.000000    0.000000
    2    0   -5    3    3   -0.000001    0.000000
    2    0   -4    1    1   -0.000032    0.000000
    2    0   -4    2    1   -0.000048    0.000000
    2    0   -4    3    1    0.000013    0.000000
    2    0   -4    1    2   -0.000048    0.000000
    2    0   -4    2    2    0.000009    0.000000
    2    0   -4    3    2   -0.000007    0.000000
    2    0   -4    1    3    0.000013    0.000000
    2    0   -4    2    3   -0.000007    0.000000
    2    0   -4    3    3    0.000012    0.000000
    2    0   -3    1    1   -0.000204    0.000000
    2    0   -3    2    1   -0.000053    0.000000
    2    0   -3    3    1    0.000005    0.000000
    2    0   -3    1    2   -0.000053    0.000000
    2    0   -3    2    2   -0.000104    0.000000
    2    0   -3    3    2   -0.000396    0.000000
    2    0   -3    1    3    0.000005    0.000000
    2    0   -3    2    3   -0.000396    0.000000
    2    0   -3    3    3   -0.000258    0.000000
    2    0   -2    1    1    0.046258    0.000000
    2    0   -2    2    1    0.000000    0.000000
    2    0   -2    3    1    0.000000    0.000000
    2    0   -2    1    2    0.000000    0.000000
    2    0   -2    2    2    0.000856    0.000000
    2    0   -2    3    2    0.000000    0.000000
    2    0   -2    1    3    0.000000    0.000000
    2    0   -2    2    3    0.000000    0.000000
    2    0   -2    3    3    0.004989    0.000000
    2    0   -1    1    1   -0.005973    0.000000
    2    0   -1    2    1    0.004195    0.000000
    2    0   -1    3    1   -0.000820    0.000000
    2    0   -1    1    2    0.004195    0.000000
    2    0   -1    2    2    0.000319    0.000000
    2    0   -1    3    2    0.001455    0.000000
    2    0   -1    1    3   -0.000820    0.000000
    2    0   -1    2    3    0.001455    0.000000
    2    0   -1    3    3   -0.000501    0.000000
    2    0    0    1    1   -0.000228    0.000000
    2    0    0    2    1    0.000182    0.000000
    2    0    0    3    1    0.000024    0.000000
    2    0    0    1    2    0.000182    0.000000
    2    0    0    2    2   -0.000228    0.000000
    2    0    0    3    2   -0.000024    0.000000
    2    0    0    1    3    0.000024    0.000000
    2    0    0    2    3   -0.000024    0.000000
    2    0    0    3    3   -0.000349    0.000000
    2    0    1    1    1   -0.000007    0.000000
    2    0    1    2    1    0.000007    0.000000
    2    0    1    3    1   -0.000022    0.000000
    2    0    1    1    2    0.000007    0.000000
    2    0    1    2    2   -0.000032    0.000000
    2    0    1    3    2    0.000012    0.000000
    2    0    1    1    3   -0.000022    0.000000
    2    0    1    2    3    0.000012    0.000000
    2    0    1    3    3    0.000016    0.000000
    2    0    2    1    1    0.000000    0.000000
    2    0    2    2    1    0.000000    0.000000
    2    0    2    3    1   -0.000001    0.000000
    2    0    2    1    2    0.000000    0.000000
    2    0    2    2    2   -0.000007    0.000000
    2    0    2    3    2    0.000000    0.000000
    2    0    2    1    3   -0.000001    0.000000
    2    0    2    2    3    0.000000    0.000000
    2    0    2    3    3    0.000002    0.000000
    2    0    3    1    1   -0.000001    0.000000
    2    0    3    2    1    0.000003    0.000000
    2    0    3    3    1    0.000000    0.000000
    2    0    3    1    2    0.000003    0.000000
    2    0    3    2    2   -0.000001    0.000000
    2    0    3    3    2    0.000000    0.000000
    2    0    3    1    3    0.000000    0.000000
    2    0    3    2    3    0.000000    0.000000
    2    0    3    3    3    0.000000    0.000000
    2    1   -7    1    1    0.000000    0.000000
    2    1   -7    2    1    0.000000    0.000000
    2    1   -7    3    1   -0.000001    0.000000
    2    1   -7    1    2    0.000000    0.000000
    2    1   -7    2    2    0.000000    0.000000
    2    1   -7    3    2    0.000000    0.000000
    2    1   -7    1    3   -0.000001    0.000000
    2    1   -7    2    3    0.000000    0.000000
    2    1   -7    3    3    0.000000    0.000000
    2    1   -6    1    1   -0.000001    0.000000
    2    1   -6    2    1    0.000003    0.000000
    2    1   -6    3    1   -0.000001    0.000000
    2    1   -6    1    2    0.000003    0.000000
    2    1   -6    2    2    0.000000    0.000000
    2    1   -6    3    2    0.000000    0.000000
    2    1   -6    1    3   -0.000001    0.000000
    2    1   -6    2    3    0.000000    0.000000
    2    1   -6    3    3   -0.000001    0.000000
    2    1   -5    1    1   -0.000010    0.000000
    2    1   -5    2    1   -0.000002    0.000000
    2    1   -5    3    1   -0.000003    0.000000
    2    1   -5    1    2   -0.000002    0.000000
    2    1   -5    2    2   -0.000005    0.000000
    2    1   -5    3    2    0.000003    0.000000
    2    1   -5    1    3   -0.000003    0.000000
    2    1   -5    2    3    0.000003    0.000000
    2    1   -5    3    3   -0.000008    0.000000
    2    1   -4    1    1   -0.000050    0.000000
    2    1   -4    2    1    0.000092    0.000000
    2    1   -4    3    1   -0.000072    0.000000
    2    1   -4    1    2    0.000092    0.000000
    2    1   -4    2    2    0.000003    0.000000
    2    1   -4    3    2   -0.000205    0.000000
    2    1   -4    1    3   -0.000072    0.000000
    2    1   -4    2    3   -0.000205    0.000000
    2    1   -4    3    3    0.000025    0.000000
    2    1   -3    1    1    0.002705    0.000000
    2    1   -3    2    1    0.000075    0.000000
    2    1   -3    3    1    0.000000    0.000000
    2    1   -3    1    2    0.000075    0.000000
    2    1   -3    2    2    0.000068    0.000000
    2    1   -3    3    2    0.000000    0.000000
    2    1   -3    1    3    0.000000    0.000000
    2    1   -3    2    3    0.000000    0.000000
    2    1   -3    3    3   -0.004162    0.000000
    2    1   -2    1    1   -0.000204    0.000000
    2    1   -2    2    1   -0.000053    0.000000
    2    1   -2    3    1   -0.000005    0.000000
    2    1   -2    1    2   -0.000053    0.000000
    2    1   -2    2    2   -0.000104    0.000000
    2    1   -2    3    2    0.000396    0.000000
    2    1   -2    1    3   -0.000005    0.000000
    2    1   -2    2    3    0.000396    0.000000
    2    1   -2    3    3   -0.000258    0.000000
    2    1   -1    1    1   -0.000473    0.000000
    2    1   -1    2    1    0.000000    0.000000
    2    1   -1    3    1    0.000000    0.000000
    2    1   -1    1    2    0.000000    0.000000
    2    1   -1    2    2    0.000114    0.000000
    2    1   -1    3    2    0.000205    0.000000
    2    1   -1    1    3    0.000000    0.000000
    2    1   -1    2    3    0.000205    0.000000
    2    1   -1    3    3    0.000341    0.000000
    2    1    0    1    1   -0.000032    0.000000
    2    1    0    2    1    0.000007    0.000000
    2    1    0    3    1   -0.000012    0.000000
    2    1    0    1    2    0.000007    0.000000
    2    1    0    2    2   -0.000007    0.000000
    2    1    0    3    2    0.000022    0.000000
    2    1    0    1    3   -0.000012    0.000000
    2    1    0    2    3    0.000022    0.000000
    2    1    0    3    3    0.000016    0.000000
    2    1    1    1    1   -0.000003    0.000000
    2    1    1    2    1    0.000003    0.000000
    2    1    1    3    1   -0.000001    0.000000
    2    1    1    1    2    0.000003    0.000000
    2    1    1    2    2   -0.000003    0.000000
    2    1    1    3    2    0.000001    0.000000
    2    1    1    1    3   -0.000001    0.000000
    2    1    1    2    3    0.000001    0.000000
    2    1    1    3    3    0.000000    0.000000
    2    1    2    1    1    0.000000    0.000000
    2    1    2    2    1   -0.000001    0.000000
    2    1    2    3    1    0.000000    0.000000
    2    1    2    1    2   -0.000001    0.000000
    2    1    2    2    2    0.000000    0.000000
    2    1    2    3    2    0.000000    0.000000
    2    1    2    1    3    0.000000    0.000000
    2    1    2    2    3    0.000000    0.000000
    2    1    2    3    3    0.000000    0.000000
    2    2   -6    1    1    0.000000    0.000000
    2    2   -6    2    1    0.000000    0.000000
    2    2   -6    3    1   -0.000003    0.000000
    2    2   -6    1    2    0.000000    0.000000
    2    2   -6    2    2    0.000000    0.000000
    2    2   -6    3    2    0.000000    0.000000
    2    2   -6    1    3   -0.000003    0.000000
    2    2   -6    2    3    0.000000    0.000000
    2    2   -6    3    3   -0.000002    0.000000
    2    2   -5    1    1   -0.000007    0.000000
    2    2   -5    2    1    0.000010    0.000000
    2    2   -5    3    1    0.000000    0.000000
    2    2   -5    1    2    0.000010    0.000000
    2    2   -5    2    2    0.000001    0.000000
    2    2   -5    3    2   -0.000035    0.000000
    2    2   -5    1    3    0.000000    0.000000
    2    2   -5    2    3   -0.000035    0.000000
    2    2   -5    3    3   -0.000023    0.000000
    2    2   -4    1    1    0.000087    0.000000
    2    2   -4    2    1   -0.000043    0.000000
    2    2   -4    3    1    0.000000    0.000000
    2    2   -4    1    2   -0.000043    0.000000
    2    2   -4    2    2   -0.000012    0.000000
    2    2   -4    3    2    0.000000    0.000000
    2    2   -4    1    3    0.000000    0.000000
    2    2   -4    2    3    0.000000    0.000000
    2    2   -4    3    3   -0.002462    0.000000
    2    2   -3    1    1   -0.000050    0.000000
    2    2   -3    2    1    0.000092    0.000000
    2    2   -3    3    1    0.000072    0.000000
    2    2   -3    1    2    0.000092    0.000000
    2    2   -3    2    2    0.000003    0.000000
    2    2   -3    3    2    0.000205    0.000000
    2    2   -3    1    3    0.000072    0.000000
    2    2   -3    2    3    0.000205    0.000000
    2    2   -3    3    3    0.000025    0.000000
    2    2   -2    1    1   -0.000032    0.000000
    2    2   -2    2    1   -0.000048    0.000000
    2    2   -2    3    1   -0.000013    0.000000
    2    2   -2    1    2   -0.000048    0.000000
    2    2   -2    2    2    0.000009    0.000000
    2    2   -2    3    2    0.000007    0.000000
    2    2   -2    1    3   -0.000013    0.000000
    2    2   -2    2    3    0.000007    0.000000
    2    2   -2    3    3    0.000012    0.000000
    2    2   -1    1    1   -0.000029    0.000000
    2    2   -1    2    1   -0.000008    0.000000
    2    2   -1    3    1    0.000001    0.000000
    2    2   -1    1    2   -0.000008    0.000000
    2    2   -1    2    2    0.000006    0.000000
    2    2   -1    3    2    0.000007    0.000000
    2    2   -1    1    3    0.000001    0.000000
    2    2   -1    2    3    0.000007    0.000000
    2    2   -1    3    3    0.000007    0.000000
    2    2    0    1    1   -0.000007    0.000000
    2    2    0    2    1    0.000000    0.000000
    2    2    0    3    1    0.000000    0.000000
    2    2    0    1    2    0.000000    0.000000
    2    2    0    2    2    0.000000    0.000000
    2    2    0    3    2    0.000001    0.000000
    2    2    0    1    3    0.000000    0.000000
    2    2    0    2    3    0.000001    0.000000
    2    2    0    3    3    0.000002    0.000000
    2    2    1    1    1    0.000000    0.000000
    2    2    1    2    1   -0.000001    0.000000
    2    2    1    3    1    0.000000    0.000000
    2    2    1    1    2   -0.000001    0.000000
    2    2    1    2    2    0.000000    0.000000
    2    2    1    3    2    0.000000    0.000000
    2    2    1    1    3    0.000000    0.000000
    2    2    1    2    3    0.000000    0.000000
    2    2    1    3    3    0.000000    0.000000
    2    3   -5    1    1    0.000013    0.000000
    2    3   -5    2    1    0.000000    0.000000
    2    3   -5    3    1    0.000000    0.000000
    2    3   -5    1    2    0.000000    0.000000
    2    3   -5    2    2    0.000006    0.000000
    2    3   -5    3    2    0.000000    0.000000
    2    3   -5    1    3    0.000000    0.000000
    2    3   -5    2    3    0.000000    0.000000
    2    3   -5    3    3   -0.000902    0.000000
    2    3   -4    1    1   -0.000007    0.000000
    2    3   -4    2    1    0.000010    0.000000
    2    3   -4    3    1    0.000000    0.000000
    2    3   -4    1    2    0.000010    0.000000
    2    3   -4    2    2    0.000001    0.000000
    2    3   -4    3    2    0.000035    0.000000
    2    3   -4    1    3    0.000000    0.000000
    2    3   -4    2    3    0.000035    0.000000
    2    3   -4    3    3   -0.000023    0.000000
    2    3   -3    1    1   -0.000010    0.000000
    2    3   -3    2    1   -0.000002    0.000000
    2    3   -3    3    1    0.000003    0.000000
    2    3   -3    1    2   -0.000002    0.000000
    2    3   -3    2    2   -0.000005    0.000000
    2    3   -3    3    2   -0.000003    0.000000
    2    3   -3    1    3    0.000003    0.000000
    2    3   -3    2    3   -0.000003    0.000000
    2    3   -3    3    3   -0.000008    0.000000
    2    3   -2    1    1   -0.000005    0.000000
    2    3   -2    2    1   -0.000010    0.000000
    2    3   -2    3    1    0.000000    0.000000
    2    3   -2    1    2   -0.000010    0.000000
    2    3   -2    2    2    0.000000    0.000000
    2    3   -2    3    2    0.000000    0.000000
    2    3   -2    1    3    0.000000    0.000000
    2    3   -2    2    3    0.000000    0.000000
    2    3   -2    3    3   -0.000001    0.000000
    2    3   -1    1    1   -0.000002    0.000000
    2    3   -1    2    1   -0.000002    0.000000
    2    3   -1    3    1    0.000000    0.000000
    2    3   -1    1    2   -0.000002    0.000000
    2    3   -1    2    2    0.000000    0.000000
    2    3   -1    3    2   -0.000001    0.000000
    2    3   -1    1    3    0.000000    0.000000
    2    3   -1    2    3   -0.000001    0.000000
    2    3   -1    3    3    0.000000    0.000000
    2    3    0    1    1   -0.000001    0.000000
    2    3    0    2    1    0.000003    0.000000
    2    3    0    3    1    0.000000    0.000000
    2    3    0    1    2    0.000003    0.000000
    2    3    0    2    2   -0.000001    0.000000
    2    3    0    3    2    0.000000    0.000000
    2    3    0    1    3    0.000000    0.000000
    2    3    0    2    3    0.000000    0.000000
    2    3    0    3    3    0.000000    0.000000
    2    4   -4    1    1    0.000000    0.000000
    2    4   -4    2    1    0.000000    0.000000
    2    4   -4    3    1    0.000003    0.000000
    2    4   -4    1    2    0.000000    0.000000
    2    4   -4    2    2    0.000000    0.000000
    2    4   -4    3    2    0.000000    0.000000
    2    4   -4    1    3    0.000003    0.000000
    2    4   -4    2    3    0.000000    0.000000
    2    4   -4    3    3   -0.000002    0.000000
    2    4   -3    1    1   -0.000001    0.000000
    2    4   -3    2    1    0.000003    0.000000
    2    4   -3    3    1    0.000001    0.000000
    2    4   -3    1    2    0.000003    0.000000
    2    4   -3    2    2    0.000000    0.000000
    2    4   -3    3    2    0.000000    0.000000
    2    4   -3    1    3    0.000001    0.000000
    2    4   -3    2    3    0.000000    0.000000
    2    4   -3    3    3   -0.000001    0.000000
    2    4   -2    1    1   -0.000001    0.000000
    2    4   -2    2    1   -0.000001    0.000000
    2    4   -2    3    1    0.000002    0.000000
    2    4   -2    1    2   -0.000001    0.000000
    2    4   -2    2    2    0.000001    0.000000
    2    4   -2    3    2    0.000000    0.000000
    2    4   -2    1    3    0.000002    0.000000
    2    4   -2    2    3    0.000000    0.000000
    2    4   -2    3    3    0.000000    0.000000
    2    4   -1    1    1    0.000000    0.000000
    2    4   -1    2    1   -0.000003    0.000000
    2    4   -1    3    1    0.000000    0.000000
    2    4   -1    1    2   -0.000003    0.000000
    2    4   -1    2    2    0.000000    0.000000
    2    4   -1    3    2    0.000000    0.000000
    2    4   -1    1    3    0.000000    0.000000
    2    4   -1    2    3    0.000000    0.000000
    2    4   -1    3    3    0.000000    0.000000
    2    5   -3    1    1    0.000000    0.000000
    2    5   -3    2    1    0.000000    0.000000
    2    5   -3    3    1    0.000001    0.000000
    2    5   -3    1    2    0.000000    0.000000
    2    5   -3    2    2    0.000000    0.000000
    2    5   -3    3    2    0.000000    0.000000
    2    5   -3    1    3    0.000001    0.000000
    2    5   -3    2    3    0.000000    0.000000
    2    5   -3    3    3    0.000000    0.000000
    3   -6   -2    1    1    0.000000    0.000000
    3   -6   -2    2    1    0.000001    0.000000
    3   -6   -2    3    1    0.000000    0.000000
    3   -6   -2    1    2    0.000001    0.000000
    3   -6   -2    2    2    0.000000    0.000000
    3   -6   -2    3    2    0.000000    0.000000
    3   -6   -2    1    3    0.000000    0.000000
    3   -6   -2    2    3    0.000000    0.000000
    3   -6   -2    3    3    0.000000    0.000000
    3   -6   -1    1    1   -0.000001    0.000000
    3   -6   -1    2    1    0.000000    0.000000
    3   -6   -1    3    1    0.000001    0.000000
    3   -6   -1    1    2    0.000000    0.000000
    3   -6   -1    2    2   -0.000002    0.000000
    3   -6   -1    3    2   -0.000001    0.000000
    3   -6   -1    1    3    0.000001    0.000000
    3   -6   -1    2    3   -0.000001    0.000000
    3   -6   -1    3    3    0.000000    0.000000
    3   -6    0    1    1    0.000000    0.000000
    3   -6    0    2    1   -0.000001    0.000000
    3   -6    0    3    1    0.000000    0.000000
    3   -6    0    1    2   -0.000001    0.000000
    3   -6    0    2    2    0.000000    0.000000
    3   -6    0    3    2    0.000000    0.000000
    3   -6    0    1    3    0.000000    0.000000
    3   -6    0    2    3    0.000000    0.000000
    3   -6    0    3    3    0.000000    0.000000
    3   -6    1    1    1    0.000001    0.000000
    3   -6    1    2    1    0.000000    0.000000
    3   -6    1    3    1    0.000000    0.000000
    3   -6    1    1    2    0.000000    0.000000
    3   -6    1    2    2    0.000003    0.000000
    3   -6    1    3    2    0.000010    0.000000
    3   -6    1    1    3    0.000000    0.000000
    3   -6    1    2    3    0.000010    0.000000
    3   -6    1    3    3    0.000006    0.000000
    3   -5   -3    1    1   -0.000001    0.000000
    3   -5   -3    2    1   -0.000003    0.000000
    3   -5   -3    3    1    0.000000    0.000000
    3   -5   -3    1    2   -0.000003    0.000000
    3   -5   -3    2    2   -0.000001    0.000000
    3   -5   -3    3    2    0.000000    0.000000
    3   -5   -3    1    3    0.000000    0.000000
    3   -5   -3    2    3    0.000000    0.000000
    3   -5   -3    3    3    0.000000    0.000000
    3   -5   -2    1    1    0.000001    0.000000
    3   -5   -2    2    1    0.000000    0.000000
    3   -5   -2    3    1    0.000003    0.000000
    3   -5   -2    1    2    0.000000    0.000000
    3   -5   -2    2    2   -0.000002    0.000000
    3   -5   -2    3    2    0.000000    0.000000
    3   -5   -2    1    3    0.000003    0.000000
    3   -5   -2    2    3    0.000000    0.000000
    3   -5   -2    3    3    0.000001    0.000000
    3   -5   -1    1    1    0.000005    0.000000
    3   -5   -1    2    1   -0.000002    0.000000
    3   -5   -1    3    1    0.000001    0.000000
    3   -5   -1    1    2   -0.000002    0.000000
    3   -5   -1    2    2   -0.000010    0.000000
    3   -5   -1    3    2   -0.000001    0.000000
    3   -5   -1    1    3    0.000001    0.000000
    3   -5   -1    2    3   -0.000001    0.000000
    3   -5   -1    3    3    0.000002    0.000000
    3   -5    0    1    1   -0.000003    0.000000
    3   -5    0    2    1    0.000004    0.000000
    3   -5    0    3    1   -0.000013    0.000000
    3   -5    0    1    2    0.000004    0.000000
    3   -5    0    2    2    0.000018    0.000000
    3   -5    0    3    2    0.000014    0.000000
    3   -5    0    1    3   -0.000013    0.000000
    3   -5    0    2    3    0.000014    0.000000
    3   -5    0    3    3    0.000017    0.000000
    3   -5    1    1    1   -0.000006    0.000000
    3   -5    1    2    1    0.000061    0.000000
    3   -5    1    3    1    0.000074    0.000000
    3   -5    1    1    2    0.000061    0.000000
    3   -5    1    2    2    0.000032    0.000000
    3   -5    1    3    2   -0.000013    0.000000
    3   -5    1    1    3    0.000074    0.000000
    3   -5    1    2    3   -0.000013    0.000000
    3   -5    1    3    3   -0.000024    0.000000
    3   -5    2    1    1    0.000008    0.000000
    3   -5    2    2    1    0.000000    0.000000
    3   -5    2    3    1    0.000000    0.000000
    3   -5    2    1    2    0.000000    0.000000
    3   -5    2    2    2   -0.000069    0.000000
    3   -5    2    3    2    0.000000    0.000000
    3   -5    2    1    3    0.000000    0.000000
    3   -5    2    2    3    0.000000    0.000000
    3   -5    2    3    3   -0.000953    0.000000
    3   -4   -4    1    1   -0.000002    0.000000
    3   -4   -4    2    1    0.000005    0.000000
    3   -4   -4    3    1    0.000000    0.000000
    3   -4   -4    1    2    0.000005    0.000000
    3   -4   -4    2    2   -0.000002    0.000000
    3   -4   -4    3    2    0.000000    0.000000
    3   -4   -4    1    3    0.000000    0.000000
    3   -4   -4    2    3    0.000000    0.000000
    3   -4   -4    3    3    0.000000    0.000000
    3   -4   -3    1    1    0.000000    0.000000
    3   -4   -3    2    1    0.000003    0.000000
    3   -4   -3    3    1    0.000003    0.000000
    3   -4   -3    1    2    0.000003    0.000000
    3   -4   -3    2    2   -0.000005    0.000000
    3   -4   -3    3    2   -0.000001    0.000000
    3   -4   -3    1    3    0.000003    0.000000
    3   -4   -3    2    3   -0.000001    0.000000
    3   -4   -3    3    3    0.000000    0.000000
    3   -4   -2    1    1    0.000006    0.000000
    3   -4   -2    2    1    0.000008    0.000000
    3   -4   -2    3    1    0.000007    0.000000
    3   -4   -2    1    2    0.000008    0.000000
    3   -4   -2    2    2   -0.000029    0.000000
    3   -4   -2    3    2   -0.000001    0.000000
    3   -4   -2    1    3    0.000007    0.000000
    3   -4   -2    2    3   -0.000001    0.000000
    3   -4   -2    3    3    0.000007    0.000000
    3   -4   -1    1    1    0.000057    0.000000
    3   -4   -1    2    1    0.000000    0.000000
    3   -4   -1    3    1    0.000012    0.000000
    3   -4   -1    1    2    0.000000    0.000000
    3   -4   -1    2    2   -0.000121    0.000000
    3   -4   -1    3    2    0.000000    0.000000
    3   -4   -1    1    3    0.000012    0.000000
    3   -4   -1    2    3    0.000000    0.000000
    3   -4   -1    3    3    0.000073    0.000000
    3   -4    0    1    1   -0.000063    0.000000
    3   -4    0    2    1    0.000087    0.000000
    3   -4    0    3    1    0.000218    0.000000
    3   -4    0    1    2    0.000087    0.000000
    3   -4    0    2    2    0.000519    0.000000
    3   -4    0    3    2    0.000032    0.000000
    3   -4    0    1    3    0.000218    0.000000
    3   -4    0    2    3    0.000032    0.000000
    3   -4    0    3    3   -0.000229    0.000000
    3   -4    1    1    1    0.000056    0.000000
    3   -4    1    2    1   -0.000088    0.000000
    3   -4    1    3    1    0.000000    0.000000
    3   -4    1    1    2   -0.000088    0.000000
    3   -4    1    2    2   -0.000361    0.000000
    3   -4    1    3    2    0.000000    0.000000
    3   -4    1    1    3    0.000000    0.000000
    3   -4    1    2    3    0.000000    0.000000
    3   -4    1    3    3   -0.002107    0.000000
    3   -4    2    1    1   -0.000006    0.000000
    3   -4    2    2    1    0.000061    0.000000
    3   -4    2    3    1   -0.000074    0.000000
    3   -4    2    1    2    0.000061    0.000000
    3   -4    2    2    2    0.000032    0.000000
    3   -4    2    3    2    0.000013    0.000000
    3   -4    2    1    3   -0.000074    0.000000
    3   -4    2    2    3    0.000013    0.000000
    3   -4    2    3    3   -0.000024    0.000000
    3   -4    3    1    1    0.000001    0.000000
    3   -4    3    2    1    0.000000    0.000000
    3   -4    3    3    1    0.000000    0.000000
    3   -4    3    1    2    0.000000    0.000000
    3   -4    3    2    2    0.000003    0.000000
    3   -4    3    3    2   -0.000010    0.000000
    3   -4    3    1    3    0.000000    0.000000
    3   -4    3    2    3   -0.000010    0.000000
    3   -4    3    3    3    0.000006    0.000000
    3   -3   -5    1    1   -0.000001    0.000000
    3   -3   -5    2    1   -0.000003    0.000000
    3   -3   -5    3    1    0.000000    0.000000
    3   -3   -5    1    2   -0.000003    0.000000
    3   -3   -5    2    2   -0.000001    0.000000
    3   -3   -5    3    2    0.000000    0.000000
    3   -3   -5    1    3    0.000000    0.000000
    3   -3   -5    2    3    0.000000    0.000000
    3   -3   -5    3    3    0.000000    0.000000
    3   -3   -4    1    1   -0.000005    0.000000
    3   -3   -4    2    1    0.000003    0.000000
    3   -3   -4    3    1    0.000001    0.000000
    3   -3   -4    1    2    0.000003    0.000000
    3   -3   -4    2    2    0.000000    0.000000
    3   -3   -4    3    2   -0.000003    0.000000
    3   -3   -4    1    3    0.000001    0.000000
    3   -3   -4    2    3   -0.000003    0.000000
    3   -3   -4    3    3    0.000000    0.000000
    3   -3   -3    1    1   -0.000017    0.000000
    3   -3   -3    2    1    0.000032    0.000000
    3   -3   -3    3    1    0.000006    0.000000
    3   -3   -3    1    2    0.000032    0.000000
    3   -3   -3    2    2   -0.000017    0.000000
    3   -3   -3    3    2   -0.000006    0.000000
    3   -3   -3    1    3    0.000006    0.000000
    3   -3   -3    2    3   -0.000006    0.000000
    3   -3   -3    3    3   -0.000013    0.000000
    3   -3   -2    1    1   -0.000023    0.000000
    3   -3   -2    2    1    0.000209    0.000000
    3   -3   -2    3    1    0.000031    0.000000
    3   -3   -2    1    2    0.000209    0.000000
    3   -3   -2    2    2   -0.000155    0.000000
    3   -3   -2    3    2    0.000072    0.000000
    3   -3   -2    1    3    0.000031    0.000000
    3   -3   -2    2    3    0.000072    0.000000
    3   -3   -2    3    3   -0.000085    0.000000
    3   -3   -1    1    1   -0.000104    0.000000
    3   -3   -1    2    1    0.000053    0.000000
    3   -3   -1    3    1    0.000396    0.000000
    3   -3   -1    1    2    0.000053    0.000000
    3   -3   -1    2    2   -0.000204    0.000000
    3   -3   -1    3    2    0.000005    0.000000
    3   -3   -1    1    3    0.000396    0.000000
    3   -3   -1    2    3    0.000005    0.000000
    3   -3   -1    3    3   -0.000258    0.000000
    3   -3    0    1    1    0.000223    0.000000
    3   -3    0    2    1    0.000000    0.000000
    3   -3    0    3    1    0.000000    0.000000
    3   -3    0    1    2    0.000000    0.000000
    3   -3    0    2    2    0.004007    0.000000
    3   -3    0    3    2    0.000000    0.000000
    3   -3    0    1    3    0.000000    0.000000
    3   -3    0    2    3    0.000000    0.000000
    3   -3    0    3    3   -0.004411    0.000000
    3   -3    1    1    1   -0.000063    0.000000
    3   -3    1    2    1    0.000087    0.000000
    3   -3    1    3    1   -0.000218    0.000000
    3   -3    1    1    2    0.000087    0.000000
    3   -3    1    2    2    0.000519    0.000000
    3   -3    1    3    2   -0.000032    0.000000
    3   -3    1    1    3   -0.000218    0.000000
    3   -3    1    2    3   -0.000032    0.000000
    3   -3    1    3    3   -0.000229    0.000000
    3   -3    2    1    1   -0.000003    0.000000
    3   -3    2    2    1    0.000004    0.000000
    3   -3    2    3    1    0.000013    0.000000
    3   -3    2    1    2    0.000004    0.000000
    3   -3    2    2    2    0.000018    0.000000
    3   -3    2    3    2   -0.000014    0.000000
    3   -3    2    1    3    0.000013    0.000000
    3   -3    2    2    3   -0.000014    0.000000
    3   -3    2    3    3    0.000017    0.000000
    3   -3    3    1    1    0.000000    0.000000
    3   -3    3    2    1   -0.000001    0.000000
    3   -3    3    3    1    0.000000    0.000000
    3   -3    3    1    2   -0.000001    0.000000
    3   -3    3    2    2    0.000000    0.000000
    3   -3    3    3    2    0.000000    0.000000
    3   -3    3    1    3    0.000000    0.000000
    3   -3    3    2    3    0.000000    0.000000
    3   -3    3    3    3    0.000000    0.000000
    3   -2   -6    1    1    0.000000    0.000000
    3   -2   -6    2    1    0.000001    0.000000
    3   -2   -6    3    1    0.000000    0.000000
    3   -2   -6    1    2    0.000001    0.000000
    3   -2   -6    2    2    0.000000    0.000000
    3   -2   -6    3    2    0.000000    0.000000
    3   -2   -6    1    3    0.000000    0.000000
    3   -2   -6    2    3    0.000000    0.000000
    3   -2   -6    3    3    0.000000    0.000000
    3   -2   -5    1    1   -0.000002    0.000000
    3   -2   -5    2    1    0.000000    0.000000
    3   -2   -5    3    1    0.000000    0.000000
    3   -2   -5    1    2    0.000000    0.000000
    3   -2   -5    2    2    0.000001    0.000000
    3   -2   -5    3    2   -0.000003    0.000000
    3   -2   -5    1    3    0.000000    0.000000
    3   -2   -5    2    3   -0.000003    0.000000
    3   -2   -5    3    3    0.000001    0.000000
    3   -2   -4    1    1   -0.000029    0.000000
    3   -2   -4    2    1    0.000008    0.000000
    3   -2   -4    3    1    0.000001    0.000000
    3   -2   -4    1    2    0.000008    0.000000
    3   -2   -4    2    2    0.000006    0.000000
    3   -2   -4    3    2   -0.000007    0.000000
    3   -2   -4    1    3    0.000001    0.000000
    3   -2   -4    2    3   -0.000007    0.000000
    3   -2   -4    3    3    0.000007    0.000000
    3   -2   -3    1    1   -0.000155    0.000000
    3   -2   -3    2    1    0.000209    0.000000
    3   -2   -3    3    1   -0.000072    0.000000
    3   -2   -3    1    2    0.000209    0.000000
    3   -2   -3    2    2   -0.000023    0.000000
    3   -2   -3    3    2   -0.000031    0.000000
    3   -2   -3    1    3   -0.000072    0.000000
    3   -2   -3    2    3   -0.000031    0.000000
    3   -2   -3    3    3   -0.000085    0.000000
    3   -2   -2    1    1   -0.000426    0.000000
    3   -2   -2    2    1    0.003251    0.000000
    3   -2   -2    3    1    0.001013    0.000000
    3   -2   -2    1    2    0.003251    0.000000
    3   -2   -2    2    2   -0.000426    0.000000
    3   -2   -2    3    2   -0.001013    0.000000
    3   -2   -2    1    3    0.001013    0.000000
    3   -2   -2    2    3   -0.001013    0.000000
    3   -2   -2    3    3    0.000121    0.000000
    3   -2   -1    1    1   -0.000251    0.000000
    3   -2   -1    2    1   -0.001208    0.000000
    3   -2   -1    3    1    0.000000    0.000000
    3   -2   -1    1    2   -0.001208    0.000000
    3   -2   -1    2    2    0.013520    0.000000
    3   -2   -1    3    2    0.000000    0.000000
    3   -2   -1    1    3    0.000000    0.000000
    3   -2   -1    2    3    0.000000    0.000000
    3   -2   -1    3    3   -0.020289    0.000000
    3   -2    0    1    1   -0.000104    0.000000
    3   -2    0    2    1    0.000053    0.000000
    3   -2    0    3    1   -0.000396    0.000000
    3   -2    0    1    2    0.000053    0.000000
    3   -2    0    2    2   -0.000204    0.000000
    3   -2    0    3    2   -0.000005    0.000000
    3   -2    0    1    3   -0.000396    0.000000
    3   -2    0    2    3   -0.000005    0.000000
    3   -2    0    3    3   -0.000258    0.000000
    3   -2    1    1    1    0.000057    0.000000
    3   -2    1    2    1    0.000000    0.000000
    3   -2    1    3    1   -0.000012    0.000000
    3   -2    1    1    2    0.000000    0.000000
    3   -2    1    2    2   -0.000121    0.000000
    3   -2    1    3    2    0.000000    0.000000
    3   -2    1    1    3   -0.000012    0.000000
    3   -2    1    2    3    0.000000    0.000000
    3   -2    1    3    3    0.000073    0.000000
    3   -2    2    1    1    0.000005    0.000000
    3   -2    2    2    1   -0.000002    0.000000
    3   -2    2    3    1   -0.000001    0.000000
    3   -2    2    1    2   -0.000002    0.000000
    3   -2    2    2    2   -0.000010    0.000000
    3   -2    2    3    2    0.000001    0.000000
    3   -2    2    1    3   -0.000001    0.000000
    3   -2    2    2    3    0.000001    0.000000
    3   -2    2    3    3    0.000002    0.000000
    3   -2    3    1    1   -0.000001    0.000000
    3   -2    3    2    1    0.000000    0.000000
    3   -2    3    3    1   -0.000001    0.000000
    3   -2    3    1    2    0.000000    0.000000
    3   -2    3    2    2   -0.000002    0.000000
    3   -2    3    3    2    0.000001    0.000000
    3   -2    3    1    3   -0.000001    0.000000
    3   -2    3    2    3    0.000001    0.000000
    3   -2    3    3    3    0.000000    0.000000
    3   -1   -6    1    1   -0.000002    0.000000
    3   -1   -6    2    1    0.000000    0.000000
    3   -1   -6    3    1    0.000001    0.000000
    3   -1   -6    1    2    0.000000    0.000000
    3   -1   -6    2    2   -0.000001    0.000000
    3   -1   -6    3    2   -0.000001    0.000000
    3   -1   -6    1    3    0.000001    0.000000
    3   -1   -6    2    3   -0.000001    0.000000
    3   -1   -6    3    3    0.000000    0.000000
    3   -1   -5    1    1   -0.000010    0.000000
    3   -1   -5    2    1   -0.000002    0.000000
    3   -1   -5    3    1    0.000001    0.000000
    3   -1   -5    1    2   -0.000002    0.000000
    3   -1   -5    2    2    0.000005    0.000000
    3   -1   -5    3    2   -0.000001    0.000000
    3   -1   -5    1    3    0.000001    0.000000
    3   -1   -5    2    3   -0.000001    0.000000
    3   -1   -5    3    3    0.000002    0.000000
    3   -1   -4    1    1   -0.000121    0.000000
    3   -1   -4    2    1    0.000000    0.000000
    3   -1   -4    3    1    0.000000    0.000000
    3   -1   -4    1    2    0.000000    0.000000
    3   -1   -4    2    2    0.000057    0.000000
    3   -1   -4    3    2   -0.000012    0.000000
    3   -1   -4    1    3    0.000000    0.000000
    3   -1   -4    2    3   -0.000012    0.000000
    3   -1   -4    3    3    0.000073    0.000000
    3   -1   -3    1    1   -0.000204    0.000000
    3   -1   -3    2    1    0.000053    0.000000
    3   -1   -3    3    1   -0.000005    0.000000
    3   -1   -3    1    2    0.000053    0.000000
    3   -1   -3    2    2   -0.000104    0.000000
    3   -1   -3    3    2   -0.000396    0.000000
    3   -1   -3    1    3   -0.000005    0.000000
    3   -1   -3    2    3   -0.000396    0.000000
    3   -1   -3    3    3   -0.000258    0.000000
    3   -1   -2    1    1    0.013520    0.000000
    3   -1   -2    2    1   -0.001208    0.000000
    3   -1   -2    3    1    0.000000    0.000000
    3   -1   -2    1    2   -0.001208    0.000000
    3   -1   -2    2    2   -0.000251    0.000000
    3   -1   -2    3    2    0.000000    0.000000
    3   -1   -2    1    3    0.000000    0.000000
    3   -1   -2    2    3    0.000000    0.000000
    3   -1   -2    3    3   -0.020289    0.000000
    3   -1   -1    1    1   -0.000426    0.000000
    3   -1   -1    2    1    0.003251    0.000000
    3   -1   -1    3    1   -0.001013    0.000000
    3   -1   -1    1    2    0.003251    0.000000
    3   -1   -1    2    2   -0.000426    0.000000
    3   -1   -1    3    2    0.001013    0.000000
    3   -1   -1    1    3   -0.001013    0.000000
    3   -1   -1    2    3    0.001013    0.000000
    3   -1   -1    3    3    0.000121    0.000000
    3   -1    0    1    1   -0.000023    0.000000
    3   -1    0    2    1    0.000209    0.000000
    3   -1    0    3    1   -0.000031    0.000000
    3   -1    0    1    2    0.000209    0.000000
    3   -1    0    2    2   -0.000155    0.000000
    3   -1    0    3    2   -0.000072    0.000000
    3   -1    0    1    3   -0.000031    0.000000
    3   -1    0    2    3   -0.000072    0.000000
    3   -1    0    3    3   -0.000085    0.000000
    3   -1    1    1    1    0.000006    0.000000
    3   -1    1    2    1    0.000008    0.000000
    3   -1    1    3    1   -0.000007    0.000000
    3   -1    1    1    2    0.000008    0.000000
    3   -1    1    2    2   -0.000029    0.000000
    3   -1    1    3    2    0.000001    0.000000
    3   -1    1    1    3   -0.000007    0.000000
    3   -1    1    2    3    0.000001    0.000000
    3   -1    1    3    3    0.000007    0.000000
    3   -1    2    1    1    0.000001    0.000000
    3   -1    2    2    1    0.000000    0.000000
    3   -1    2    3    1   -0.000003    0.000000
    3   -1    2    1    2    0.000000    0.000000
    3   -1    2    2    2   -0.000002    0.000000
    3   -1    2    3    2    0.000000    0.000000
    3   -1    2    1    3   -0.000003    0.000000
    3   -1    2    2    3    0.000000    0.000000
    3   -1    2    3    3    0.000001    0.000000
    3   -1    3    1    1    0.000000    0.000000
    3   -1    3    2    1    0.000001    0.000000
    3   -1    3    3    1    0.000000    0.000000
    3   -1    3    1    2    0.000001    0.000000
    3   -1    3    2    2    0.000000    0.000000
    3   -1    3    3    2    0.000000    0.000000
    3   -1    3    1    3    0.000000    0.000000
    3   -1    3    2    3    0.000000    0.000000
    3   -1    3    3    3    0.000000    0.000000
    3    0   -6    1    1    0.000000    0.000000
    3    0   -6    2    1   -0.000001    0.000000
    3    0   -6    3    1    0.000000    0.000000
    3    0   -6    1    2   -0.000001    0.000000
    3    0   -6    2    2    0.000000    0.000000
    3    0   -6    3    2    0.000000    0.000000
    3    0   -6    1    3    0.000000    0.000000
    3    0   -6    2    3    0.000000    0.000000
    3    0   -6    3    3    0.000000    0.000000
    3    0   -5    1    1    0.000018    0.000000
    3    0   -5    2    1    0.000004    0.000000
    3    0   -5    3    1   -0.000014    0.000000
    3    0   -5    1    2    0.000004    0.000000
    3    0   -5    2    2   -0.000003    0.000000
    3    0   -5    3    2    0.000013    0.000000
    3    0   -5    1    3   -0.000014    0.000000
    3    0   -5    2    3    0.000013    0.000000
    3    0   -5    3    3    0.000017    0.000000
    3    0   -4    1    1    0.000519    0.000000
    3    0   -4    2    1    0.000087    0.000000
    3    0   -4    3    1   -0.000032    0.000000
    3    0   -4    1    2    0.000087    0.000000
    3    0   -4    2    2   -0.000063    0.000000
    3    0   -4    3    2   -0.000218    0.000000
    3    0   -4    1    3   -0.000032    0.000000
    3    0   -4    2    3   -0.000218    0.000000
    3    0   -4    3    3   -0.000229    0.000000
    3    0   -3    1    1    0.004007    0.000000
    3    0   -3    2    1    0.000000    0.000000
    3    0   -3    3    1    0.000000    0.000000
    3    0   -3    1    2    0.000000    0.000000
    3    0   -3    2    2    0.000223    0.000000
    3    0   -3    3    2    0.000000    0.000000
    3    0   -3    1    3    0.000000    0.000000
    3    0   -3    2    3    0.000000    0.000000
    3    0   -3    3    3   -0.004411    0.000000
    3    0   -2    1    1   -0.000204    0.000000
    3    0   -2    2    1    0.000053    0.000000
    3    0   -2    3    1    0.000005    0.000000
    3    0   -2    1    2    0.000053    0.000000
    3    0   -2    2    2   -0.000104    0.000000
    3    0   -2    3    2    0.000396    0.000000
    3    0   -2    1    3    0.000005    0.000000
    3    0   -2    2    3    0.000396    0.000000
    3    0   -2    3    3   -0.000258    0.000000
    3    0   -1    1    1   -0.000155    0.000000
    3    0   -1    2    1    0.000209    0.000000
    3    0   -1    3    1    0.000072    0.000000
    3    0   -1    1    2    0.000209    0.000000
    3    0   -1    2    2   -0.000023    0.000000
    3    0   -1    3    2    0.000031    0.000000
    3    0   -1    1    3    0.000072    0.000000
    3    0   -1    2    3    0.000031    0.000000
    3    0   -1    3    3   -0.000085    0.000000
    3    0    0    1    1   -0.000017    0.000000
    3    0    0    2    1    0.000032    0.000000
    3    0    0    3    1   -0.000006    0.000000
    3    0    0    1    2    0.000032    0.000000
    3    0    0    2    2   -0.000017    0.000000
    3    0    0    3    2    0.000006    0.000000
    3    0    0    1    3   -0.000006    0.000000
    3    0    0    2    3    0.000006    0.000000
    3    0    0    3    3   -0.000013    0.000000
    3    0    1    1    1    0.000000    0.000000
    3    0    1    2    1    0.000003    0.000000
    3    0    1    3    1   -0.000003    0.000000
    3    0    1    1    2    0.000003    0.000000
    3    0    1    2    2   -0.000005    0.000000
    3    0    1    3    2    0.000001    0.000000
    3    0    1    1    3   -0.000003    0.000000
    3    0    1    2    3    0.000001    0.000000
    3    0    1    3    3    0.000000    0.000000
    3    0    2    1    1   -0.000001    0.000000
    3    0    2    2    1   -0.000003    0.000000
    3    0    2    3    1    0.000000    0.000000
    3    0    2    1    2   -0.000003    0.000000
    3    0    2    2    2   -0.000001    0.000000
    3    0    2    3    2    0.000000    0.000000
    3    0    2    1    3    0.000000    0.000000
    3    0    2    2    3    0.000000    0.000000
    3    0    2    3    3    0.000000    0.000000
    3    1   -6    1    1    0.000003    0.000000
    3    1   -6    2    1    0.000000    0.000000
    3    1   -6    3    1   -0.000010    0.000000
    3    1   -6    1    2    0.000000    0.000000
    3    1   -6    2    2    0.000001    0.000000
    3    1   -6    3    2    0.000000    0.000000
    3    1   -6    1    3   -0.000010    0.000000
    3    1   -6    2    3    0.000000    0.000000
    3    1   -6    3    3    0.000006    0.000000
    3    1   -5    1    1    0.000032    0.000000
    3    1   -5    2    1    0.000061    0.000000
    3    1   -5    3    1    0.000013    0.000000
    3    1   -5    1    2    0.000061    0.000000
    3    1   -5    2    2   -0.000006    0.000000
    3    1   -5    3    2   -0.000074    0.000000
    3    1   -5    1    3    0.000013    0.000000
    3    1   -5    2    3   -0.000074    0.000000
    3    1   -5    3    3   -0.000024    0.000000
    3    1   -4    1    1   -0.000361    0.000000
    3    1   -4    2    1   -0.000088    0.000000
    3    1   -4    3    1    0.000000    0.000000
    3    1   -4    1    2   -0.000088    0.000000
    3    1   -4    2    2    0.000056    0.000000
    3    1   -4    3    2    0.000000    0.000000
    3    1   -4    1    3    0.000000    0.000000
    3    1   -4    2    3    0.000000    0.000000
    3    1   -4    3    3   -0.002107    0.000000
    3    1   -3    1    1    0.000519    0.000000
    3    1   -3    2    1    0.000087    0.000000
    3    1   -3    3    1    0.000032    0.000000
    3    1   -3    1    2    0.000087    0.000000
    3    1   -3    2    2   -0.000063    0.000000
    3    1   -3    3    2    0.000218    0.000000
    3    1   -3    1    3    0.000032    0.000000
    3    1   -3    2    3    0.000218    0.000000
    3    1   -3    3    3   -0.000229    0.000000
    3    1   -2    1    1   -0.000121    0.000000
    3    1   -2    2    1    0.000000    0.000000
    3    1   -2    3    1    0.000000    0.000000
    3    1   -2    1    2    0.000000    0.000000
    3    1   -2    2    2    0.000057    0.000000
    3    1   -2    3    2    0.000012    0.000000
    3    1   -2    1    3    0.000000    0.000000
    3    1   -2    2    3    0.000012    0.000000
    3    1   -2    3    3    0.000073    0.000000
    3    1   -1    1    1   -0.000029    0.000000
    3    1   -1    2    1    0.000008    0.000000
    3    1   -1    3    1   -0.000001    0.000000
    3    1   -1    1    2    0.000008    0.000000
    3    1   -1    2    2    0.000006    0.000000
    3    1   -1    3    2    0.000007    0.000000
    3    1   -1    1    3   -0.000001    0.000000
    3    1   -1    2    3    0.000007    0.000000
    3    1   -1    3    3    0.000007    0.000000
    3    1    0    1    1   -0.000005    0.000000
    3    1    0    2    1    0.000003    0.000000
    3    1    0    3    1   -0.000001    0.000000
    3    1    0    1    2    0.000003    0.000000
    3    1    0    2    2    0.000000    0.000000
    3    1    0    3    2    0.000003    0.000000
    3    1    0    1    3   -0.000001    0.000000
    3    1    0    2    3    0.000003    0.000000
    3    1    0    3    3    0.000000    0.000000
    3    1    1    1    1   -0.000002    0.000000
    3    1    1    2    1    0.000005    0.000000
    3    1    1    3    1    0.000000    0.000000
    3    1    1    1    2    0.000005    0.000000
    3    1    1    2    2   -0.000002    0.000000
    3    1    1    3    2    0.000000    0.000000
    3    1    1    1    3    0.000000    0.000000
    3    1    1    2    3    0.000000    0.000000
    3    1    1    3    3    0.000000    0.000000
    3    2   -5    1    1   -0.000069    0.000000
    3    2   -5    2    1    0.000000    0.000000
    3    2   -5    3    1    0.000000    0.000000
    3    2   -5    1    2    0.000000    0.000000
    3    2   -5    2    2    0.000008    0.000000
    3    2   -5    3    2    0.000000    0.000000
    3    2   -5    1    3    0.000000    0.000000
    3    2   -5    2    3    0.000000    0.000000
    3    2   -5    3    3   -0.000953    0.000000
    3    2   -4    1    1    0.000032    0.000000
    3    2   -4    2    1    0.000061    0.000000
    3    2   -4    3    1   -0.000013    0.000000
    3    2   -4    1    2    0.000061    0.000000
    3    2   -4    2    2   -0.000006    0.000000
    3    2   -4    3    2    0.000074    0.000000
    3    2   -4    1    3   -0.000013    0.000000
    3    2   -4    2    3    0.000074    0.000000
    3    2   -4    3    3   -0.000024    0.000000
    3    2   -3    1    1    0.000018    0.000000
    3    2   -3    2    1    0.000004    0.000000
    3    2   -3    3    1    0.000014    0.000000
    3    2   -3    1    2    0.000004    0.000000
    3    2   -3    2    2   -0.000003    0.000000
    3    2   -3    3    2   -0.000013    0.000000
    3    2   -3    1    3    0.000014    0.000000
    3    2   -3    2    3   -0.000013    0.000000
    3    2   -3    3    3    0.000017    0.000000
    3    2   -2    1    1   -0.000010    0.000000
    3    2   -2    2    1   -0.000002    0.000000
    3    2   -2    3    1   -0.000001    0.000000
    3    2   -2    1    2   -0.000002    0.000000
    3    2   -2    2    2    0.000005    0.000000
    3    2   -2    3    2    0.000001    0.000000
    3    2   -2    1    3   -0.000001    0.000000
    3    2   -2    2    3    0.000001    0.000000
    3    2   -2    3    3    0.000002    0.000000
    3    2   -1    1    1   -0.000002    0.000000
    3    2   -1    2    1    0.000000    0.000000
    3    2   -1    3    1    0.000000    0.000000
    3    2   -1    1    2    0.000000    0.000000
    3    2   -1    2    2    0.000001    0.000000
    3    2   -1    3    2    0.000003    0.000000
    3    2   -1    1    3    0.000000    0.000000
    3    2   -1    2    3    0.000003    0.000000
    3    2   -1    3    3    0.000001    0.000000
    3    2    0    1    1   -0.000001    0.000000
    3    2    0    2    1   -0.000003    0.000000
    3    2    0    3    1    0.000000    0.000000
    3    2    0    1    2   -0.000003    0.000000
    3    2    0    2    2   -0.000001    0.000000
    3    2    0    3    2    0.000000    0.000000
    3    2    0    1    3    0.000000    0.000000
    3    2    0    2    3    0.000000    0.000000
    3    2    0    3    3    0.000000    0.000000
    3    3   -4    1    1    0.000003    0.000000
    3    3   -4    2    1    0.000000    0.000000
    3    3   -4    3    1    0.000010    0.000000
    3    3   -4    1    2    0.000000    0.000000
    3    3   -4    2    2    0.000001    0.000000
    3    3   -4    3    2    0.000000    0.000000
    3    3   -4    1    3    0.000010    0.000000
    3    3   -4    2    3    0.000000    0.000000
    3    3   -4    3    3    0.000006    0.000000
    3    3   -3    1    1    0.000000    0.000000
    3    3   -3    2    1   -0.000001    0.000000
    3    3   -3    3    1    0.000000    0.000000
    3    3   -3    1    2   -0.000001    0.000000
    3    3   -3    2    2    0.000000    0.000000
    3    3   -3    3    2    0.000000    0.000000
    3    3   -3    1    3    0.000000    0.000000
    3    3   -3    2    3    0.000000    0.000000
    3    3   -3    3    3    0.000000    0.000000
    3    3   -2    1    1   -0.000002    0.000000
    3    3   -2    2    1    0.000000    0.000000
    3    3   -2    3    1   -0.000001    0.000000
    3    3   -2    1    2    0.000000    0.000000
    3    3   -2    2    2   -0.000001    0.000000
    3    3   -2    3    2    0.000001    0.000000
    3    3   -2    1    3   -0.000001    0.000000
    3    3   -2    2    3    0.000001    0.000000
    3    3   -2    3    3    0.000000    0.000000
    3    3   -1    1    1    0.000000    0.000000
    3    3   -1    2    1    0.000001    0.000000
    3    3   -1    3    1    0.000000    0.000000
    3    3   -1    1    2    0.000001    0.000000
    3    3   -1    2    2    0.000000    0.000000
    3    3   -1    3    2    0.000000    0.000000
    3    3   -1    1    3    0.000000    0.000000
    3    3   -1    2    3    0.000000    0.000000
    3    3   -1    3    3    0.000000    0.000000
    4   -7   -2    1    1    0.000000    0.000000
    4   -7   -2    2    1    0.000001    0.000000
    4   -7   -2    3    1    0.000000    0.000000
    4   -7   -2    1    2    0.000001    0.000000
    4   -7   -2    2    2    0.000000    0.000000
    4   -7   -2    3    2    0.000000    0.000000
    4   -7   -2    1    3    0.000000    0.000000
    4   -7   -2    2    3    0.000000    0.000000
    4   -7   -2    3    3    0.000000    0.000000
    4   -6   -3    1    1    0.000000    0.000000
    4   -6   -3    2    1   -0.000001    0.000000
    4   -6   -3    3    1    0.000000    0.000000
    4   -6   -3    1    2   -0.000001    0.000000
    4   -6   -3    2    2    0.000000    0.000000
    4   -6   -3    3    2    0.000000    0.000000
    4   -6   -3    1    3    0.000000    0.000000
    4   -6   -3    2    3    0.000000    0.000000
    4   -6   -3    3    3    0.000000    0.000000
    4   -6   -2    1    1    0.000002    0.000000
    4   -6   -2    2    1    0.000000    0.000000
    4   -6   -2    3    1   -0.000001    0.000000
    4   -6   -2    1    2    0.000000    0.000000
    4   -6   -2    2    2   -0.000001    0.000000
    4   -6   -2    3    2    0.000000    0.000000
    4   -6   -2    1    3   -0.000001    0.000000
    4   -6   -2    2    3    0.000000    0.000000
    4   -6   -2    3    3    0.000000    0.000000
    4   -6   -1    1    1    0.000001    0.000000
    4   -6   -1    2    1    0.000003    0.000000
    4   -6   -1    3    1   -0.000001    0.000000
    4   -6   -1    1    2    0.000003    0.000000
    4   -6   -1    2    2    0.000003    0.000000
    4   -6   -1    3    2    0.000001    0.000000
    4   -6   -1    1    3   -0.000001    0.000000
    4   -6   -1    2    3    0.000001    0.000000
    4   -6   -1    3    3    0.000001    0.000000
    4   -6    0    1    1   -0.000008    0.000000
    4   -6    0    2    1    0.000000    0.000000
    4   -6    0    3    1    0.000000    0.000000
    4   -6    0    1    2    0.000000    0.000000
    4   -6    0    2    2    0.000013    0.000000
    4   -6    0    3    2    0.000003    0.000000
    4   -6    0    1    3    0.000000    0.000000
    4   -6    0    2    3    0.000003    0.000000
    4   -6    0    3    3    0.000001    0.000000
    4   -5   -4    1    1    0.000001    0.000000
    4   -5   -4    2    1    0.000001    0.000000
    4   -5   -4    3    1    0.000000    0.000000
    4   -5   -4    1    2    0.000001    0.000000
    4   -5   -4    2    2    0.000001    0.000000
    4   -5   -4    3    2    0.000000    0.000000
    4   -5   -4    1    3    0.000000    0.000000
    4   -5   -4    2    3    0.000000    0.000000
    4   -5   -4    3    3    0.000000    0.000000
    4   -5   -3    1    1    0.000000    0.000000
    4   -5   -3    2    1    0.000002    0.000000
    4   -5   -3    3    1   -0.000001    0.000000
    4   -5   -3    1    2    0.000002    0.000000
    4   -5   -3    2    2   -0.000002    0.000000
    4   -5   -3    3    2    0.000000    0.000000
    4   -5   -3    1    3   -0.000001    0.000000
    4   -5   -3    2    3    0.000000    0.000000
    4   -5   -3    3    3    0.000000    0.000000
    4   -5   -2    1    1    0.000005    0.000000
    4   -5   -2    2    1    0.000002    0.000000
    4   -5   -2    3    1    0.000001    0.000000
    4   -5   -2    1    2    0.000002    0.000000
    4   -5   -2    2    2   -0.000010    0.000000
    4   -5   -2    3    2    0.000001    0.000000
    4   -5   -2    1    3    0.000001    0.000000
    4   -5   -2    2    3    0.000001    0.000000
    4   -5   -2    3    3    0.000002    0.000000
    4   -5   -1    1    1   -0.000006    0.000000
    4   -5   -1    2    1    0.000000    0.000000
    4   -5   -1    3    1   -0.000006    0.000000
    4   -5   -1    1    2    0.000000    0.000000
    4   -5   -1    2    2    0.000033    0.000000
    4   -5   -1    3    2    0.000000    0.000000
    4   -5   -1    1    3   -0.000006    0.000000
    4   -5   -1    2    3    0.000000    0.000000
    4   -5   -1    3    3    0.000019    0.000000
    4   -5    0    1    1   -0.000001    0.000000
    4   -5    0    2    1    0.000023    0.000000
    4   -5    0    3    1    0.000064    0.000000
    4   -5    0    1    2    0.000023    0.000000
    4   -5    0    2    2    0.000106    0.000000
    4   -5    0    3    2   -0.000015    0.000000
    4   -5    0    1    3    0.000064    0.000000
    4   -5    0    2    3   -0.000015    0.000000
    4   -5    0    3    3   -0.000161    0.000000
    4   -5    1    1    1    0.000006    0.000000
    4   -5    1    2    1    0.000000    0.000000
    4   -5    1    3    1    0.000000    0.000000
    4   -5    1    1    2    0.000000    0.000000
    4   -5    1    2    2   -0.000239    0.000000
    4   -5    1    3    2    0.000000    0.000000
    4   -5    1    1    3    0.000000    0.000000
    4   -5    1    2    3    0.000000    0.000000
    4   -5    1    3    3   -0.000778    0.000000
    4   -4   -5    1    1    0.000001    0.000000
    4   -4   -5    2    1    0.000001    0.000000
    4   -4   -5    3    1    0.000000    0.000000
    4   -4   -5    1    2    0.000001    0.000000
    4   -4   -5    2    2    0.000001    0.000000
    4   -4   -5    3    2    0.000000    0.000000
    4   -4   -5    1    3    0.000000    0.000000
    4   -4   -5    2    3    0.000000    0.000000
    4   -4   -5    3    3    0.000000    0.000000
    4   -4   -4    1    1   -0.000002    0.000000
    4   -4   -4    2    1    0.000005    0.000000
    4   -4   -4    3    1   -0.000001    0.000000
    4   -4   -4    1    2    0.000005    0.000000
    4   -4   -4    2    2   -0.000002    0.000000
    4   -4   -4    3    2    0.000001    0.000000
    4   -4   -4    1    3   -0.000001    0.000000
    4   -4   -4    2    3    0.000001    0.000000
    4   -4   -4    3    3   -0.000001    0.000000
    4   -4   -3    1    1   -0.000004    0.000000
    4   -4   -3    2    1    0.000022    0.000000
    4   -4   -3    3    1    0.000003    0.000000
    4   -4   -3    1    2    0.000022    0.000000
    4   -4   -3    2    2   -0.000016    0.000000
    4   -4   -3    3    2    0.000001    0.000000
    4   -4   -3    1    3    0.000003    0.000000
    4   -4   -3    2    3    0.000001    0.000000
    4   -4   -3    3    3   -0.000004    0.000000
    4   -4   -2    1    1    0.000009    0.000000
    4   -4   -2    2    1    0.000048    0.000000
    4   -4   -2    3    1    0.000007    0.000000
    4   -4   -2    1    2    0.000048    0.000000
    4   -4   -2    2    2   -0.000032    0.000000
    4   -4   -2    3    2    0.000013    0.000000
    4   -4   -2    1    3    0.000007    0.000000
    4   -4   -2    2    3    0.000013    0.000000
    4   -4   -2    3    3    0.000012    0.000000
    4   -4   -1    1    1   -0.000063    0.000000
    4   -4   -1    2    1   -0.000087    0.000000
    4   -4   -1    3    1    0.000218    0.000000
    4   -4   -1    1    2   -0.000087    0.000000
    4   -4   -1    2    2    0.000519    0.000000
    4   -4   -1    3    2   -0.000032    0.000000
    4   -4   -1    1    3    0.000218    0.000000
    4   -4   -1    2    3   -0.000032    0.000000
    4   -4   -1    3    3   -0.000229    0.000000
    4   -4    0    1    1    0.000017    0.000000
    4   -4    0    2    1    0.000000    0.000000
    4   -4    0    3    1    0.000000    0.000000
    4   -4    0    1    2    0.000000    0.000000
    4   -4    0    2    2   -0.000766    0.000000
    4   -4    0    3    2    0.000000    0.000000
    4   -4    0    1    3    0.000000    0.000000
    4   -4    0    2    3    0.000000    0.000000
    4   -4    0    3    3   -0.001473    0.000000
    4   -4    1    1    1   -0.000001    0.000000
    4   -4    1    2    1    0.000023    0.000000
    4   -4    1    3    1   -0.000064    0.000000
    4   -4    1    1    2    0.000023    0.000000
    4   -4    1    2    2    0.000106    0.000000
    4   -4    1    3    2    0.000015    0.000000
    4   -4    1    1    3   -0.000064    0.000000
    4   -4    1    2    3    0.000015    0.000000
    4   -4    1    3    3   -0.000161    0.000000
    4   -4    2    1    1   -0.000008    0.000000
    4   -4    2    2    1    0.000000    0.000000
    4   -4    2    3    1    0.000000    0.000000
    4   -4    2    1    2    0.000000    0.000000
    4   -4    2    2    2    0.000013    0.000000
    4   -4    2    3    2   -0.000003    0.000000
    4   -4    2    1    3    0.000000    0.000000
    4   -4    2    2    3   -0.000003    0.000000
    4   -4    2    3    3    0.000001    0.000000
    4   -3   -6    1    1    0.000000    0.000000
    4   -3   -6    2    1   -0.000001    0.000000
    4   -3   -6    3    1    0.000000    0.000000
    4   -3   -6    1    2   -0.000001    0.000000
    4   -3   -6    2    2    0.000000    0.000000
    4   -3   -6    3    2    0.000000    0.000000
    4   -3   -6    1    3    0.000000    0.000000
    4   -3   -6    2    3    0.000000    0.000000
    4   -3   -6    3    3    0.000000    0.000000
    4   -3   -5    1    1   -0.000002    0.000000
    4   -3   -5    2    1    0.000002    0.000000
    4   -3   -5    3    1    0.000000    0.000000
    4   -3   -5    1    2    0.000002    0.000000
    4   -3   -5    2    2    0.000000    0.000000
    4   -3   -5    3    2    0.000001    0.000000
    4   -3   -5    1    3    0.000000    0.000000
    4   -3   -5    2    3    0.000001    0.000000
    4   -3   -5    3    3    0.000000    0.000000
    4   -3   -4    1    1   -0.000016    0.000000
    4   -3   -4    2    1    0.000022    0.000000
    4   -3   -4    3    1   -0.000001    0.000000
    4   -3   -4    1    2    0.000022    0.000000
    4   -3   -4    2    2   -0.000004    0.000000
    4   -3   -4    3    2   -0.000003    0.000000
    4   -3   -4    1    3   -0.000001    0.000000
    4   -3   -4    2    3   -0.000003    0.000000
    4   -3   -4    3    3   -0.000004    0.000000
    4   -3   -3    1    1   -0.000080    0.000000
    4   -3   -3    2    1    0.000157    0.000000
    4   -3   -3    3    1   -0.000025    0.000000
    4   -3   -3    1    2    0.000157    0.000000
    4   -3   -3    2    2   -0.000080    0.000000
    4   -3   -3    3    2    0.000025    0.000000
    4   -3   -3    1    3   -0.000025    0.000000
    4   -3   -3    2    3    0.000025    0.000000
    4   -3   -3    3    3   -0.000111    0.000000
    4   -3   -2    1    1    0.000118    0.000000
    4   -3   -2    2    1    0.000371    0.000000
    4   -3   -2    3    1    0.000477    0.000000
    4   -3   -2    1    2    0.000371    0.000000
    4   -3   -2    2    2   -0.000513    0.000000
    4   -3   -2    3    2   -0.000326    0.000000
    4   -3   -2    1    3    0.000477    0.000000
    4   -3   -2    2    3   -0.000326    0.000000
    4   -3   -2    3    3    0.000066    0.000000
    4   -3   -1    1    1    0.000068    0.000000
    4   -3   -1    2    1   -0.000075    0.000000
    4   -3   -1    3    1    0.000000    0.000000
    4   -3   -1    1    2   -0.000075    0.000000
    4   -3   -1    2    2    0.002705    0.000000
    4   -3   -1    3    2    0.000000    0.000000
    4   -3   -1    1    3    0.000000    0.000000
    4   -3   -1    2    3    0.000000    0.000000
    4   -3   -1    3    3   -0.004162    0.000000
    4   -3    0    1    1   -0.000063    0.000000
    4   -3    0    2    1   -0.000087    0.000000
    4   -3    0    3    1   -0.000218    0.000000
    4   -3    0    1    2   -0.000087    0.000000
    4   -3    0    2    2    0.000519    0.000000
    4   -3    0    3    2    0.000032    0.000000
    4   -3    0    1    3   -0.000218    0.000000
    4   -3    0    2    3    0.000032    0.000000
    4   -3    0    3    3   -0.000229    0.000000
    4   -3    1    1    1   -0.000006    0.000000
    4   -3    1    2    1    0.000000    0.000000
    4   -3    1    3    1    0.000006    0.000000
    4   -3    1    1    2    0.000000    0.000000
    4   -3    1    2    2    0.000033    0.000000
    4   -3    1    3    2    0.000000    0.000000
    4   -3    1    1    3    0.000006    0.000000
    4   -3    1    2    3    0.000000    0.000000
    4   -3    1    3    3    0.000019    0.000000
    4   -3    2    1    1    0.000001    0.000000
    4   -3    2    2    1    0.000003    0.000000
    4   -3    2    3    1    0.000001    0.000000
    4   -3    2    1    2    0.000003    0.000000
    4   -3    2    2    2    0.000003    0.000000
    4   -3    2    3    2   -0.000001    0.000000
    4   -3    2    1    3    0.000001    0.000000
    4   -3    2    2    3   -0.000001    0.000000
    4   -3    2    3    3    0.000001    0.000000
    4   -2   -7    1    1    0.000000    0.000000
    4   -2   -7    2    1    0.000001    0.000000
    4   -2   -7    3    1    0.000000    0.000000
    4   -2   -7    1    2    0.000001    0.000000
    4   -2   -7    2    2    0.000000    0.000000
    4   -2   -7    3    2    0.000000    0.000000
    4   -2   -7    1    3    0.000000    0.000000
    4   -2   -7    2    3    0.000000    0.000000
    4   -2   -7    3    3    0.000000    0.000000
    4   -2   -6    1    1   -0.000001    0.000000
    4   -2   -6    2    1    0.000000    0.000000
    4   -2   -6    3    1    0.000000    0.000000
    4   -2   -6    1    2    0.000000    0.000000
    4   -2   -6    2    2    0.000002    0.000000
    4   -2   -6    3    2    0.000001    0.000000
    4   -2   -6    1    3    0.000000    0.000000
    4   -2   -6    2    3    0.000001    0.000000
    4   -2   -6    3    3    0.000000    0.000000
    4   -2   -5    1    1   -0.000010    0.000000
    4   -2   -5    2    1    0.000002    0.000000
    4   -2   -5    3    1   -0.000001    0.000000
    4   -2   -5    1    2    0.000002    0.000000
    4   -2   -5    2    2    0.000005    0.000000
    4   -2   -5    3    2   -0.000001    0.000000
    4   -2   -5    1    3   -0.000001    0.000000
    4   -2   -5    2    3   -0.000001    0.000000
    4   -2   -5    3    3    0.000002    0.000000
    4   -2   -4    1    1   -0.000032    0.000000
    4   -2   -4    2    1    0.000048    0.000000
    4   -2   -4    3    1   -0.000013    0.000000
    4   -2   -4    1    2    0.000048    0.000000
    4   -2   -4    2    2    0.000009    0.000000
    4   -2   -4    3    2   -0.000007    0.000000
    4   -2   -4    1    3   -0.000013    0.000000
    4   -2   -4    2    3   -0.000007    0.000000
    4   -2   -4    3    3    0.000012    0.000000
    4   -2   -3    1    1   -0.000513    0.000000
    4   -2   -3    2    1    0.000371    0.000000
    4   -2   -3    3    1    0.000326    0.000000
    4   -2   -3    1    2    0.000371    0.000000
    4   -2   -3    2    2    0.000118    0.000000
    4   -2   -3    3    2   -0.000477    0.000000
    4   -2   -3    1    3    0.000326    0.000000
    4   -2   -3    2    3   -0.000477    0.000000
    4   -2   -3    3    3    0.000066    0.000000
    4   -2   -2    1    1    0.000771    0.000000
    4   -2   -2    2    1   -0.002100    0.000000
    4   -2   -2    3    1    0.000000    0.000000
    4   -2   -2    1    2   -0.002100    0.000000
    4   -2   -2    2    2    0.000771    0.000000
    4   -2   -2    3    2    0.000000    0.000000
    4   -2   -2    1    3    0.000000    0.000000
    4   -2   -2    2    3    0.000000    0.000000
    4   -2   -2    3    3   -0.013886    0.000000
    4   -2   -1    1    1    0.000118    0.000000
    4   -2   -1    2    1    0.000371    0.000000
    4   -2   -1    3    1   -0.000477    0.000000
    4   -2   -1    1    2    0.000371    0.000000
    4   -2   -1    2    2   -0.000513    0.000000
    4   -2   -1    3    2    0.000326    0.000000
    4   -2   -1    1    3   -0.000477    0.000000
    4   -2   -1    2    3    0.000326    0.000000
    4   -2   -1    3    3    0.000066    0.000000
    4   -2    0    1    1    0.000009    0.000000
    4   -2    0    2    1    0.000048    0.000000
    4   -2    0    3    1   -0.000007    0.000000
    4   -2    0    1    2    0.000048    0.000000
    4   -2    0    2    2   -0.000032    0.000000
    4   -2    0    3    2   -0.000013    0.000000
    4   -2    0    1    3   -0.000007    0.000000
    4   -2    0    2    3   -0.000013    0.000000
    4   -2    0    3    3    0.000012    0.000000
    4   -2    1    1    1    0.000005    0.000000
    4   -2    1    2    1    0.000002    0.000000
    4   -2    1    3    1   -0.000001    0.000000
    4   -2    1    1    2    0.000002    0.000000
    4   -2    1    2    2   -0.000010    0.000000
    4   -2    1    3    2   -0.000001    0.000000
    4   -2    1    1    3   -0.000001    0.000000
    4   -2    1    2    3   -0.000001    0.000000
    4   -2    1    3    3    0.000002    0.000000
    4   -2    2    1    1    0.000002    0.000000
    4   -2    2    2    1    0.000000    0.000000
    4   -2    2    3    1    0.000001    0.000000
    4   -2    2    1    2    0.000000    0.000000
    4   -2    2    2    2   -0.000001    0.000000
    4   -2    2    3    2    0.000000    0.000000
    4   -2    2    1    3    0.000001    0.000000
    4   -2    2    2    3    0.000000    0.000000
    4   -2    2    3    3    0.000000    0.000000
    4   -2    3    1    1    0.000000    0.000000
    4   -2    3    2    1    0.000001    0.000000
    4   -2    3    3    1    0.000000    0.000000
    4   -2    3    1    2    0.000001    0.000000
    4   -2    3    2    2    0.000000    0.000000
    4   -2    3    3    2    0.000000    0.000000
    4   -2    3    1    3    0.000000    0.000000
    4   -2    3    2    3    0.000000    0.000000
    4   -2    3    3    3    0.000000    0.000000
    4   -1   -6    1    1    0.000003    0.000000
    4   -1   -6    2    1    0.000003    0.000000
    4   -1   -6    3    1   -0.000001    0.000000
    4   -1   -6    1    2    0.000003    0.000000
    4   -1   -6    2    2    0.000001    0.000000
    4   -1   -6    3    2    0.000001    0.000000
    4   -1   -6    1    3   -0.000001    0.000000
    4   -1   -6    2    3    0.000001    0.000000
    4   -1   -6    3    3    0.000001    0.000000
    4   -1   -5    1    1    0.000033    0.000000
    4   -1   -5    2    1    0.000000    0.000000
    4   -1   -5    3    1    0.000000    0.000000
    4   -1   -5    1    2    0.000000    0.000000
    4   -1   -5    2    2   -0.000006    0.000000
    4   -1   -5    3    2    0.000006    0.000000
    4   -1   -5    1    3    0.000000    0.000000
    4   -1   -5    2    3    0.000006    0.000000
    4   -1   -5    3    3    0.000019    0.000000
    4   -1   -4    1    1    0.000519    0.000000
    4   -1   -4    2    1   -0.000087    0.000000
    4   -1   -4    3    1    0.000032    0.000000
    4   -1   -4    1    2   -0.000087    0.000000
    4   -1   -4    2    2   -0.000063    0.000000
    4   -1   -4    3    2   -0.000218    0.000000
    4   -1   -4    1    3    0.000032    0.000000
    4   -1   -4    2    3   -0.000218    0.000000
    4   -1   -4    3    3   -0.000229    0.000000
    4   -1   -3    1    1    0.002705    0.000000
    4   -1   -3    2    1   -0.000075    0.000000
    4   -1   -3    3    1    0.000000    0.000000
    4   -1   -3    1    2   -0.000075    0.000000
    4   -1   -3    2    2    0.000068    0.000000
    4   -1   -3    3    2    0.000000    0.000000
    4   -1   -3    1    3    0.000000    0.000000
    4   -1   -3    2    3    0.000000    0.000000
    4   -1   -3    3    3   -0.004162    0.000000
    4   -1   -2    1    1   -0.000513    0.000000
    4   -1   -2    2    1    0.000371    0.000000
    4   -1   -2    3    1   -0.000326    0.000000
    4   -1   -2    1    2    0.000371    0.000000
    4   -1   -2    2    2    0.000118    0.000000
    4   -1   -2    3    2    0.000477    0.000000
    4   -1   -2    1    3   -0.000326    0.000000
    4   -1   -2    2    3    0.000477    0.000000
    4   -1   -2    3    3    0.000066    0.000000
    4   -1   -1    1    1   -0.000080    0.000000
    4   -1   -1    2    1    0.000157    0.000000
    4   -1   -1    3    1    0.000025    0.000000
    4   -1   -1    1    2    0.000157    0.000000
    4   -1   -1    2    2   -0.000080    0.000000
    4   -1   -1    3    2   -0.000025    0.000000
    4   -1   -1    1    3    0.000025    0.000000
    4   -1   -1    2    3   -0.000025    0.000000
    4   -1   -1    3    3   -0.000111    0.000000
    4   -1    0    1    1   -0.000004    0.000000
    4   -1    0    2    1    0.000022    0.000000
    4   -1    0    3    1   -0.000003    0.000000
    4   -1    0    1    2    0.000022    0.000000
    4   -1    0    2    2   -0.000016    0.000000
    4   -1    0    3    2   -0.000001    0.000000
    4   -1    0    1    3   -0.000003    0.000000
    4   -1    0    2    3   -0.000001    0.000000
    4   -1    0    3    3   -0.000004    0.000000
    4   -1    1    1    1    0.000000    0.000000
    4   -1    1    2    1    0.000002    0.000000
    4   -1    1    3    1    0.000001    0.000000
    4   -1    1    1    2    0.000002    0.000000
    4   -1    1    2    2   -0.000002    0.000000
    4   -1    1    3    2    0.000000    0.000000
    4   -1    1    1    3    0.000001    0.000000
    4   -1    1    2    3    0.000000    0.000000
    4   -1    1    3    3    0.000000    0.000000
    4   -1    2    1    1    0.000000    0.000000
    4   -1    2    2    1   -0.000001    0.000000
    4   -1    2    3    1    0.000000    0.000000
    4   -1    2    1    2   -0.000001    0.000000
    4   -1    2    2    2    0.000000    0.000000
    4   -1    2    3    2    0.000000    0.000000
    4   -1    2    1    3    0.000000    0.000000
    4   -1    2    2    3    0.000000    0.000000
    4   -1    2    3    3    0.000000    0.000000
    4    0   -6    1    1    0.000013    0.000000
    4    0   -6    2    1    0.000000    0.000000
    4    0   -6    3    1   -0.000003    0.000000
    4    0   -6    1    2    0.000000    0.000000
    4    0   -6    2    2   -0.000008    0.000000
    4    0   -6    3    2    0.000000    0.000000
    4    0   -6    1    3   -0.000003    0.000000
    4    0   -6    2    3    0.000000    0.000000
    4    0   -6    3    3    0.000001    0.000000
    4    0   -5    1    1    0.000106    0.000000
    4    0   -5    2    1    0.000023    0.000000
    4    0   -5    3    1    0.000015    0.000000
    4    0   -5    1    2    0.000023    0.000000
    4    0   -5    2    2   -0.000001    0.000000
    4    0   -5    3    2   -0.000064    0.000000
    4    0   -5    1    3    0.000015    0.000000
    4    0   -5    2    3   -0.000064    0.000000
    4    0   -5    3    3   -0.000161    0.000000
    4    0   -4    1    1   -0.000766    0.000000
    4    0   -4    2    1    0.000000    0.000000
    4    0   -4    3    1    0.000000    0.000000
    4    0   -4    1    2    0.000000    0.000000
    4    0   -4    2    2    0.000017    0.000000
    4    0   -4    3    2    0.000000    0.000000
    4    0   -4    1    3    0.000000    0.000000
    4    0   -4    2    3    0.000000    0.000000
    4    0   -4    3    3   -0.001473    0.000000
    4    0   -3    1    1    0.000519    0.000000
    4    0   -3    2    1   -0.000087    0.000000
    4    0   -3    3    1   -0.000032    0.000000
    4    0   -3    1    2   -0.000087    0.000000
    4    0   -3    2    2   -0.000063    0.000000
    4    0   -3    3    2    0.000218    0.000000
    4    0   -3    1    3   -0.000032    0.000000
    4    0   -3    2    3    0.000218    0.000000
    4    0   -3    3    3   -0.000229    0.000000
    4    0   -2    1    1   -0.000032    0.000000
    4    0   -2    2    1    0.000048    0.000000
    4    0   -2    3    1    0.000013    0.000000
    4    0   -2    1    2    0.000048    0.000000
    4    0   -2    2    2    0.000009    0.000000
    4    0   -2    3    2    0.000007    0.000000
    4    0   -2    1    3    0.000013    0.000000
    4    0   -2    2    3    0.000007    0.000000
    4    0   -2    3    3    0.000012    0.000000
    4    0   -1    1    1   -0.000016    0.000000
    4    0   -1    2    1    0.000022    0.000000
    4    0   -1    3    1    0.000001    0.000000
    4    0   -1    1    2    0.000022    0.000000
    4    0   -1    2    2   -0.000004    0.000000
    4    0   -1    3    2    0.000003    0.000000
    4    0   -1    1    3    0.000001    0.000000
    4    0   -1    2    3    0.000003    0.000000
    4    0   -1    3    3   -0.000004    0.000000
    4    0    0    1    1   -0.000002    0.000000
    4    0    0    2    1    0.000005    0.000000
    4    0    0    3    1    0.000001    0.000000
    4    0    0    1    2    0.000005    0.000000
    4    0    0    2    2   -0.000002    0.000000
    4    0    0    3    2   -0.000001    0.000000
    4    0    0    1    3    0.000001    0.000000
    4    0    0    2    3   -0.000001    0.000000
    4    0    0    3    3   -0.000001    0.000000
    4    0    1    1    1    0.000001    0.000000
    4    0    1    2    1    0.000001    0.000000
    4    0    1    3    1    0.000000    0.000000
    4    0    1    1    2    0.000001    0.000000
    4    0    1    2    2    0.000001    0.000000
    4    0    1    3    2    0.000000    0.000000
    4    0    1    1    3    0.000000    0.000000
    4    0    1    2    3    0.000000    0.000000
    4    0    1    3    3    0.000000    0.000000
    4    1   -5    1    1   -0.000239    0.000000
    4    1   -5    2    1    0.000000    0.000000
    4    1   -5    3    1    0.000000    0.000000
    4    1   -5    1    2    0.000000    0.000000
    4    1   -5    2    2    0.000006    0.000000
    4    1   -5    3    2    0.000000    0.000000
    4    1   -5    1    3    0.000000    0.000000
    4    1   -5    2    3    0.000000    0.000000
    4    1   -5    3    3   -0.000778    0.000000
    4    1   -4    1    1    0.000106    0.000000
    4    1   -4    2    1    0.000023    0.000000
    4    1   -4    3    1   -0.000015    0.000000
    4    1   -4    1    2    0.000023    0.000000
    4    1   -4    2    2   -0.000001    0.000000
    4    1   -4    3    2    0.000064    0.000000
    4    1   -4    1    3   -0.000015    0.000000
    4    1   -4    2    3    0.000064    0.000000
    4    1   -4    3    3   -0.000161    0.000000
    4    1   -3    1    1    0.000033    0.000000
    4    1   -3    2    1    0.000000    0.000000
    4    1   -3    3    1    0.000000    0.000000
    4    1   -3    1    2    0.000000    0.000000
    4    1   -3    2    2   -0.000006    0.000000
    4    1   -3    3    2   -0.000006    0.000000
    4    1   -3    1    3    0.000000    0.000000
    4    1   -3    2    3   -0.000006    0.000000
    4    1   -3    3    3    0.000019    0.000000
    4    1   -2    1    1   -0.000010    0.000000
    4    1   -2    2    1    0.000002    0.000000
    4    1   -2    3    1    0.000001    0.000000
    4    1   -2    1    2    0.000002    0.000000
    4    1   -2    2    2    0.000005    0.000000
    4    1   -2    3    2    0.000001    0.000000
    4    1   -2    1    3    0.000001    0.000000
    4    1   -2    2    3    0.000001    0.000000
    4    1   -2    3    3    0.000002    0.000000
    4    1   -1    1    1   -0.000002    0.000000
    4    1   -1    2    1    0.000002    0.000000
    4    1   -1    3    1    0.000000    0.000000
    4    1   -1    1    2    0.000002    0.000000
    4    1   -1    2    2    0.000000    0.000000
    4    1   -1    3    2   -0.000001    0.000000
    4    1   -1    1    3    0.000000    0.000000
    4    1   -1    2    3   -0.000001    0.000000
    4    1   -1    3    3    0.000000    0.000000
    4    1    0    1    1    0.000001    0.000000
    4    1    0    2    1    0.000001    0.000000
    4    1    0    3    1    0.000000    0.000000
    4    1    0    1    2    0.000001    0.000000
    4    1    0    2    2    0.000001    0.000000
    4    1    0    3    2    0.000000    0.000000
    4    1    0    1    3    0.000000    0.000000
    4    1    0    2    3    0.000000    0.000000
    4    1    0    3    3    0.000000    0.000000
    4    2   -4    1    1    0.000013    0.000000
    4    2   -4    2    1    0.000000    0.000000
    4    2   -4    3    1    0.000003    0.000000
    4    2   -4    1    2    0.000000    0.000000
    4    2   -4    2    2   -0.000008    0.000000
    4    2   -4    3    2    0.000000    0.000000
    4    2   -4    1    3    0.000003    0.000000
    4    2   -4    2    3    0.000000    0.000000
    4    2   -4    3    3    0.000001    0.000000
    4    2   -3    1    1    0.000003    0.000000
    4    2   -3    2    1    0.000003    0.000000
    4    2   -3    3    1    0.000001    0.000000
    4    2   -3    1    2    0.000003    0.000000
    4    2   -3    2    2    0.000001    0.000000
    4    2   -3    3    2   -0.000001    0.000000
    4    2   -3    1    3    0.000001    0.000000
    4    2   -3    2    3   -0.000001    0.000000
    4    2   -3    3    3    0.000001    0.000000
    4    2   -2    1    1   -0.000001    0.000000
    4    2   -2    2    1    0.000000    0.000000
    4    2   -2    3    1    0.000000    0.000000
    4    2   -2    1    2    0.000000    0.000000
    4    2   -2    2    2    0.000002    0.000000
    4    2   -2    3    2   -0.000001    0.000000
    4    2   -2    1    3    0.000000    0.000000
    4    2   -2    2    3   -0.000001    0.000000
    4    2   -2    3    3    0.000000    0.000000
    4    2   -1    1    1    0.000000    0.000000
    4    2   -1    2    1   -0.000001    0.000000
    4    2   -1    3    1    0.000000    0.000000
    4    2   -1    1    2   -0.000001    0.000000
    4    2   -1    2    2    0.000000    0.000000
    4    2   -1    3    2    0.000000    0.000000
    4    2   -1    1    3    0.000000    0.000000
    4    2   -1    2    3    0.000000    0.000000
    4    2   -1    3    3    0.000000    0.000000
    4    3   -2    1    1    0.000000    0.000000
    4    3   -2    2    1    0.000001    0.000000
    4    3   -2    3    1    0.000000    0.000000
    4    3   -2    1    2    0.000001    0.000000
    4    3   -2    2    2    0.000000    0.000000
    4    3   -2    3    2    0.000000    0.000000
    4    3   -2    1    3    0.000000    0.000000
    4    3   -2    2    3    0.000000    0.000000
    4    3   -2    3    3    0.000000    0.000000
    5   -7   -3    1    1    0.000000    0.000000
    5   -7   -3    2    1   -0.000001    0.000000
    5   -7   -3    3    1    0.000000    0.000000
    5   -7   -3    1    2   -0.000001    0.000000
    5   -7   -3    2    2    0.000000    0.000000
    5   -7   -3    3    2    0.000000    0.000000
    5   -7   -3    1    3    0.000000    0.000000
    5   -7   -3    2    3    0.000000    0.000000
    5   -7   -3    3    3    0.000000    0.000000
    5   -6   -4    1    1    0.000000    0.000000
    5   -6   -4    2    1    0.000003    0.000000
    5   -6   -4    3    1    0.000000    0.000000
    5   -6   -4    1    2    0.000003    0.000000
    5   -6   -4    2    2    0.000000    0.000000
    5   -6   -4    3    2    0.000000    0.000000
    5   -6   -4    1    3    0.000000    0.000000
    5   -6   -4    2    3    0.000000    0.000000
    5   -6   -4    3    3    0.000000    0.000000
    5   -6   -3    1    1   -0.000001    0.000000
    5   -6   -3    2    1    0.000000    0.000000
    5   -6   -3    3    1    0.000001    0.000000
    5   -6   -3    1    2    0.000000    0.000000
    5   -6   -3    2    2   -0.000002    0.000000
    5   -6   -3    3    2    0.000001    0.000000
    5   -6   -3    1    3    0.000001    0.000000
    5   -6   -3    2    3    0.000001    0.000000
    5   -6   -3    3    3    0.000000    0.000000
    5   -6   -2    1    1    0.000001    0.000000
    5   -6   -2    2    1   -0.000003    0.000000
    5   -6   -2    3    1   -0.000001    0.000000
    5   -6   -2    1    2   -0.000003    0.000000
    5   -6   -2    2    2    0.000003    0.000000
    5   -6   -2    3    2   -0.000001    0.000000
    5   -6   -2    1    3   -0.000001    0.000000
    5   -6   -2    2    3   -0.000001    0.000000
    5   -6   -2    3    3    0.000001    0.000000
    5   -6   -1    1    1   -0.000003    0.000000
    5   -6   -1    2    1    0.000000    0.000000
    5   -6   -1    3    1    0.000000    0.000000
    5   -6   -1    1    2    0.000000    0.000000
    5   -6   -1    2    2    0.000022    0.000000
    5   -6   -1    3    2    0.000000    0.000000
    5   -6   -1    1    3    0.000000    0.000000
    5   -6   -1    2    3    0.000000    0.000000
    5   -6   -1    3    3    0.000014    0.000000
    5   -5   -5    1    1   -0.000001    0.000000
    5   -5   -5    2    1   -0.000002    0.000000
    5   -5   -5    3    1    0.000000    0.000000
    5   -5   -5    1    2   -0.000002    0.000000
    5   -5   -5    2    2   -0.000001    0.000000
    5   -5   -5    3    2    0.000000    0.000000
    5   -5   -5    1    3    0.000000    0.000000
    5   -5   -5    2    3    0.000000    0.000000
    5   -5   -5    3    3    0.000000    0.000000
    5   -5   -4    1    1    0.000000    0.000000
    5   -5   -4    2    1    0.000001    0.000000
    5   -5   -4    3    1    0.000001    0.000000
    5   -5   -4    1    2    0.000001    0.000000
    5   -5   -4    2    2   -0.000002    0.000000
    5   -5   -4    3    2    0.000001    0.000000
    5   -5   -4    1    3    0.000001    0.000000
    5   -5   -4    2    3    0.000001    0.000000
    5   -5   -4    3    3   -0.000001    0.000000
    5   -5   -3    1    1    0.000000    0.000000
    5   -5   -3    2    1    0.000010    0.000000
    5   -5   -3    3    1    0.000000    0.000000
    5   -5   -3    1    2    0.000010    0.000000
    5   -5   -3    2    2   -0.000005    0.000000
    5   -5   -3    3    2    0.000000    0.000000
    5   -5   -3    1    3    0.000000    0.000000
    5   -5   -3    2    3    0.000000    0.000000
    5   -5   -3    3    3   -0.000001    0.000000
    5   -5   -2    1    1   -0.000003    0.000000
    5   -5   -2    2    1   -0.000004    0.000000
    5   -5   -2    3    1   -0.000013    0.000000
    5   -5   -2    1    2   -0.000004    0.000000
    5   -5   -2    2    2    0.000018    0.000000
    5   -5   -2    3    2   -0.000014    0.000000
    5   -5   -2    1    3   -0.000013    0.000000
    5   -5   -2    2    3   -0.000014    0.000000
    5   -5   -2    3    3    0.000017    0.000000
    5   -5   -1    1    1   -0.000001    0.000000
    5   -5   -1    2    1   -0.000023    0.000000
    5   -5   -1    3    1    0.000064    0.000000
    5   -5   -1    1    2   -0.000023    0.000000
    5   -5   -1    2    2    0.000106    0.000000
    5   -5   -1    3    2    0.000015    0.000000
    5   -5   -1    1    3    0.000064    0.000000
    5   -5   -1    2    3    0.000015    0.000000
    5   -5   -1    3    3   -0.000161    0.000000
    5   -5    0    1    1    0.000003    0.000000
    5   -5    0    2    1    0.000000    0.000000
    5   -5    0    3    1    0.000000    0.000000
    5   -5    0    1    2    0.000000    0.000000
    5   -5    0    2    2   -0.000344    0.000000
    5   -5    0    3    2    0.000000    0.000000
    5   -5    0    1    3    0.000000    0.000000
    5   -5    0    2    3    0.000000    0.000000
    5   -5    0    3    3   -0.000603    0.000000
    5   -4   -6    1    1    0.000000    0.000000
    5   -4   -6    2    1    0.000003    0.000000
    5   -4   -6    3    1    0.000000    0.000000
    5   -4   -6    1    2    0.000003    0.000000
    5   -4   -6    2    2    0.000000    0.000000
    5   -4   -6    3    2    0.000000    0.000000
    5   -4   -6    1    3    0.000000    0.000000
    5   -4   -6    2    3    0.000000    0.000000
    5   -4   -6    3    3    0.000000    0.000000
    5   -4   -5    1    1   -0.000002    0.000000
    5   -4   -5    2    1    0.000001    0.000000
    5   -4   -5    3    1   -0.000001    0.000000
    5   -4   -5    1    2    0.000001    0.000000
    5   -4   -5    2    2    0.000000    0.000000
    5   -4   -5    3    2   -0.000001    0.000000
    5   -4   -5    1    3   -0.000001    0.000000
    5   -4   -5    2    3   -0.000001    0.000000
    5   -4   -5    3    3   -0.000001    0.000000
    5   -4   -4    1    1   -0.000007    0.000000
    5   -4   -4    2    1    0.000008    0.000000
    5   -4   -4    3    1    0.000002    0.000000
    5   -4   -4    1    2    0.000008    0.000000
    5   -4   -4    2    2   -0.000007    0.000000
    5   -4   -4    3    2   -0.000002    0.000000
    5   -4   -4    1    3    0.000002    0.000000
    5   -4   -4    2    3   -0.000002    0.000000
    5   -4   -4    3    3   -0.000006    0.000000
    5   -4   -3    1    1   -0.000031    0.000000
    5   -4   -3    2    1    0.000047    0.000000
    5   -4   -3    3    1    0.000001    0.000000
    5   -4   -3    1    2    0.000047    0.000000
    5   -4   -3    2    2   -0.000040    0.000000
    5   -4   -3    3    2    0.000004    0.000000
    5   -4   -3    1    3    0.000001    0.000000
    5   -4   -3    2    3    0.000004    0.000000
    5   -4   -3    3    3   -0.000039    0.000000
    5   -4   -2    1    1    0.000003    0.000000
    5   -4   -2    2    1   -0.000092    0.000000
    5   -4   -2    3    1    0.000205    0.000000
    5   -4   -2    1    2   -0.000092    0.000000
    5   -4   -2    2    2   -0.000050    0.000000
    5   -4   -2    3    2   -0.000072    0.000000
    5   -4   -2    1    3    0.000205    0.000000
    5   -4   -2    2    3   -0.000072    0.000000
    5   -4   -2    3    3    0.000025    0.000000
    5   -4   -1    1    1    0.000056    0.000000
    5   -4   -1    2    1    0.000088    0.000000
    5   -4   -1    3    1    0.000000    0.000000
    5   -4   -1    1    2    0.000088    0.000000
    5   -4   -1    2    2   -0.000361    0.000000
    5   -4   -1    3    2    0.000000    0.000000
    5   -4   -1    1    3    0.000000    0.000000
    5   -4   -1    2    3    0.000000    0.000000
    5   -4   -1    3    3   -0.002107    0.000000
    5   -4    0    1    1   -0.000001    0.000000
    5   -4    0    2    1   -0.000023    0.000000
    5   -4    0    3    1   -0.000064    0.000000
    5   -4    0    1    2   -0.000023    0.000000
    5   -4    0    2    2    0.000106    0.000000
    5   -4    0    3    2   -0.000015    0.000000
    5   -4    0    1    3   -0.000064    0.000000
    5   -4    0    2    3   -0.000015    0.000000
    5   -4    0    3    3   -0.000161    0.000000
    5   -4    1    1    1   -0.000003    0.000000
    5   -4    1    2    1    0.000000    0.000000
    5   -4    1    3    1    0.000000    0.000000
    5   -4    1    1    2    0.000000    0.000000
    5   -4    1    2    2    0.000022    0.000000
    5   -4    1    3    2    0.000000    0.000000
    5   -4    1    1    3    0.000000    0.000000
    5   -4    1    2    3    0.000000    0.000000
    5   -4    1    3    3    0.000014    0.000000
    5   -3   -7    1    1    0.000000    0.000000
    5   -3   -7    2    1   -0.000001    0.000000
    5   -3   -7    3    1    0.000000    0.000000
    5   -3   -7    1    2   -0.000001    0.000000
    5   -3   -7    2    2    0.000000    0.000000
    5   -3   -7    3    2    0.000000    0.000000
    5   -3   -7    1    3    0.000000    0.000000
    5   -3   -7    2    3    0.000000    0.000000
    5   -3   -7    3    3    0.000000    0.000000
    5   -3   -6    1    1   -0.000002    0.000000
    5   -3   -6    2    1    0.000000    0.000000
    5   -3   -6    3    1   -0.000001    0.000000
    5   -3   -6    1    2    0.000000    0.000000
    5   -3   -6    2    2   -0.000001    0.000000
    5   -3   -6    3    2   -0.000001    0.000000
    5   -3   -6    1    3   -0.000001    0.000000
    5   -3   -6    2    3   -0.000001    0.000000
    5   -3   -6    3    3    0.000000    0.000000
    5   -3   -5    1    1   -0.000005    0.000000
    5   -3   -5    2    1    0.000010    0.000000
    5   -3   -5    3    1    0.000000    0.000000
    5   -3   -5    1    2    0.000010    0.000000
    5   -3   -5    2    2    0.000000    0.000000
    5   -3   -5    3    2    0.000000    0.000000
    5   -3   -5    1    3    0.000000    0.000000
    5   -3   -5    2    3    0.000000    0.000000
    5   -3   -5    3    3   -0.000001    0.000000
    5   -3   -4    1    1   -0.000040    0.000000
    5   -3   -4    2    1    0.000047    0.000000
    5   -3   -4    3    1   -0.000004    0.000000
    5   -3   -4    1    2    0.000047    0.000000
    5   -3   -4    2    2   -0.000031    0.000000
    5   -3   -4    3    2   -0.000001    0.000000
    5   -3   -4    1    3   -0.000004    0.000000
    5   -3   -4    2    3   -0.000001    0.000000
    5   -3   -4    3    3   -0.000039    0.000000
    5   -3   -3    1    1    0.000005    0.000000
    5   -3   -3    2    1    0.000121    0.000000
    5   -3   -3    3    1    0.000274    0.000000
    5   -3   -3    1    2    0.000121    0.000000
    5   -3   -3    2    2    0.000005    0.000000
    5   -3   -3    3    2   -0.000274    0.000000
    5   -3   -3    1    3    0.000274    0.000000
    5   -3   -3    2    3   -0.000274    0.000000
    5   -3   -3    3    3   -0.000004    0.000000
    5   -3   -2    1    1   -0.000101    0.000000
    5   -3   -2    2    1   -0.000372    0.000000
    5   -3   -2    3    1    0.000000    0.000000
    5   -3   -2    1    2   -0.000372    0.000000
    5   -3   -2    2    2    0.000661    0.000000
    5   -3   -2    3    2    0.000000    0.000000
    5   -3   -2    1    3    0.000000    0.000000
    5   -3   -2    2    3    0.000000    0.000000
    5   -3   -2    3    3   -0.005154    0.000000
    5   -3   -1    1    1    0.000003    0.000000
    5   -3   -1    2    1   -0.000092    0.000000
    5   -3   -1    3    1   -0.000205    0.000000
    5   -3   -1    1    2   -0.000092    0.000000
    5   -3   -1    2    2   -0.000050    0.000000
    5   -3   -1    3    2    0.000072    0.000000
    5   -3   -1    1    3   -0.000205    0.000000
    5   -3   -1    2    3    0.000072    0.000000
    5   -3   -1    3    3    0.000025    0.000000
    5   -3    0    1    1   -0.000003    0.000000
    5   -3    0    2    1   -0.000004    0.000000
    5   -3    0    3    1    0.000013    0.000000
    5   -3    0    1    2   -0.000004    0.000000
    5   -3    0    2    2    0.000018    0.000000
    5   -3    0    3    2    0.000014    0.000000
    5   -3    0    1    3    0.000013    0.000000
    5   -3    0    2    3    0.000014    0.000000
    5   -3    0    3    3    0.000017    0.000000
    5   -3    1    1    1    0.000001    0.000000
    5   -3    1    2    1   -0.000003    0.000000
    5   -3    1    3    1    0.000001    0.000000
    5   -3    1    1    2   -0.000003    0.000000
    5   -3    1    2    2    0.000003    0.000000
    5   -3    1    3    2    0.000001    0.000000
    5   -3    1    1    3    0.000001    0.000000
    5   -3    1    2    3    0.000001    0.000000
    5   -3    1    3    3    0.000001    0.000000
    5   -2   -6    1    1    0.000003    0.000000
    5   -2   -6    2    1   -0.000003    0.000000
    5   -2   -6    3    1    0.000001    0.000000
    5   -2   -6    1    2   -0.000003    0.000000
    5   -2   -6    2    2    0.000001    0.000000
    5   -2   -6    3    2    0.000001    0.000000
    5   -2   -6    1    3    0.000001    0.000000
    5   -2   -6    2    3    0.000001    0.000000
    5   -2   -6    3    3    0.000001    0.000000
    5   -2   -5    1    1    0.000018    0.000000
    5   -2   -5    2    1   -0.000004    0.000000
    5   -2   -5    3    1    0.000014    0.000000
    5   -2   -5    1    2   -0.000004    0.000000
    5   -2   -5    2    2   -0.000003    0.000000
    5   -2   -5    3    2    0.000013    0.000000
    5   -2   -5    1    3    0.000014    0.000000
    5   -2   -5    2    3    0.000013    0.000000
    5   -2   -5    3    3    0.000017    0.000000
    5   -2   -4    1    1   -0.000050    0.000000
    5   -2   -4    2    1   -0.000092    0.000000
    5   -2   -4    3    1    0.000072    0.000000
    5   -2   -4    1    2   -0.000092    0.000000
    5   -2   -4    2    2    0.000003    0.000000
    5   -2   -4    3    2   -0.000205    0.000000
    5   -2   -4    1    3    0.000072    0.000000
    5   -2   -4    2    3   -0.000205    0.000000
    5   -2   -4    3    3    0.000025    0.000000
    5   -2   -3    1    1    0.000661    0.000000
    5   -2   -3    2    1   -0.000372    0.000000
    5   -2   -3    3    1    0.000000    0.000000
    5   -2   -3    1    2   -0.000372    0.000000
    5   -2   -3    2    2   -0.000101    0.000000
    5   -2   -3    3    2    0.000000    0.000000
    5   -2   -3    1    3    0.000000    0.000000
    5   -2   -3    2    3    0.000000    0.000000
    5   -2   -3    3    3   -0.005154    0.000000
    5   -2   -2    1    1    0.000005    0.000000
    5   -2   -2    2    1    0.000121    0.000000
    5   -2   -2    3    1   -0.000274    0.000000
    5   -2   -2    1    2    0.000121    0.000000
    5   -2   -2    2    2    0.000005    0.000000
    5   -2   -2    3    2    0.000274    0.000000
    5   -2   -2    1    3   -0.000274    0.000000
    5   -2   -2    2    3    0.000274    0.000000
    5   -2   -2    3    3   -0.000004    0.000000
    5   -2   -1    1    1   -0.000031    0.000000
    5   -2   -1    2    1    0.000047    0.000000
    5   -2   -1    3    1   -0.000001    0.000000
    5   -2   -1    1    2    0.000047    0.000000
    5   -2   -1    2    2   -0.000040    0.000000
    5   -2   -1    3    2   -0.000004    0.000000
    5   -2   -1    1    3   -0.000001    0.000000
    5   -2   -1    2    3   -0.000004    0.000000
    5   -2   -1    3    3   -0.000039    0.000000
    5   -2    0    1    1    0.000000    0.000000
    5   -2    0    2    1    0.000010    0.000000
    5   -2    0    3    1    0.000000    0.000000
    5   -2    0    1    2    0.000010    0.000000
    5   -2    0    2    2   -0.000005    0.000000
    5   -2    0    3    2    0.000000    0.000000
    5   -2    0    1    3    0.000000    0.000000
    5   -2    0    2    3    0.000000    0.000000
    5   -2    0    3    3   -0.000001    0.000000
    5   -2    1    1    1   -0.000001    0.000000
    5   -2    1    2    1    0.000000    0.000000
    5   -2    1    3    1   -0.000001    0.000000
    5   -2    1    1    2    0.000000    0.000000
    5   -2    1    2    2   -0.000002    0.000000
    5   -2    1    3    2   -0.000001    0.000000
    5   -2    1    1    3   -0.000001    0.000000
    5   -2    1    2    3   -0.000001    0.000000
    5   -2    1    3    3    0.000000    0.000000
    5   -2    2    1    1    0.000000    0.000000
    5   -2    2    2    1   -0.000001    0.000000
    5   -2    2    3    1    0.000000    0.000000
    5   -2    2    1    2   -0.000001    0.000000
    5   -2    2    2    2    0.000000    0.000000
    5   -2    2    3    2    0.000000    0.000000
    5   -2    2    1    3    0.000000    0.000000
    5   -2    2    2    3    0.000000    0.000000
    5   -2    2    3    3    0.000000    0.000000
    5   -1   -6    1    1    0.000022    0.000000
    5   -1   -6    2    1    0.000000    0.000000
    5   -1   -6    3    1    0.000000    0.000000
    5   -1   -6    1    2    0.000000    0.000000
    5   -1   -6    2    2   -0.000003    0.000000
    5   -1   -6    3    2    0.000000    0.000000
    5   -1   -6    1    3    0.000000    0.000000
    5   -1   -6    2    3    0.000000    0.000000
    5   -1   -6    3    3    0.000014    0.000000
    5   -1   -5    1    1    0.000106    0.000000
    5   -1   -5    2    1   -0.000023    0.000000
    5   -1   -5    3    1   -0.000015    0.000000
    5   -1   -5    1    2   -0.000023    0.000000
    5   -1   -5    2    2   -0.000001    0.000000
    5   -1   -5    3    2   -0.000064    0.000000
    5   -1   -5    1    3   -0.000015    0.000000
    5   -1   -5    2    3   -0.000064    0.000000
    5   -1   -5    3    3   -0.000161    0.000000
    5   -1   -4    1    1   -0.000361    0.000000
    5   -1   -4    2    1    0.000088    0.000000
    5   -1   -4    3    1    0.000000    0.000000
    5   -1   -4    1    2    0.000088    0.000000
    5   -1   -4    2    2    0.000056    0.000000
    5   -1   -4    3    2    0.000000    0.000000
    5   -1   -4    1    3    0.000000    0.000000
    5   -1   -4    2    3    0.000000    0.000000
    5   -1   -4    3    3   -0.002107    0.000000
    5   -1   -3    1    1   -0.000050    0.000000
    5   -1   -3    2    1   -0.000092    0.000000
    5   -1   -3    3    1   -0.000072    0.000000
    5   -1   -3    1    2   -0.000092    0.000000
    5   -1   -3    2    2    0.000003    0.000000
    5   -1   -3    3    2    0.000205    0.000000
    5   -1   -3    1    3   -0.000072    0.000000
    5   -1   -3    2    3    0.000205    0.000000
    5   -1   -3    3    3    0.000025    0.000000
    5   -1   -2    1    1   -0.000040    0.000000
    5   -1   -2    2    1    0.000047    0.000000
    5   -1   -2    3    1    0.000004    0.000000
    5   -1   -2    1    2    0.000047    0.000000
    5   -1   -2    2    2   -0.000031    0.000000
    5   -1   -2    3    2    0.000001    0.000000
    5   -1   -2    1    3    0.000004    0.000000
    5   -1   -2    2    3    0.000001    0.000000
    5   -1   -2    3    3   -0.000039    0.000000
    5   -1   -1    1    1   -0.000007    0.000000
    5   -1   -1    2    1    0.000008    0.000000
    5   -1   -1    3    1   -0.000002    0.000000
    5   -1   -1    1    2    0.000008    0.000000
    5   -1   -1    2    2   -0.000007    0.000000
    5   -1   -1    3    2    0.000002    0.000000
    5   -1   -1    1    3   -0.000002    0.000000
    5   -1   -1    2    3    0.000002    0.000000
    5   -1   -1    3    3   -0.000006    0.000000
    5   -1    0    1    1    0.000000    0.000000
    5   -1    0    2    1    0.000001    0.000000
    5   -1    0    3    1   -0.000001    0.000000
    5   -1    0    1    2    0.000001    0.000000
    5   -1    0    2    2   -0.000002    0.000000
    5   -1    0    3    2   -0.000001    0.000000
    5   -1    0    1    3   -0.000001    0.000000
    5   -1    0    2    3   -0.000001    0.000000
    5   -1    0    3    3   -0.000001    0.000000
    5   -1    1    1    1    0.000000    0.000000
    5   -1    1    2    1    0.000003    0.000000
    5   -1    1    3    1    0.000000    0.000000
    5   -1    1    1    2    0.000003    0.000000
    5   -1    1    2    2    0.000000    0.000000
    5   -1    1    3    2    0.000000    0.000000
    5   -1    1    1    3    0.000000    0.000000
    5   -1    1    2    3    0.000000    0.000000
    5   -1    1    3    3    0.000000    0.000000
    5    0   -5    1    1   -0.000344    0.000000
    5    0   -5    2    1    0.000000    0.000000
    5    0   -5    3    1    0.000000    0.000000
    5    0   -5    1    2    0.000000    0.000000
    5    0   -5    2    2    0.000003    0.000000
    5    0   -5    3    2    0.000000    0.000000
    5    0   -5    1    3    0.000000    0.000000
    5    0   -5    2    3    0.000000    0.000000
    5    0   -5    3    3   -0.000603    0.000000
    5    0   -4    1    1    0.000106    0.000000
    5    0   -4    2    1   -0.000023    0.000000
    5    0   -4    3    1    0.000015    0.000000
    5    0   -4    1    2   -0.000023    0.000000
    5    0   -4    2    2   -0.000001    0.000000
    5    0   -4    3    2    0.000064    0.000000
    5    0   -4    1    3    0.000015    0.000000
    5    0   -4    2    3    0.000064    0.000000
    5    0   -4    3    3   -0.000161    0.000000
    5    0   -3    1    1    0.000018    0.000000
    5    0   -3    2    1   -0.000004    0.000000
    5    0   -3    3    1   -0.000014    0.000000
    5    0   -3    1    2   -0.000004    0.000000
    5    0   -3    2    2   -0.000003    0.000000
    5    0   -3    3    2   -0.000013    0.000000
    5    0   -3    1    3   -0.000014    0.000000
    5    0   -3    2    3   -0.000013    0.000000
    5    0   -3    3    3    0.000017    0.000000
    5    0   -2    1    1   -0.000005    0.000000
    5    0   -2    2    1    0.000010    0.000000
    5    0   -2    3    1    0.000000    0.000000
    5    0   -2    1    2    0.000010    0.000000
    5    0   -2    2    2    0.000000    0.000000
    5    0   -2    3    2    0.000000    0.000000
    5    0   -2    1    3    0.000000    0.000000
    5    0   -2    2    3    0.000000    0.000000
    5    0   -2    3    3   -0.000001    0.000000
    5    0   -1    1    1   -0.000002    0.000000
    5    0   -1    2    1    0.000001    0.000000
    5    0   -1    3    1    0.000001    0.000000
    5    0   -1    1    2    0.000001    0.000000
    5    0   -1    2    2    0.000000    0.000000
    5    0   -1    3    2    0.000001    0.000000
    5    0   -1    1    3    0.000001    0.000000
    5    0   -1    2    3    0.000001    0.000000
    5    0   -1    3    3   -0.000001    0.000000
    5    0    0    1    1   -0.000001    0.000000
    5    0    0    2    1   -0.000002    0.000000
    5    0    0    3    1    0.000000    0.000000
    5    0    0    1    2   -0.000002    0.000000
    5    0    0    2    2   -0.000001    0.000000
    5    0    0    3    2    0.000000    0.000000
    5    0    0    1    3    0.000000    0.000000
    5    0    0    2    3    0.000000    0.000000
    5    0    0    3    3    0.000000    0.000000
    5    1   -4    1    1    0.000022    0.000000
    5    1   -4    2    1    0.000000    0.000000
    5    1   -4    3    1    0.000000    0.000000
    5    1   -4    1    2    0.000000    0.000000
    5    1   -4    2    2   -0.000003    0.000000
    5    1   -4    3    2    0.000000    0.000000
    5    1   -4    1    3    0.000000    0.000000
    5    1   -4    2    3    0.000000    0.000000
    5    1   -4    3    3    0.000014    0.000000
    5    1   -3    1    1    0.000003    0.000000
    5    1   -3    2    1   -0.000003    0.000000
    5    1   -3    3    1   -0.000001    0.000000
    5    1   -3    1    2   -0.000003    0.000000
    5    1   -3    2    2    0.000001    0.000000
    5    1   -3    3    2   -0.000001    0.000000
    5    1   -3    1    3   -0.000001    0.000000
    5    1   -3    2    3   -0.000001    0.000000
    5    1   -3    3    3    0.000001    0.000000
    5    1   -2    1    1   -0.000002    0.000000
    5    1   -2    2    1    0.000000    0.000000
    5    1   -2    3    1    0.000001    0.000000
    5    1   -2    1    2    0.000000    0.000000
    5    1   -2    2    2   -0.000001    0.000000
    5    1   -2    3    2    0.000001    0.000000
    5    1   -2    1    3    0.000001    0.000000
    5    1   -2    2    3    0.000001    0.000000
    5    1   -2    3    3    0.000000    0.000000
    5    1   -1    1    1    0.000000    0.000000
    5    1   -1    2    1    0.000003    0.000000
    5    1   -1    3    1    0.000000    0.000000
    5    1   -1    1    2    0.000003    0.000000
    5    1   -1    2    2    0.000000    0.000000
    5    1   -1    3    2    0.000000    0.000000
    5    1   -1    1    3    0.000000    0.000000
    5    1   -1    2    3    0.000000    0.000000
    5    1   -1    3    3    0.000000    0.000000
    5    2   -2    1    1    0.000000    0.000000
    5    2   -2    2    1   -0.000001    0.000000
    5    2   -2    3    1    0.000000    0.000000
    5    2   -2    1    2   -0.000001    0.000000
    5    2   -2    2    2    0.000000    0.000000
    5    2   -2    3    2    0.000000    0.000000
    5    2   -2    1    3    0.000000    0.000000
    5    2   -2    2    3    0.000000    0.000000
    5    2   -2    3    3    0.000000    0.000000
    6   -6   -4    1    1    0.000001    0.000000
    6   -6   -4    2    1    0.000001    0.000000
    6   -6   -4    3    1    0.000000    0.000000
    6   -6   -4    1    2    0.000001    0.000000
    6   -6   -4    2    2   -0.000001    0.000000
    6   -6   -4    3    2   -0.000002    0.000000
    6   -6   -4    1    3    0.000000    0.000000
    6   -6   -4    2    3   -0.000002    0.000000
    6   -6   -4    3    3    0.000000    0.000000
    6   -6   -3    1    1    0.000000    0.000000
    6   -6   -3    2    1    0.000001    0.000000
    6   -6   -3    3    1    0.000000    0.000000
    6   -6   -3    1    2    0.000001    0.000000
    6   -6   -3    2    2    0.000000    0.000000
    6   -6   -3    3    2    0.000000    0.000000
    6   -6   -3    1    3    0.000000    0.000000
    6   -6   -3    2    3    0.000000    0.000000
    6   -6   -3    3    3    0.000000    0.000000
    6   -6   -2    1    1   -0.000008    0.000000
    6   -6   -2    2    1    0.000000    0.000000
    6   -6   -2    3    1    0.000000    0.000000
    6   -6   -2    1    2    0.000000    0.000000
    6   -6   -2    2    2    0.000013    0.000000
    6   -6   -2    3    2   -0.000003    0.000000
    6   -6   -2    1    3    0.000000    0.000000
    6   -6   -2    2    3   -0.000003    0.000000
    6   -6   -2    3    3    0.000001    0.000000
    6   -5   -5    1    1   -0.000002    0.000000
    6   -5   -5    2    1    0.000003    0.000000
    6   -5   -5    3    1    0.000001    0.000000
    6   -5   -5    1    2    0.000003    0.000000
    6   -5   -5    2    2   -0.000002    0.000000
    6   -5   -5    3    2   -0.000001    0.000000
    6   -5   -5    1    3    0.000001    0.000000
    6   -5   -5    2    3   -0.000001    0.000000
    6   -5   -5    3    3    0.000000    0.000000
    6   -5   -4    1    1   -0.000005    0.000000
    6   -5   -4    2    1    0.000004    0.000000
    6   -5   -4    3    1    0.000000    0.000000
    6   -5   -4    1    2    0.000004    0.000000
    6   -5   -4    2    2   -0.000007    0.000000
    6   -5   -4    3    2    0.000000    0.000000
    6   -5   -4    1    3    0.000000    0.000000
    6   -5   -4    2    3    0.000000    0.000000
    6   -5   -4    3    3   -0.000003    0.000000
    6   -5   -3    1    1   -0.000005    0.000000
    6   -5   -3    2    1    0.000002    0.000000
    6   -5   -3    3    1   -0.000003    0.000000
    6   -5   -3    1    2    0.000002    0.000000
    6   -5   -3    2    2   -0.000010    0.000000
    6   -5   -3    3    2   -0.000003    0.000000
    6   -5   -3    1    3   -0.000003    0.000000
    6   -5   -3    2    3   -0.000003    0.000000
    6   -5   -3    3    3   -0.000008    0.000000
    6   -5   -2    1    1   -0.000006    0.000000
    6   -5   -2    2    1   -0.000061    0.000000
    6   -5   -2    3    1    0.000074    0.000000
    6   -5   -2    1    2   -0.000061    0.000000
    6   -5   -2    2    2    0.000032    0.000000
    6   -5   -2    3    2    0.000013    0.000000
    6   -5   -2    1    3    0.000074    0.000000
    6   -5   -2    2    3    0.000013    0.000000
    6   -5   -2    3    3   -0.000024    0.000000
    6   -5   -1    1    1    0.000006    0.000000
    6   -5   -1    2    1    0.000000    0.000000
    6   -5   -1    3    1    0.000000    0.000000
    6   -5   -1    1    2    0.000000    0.000000
    6   -5   -1    2    2   -0.000239    0.000000
    6   -5   -1    3    2    0.000000    0.000000
    6   -5   -1    1    3    0.000000    0.000000
    6   -5   -1    2    3    0.000000    0.000000
    6   -5   -1    3    3   -0.000778    0.000000
    6   -4   -6    1    1   -0.000001    0.000000
    6   -4   -6    2    1    0.000001    0.000000
    6   -4   -6    3    1    0.000002    0.000000
    6   -4   -6    1    2    0.000001    0.000000
    6   -4   -6    2    2    0.000001    0.000000
    6   -4   -6    3    2    0.000000    0.000000
    6   -4   -6    1    3    0.000002    0.000000
    6   -4   -6    2    3    0.000000    0.000000
    6   -4   -6    3    3    0.000000    0.000000
    6   -4   -5    1    1   -0.000007    0.000000
    6   -4   -5    2    1    0.000004    0.000000
    6   -4   -5    3    1    0.000000    0.000000
    6   -4   -5    1    2    0.000004    0.000000
    6   -4   -5    2    2   -0.000005    0.000000
    6   -4   -5    3    2    0.000000    0.000000
    6   -4   -5    1    3    0.000000    0.000000
    6   -4   -5    2    3    0.000000    0.000000
    6   -4   -5    3    3   -0.000003    0.000000
    6   -4   -4    1    1   -0.000029    0.000000
    6   -4   -4    2    1    0.000014    0.000000
    6   -4   -4    3    1   -0.000003    0.000000
    6   -4   -4    1    2    0.000014    0.000000
    6   -4   -4    2    2   -0.000029    0.000000
    6   -4   -4    3    2    0.000003    0.000000
    6   -4   -4    1    3   -0.000003    0.000000
    6   -4   -4    2    3    0.000003    0.000000
    6   -4   -4    3    3   -0.000044    0.000000
    6   -4   -3    1    1    0.000052    0.000000
    6   -4   -3    2    1   -0.000022    0.000000
    6   -4   -3    3    1    0.000146    0.000000
    6   -4   -3    1    2   -0.000022    0.000000
    6   -4   -3    2    2   -0.000050    0.000000
    6   -4   -3    3    2   -0.000112    0.000000
    6   -4   -3    1    3    0.000146    0.000000
    6   -4   -3    2    3   -0.000112    0.000000
    6   -4   -3    3    3    0.000004    0.000000
    6   -4   -2    1    1   -0.000012    0.000000
    6   -4   -2    2    1    0.000043    0.000000
    6   -4   -2    3    1    0.000000    0.000000
    6   -4   -2    1    2    0.000043    0.000000
    6   -4   -2    2    2    0.000087    0.000000
    6   -4   -2    3    2    0.000000    0.000000
    6   -4   -2    1    3    0.000000    0.000000
    6   -4   -2    2    3    0.000000    0.000000
    6   -4   -2    3    3   -0.002462    0.000000
    6   -4   -1    1    1   -0.000006    0.000000
    6   -4   -1    2    1   -0.000061    0.000000
    6   -4   -1    3    1   -0.000074    0.000000
    6   -4   -1    1    2   -0.000061    0.000000
    6   -4   -1    2    2    0.000032    0.000000
    6   -4   -1    3    2   -0.000013    0.000000
    6   -4   -1    1    3   -0.000074    0.000000
    6   -4   -1    2    3   -0.000013    0.000000
    6   -4   -1    3    3   -0.000024    0.000000
    6   -4    0    1    1   -0.000008    0.000000
    6   -4    0    2    1    0.000000    0.000000
    6   -4    0    3    1    0.000000    0.000000
    6   -4    0    1    2    0.000000    0.000000
    6   -4    0    2    2    0.000013    0.000000
    6   -4    0    3    2    0.000003    0.000000
    6   -4    0    1    3    0.000000    0.000000
    6   -4    0    2    3    0.000003    0.000000
    6   -4    0    3    3    0.000001    0.000000
    6   -3   -6    1    1    0.000000    0.000000
    6   -3   -6    2    1    0.000001    0.000000
    6   -3   -6    3    1    0.000000    0.000000
    6   -3   -6    1    2    0.000001    0.000000
    6   -3   -6    2    2    0.000000    0.000000
    6   -3   -6    3    2    0.000000    0.000000
    6   -3   -6    1    3    0.000000    0.000000
    6   -3   -6    2    3    0.000000    0.000000
    6   -3   -6    3    3    0.000000    0.000000
    6   -3   -5    1    1   -0.000010    0.000000
    6   -3   -5    2    1    0.000002    0.000000
    6   -3   -5    3    1    0.000003    0.000000
    6   -3   -5    1    2    0.000002    0.000000
    6   -3   -5    2    2   -0.000005    0.000000
    6   -3   -5    3    2    0.000003    0.000000
    6   -3   -5    1    3    0.000003    0.000000
    6   -3   -5    2    3    0.000003    0.000000
    6   -3   -5    3    3   -0.000008    0.000000
    6   -3   -4    1    1   -0.000050    0.000000
    6   -3   -4    2    1   -0.000022    0.000000
    6   -3   -4    3    1    0.000112    0.000000
    6   -3   -4    1    2   -0.000022    0.000000
    6   -3   -4    2    2    0.000052    0.000000
    6   -3   -4    3    2   -0.000146    0.000000
    6   -3   -4    1    3    0.000112    0.000000
    6   -3   -4    2    3   -0.000146    0.000000
    6   -3   -4    3    3    0.000004    0.000000
    6   -3   -3    1    1    0.000000    0.000000
    6   -3   -3    2    1   -0.000177    0.000000
    6   -3   -3    3    1    0.000000    0.000000
    6   -3   -3    1    2   -0.000177    0.000000
    6   -3   -3    2    2    0.000000    0.000000
    6   -3   -3    3    2    0.000000    0.000000
    6   -3   -3    1    3    0.000000    0.000000
    6   -3   -3    2    3    0.000000    0.000000
    6   -3   -3    3    3   -0.003484    0.000000
    6   -3   -2    1    1    0.000052    0.000000
    6   -3   -2    2    1   -0.000022    0.000000
    6   -3   -2    3    1   -0.000146    0.000000
    6   -3   -2    1    2   -0.000022    0.000000
    6   -3   -2    2    2   -0.000050    0.000000
    6   -3   -2    3    2    0.000112    0.000000
    6   -3   -2    1    3   -0.000146    0.000000
    6   -3   -2    2    3    0.000112    0.000000
    6   -3   -2    3    3    0.000004    0.000000
    6   -3   -1    1    1   -0.000005    0.000000
    6   -3   -1    2    1    0.000002    0.000000
    6   -3   -1    3    1    0.000003    0.000000
    6   -3   -1    1    2    0.000002    0.000000
    6   -3   -1    2    2   -0.000010    0.000000
    6   -3   -1    3    2    0.000003    0.000000
    6   -3   -1    1    3    0.000003    0.000000
    6   -3   -1    2    3    0.000003    0.000000
    6   -3   -1    3    3   -0.000008    0.000000
    6   -3    0    1    1    0.000000    0.000000
    6   -3    0    2    1    0.000001    0.000000
    6   -3    0    3    1    0.000000    0.000000
    6   -3    0    1    2    0.000001    0.000000
    6   -3    0    2    2    0.000000    0.000000
    6   -3    0    3    2    0.000000    0.000000
    6   -3    0    1    3    0.000000    0.000000
    6   -3    0    2    3    0.000000    0.000000
    6   -3    0    3    3    0.000000    0.000000
    6   -2   -6    1    1    0.000013    0.000000
    6   -2   -6    2    1    0.000000    0.000000
    6   -2   -6    3    1    0.000003    0.000000
    6   -2   -6    1    2    0.000000    0.000000
    6   -2   -6    2    2   -0.000008    0.000000
    6   -2   -6    3    2    0.000000    0.000000
    6   -2   -6    1    3    0.000003    0.000000
    6   -2   -6    2    3    0.000000    0.000000
    6   -2   -6    3    3    0.000001    0.000000
    6   -2   -5    1    1    0.000032    0.000000
    6   -2   -5    2    1   -0.000061    0.000000
    6   -2   -5    3    1   -0.000013    0.000000
    6   -2   -5    1    2   -0.000061    0.000000
    6   -2   -5    2    2   -0.000006    0.000000
    6   -2   -5    3    2   -0.000074    0.000000
    6   -2   -5    1    3   -0.000013    0.000000
    6   -2   -5    2    3   -0.000074    0.000000
    6   -2   -5    3    3   -0.000024    0.000000
    6   -2   -4    1    1    0.000087    0.000000
    6   -2   -4    2    1    0.000043    0.000000
    6   -2   -4    3    1    0.000000    0.000000
    6   -2   -4    1    2    0.000043    0.000000
    6   -2   -4    2    2   -0.000012    0.000000
    6   -2   -4    3    2    0.000000    0.000000
    6   -2   -4    1    3    0.000000    0.000000
    6   -2   -4    2    3    0.000000    0.000000
    6   -2   -4    3    3   -0.002462    0.000000
    6   -2   -3    1    1   -0.000050    0.000000
    6   -2   -3    2    1   -0.000022    0.000000
    6   -2   -3    3    1   -0.000112    0.000000
    6   -2   -3    1    2   -0.000022    0.000000
    6   -2   -3    2    2    0.000052    0.000000
    6   -2   -3    3    2    0.000146    0.000000
    6   -2   -3    1    3   -0.000112    0.000000
    6   -2   -3    2    3    0.000146    0.000000
    6   -2   -3    3    3    0.000004    0.000000
    6   -2   -2    1    1   -0.000029    0.000000
    6   -2   -2    2    1    0.000014    0.000000
    6   -2   -2    3    1    0.000003    0.000000
    6   -2   -2    1    2    0.000014    0.000000
    6   -2   -2    2    2   -0.000029    0.000000
    6   -2   -2    3    2   -0.000003    0.000000
    6   -2   -2    1    3    0.000003    0.000000
    6   -2   -2    2    3   -0.000003    0.000000
    6   -2   -2    3    3   -0.000044    0.000000
    6   -2   -1    1    1   -0.000005    0.000000
    6   -2   -1    2    1    0.000004    0.000000
    6   -2   -1    3    1    0.000000    0.000000
    6   -2   -1    1    2    0.000004    0.000000
    6   -2   -1    2    2   -0.000007    0.000000
    6   -2   -1    3    2    0.000000    0.000000
    6   -2   -1    1    3    0.000000    0.000000
    6   -2   -1    2    3    0.000000    0.000000
    6   -2   -1    3    3   -0.000003    0.000000
    6   -2    0    1    1    0.000001    0.000000
    6   -2    0    2    1    0.000001    0.000000
    6   -2    0    3    1    0.000000    0.000000
    6   -2    0    1    2    0.000001    0.000000
    6   -2    0    2    2   -0.000001    0.000000
    6   -2    0    3    2    0.000002    0.000000
    6   -2    0    1    3    0.000000    0.000000
    6   -2    0    2    3    0.000002    0.000000
    6   -2    0    3    3    0.000000    0.000000
    6   -1   -5    1    1   -0.000239    0.000000
    6   -1   -5    2    1    0.000000    0.000000
    6   -1   -5    3    1    0.000000    0.000000
    6   -1   -5    1    2    0.000000    0.000000
    6   -1   -5    2    2    0.000006    0.000000
    6   -1   -5    3    2    0.000000    0.000000
    6   -1   -5    1    3    0.000000    0.000000
    6   -1   -5    2    3    0.000000    0.000000
    6   -1   -5    3    3   -0.000778    0.000000
    6   -1   -4    1    1    0.000032    0.000000
    6   -1   -4    2    1   -0.000061    0.000000
    6   -1   -4    3    1    0.000013    0.000000
    6   -1   -4    1    2   -0.000061    0.000000
    6   -1   -4    2    2   -0.000006    0.000000
    6   -1   -4    3    2    0.000074    0.000000
    6   -1   -4    1    3    0.000013    0.000000
    6   -1   -4    2    3    0.000074    0.000000
    6   -1   -4    3    3   -0.000024    0.000000
    6   -1   -3    1    1   -0.000010    0.000000
    6   -1   -3    2    1    0.000002    0.000000
    6   -1   -3    3    1   -0.000003    0.000000
    6   -1   -3    1    2    0.000002    0.000000
    6   -1   -3    2    2   -0.000005    0.000000
    6   -1   -3    3    2   -0.000003    0.000000
    6   -1   -3    1    3   -0.000003    0.000000
    6   -1   -3    2    3   -0.000003    0.000000
    6   -1   -3    3    3   -0.000008    0.000000
    6   -1   -2    1    1   -0.000007    0.000000
    6   -1   -2    2    1    0.000004    0.000000
    6   -1   -2    3    1    0.000000    0.000000
    6   -1   -2    1    2    0.000004    0.000000
    6   -1   -2    2    2   -0.000005    0.000000
    6   -1   -2    3    2    0.000000    0.000000
    6   -1   -2    1    3    0.000000    0.000000
    6   -1   -2    2    3    0.000000    0.000000
    6   -1   -2    3    3   -0.000003    0.000000
    6   -1   -1    1    1   -0.000002    0.000000
    6   -1   -1    2    1    0.000003    0.000000
    6   -1   -1    3    1   -0.000001    0.000000
    6   -1   -1    1    2    0.000003    0.000000
    6   -1   -1    2    2   -0.000002    0.000000
    6   -1   -1    3    2    0.000001    0.000000
    6   -1   -1    1    3   -0.000001    0.000000
    6   -1   -1    2    3    0.000001    0.000000
    6   -1   -1    3    3    0.000000    0.000000
    6    0   -4    1    1    0.000013    0.000000
    6    0   -4    2    1    0.000000    0.000000
    6    0   -4    3    1   -0.000003    0.000000
    6    0   -4    1    2    0.000000    0.000000
    6    0   -4    2    2   -0.000008    0.000000
    6    0   -4    3    2    0.000000    0.000000
    6    0   -4    1    3   -0.000003    0.000000
    6    0   -4    2    3    0.000000    0.000000
    6    0   -4    3    3    0.000001    0.000000
    6    0   -3    1    1    0.000000    0.000000
    6    0   -3    2    1    0.000001    0.000000
    6    0   -3    3    1    0.000000    0.000000
    6    0   -3    1    2    0.000001    0.000000
    6    0   -3    2    2    0.000000    0.000000
    6    0   -3    3    2    0.000000    0.000000
    6    0   -3    1    3    0.000000    0.000000
    6    0   -3    2    3    0.000000    0.000000
    6    0   -3    3    3    0.000000    0.000000
    6    0   -2    1    1   -0.000001    0.000000
    6    0   -2    2    1    0.000001    0.000000
    6    0   -2    3    1   -0.000002    0.000000
    6    0   -2    1    2    0.000001    0.000000
    6    0   -2    2    2    0.000001    0.000000
    6    0   -2    3    2    0.000000    0.000000
    6    0   -2    1    3   -0.000002    0.000000
    6    0   -2    2    3    0.000000    0.000000
    6    0   -2    3    3    0.000000    0.000000
    7   -6   -5    1    1   -0.000001    0.000000
    7   -6   -5    2    1    0.000000    0.000000
    7   -6   -5    3    1    0.000000    0.000000
    7   -6   -5    1    2    0.000000    0.000000
    7   -6   -5    2    2   -0.000001    0.000000
    7   -6   -5    3    2    0.000001    0.000000
    7   -6   -5    1    3    0.000000    0.000000
    7   -6   -5    2    3    0.000001    0.000000
    7   -6   -5    3    3    0.000000    0.000000
    7   -6   -4    1    1    0.000000    0.000000
    7   -6   -4    2    1   -0.000003    0.000000
    7   -6   -4    3    1    0.000000    0.000000
    7   -6   -4    1    2   -0.000003    0.000000
    7   -6   -4    2    2   -0.000001    0.000000
    7   -6   -4    3    2   -0.000001    0.000000
    7   -6   -4    1    3    0.000000    0.000000
    7   -6   -4    2    3   -0.000001    0.000000
    7   -6   -4    3    3   -0.000001    0.000000
    7   -6   -3    1    1    0.000001    0.000000
    7   -6   -3    2    1    0.000000    0.000000
    7   -6   -3    3    1    0.000000    0.000000
    7   -6   -3    1    2    0.000000    0.000000
    7   -6   -3    2    2    0.000003    0.000000
    7   -6   -3    3    2   -0.000010    0.000000
    7   -6   -3    1    3    0.000000    0.000000
    7   -6   -3    2    3   -0.000010    0.000000
    7   -6   -3    3    3    0.000006    0.000000
    7   -5   -6    1    1   -0.000001    0.000000
    7   -5   -6    2    1    0.000000    0.000000
    7   -5   -6    3    1   -0.000001    0.000000
    7   -5   -6    1    2    0.000000    0.000000
    7   -5   -6    2    2   -0.000001    0.000000
    7   -5   -6    3    2    0.000000    0.000000
    7   -5   -6    1    3   -0.000001    0.000000
    7   -5   -6    2    3    0.000000    0.000000
    7   -5   -6    3    3    0.000000    0.000000
    7   -5   -5    1    1   -0.000002    0.000000
    7   -5   -5    2    1    0.000008    0.000000
    7   -5   -5    3    1    0.000001    0.000000
    7   -5   -5    1    2    0.000008    0.000000
    7   -5   -5    2    2   -0.000002    0.000000
    7   -5   -5    3    2   -0.000001    0.000000
    7   -5   -5    1    3    0.000001    0.000000
    7   -5   -5    2    3   -0.000001    0.000000
    7   -5   -5    3    3   -0.000002    0.000000
    7   -5   -4    1    1   -0.000005    0.000000
    7   -5   -4    2    1    0.000006    0.000000
    7   -5   -4    3    1    0.000001    0.000000
    7   -5   -4    1    2    0.000006    0.000000
    7   -5   -4    2    2   -0.000003    0.000000
    7   -5   -4    3    2   -0.000011    0.000000
    7   -5   -4    1    3    0.000001    0.000000
    7   -5   -4    2    3   -0.000011    0.000000
    7   -5   -4    3    3   -0.000010    0.000000
    7   -5   -3    1    1    0.000001    0.000000
    7   -5   -3    2    1   -0.000010    0.000000
    7   -5   -3    3    1    0.000035    0.000000
    7   -5   -3    1    2   -0.000010    0.000000
    7   -5   -3    2    2   -0.000007    0.000000
    7   -5   -3    3    2    0.000000    0.000000
    7   -5   -3    1    3    0.000035    0.000000
    7   -5   -3    2    3    0.000000    0.000000
    7   -5   -3    3    3   -0.000023    0.000000
    7   -5   -2    1    1    0.000008    0.000000
    7   -5   -2    2    1    0.000000    0.000000
    7   -5   -2    3    1    0.000000    0.000000
    7   -5   -2    1    2    0.000000    0.000000
    7   -5   -2    2    2   -0.000069    0.000000
    7   -5   -2    3    2    0.000000    0.000000
    7   -5   -2    1    3    0.000000    0.000000
    7   -5   -2    2    3    0.000000    0.000000
    7   -5   -2    3    3   -0.000953    0.000000
    7   -4   -6    1    1   -0.000001    0.000000
    7   -4   -6    2    1   -0.000003    0.000000
    7   -4   -6    3    1    0.000001    0.000000
    7   -4   -6    1    2   -0.000003    0.000000
    7   -4   -6    2    2    0.000000    0.000000
    7   -4   -6    3    2    0.000000    0.000000
    7   -4   -6    1    3    0.000001    0.000000
    7   -4   -6    2    3    0.000000    0.000000
    7   -4   -6    3    3   -0.000001    0.000000
    7   -4   -5    1    1   -0.000003    0.000000
    7   -4   -5    2    1    0.000006    0.000000
    7   -4   -5    3    1    0.000011    0.000000
    7   -4   -5    1    2    0.000006    0.000000
    7   -4   -5    2    2   -0.000005    0.000000
    7   -4   -5    3    2   -0.000001    0.000000
    7   -4   -5    1    3    0.000011    0.000000
    7   -4   -5    2    3   -0.000001    0.000000
    7   -4   -5    3    3   -0.000010    0.000000
    7   -4   -4    1    1    0.000017    0.000000
    7   -4   -4    2    1   -0.000010    0.000000
    7   -4   -4    3    1    0.000061    0.000000
    7   -4   -4    1    2   -0.000010    0.000000
    7   -4   -4    2    2    0.000017    0.000000
    7   -4   -4    3    2   -0.000061    0.000000
    7   -4   -4    1    3    0.000061    0.000000
    7   -4   -4    2    3   -0.000061    0.000000
    7   -4   -4    3    3   -0.000009    0.000000
    7   -4   -3    1    1   -0.000017    0.000000
    7   -4   -3    2    1   -0.000017    0.000000
    7   -4   -3    3    1    0.000000    0.000000
    7   -4   -3    1    2   -0.000017    0.000000
    7   -4   -3    2    2    0.000049    0.000000
    7   -4   -3    3    2    0.000000    0.000000
    7   -4   -3    1    3    0.000000    0.000000
    7   -4   -3    2    3    0.000000    0.000000
    7   -4   -3    3    3   -0.002225    0.000000
    7   -4   -2    1    1    0.000001    0.000000
    7   -4   -2    2    1   -0.000010    0.000000
    7   -4   -2    3    1   -0.000035    0.000000
    7   -4   -2    1    2   -0.000010    0.000000
    7   -4   -2    2    2   -0.000007    0.000000
    7   -4   -2    3    2    0.000000    0.000000
    7   -4   -2    1    3   -0.000035    0.000000
    7   -4   -2    2    3    0.000000    0.000000
    7   -4   -2    3    3   -0.000023    0.000000
    7   -4   -1    1    1    0.000001    0.000000
    7   -4   -1    2    1    0.000000    0.000000
    7   -4   -1    3    1    0.000000    0.000000
    7   -4   -1    1    2    0.000000    0.000000
    7   -4   -1    2    2    0.000003    0.000000
    7   -4   -1    3    2    0.000010    0.000000
    7   -4   -1    1    3    0.000000    0.000000
    7   -4   -1    2    3    0.000010    0.000000
    7   -4   -1    3    3    0.000006    0.000000
    7   -3   -6    1    1    0.000003    0.000000
    7   -3   -6    2    1    0.000000    0.000000
    7   -3   -6    3    1    0.000010    0.000000
    7   -3   -6    1    2    0.000000    0.000000
    7   -3   -6    2    2    0.000001    0.000000
    7   -3   -6    3    2    0.000000    0.000000
    7   -3   -6    1    3    0.000010    0.000000
    7   -3   -6    2    3    0.000000    0.000000
    7   -3   -6    3    3    0.000006    0.000000
    7   -3   -5    1    1   -0.000007    0.000000
    7   -3   -5    2    1   -0.000010    0.000000
    7   -3   -5    3    1    0.000000    0.000000
    7   -3   -5    1    2   -0.000010    0.000000
    7   -3   -5    2    2    0.000001    0.000000
    7   -3   -5    3    2   -0.000035    0.000000
    7   -3   -5    1    3    0.000000    0.000000
    7   -3   -5    2    3   -0.000035    0.000000
    7   -3   -5    3    3   -0.000023    0.000000
    7   -3   -4    1    1    0.000049    0.000000
    7   -3   -4    2    1   -0.000017    0.000000
    7   -3   -4    3    1    0.000000    0.000000
    7   -3   -4    1    2   -0.000017    0.000000
    7   -3   -4    2    2   -0.000017    0.000000
    7   -3   -4    3    2    0.000000    0.000000
    7   -3   -4    1    3    0.000000    0.000000
    7   -3   -4    2    3    0.000000    0.000000
    7   -3   -4    3    3   -0.002225    0.000000
    7   -3   -3    1    1    0.000017    0.000000
    7   -3   -3    2    1   -0.000010    0.000000
    7   -3   -3    3    1   -0.000061    0.000000
    7   -3   -3    1    2   -0.000010    0.000000
    7   -3   -3    2    2    0.000017    0.000000
    7   -3   -3    3    2    0.000061    0.000000
    7   -3   -3    1    3   -0.000061    0.000000
    7   -3   -3    2    3    0.000061    0.000000
    7   -3   -3    3    3   -0.000009    0.000000
    7   -3   -2    1    1   -0.000005    0.000000
    7   -3   -2    2    1    0.000006    0.000000
    7   -3   -2    3    1   -0.000001    0.000000
    7   -3   -2    1    2    0.000006    0.000000
    7   -3   -2    2    2   -0.000003    0.000000
    7   -3   -2    3    2    0.000011    0.000000
    7   -3   -2    1    3   -0.000001    0.000000
    7   -3   -2    2    3    0.000011    0.000000
    7   -3   -2    3    3   -0.000010    0.000000
    7   -3   -1    1    1    0.000000    0.000000
    7   -3   -1    2    1   -0.000003    0.000000
    7   -3   -1    3    1    0.000000    0.000000
    7   -3   -1    1    2   -0.000003    0.000000
    7   -3   -1    2    2   -0.000001    0.000000
    7   -3   -1    3    2    0.000001    0.000000
    7   -3   -1    1    3    0.000000    0.000000
    7   -3   -1    2    3    0.000001    0.000000
    7   -3   -1    3    3   -0.000001    0.000000
    7   -2   -5    1    1   -0.000069    0.000000
    7   -2   -5    2    1    0.000000    0.000000
    7   -2   -5    3    1    0.000000    0.000000
    7   -2   -5    1    2    0.000000    0.000000
    7   -2   -5    2    2    0.000008    0.000000
    7   -2   -5    3    2    0.000000    0.000000
    7   -2   -5    1    3    0.000000    0.000000
    7   -2   -5    2    3    0.000000    0.000000
    7   -2   -5    3    3   -0.000953    0.000000
    7   -2   -4    1    1   -0.000007    0.000000
    7   -2   -4    2    1   -0.000010    0.000000
    7   -2   -4    3    1    0.000000    0.000000
    7   -2   -4    1    2   -0.000010    0.000000
    7   -2   -4    2    2    0.000001    0.000000
    7   -2   -4    3    2    0.000035    0.000000
    7   -2   -4    1    3    0.000000    0.000000
    7   -2   -4    2    3    0.000035    0.000000
    7   -2   -4    3    3   -0.000023    0.000000
    7   -2   -3    1    1   -0.000003    0.000000
    7   -2   -3    2    1    0.000006    0.000000
    7   -2   -3    3    1   -0.000011    0.000000
    7   -2   -3    1    2    0.000006    0.000000
    7   -2   -3    2    2   -0.000005    0.000000
    7   -2   -3    3    2    0.000001    0.000000
    7   -2   -3    1    3   -0.000011    0.000000
    7   -2   -3    2    3    0.000001    0.000000
    7   -2   -3    3    3   -0.000010    0.000000
    7   -2   -2    1    1   -0.000002    0.000000
    7   -2   -2    2    1    0.000008    0.000000
    7   -2   -2    3    1   -0.000001    0.000000
    7   -2   -2    1    2    0.000008    0.000000
    7   -2   -2    2    2   -0.000002    0.000000
    7   -2   -2    3    2    0.000001    0.000000
    7   -2   -2    1    3   -0.000001    0.000000
    7   -2   -2    2    3    0.000001    0.000000
    7   -2   -2    3    3   -0.000002    0.000000
    7   -2   -1    1    1   -0.000001    0.000000
    7   -2   -1    2    1    0.000000    0.000000
    7   -2   -1    3    1    0.000000    0.000000
    7   -2   -1    1    2    0.000000    0.000000
    7   -2   -1    2    2   -0.000001    0.000000
    7   -2   -1    3    2   -0.000001    0.000000
    7   -2   -1    1    3    0.000000    0.000000
    7   -2   -1    2    3   -0.000001    0.000000
    7   -2   -1    3    3    0.000000    0.000000
    7   -1   -4    1    1    0.000003    0.000000
    7   -1   -4    2    1    0.000000    0.000000
    7   -1   -4    3    1   -0.000010    0.000000
    7   -1   -4    1    2    0.000000    0.000000
    7   -1   -4    2    2    0.000001    0.000000
    7   -1   -4    3    2    0.000000    0.000000
    7   -1   -4    1    3   -0.000010    0.000000
    7   -1   -4    2    3    0.000000    0.000000
    7   -1   -4    3    3    0.000006    0.000000
    7   -1   -3    1    1   -0.000001    0.000000
    7   -1   -3    2    1   -0.000003    0.000000
    7   -1   -3    3    1   -0.000001    0.000000
    7   -1   -3    1    2   -0.000003    0.000000
    7   -1   -3    2    2    0.000000    0.000000
    7   -1   -3    3    2    0.000000    0.000000
    7   -1   -3    1    3   -0.000001    0.000000
    7   -1   -3    2    3    0.000000    0.000000
    7   -1   -3    3    3   -0.000001    0.000000
    7   -1   -2    1    1   -0.000001    0.000000
    7   -1   -2    2    1    0.000000    0.000000
    7   -1   -2    3    1    0.000001    0.000000
    7   -1   -2    1    2    0.000000    0.000000
    7   -1   -2    2    2   -0.000001    0.000000
    7   -1   -2    3    2    0.000000    0.000000
    7   -1   -2    1    3    0.000001    0.000000
    7   -1   -2    2    3    0.000000    0.000000
    7   -1   -2    3    3    0.000000    0.000000
    8   -7   -5    1    1    0.000000    0.000000
    8   -7   -5    2    1    0.000000    0.000000
    8   -7   -5    3    1    0.000000    0.000000
    8   -7   -5    1    2    0.000000    0.000000
    8   -7   -5    2    2    0.000000    0.000000
    8   -7   -5    3    2   -0.000001    0.000000
    8   -7   -5    1    3    0.000000    0.000000
    8   -7   -5    2    3   -0.000001    0.000000
    8   -7   -5    3    3    0.000000    0.000000
    8   -6   -6    1    1    0.000000    0.000000
    8   -6   -6    2    1    0.000001    0.000000
    8   -6   -6    3    1    0.000001    0.000000
    8   -6   -6    1    2    0.000001    0.000000
    8   -6   -6    2    2    0.000000    0.000000
    8   -6   -6    3    2   -0.000001    0.000000
    8   -6   -6    1    3    0.000001    0.000000
    8   -6   -6    2    3   -0.000001    0.000000
    8   -6   -6    3    3    0.000000    0.000000
    8   -6   -5    1    1   -0.000001    0.000000
    8   -6   -5    2    1   -0.000002    0.000000
    8   -6   -5    3    1    0.000000    0.000000
    8   -6   -5    1    2   -0.000002    0.000000
    8   -6   -5    2    2   -0.000002    0.000000
    8   -6   -5    3    2   -0.000001    0.000000
    8   -6   -5    1    3    0.000000    0.000000
    8   -6   -5    2    3   -0.000001    0.000000
    8   -6   -5    3    3    0.000000    0.000000
    8   -6   -4    1    1    0.000000    0.000000
    8   -6   -4    2    1    0.000000    0.000000
    8   -6   -4    3    1    0.000000    0.000000
    8   -6   -4    1    2    0.000000    0.000000
    8   -6   -4    2    2    0.000000    0.000000
    8   -6   -4    3    2   -0.000003    0.000000
    8   -6   -4    1    3    0.000000    0.000000
    8   -6   -4    2    3   -0.000003    0.000000
    8   -6   -4    3    3   -0.000002    0.000000
    8   -5   -7    1    1    0.000000    0.000000
    8   -5   -7    2    1    0.000000    0.000000
    8   -5   -7    3    1    0.000001    0.000000
    8   -5   -7    1    2    0.000000    0.000000
    8   -5   -7    2    2    0.000000    0.000000
    8   -5   -7    3    2    0.000000    0.000000
    8   -5   -7    1    3    0.000001    0.000000
    8   -5   -7    2    3    0.000000    0.000000
    8   -5   -7    3    3    0.000000    0.000000
    8   -5   -6    1    1   -0.000002    0.000000
    8   -5   -6    2    1   -0.000002    0.000000
    8   -5   -6    3    1    0.000001    0.000000
    8   -5   -6    1    2   -0.000002    0.000000
    8   -5   -6    2    2   -0.000001    0.000000
    8   -5   -6    3    2    0.000000    0.000000
    8   -5   -6    1    3    0.000001    0.000000
    8   -5   -6    2    3    0.000000    0.000000
    8   -5   -6    3    3    0.000000    0.000000
    8   -5   -5    1    1    0.000000    0.000000
    8   -5   -5    2    1    0.000001    0.000000
    8   -5   -5    3    1    0.000003    0.000000
    8   -5   -5    1    2    0.000001    0.000000
    8   -5   -5    2    2    0.000000    0.000000
    8   -5   -5    3    2   -0.000003    0.000000
    8   -5   -5    1    3    0.000003    0.000000
    8   -5   -5    2    3   -0.000003    0.000000
    8   -5   -5    3    3   -0.000006    0.000000
    8   -5   -4    1    1    0.000006    0.000000
    8   -5   -4    2    1    0.000011    0.000000
    8   -5   -4    3    1    0.000024    0.000000
    8   -5   -4    1    2    0.000011    0.000000
    8   -5   -4    2    2   -0.000007    0.000000
    8   -5   -4    3    2   -0.000010    0.000000
    8   -5   -4    1    3    0.000024    0.000000
    8   -5   -4    2    3   -0.000010    0.000000
    8   -5   -4    3    3   -0.000028    0.000000
    8   -5   -3    1    1    0.000006    0.000000
    8   -5   -3    2    1    0.000000    0.000000
    8   -5   -3    3    1    0.000000    0.000000
    8   -5   -3    1    2    0.000000    0.000000
    8   -5   -3    2    2    0.000013    0.000000
    8   -5   -3    3    2    0.000000    0.000000
    8   -5   -3    1    3    0.000000    0.000000
    8   -5   -3    2    3    0.000000    0.000000
    8   -5   -3    3    3   -0.000902    0.000000
    8   -4   -6    1    1    0.000000    0.000000
    8   -4   -6    2    1    0.000000    0.000000
    8   -4   -6    3    1    0.000003    0.000000
    8   -4   -6    1    2    0.000000    0.000000
    8   -4   -6    2    2    0.000000    0.000000
    8   -4   -6    3    2    0.000000    0.000000
    8   -4   -6    1    3    0.000003    0.000000
    8   -4   -6    2    3    0.000000    0.000000
    8   -4   -6    3    3   -0.000002    0.000000
    8   -4   -5    1    1   -0.000007    0.000000
    8   -4   -5    2    1    0.000011    0.000000
    8   -4   -5    3    1    0.000010    0.000000
    8   -4   -5    1    2    0.000011    0.000000
    8   -4   -5    2    2    0.000006    0.000000
    8   -4   -5    3    2   -0.000024    0.000000
    8   -4   -5    1    3    0.000010    0.000000
    8   -4   -5    2    3   -0.000024    0.000000
    8   -4   -5    3    3   -0.000028    0.000000
    8   -4   -4    1    1   -0.000001    0.000000
    8   -4   -4    2    1   -0.000018    0.000000
    8   -4   -4    3    1    0.000000    0.000000
    8   -4   -4    1    2   -0.000018    0.000000
    8   -4   -4    2    2   -0.000001    0.000000
    8   -4   -4    3    2    0.000000    0.000000
    8   -4   -4    1    3    0.000000    0.000000
    8   -4   -4    2    3    0.000000    0.000000
    8   -4   -4    3    3   -0.001875    0.000000
    8   -4   -3    1    1    0.000006    0.000000
    8   -4   -3    2    1    0.000011    0.000000
    8   -4   -3    3    1   -0.000024    0.000000
    8   -4   -3    1    2    0.000011    0.000000
    8   -4   -3    2    2   -0.000007    0.000000
    8   -4   -3    3    2    0.000010    0.000000
    8   -4   -3    1    3   -0.000024    0.000000
    8   -4   -3    2    3    0.000010    0.000000
    8   -4   -3    3    3   -0.000028    0.000000
    8   -4   -2    1    1    0.000000    0.000000
    8   -4   -2    2    1    0.000000    0.000000
    8   -4   -2    3    1    0.000000    0.000000
    8   -4   -2    1    2    0.000000    0.000000
    8   -4   -2    2    2    0.000000    0.000000
    8   -4   -2    3    2    0.000003    0.000000
    8   -4   -2    1    3    0.000000    0.000000
    8   -4   -2    2    3    0.000003    0.000000
    8   -4   -2    3    3   -0.000002    0.000000
    8   -3   -5    1    1    0.000013    0.000000
    8   -3   -5    2    1    0.000000    0.000000
    8   -3   -5    3    1    0.000000    0.000000
    8   -3   -5    1    2    0.000000    0.000000
    8   -3   -5    2    2    0.000006    0.000000
    8   -3   -5    3    2    0.000000    0.000000
    8   -3   -5    1    3    0.000000    0.000000
    8   -3   -5    2    3    0.000000    0.000000
    8   -3   -5    3    3   -0.000902    0.000000
    8   -3   -4    1    1   -0.000007    0.000000
    8   -3   -4    2    1    0.000011    0.000000
    8   -3   -4    3    1   -0.000010    0.000000
    8   -3   -4    1    2    0.000011    0.000000
    8   -3   -4    2    2    0.000006    0.000000
    8   -3   -4    3    2    0.000024    0.000000
    8   -3   -4    1    3   -0.000010    0.000000
    8   -3   -4    2    3    0.000024    0.000000
    8   -3   -4    3    3   -0.000028    0.000000
    8   -3   -3    1    1    0.000000    0.000000
    8   -3   -3    2    1    0.000001    0.000000
    8   -3   -3    3    1   -0.000003    0.000000
    8   -3   -3    1    2    0.000001    0.000000
    8   -3   -3    2    2    0.000000    0.000000
    8   -3   -3    3    2    0.000003    0.000000
    8   -3   -3    1    3   -0.000003    0.000000
    8   -3   -3    2    3    0.000003    0.000000
    8   -3   -3    3    3   -0.000006    0.000000
    8   -3   -2    1    1   -0.000001    0.000000
    8   -3   -2    2    1   -0.000002    0.000000
    8   -3   -2    3    1    0.000000    0.000000
    8   -3   -2    1    2   -0.000002    0.000000
    8   -3   -2    2    2   -0.000002    0.000000
    8   -3   -2    3    2    0.000001    0.000000
    8   -3   -2    1    3    0.000000    0.000000
    8   -3   -2    2    3    0.000001    0.000000
    8   -3   -2    3    3    0.000000    0.000000
    8   -3   -1    1    1    0.000000    0.000000
    8   -3   -1    2    1    0.000000    0.000000
    8   -3   -1    3    1    0.000000    0.000000
    8   -3   -1    1    2    0.000000    0.000000
    8   -3   -1    2    2    0.000000    0.000000
    8   -3   -1    3    2    0.000001    0.000000
    8   -3   -1    1    3    0.000000    0.000000
    8   -3   -1    2    3    0.000001    0.000000
    8   -3   -1    3    3    0.000000    0.000000
    8   -2   -4    1    1    0.000000    0.000000
    8   -2   -4    2    1    0.000000    0.000000
    8   -2   -4    3    1   -0.000003    0.000000
    8   -2   -4    1    2    0.000000    0.000000
    8   -2   -4    2    2    0.000000    0.000000
    8   -2   -4    3    2    0.000000    0.000000
    8   -2   -4    1    3   -0.000003    0.000000
    8   -2   -4    2    3    0.000000    0.000000
    8   -2   -4    3    3   -0.000002    0.000000
    8   -2   -3    1    1   -0.000002    0.000000
    8   -2   -3    2    1   -0.000002    0.000000
    8   -2   -3    3    1   -0.000001    0.000000
    8   -2   -3    1    2   -0.000002    0.000000
    8   -2   -3    2    2   -0.000001    0.000000
    8   -2   -3    3    2    0.000000    0.000000
    8   -2   -3    1    3   -0.000001    0.000000
    8   -2   -3    2    3    0.000000    0.000000
    8   -2   -3    3    3    0.000000    0.000000
    8   -2   -2    1    1    0.000000    0.000000
    8   -2   -2    2    1    0.000001    0.000000
    8   -2   -2    3    1   -0.000001    0.000000
    8   -2   -2    1    2    0.000001    0.000000
    8   -2   -2    2    2    0.000000    0.000000
    8   -2   -2    3    2    0.000001    0.000000
    8   -2   -2    1    3   -0.000001    0.000000
    8   -2   -2    2    3    0.000001    0.000000
    8   -2   -2    3    3    0.000000    0.000000
    8   -1   -3    1    1    0.000000    0.000000
    8   -1   -3    2    1    0.000000    0.000000
    8   -1   -3    3    1   -0.000001    0.000000
    8   -1   -3    1    2    0.000000    0.000000
    8   -1   -3    2    2    0.000000    0.000000
    8   -1   -3    3    2    0.000000    0.000000
    8   -1   -3    1    3   -0.000001    0.000000
    8   -1   -3    2    3    0.000000    0.000000
    8   -1   -3    3    3    0.000000    0.000000
    9   -6   -6    1    1    0.000000    0.000000
    9   -6   -6    2    1   -0.000001    0.000000
    9   -6   -6    3    1    0.000000    0.000000
    9   -6   -6    1    2   -0.000001    0.000000
    9   -6   -6    2    2    0.000000    0.000000
    9   -6   -6    3    2    0.000000    0.000000
    9   -6   -6    1    3    0.000000    0.000000
    9   -6   -6    2    3    0.000000    0.000000
    9   -6   -6    3    3    0.000001    0.000000
    9   -6   -5    1    1    0.000000    0.000000
    9   -6   -5    2    1    0.000000    0.000000
    9   -6   -5    3    1    0.000000    0.000000
    9   -6   -5    1    2    0.000000    0.000000
    9   -6   -5    2    2   -0.000001    0.000000
    9   -6   -5    3    2   -0.000004    0.000000
    9   -6   -5    1    3    0.000000    0.000000
    9   -6   -5    2    3   -0.000004    0.000000
    9   -6   -5    3    3   -0.000001    0.000000
    9   -5   -6    1    1   -0.000001    0.000000
    9   -5   -6    2    1    0.000000    0.000000
    9   -5   -6    3    1    0.000004    0.000000
    9   -5   -6    1    2    0.000000    0.000000
    9   -5   -6    2    2    0.000000    0.000000
    9   -5   -6    3    2    0.000000    0.000000
    9   -5   -6    1    3    0.000004    0.000000
    9   -5   -6    2    3    0.000000    0.000000
    9   -5   -6    3    3   -0.000001    0.000000
    9   -5   -5    1    1    0.000001    0.000000
    9   -5   -5    2    1    0.000003    0.000000
    9   -5   -5    3    1    0.000003    0.000000
    9   -5   -5    1    2    0.000003    0.000000
    9   -5   -5    2    2    0.000001    0.000000
    9   -5   -5    3    2   -0.000003    0.000000
    9   -5   -5    1    3    0.000003    0.000000
    9   -5   -5    2    3   -0.000003    0.000000
    9   -5   -5    3    3   -0.000048    0.000000
    9   -5   -4    1    1   -0.000006    0.000000
    9   -5   -4    2    1    0.000000    0.000000
    9   -5   -4    3    1    0.000000    0.000000
    9   -5   -4    1    2    0.000000    0.000000
    9   -5   -4    2    2    0.000006    0.000000
    9   -5   -4    3    2    0.000000    0.000000
    9   -5   -4    1    3    0.000000    0.000000
    9   -5   -4    2    3    0.000000    0.000000
    9   -5   -4    3    3   -0.000852    0.000000
    9   -4   -5    1    1    0.000006    0.000000
    9   -4   -5    2    1    0.000000    0.000000
    9   -4   -5    3    1    0.000000    0.000000
    9   -4   -5    1    2    0.000000    0.000000
    9   -4   -5    2    2   -0.000006    0.000000
    9   -4   -5    3    2    0.000000    0.000000
    9   -4   -5    1    3    0.000000    0.000000
    9   -4   -5    2    3    0.000000    0.000000
    9   -4   -5    3    3   -0.000852    0.000000
    9   -4   -4    1    1    0.000001    0.000000
    9   -4   -4    2    1    0.000003    0.000000
    9   -4   -4    3    1   -0.000003    0.000000
    9   -4   -4    1    2    0.000003    0.000000
    9   -4   -4    2    2    0.000001    0.000000
    9   -4   -4    3    2    0.000003    0.000000
    9   -4   -4    1    3   -0.000003    0.000000
    9   -4   -4    2    3    0.000003    0.000000
    9   -4   -4    3    3   -0.000048    0.000000
    9   -4   -3    1    1    0.000000    0.000000
    9   -4   -3    2    1    0.000000    0.000000
    9   -4   -3    3    1    0.000000    0.000000
    9   -4   -3    1    2    0.000000    0.000000
    9   -4   -3    2    2   -0.000001    0.000000
    9   -4   -3    3    2    0.000004    0.000000
    9   -4   -3    1    3    0.000000    0.000000
    9   -4   -3    2    3    0.000004    0.000000
    9   -4   -3    3    3   -0.000001    0.000000
    9   -3   -4    1    1   -0.000001    0.000000
    9   -3   -4    2    1    0.000000    0.000000
    9   -3   -4    3    1   -0.000004    0.000000
    9   -3   -4    1    2    0.000000    0.000000
    9   -3   -4    2    2    0.000000    0.000000
    9   -3   -4    3    2    0.000000    0.000000
    9   -3   -4    1    3   -0.000004    0.000000
    9   -3   -4    2    3    0.000000    0.000000
    9   -3   -4    3    3   -0.000001    0.000000
    9   -3   -3    1    1    0.000000    0.000000
    9   -3   -3    2    1   -0.000001    0.000000
    9   -3   -3    3    1    0.000000    0.000000
    9   -3   -3    1    2   -0.000001    0.000000
    9   -3   -3    2    2    0.000000    0.000000
    9   -3   -3    3    2    0.000000    0.000000
    9   -3   -3    1    3    0.000000    0.000000
    9   -3   -3    2    3    0.000000    0.000000
    9   -3   -3    3    3    0.000001    0.000000
   10   -6   -6    1    1    0.000000    0.000000
   10   -6   -6    2    1    0.000000    0.000000
   10   -6   -6    3    1    0.000000    0.000000
   10   -6   -6    1    2    0.000000    0.000000
   10   -6   -6    2    2    0.000000    0.000000
   10   -6   -6    3    2    0.000000    0.000000
   10   -6   -6    1    3    0.000000    0.000000
   10   -6   -6    2    3    0.000000    0.000000
   10   -6   -6    3    3    0.000001    0.000000
   10   -5   -5    1    1    0.000003    0.000000
   10   -5   -5    2    1    0.000000    0.000000
   10   -5   -5    3    1    0.000000    0.000000
   10   -5   -5    1    2    0.000000    0.000000
   10   -5   -5    2    2    0.000003    0.000000
   10   -5   -5    3    2    0.000000    0.000000
   10   -5   -5    1    3    0.000000    0.000000
   10   -5   -5    2    3    0.000000    0.000000
   10   -5   -5    3    3   -0.000410    0.000000
   10   -4   -4    1    1    0.000000    0.000000
   10   -4   -4    2    1    0.000000    0.000000
   10   -4   -4    3    1    0.000000    0.000000
   10   -4   -4    1    2    0.000000    0.000000
   10   -4   -4    2    2    0.000000    0.000000
   10   -4   -4    3    2    0.000000    0.000000
   10   -4   -4    1    3    0.000000    0.000000
   10   -4   -4    2    3    0.000000    0.000000
   10   -4   -4    3    3    0.000001    0.000000
